age_ka_bp,gast_median_c,gast_p2_5_c,gast_p97_5_c
1,-0.174916440002572,-1.4777717380922499,1.0068862472810001
2,-9.3242414592531103E-2,-1.18524270186501,0.97107519588368696
3,2.7427486147145699E-2,-1.01196765497154,1.04345731603081
4,8.20681247036089E-2,-0.89823890742882395,1.0047182766523699
5,0.129750415442901,-0.84519496292729701,1.10014104616479
6,0.136328037734334,-1.0464201139696601,1.38034007157033
7,5.8979046246433103E-2,-1.1856158114368101,1.24069126067591
8,-6.1794899970414902E-2,-1.31212223318689,1.16286841029808
9,-0.33905660725118802,-1.7094504636428201,0.84721967231306305
10,-0.74451984249950798,-2.1845310193139298,0.62975484878806898
11,-1.3315828365718401,-2.9289612916514698,0.18341388280568099
12,-2.00481100072051,-3.59000065699971,-0.56275965104846404
13,-2.7141524361092002,-4.4924172438479504,-1.2430673963805701
14,-3.4435936387598001,-5.2671693380356501,-1.92129625821579
15,-4.1171319903855803,-6.0132633403633902,-2.5272865780010201
16,-4.7043706299822698,-6.6456862121000704,-2.93178978113272
17,-5.2732651002264204,-7.3719935623453399,-3.5068722682373199
18,-5.67317025649582,-7.9443304225145397,-3.84490723490502
19,-5.9318947373906097,-8.1936574752473206,-4.0851964934106997
20,-6.1402125186991396,-8.4100255679599005,-4.3149187961493496
21,-6.2575806621948002,-8.5730254097818097,-4.3952795987882904
22,-6.2774081589117898,-8.4296563794403596,-4.4272097644279
23,-6.2499208860794502,-8.5064088989766802,-4.4023166168774903
24,-6.2296029812699896,-8.3569562500128303,-4.3750746881902298
25,-6.1238696570886004,-8.2263624083921005,-4.2632710013268698
26,-5.9659676432916502,-8.0514501879344706,-4.0566839552146901
27,-5.93549562279029,-8.1124007841179608,-4.0841974303235302
28,-5.8889674188200303,-7.9616138363881603,-4.1180166243893703
29,-5.91896663486237,-7.9915546660879597,-4.1477784713440702
30,-5.8319902588388404,-7.9161949655762198,-3.9930546260456201
31,-5.7403230033349901,-7.7903641511740096,-3.97528689859233
32,-5.6338864013138901,-7.6661887942387299,-4.0099201194962397
33,-5.5801924317471903,-7.5319753487398504,-3.92035197955654
34,-5.5632833248941296,-7.5027062035682404,-3.9201187587470199
35,-5.5813680563900796,-7.6105543468469703,-3.9234271423481299
36,-5.5910802798349497,-7.5738504860973697,-3.9630606372233199
37,-5.6212207843437101,-7.6378443373163298,-3.94574250659534
38,-5.7164019040270304,-7.7161449944626304,-4.0085094644282302
39,-5.7509130872181,-7.8465690418895901,-4.1101449034206903
40,-5.8113484223420198,-7.7431491179291996,-4.1474280300737396
41,-5.8044120428357502,-7.7477891577050997,-4.1176548807240403
42,-5.7272232712321296,-7.76765586004404,-4.0487945731204897
43,-5.6271955210584697,-7.6018452261678604,-3.9532642983983899
44,-5.4308595333719198,-7.4045577016264801,-3.8256831104140998
45,-5.3509157480634499,-7.2338448916081699,-3.7125543562943202
46,-5.2794405419398203,-7.0809800796609004,-3.73473872465954
47,-5.3002901537934903,-7.1632525715030599,-3.7918115533880998
48,-5.3038175694558003,-7.1737531514178299,-3.7337159767025798
49,-5.2069091983762998,-7.1362201447169404,-3.6805906716973902
50,-5.1128274273873302,-6.8389872526598703,-3.5779855802369598
51,-4.9461367288214504,-6.77578598404292,-3.5013894726988002
52,-4.8283890846556803,-6.7396864812647301,-3.3163504991147601
53,-4.8014920960865402,-6.6978168032884504,-3.26619162646693
54,-4.7996501361621604,-6.6326137145605104,-3.21262435157489
55,-4.8768450633593003,-6.8235324986333898,-3.2828620549562602
56,-4.92292261368826,-6.9285792895202096,-3.3336848732264901
57,-5.0789908473052199,-6.8904096513794704,-3.4490548246877202
58,-5.2138374276491799,-7.2647993703137397,-3.58740327001503
59,-5.4600148174955496,-7.4279483442860403,-3.6891897006104402
60,-5.6462372975009503,-7.6760469665673101,-3.9070318656306902
61,-5.7994542834125697,-7.9417177238598402,-4.0183017897826803
62,-5.8939417705080004,-8.0647584129082404,-4.1379958324785697
63,-6.0138225815414996,-8.1684823833972509,-4.2123517793445204
64,-6.0619319142570998,-8.3528133471472898,-4.2891336216362301
65,-6.1188889018864403,-8.3651112329215405,-4.3156624185095902
66,-5.98923444433143,-8.1841248290757793,-4.2241395799957502
67,-5.8223466900905603,-8.0676082479028306,-4.0923669749804903
68,-5.5948923290490704,-7.6723296169771196,-3.8716683581470002
69,-5.3361873147623298,-7.5209337430760401,-3.6204366492937501
70,-5.0319568417693903,-7.1380103124041501,-3.42117405349821
71,-4.6139237871810996,-6.5629004863703297,-3.1139170041903101
72,-4.3083168746561196,-6.1208636965682102,-2.8026707171615199
73,-4.0055120158508704,-5.8965376164624903,-2.5609871393468699
74,-3.6954816100730499,-5.46377258766808,-2.2393411254204101
75,-3.2975418587262202,-4.9826020595139404,-1.8821057450758101
76,-2.9666944936897899,-4.6238878827689502,-1.5874319741595699
77,-2.7878881728631399,-4.3992282308937698,-1.4222472221362199
78,-2.6050251673655,-4.2052758365147396,-1.28875449083859
79,-2.47421734505529,-4.0505409755758599,-1.01284772051294
80,-2.3602414353826102,-4.0567151005741398,-1.00138643683704
81,-2.3118049615182299,-3.9501057103090602,-0.94741736935671805
82,-2.3362856800923599,-3.9958238110382198,-0.98791781962789704
83,-2.3447909831488198,-4.1240988031254204,-0.90714563133618897
84,-2.3875914585603102,-4.0468292270710799,-1.0365707741830501
85,-2.5597605448939902,-4.3096382605091996,-1.16895489837838
86,-2.7160329479456999,-4.39336885417634,-1.32824941443313
87,-2.8528818113157302,-4.5732193294396,-1.4378296808906199
88,-2.8868593752354701,-4.6469590763497504,-1.3661078402859499
89,-2.8221223382995202,-4.5538352748395097,-1.42000560062373
90,-2.81908019686789,-4.5165850233771803,-1.49021246275606
91,-2.7686707373516501,-4.4291882309835104,-1.36913836302555
92,-2.68026558934283,-4.3770123637334901,-1.2736491254729301
93,-2.5998283664870301,-4.2059934820725999,-1.1720633121684401
94,-2.42281969749894,-4.0922204888881897,-0.95882230193056905
95,-2.2410772637303502,-3.9084010244245699,-0.83538860331216402
96,-2.0718310664368902,-3.8025075406340898,-0.67734813789778103
97,-1.88621219586721,-3.6090582749319098,-0.44693531409732701
98,-1.71577912864488,-3.48481494500454,-0.24266942039553199
99,-1.6089886619264799,-3.3570011060281901,-8.7447623694860796E-2
100,-1.55112403624117,-3.3373520389805398,-0.104953363501995
101,-1.4965067475949301,-3.2956508226391099,-4.0972270704659197E-2
102,-1.56491285121624,-3.2692953741425801,-0.19410938379933099
103,-1.5958922421906001,-3.3645059274634699,-0.27189723922610098
104,-1.7484483328132101,-3.3484485308869201,-0.36249512342502299
105,-1.82455257649901,-3.56221474119701,-0.47314511499760198
106,-1.93585563126218,-3.5930568485273899,-0.55756601570836695
107,-2.0597884908493298,-3.6633330102993198,-0.67980789895248295
108,-2.1543067764151198,-3.75998430136534,-0.70172874663746498
109,-2.2183559016254799,-3.85274149640362,-0.76860167855005102
110,-2.2299146319846601,-3.9340039059951999,-0.74901889036232605
111,-1.9286611902605799,-3.59849611457925,-0.46534144778227698
112,-1.5228339070386501,-3.0898415508712098,-0.13659874230667099
113,-1.11890914187992,-2.7377708692601699,0.32925660594113498
114,-0.76812467270239504,-2.3565278948766202,0.562801011897898
115,-0.479427002326338,-1.9897099401170899,0.87407756801992498
116,-0.12245238966847,-1.5928998094669899,1.1958831992583101
117,0.27896774058249102,-1.2580482839799301,1.7112774048406501
118,0.673344757640295,-0.787854197941384,2.2373996656832098
119,1.0997082693542499,-0.30986758614321602,2.5415694925696899
120,1.54238963901313,0.18013387010152601,2.9599571971736598
121,1.84995904084078,0.36185755033144501,3.31798545154914
122,1.9829584090029899,0.49734371575057601,3.5648486233904002
123,1.99166888415877,0.43003601699803601,3.5970915025122299
124,1.78138739147898,5.5186275443780103E-2,3.4967665835395798
125,1.4947919453842999,-0.49226184183182198,3.3225076638623201
126,1.18418772897612,-1.0292832292129901,2.9830078142130598
127,0.74762636605972899,-1.4822308016138099,2.6844778774330198
128,0.266592572687673,-2.1102024458465301,2.1778950896311202
129,-0.295271753016492,-2.6426688764851098,1.6396366772050801
130,-0.93999262072334,-3.17796478930455,1.0056790069363299
131,-1.73675110646263,-4.1503597414243103,0.12929714562115699
132,-2.3270701022631699,-4.7553664126725197,-0.42411342179236799
133,-2.9118405352346701,-5.1324665017680102,-1.0889832425913799
134,-3.5349442664013302,-5.7411627931452998,-1.60533920181854
135,-4.1045293583381603,-6.3062189042733596,-2.4611854849708998
136,-4.55049049610209,-6.6735123462958104,-2.7859002888623401
137,-4.8280944651869104,-7.1003785218344104,-2.9727295158726599
138,-5.0032556405639204,-7.2775990677809803,-3.1919328791125898
139,-5.1254338611567496,-7.4008772003558301,-3.2918154267755599
140,-5.18640218389098,-7.3735567496843002,-3.4458606687632698
141,-5.24931843406873,-7.4971578917613098,-3.4486535930436499
142,-5.2364013463617196,-7.5319262214899396,-3.4338801080269201
143,-5.3362679765468402,-7.6714248913396004,-3.5301148643867202
144,-5.4826471231685501,-7.9009941249479496,-3.4859329189114301
145,-5.5750336074968301,-8.1911446407739206,-3.5822739467785598
146,-5.7118306406167996,-8.4072721949261293,-3.5733575551933998
147,-5.7944448773367299,-8.5264072564893905,-3.62495856283256
148,-5.8161141510769303,-8.5579022903523096,-3.7058477092233599
149,-5.5360101019725603,-8.3619228316053302,-3.22211203995372
150,-5.4545097011275097,-8.2599718240462092,-3.0867967750721799
151,-5.2849596157905703,-8.2644767380341708,-2.9777976961130599
152,-5.2383320623501399,-8.1943343858739901,-3.0681859739780601
153,-5.3398181889725898,-8.0351386025271996,-3.0990774844167199
154,-5.2107235462769603,-7.8731592752386801,-3.1308621991381802
155,-5.1296204172965796,-7.7460827254850502,-2.9866835938912999
156,-5.1179440638246501,-7.6181441439481397,-3.17915152216663
157,-5.2742051473715197,-7.5666504033381399,-3.3235355628241101
158,-5.2010338304258896,-7.5236556030766799,-3.28118205671782
159,-5.1212328982555899,-7.4524223303992301,-3.1857492888154799
160,-5.0905172250025004,-7.2746953683569302,-3.2346324020791299
161,-5.0653601500483099,-7.41250010549403,-3.30319579866471
162,-5.0003254585447197,-7.2092514186996901,-3.0883495005237198
163,-4.9226066792422998,-7.13694658857405,-3.1139337168407901
164,-4.9597059788414999,-7.4291479203125901,-3.0181656291672501
165,-4.9846511048462601,-7.2761940028552301,-3.0239970446595801
166,-4.9610276200175498,-7.4204736021645896,-3.0792235696774801
167,-4.96660913855081,-7.3193667200693504,-2.9640900737321099
168,-4.8819720079437801,-7.2484287734846804,-2.9885966585352
169,-4.8213560687532304,-7.0054773008410498,-2.8946744050043902
170,-4.6723022163106096,-7.1169931942027498,-2.8481406349066698
171,-4.7091121999922096,-6.9324223069074797,-2.8116426302013
172,-4.6996133789677703,-7.0639016380636699,-2.8412127159760399
173,-4.7212930656224996,-7.1359345891752604,-2.8013132337087399
174,-4.7913529637620602,-7.1213949813008099,-2.8437656260314501
175,-4.69567090034242,-7.2722617500818698,-2.5064669023975101
176,-4.5634518308763097,-7.1909028056707003,-2.3724284641628302
177,-4.46419320256748,-7.1594060591093296,-2.2975234857091902
178,-4.4276129644711997,-7.1831623124229997,-2.2749728544339001
179,-4.4567965972317101,-7.3178287282591503,-2.2940992594555998
180,-4.4919956243366901,-7.1716677830557103,-2.2294331706234898
181,-4.5340080820889197,-7.0661917390426296,-2.33974007909534
182,-4.6434206500651101,-7.1858673584121204,-2.4987740563106602
183,-4.7021284193301698,-7.0770036974131401,-2.6383410741750799
184,-4.6385060358989296,-7.0011873510635203,-2.56147268668578
185,-4.5441347446850697,-7.0379078136561697,-2.60675228572125
186,-4.3299274745776097,-6.6631170597012597,-2.4891311078007399
187,-4.03621382058859,-6.2310825492074899,-2.0732296846238798
188,-3.7301820305912301,-5.8160348081954396,-1.8157979110709499
189,-3.49508722222591,-5.6793635232803101,-1.64447123764462
190,-3.41395545088319,-5.6973620004098997,-1.4425072618051999
191,-3.2470876175707,-5.6142976311674202,-1.25699550365973
192,-3.1702610787081,-5.3134618002510301,-1.1373488809156
193,-2.8939123600359702,-5.19125806362009,-1.0218235481043501
194,-3.0841477302475502,-5.1549427118238604,-1.3522202707583399
195,-2.8230305301822098,-4.9249958143256096,-0.99303022793866402
196,-2.3577275313848798,-4.3962198910780899,-0.46320630321696399
197,-2.06086211812192,-4.2080223807585897,-0.175091638698994
198,-1.9264866039891499,-3.72252031562385,-9.0716726117575502E-2
199,-1.88587470120511,-3.9125483089369499,-4.3121404384909396E-3
200,-1.6956400381712899,-3.7843709892235999,8.5426996760883805E-2
201,-1.8221836281939501,-3.7184103033798999,4.7519742031787E-2
202,-1.6687500486662801,-3.5902018181431901,0.28050329240092398
203,-1.48739064679363,-3.4116328887098999,0.30093713087673701
204,-1.4141265510155601,-3.48968226617336,0.543669747619553
205,-1.40624376293136,-3.3939776427925499,0.49611681135539198
206,-1.4652664157898001,-3.3946831774705801,0.42824279972748402
207,-1.4241318292660601,-3.49266160809022,0.39833487597711198
208,-1.34909032042299,-3.2014470963049302,0.52429782083230503
209,-1.26855911015498,-3.32716366349044,0.66362898139101101
210,-1.20574988097247,-3.2047730097856899,0.64417452580293999
211,-1.1060434808164501,-3.0552449176477401,0.80432190102451995
212,-0.961224753003036,-2.96458428181153,0.75124608303894302
213,-0.94904014091922295,-2.75543744905328,0.883636102905905
214,-0.82358052964949802,-2.80503522758152,0.91285108340712795
215,-0.59917058414717705,-2.5527114160984401,1.2982968396493
216,-0.51547350734114095,-2.4607804557097901,1.2490827052447
217,-0.541582579505131,-2.3249427449623501,1.48596427489942
218,-0.61744092104736903,-2.5960391919042598,1.2463661512491
219,-0.84054191467816997,-2.9428741400226102,1.0468749244072799
220,-1.05999249439232,-3.0707304815047101,0.87122806176345202
221,-1.46930941616336,-3.5555141899052898,0.47669108790320402
222,-1.8074598542003799,-3.88530851840006,2.23772933335014E-3
223,-2.3867177801449202,-4.5971975588501603,-0.43563046938393601
224,-2.7710290380017901,-5.0838327706683399,-0.88330309841660104
225,-3.1113304126589201,-5.4492925371140801,-1.23200511079117
226,-3.2765012468664501,-5.4913748557265096,-1.2802423434857599
227,-3.3053450220920402,-5.4807613216052102,-1.26483601086928
228,-3.3045181484300898,-5.4269809645543603,-1.2856850942265801
229,-3.0926556386929098,-5.4302421940698702,-1.1817603212283301
230,-2.9655123418962699,-5.1891587241924304,-1.0246855818629499
231,-2.4635826304681498,-4.7275093504817702,-0.64572368520358103
232,-2.1348986857784999,-4.3088904254558198,-0.162347612745526
233,-1.78032258054082,-3.97773090925322,-6.63297755742287E-2
234,-1.59046329336974,-3.7924370562015399,0.55015044464956198
235,-1.3169923935735399,-3.49737878381847,0.71583813955548103
236,-1.0703391452716999,-3.2233262776403402,0.98357190634650504
237,-1.08465538202279,-3.2370317059259599,1.05266461225066
238,-1.1907979678573799,-3.4118917025896001,1.0623781009273601
239,-1.4022016521034499,-3.6588021840924201,0.82952942894662696
240,-1.7071390236658399,-4.0187597106739696,0.380039983540638
241,-1.95238402420462,-4.4308760418052602,0.18675072357101899
242,-2.2220169292345502,-4.4787248590547097,-0.109958083811191
243,-2.5272676767117201,-5.1111789135414503,-0.44074524972652401
244,-2.9201958580070002,-5.38742786293429,-0.56347844312684403
245,-3.3687065046151701,-5.9364353766385998,-1.1567266831080401
246,-3.8530292636302299,-6.2870000857801696,-1.7514292834641501
247,-4.3539697814681197,-7.09216870141546,-2.13414609955298
248,-4.64793303408009,-7.1525163015340096,-2.3742150502981798
249,-4.8443918997858102,-7.6058154110646798,-2.7305976824226601
250,-5.0485316754716001,-7.6731800056880299,-2.89783488573842
251,-5.1222536346714902,-7.5768874886982696,-2.9716541445879798
252,-5.0248851913708696,-7.7101825429979103,-2.8530566627738199
253,-4.9925203614964904,-7.3225133706976404,-2.91544960991147
254,-5.1104706288765698,-7.3802733433582199,-2.9911259916380399
255,-5.0203099849645803,-7.6182266842708399,-3.1112542853218299
256,-5.0116609007440696,-7.50791331942977,-3.11513733077925
257,-4.9955459580728796,-7.37355613628878,-2.96247311550237
258,-5.0050651147827203,-7.4572415371213596,-3.0618254109351
259,-4.8081426342434197,-7.3403833439088499,-2.8833849396977
260,-4.8064903674425796,-7.17368056752409,-2.68362060969995
261,-4.7140408853870097,-7.0496871429480397,-2.8081029134753299
262,-4.5720899514411304,-6.9883462394584797,-2.7211558094433901
263,-4.8146314016565004,-7.27001112453347,-2.9114061794102999
264,-5.0821611656215504,-7.6617736849097797,-3.0987670837464401
265,-5.1416627037526901,-7.5330324039230101,-3.1066510222471302
266,-5.3061855790334098,-7.77718074320223,-3.20458188622053
267,-5.1746667562749504,-7.5558410604954904,-3.1176443013360799
268,-5.1031002454786698,-7.5247588215174197,-3.15910935369048
269,-5.1005415496841202,-7.4603313886641303,-3.3167440698597699
270,-5.0693903043019102,-7.4936932619064898,-3.1407888385585201
271,-5.3097385449266401,-7.7674532370035196,-3.3566225181688401
272,-5.3014878544444199,-7.7611196825531703,-3.19648690424708
273,-5.2007209662707803,-7.6952042525819104,-3.2741743181935998
274,-5.1941690151947801,-7.5555072449614302,-3.1754927733762699
275,-5.0423357250032996,-7.4459518211383902,-3.1064589306665602
276,-4.7879156142638903,-7.2081521016192998,-2.7132028738586902
277,-4.5779182016291999,-6.9313416096534004,-2.6886581356316799
278,-4.55118149833143,-7.00750545124483,-2.5656674029665099
279,-4.5183675258322804,-6.7910484212171003,-2.4938941562761601
280,-4.4126916902166498,-6.5268767267528398,-2.3913146013553499
281,-4.2052031010890598,-6.4637608457585802,-2.1337722264295702
282,-3.98957600828333,-6.2628084457173099,-1.91808214259148
283,-3.6323725044801298,-5.9666229841469898,-1.66556556870526
284,-3.1555220359419698,-5.66790391131204,-1.10323827500478
285,-2.8290554689604801,-5.1235124218765602,-0.55649238000515899
286,-2.5900557722149702,-4.84805682454527,-0.70534187556846994
287,-2.51519759422921,-4.99655836168506,-0.62543235513827999
288,-2.6138313921073499,-4.9334802084695699,-0.72229399502103697
289,-2.9990580305954899,-5.3143647000134502,-1.0021585612761099
290,-3.36915359245861,-5.6014473294242597,-1.1339561047712701
291,-3.60034311672388,-5.9495958911971396,-1.5106208101078
292,-3.8035055938107099,-6.3088449429493103,-1.80297643960707
293,-4.1220936167085798,-6.4122963869667498,-2.0659283600983902
294,-4.4505384894175304,-6.7665014770220804,-2.4250524008085401
295,-4.4889297671892896,-6.7543014630395897,-2.5067346502663499
296,-4.3855086322356902,-6.6495476526143804,-2.30358754247349
297,-4.2707117085646802,-6.6316525309186103,-2.3389823676382799
298,-4.1220177802173001,-6.29443282604967,-2.2766705433682
299,-3.9585459188921699,-6.2748317112514203,-2.0201956048002598
300,-3.8377576570168901,-6.0808106976072596,-1.9585036157607201
301,-3.8043740051747501,-6.0500355364934402,-1.94077030293537
302,-3.6635173911594499,-6.1075209181724599,-1.8295834335313901
303,-3.56111267787879,-5.7839796830528503,-1.5640845667886101
304,-3.2904973335498902,-5.64275471071368,-1.4585768213156201
305,-3.2187210510895099,-5.5106893227590499,-1.2544830341213999
306,-2.9063127194390099,-5.2489094725376901,-0.88780304190720205
307,-2.7430185679442101,-5.0673680428189396,-0.79441310911936103
308,-2.6224646415207999,-4.9289938640681701,-0.54956406546919201
309,-2.51221778213305,-4.8650569547249303,-0.494507015549148
310,-2.3713089133699299,-4.7360111119861497,-0.38673853032885802
311,-2.1979990764159898,-4.6312380573967697,-0.20695296361092499
312,-2.2384960640112599,-4.6239198004354796,-5.2348730493626303E-2
313,-2.1740009198555299,-4.69215219496526,-4.7965662702212503E-2
314,-2.0757778717751099,-4.3221524395752997,-2.46099789973135E-2
315,-1.9455285839129599,-4.0744167286852404,0.14651243635946601
316,-1.82531134868733,-4.1018755172694696,0.15196280710700499
317,-1.7884610514125701,-4.2033197181509196,0.16526395157774401
318,-1.7221786652909601,-4.0722071850210497,0.39250160424185399
319,-1.60801920952591,-3.7874674714173202,0.53339423055764601
320,-1.43963620060483,-3.7736516516436001,0.71141734721178596
321,-1.22403220462144,-3.7101739846134598,1.01770127527235
322,-0.98884439953486403,-3.5761216085234899,1.23562461001742
323,-0.65976536879706704,-3.0359778925028702,1.55248240584669
324,-0.50442740379039697,-2.74903131935642,1.63996360491576
325,-0.28326570580910998,-2.4829993131468,1.83012970822295
326,-1.7337050879089801E-2,-2.3166187483582199,2.1959459186808399
327,0.166309831078054,-2.1272787022512598,2.1903528517618298
328,0.19250397772838301,-1.91512995501704,2.39620936018617
329,0.137133681737406,-2.09939041784981,2.4465937799992399
330,0.237951410557288,-1.87844456860086,2.4773117969995
331,0.24740667688975401,-1.79276082204914,2.3329093687148101
332,0.39119568359755302,-1.77657825288067,2.5177414432147298
333,0.31010852184366899,-1.8529001038986701,2.6031452163351698
334,0.113827992191148,-2.1178572125363102,2.3074223051188398
335,-0.30957224976355502,-2.5036706621888198,1.8615099216378299
336,-0.79144093025561002,-2.8859008772095001,1.34347458315989
337,-1.3230369085781599,-3.5860533884702099,0.90187346273329505
338,-1.8037165546046601,-4.3641209123712903,0.54111232867020898
339,-2.0575280527220401,-4.8137504685127102,0.70510141497410295
340,-2.43752387921002,-4.9907971208823199,-2.67550807780421E-2
341,-3.11729038236524,-6.31270076055422,-0.367206096748388
342,-3.6284210425831702,-6.5244311158754504,-1.03600311274523
343,-4.2142791768024797,-7.2876671045219403,-1.9346082982787201
344,-4.7333079750301801,-7.57811956144094,-2.1391905467582202
345,-5.0012486367495503,-7.9763860383847804,-2.6020775997405199
346,-5.22617255191774,-7.8315762211618498,-2.8715186982084702
347,-5.2674924072193798,-8.1442477627643495,-2.9276464614097102
348,-5.3872592911644999,-8.0479119233609602,-3.0818701866551601
349,-5.4540211785617903,-8.1375487211280699,-3.16739562783054
350,-5.4989715856294898,-8.1964516226286808,-3.1697296571250999
351,-5.5891887671815699,-8.1461323881486702,-3.2130687756184901
352,-5.6745718889671002,-8.1939716668522795,-3.4750447404643099
353,-5.5548280253625704,-8.2154928235654303,-3.43531642123809
354,-5.57087741441131,-8.2362164418534398,-3.4092543385440202
355,-5.5868064286144303,-8.1905425918953707,-3.2543774102045
356,-5.5210056502548897,-8.0152511693307797,-3.4254267851768798
357,-5.5083583220672603,-8.03193916049986,-3.3228263209208402
358,-5.4562478300506596,-8.0190346210744394,-3.15594713764402
359,-5.4625477735083896,-7.9029425616876798,-3.3984810236823302
360,-5.43381339950417,-7.8530565986115803,-3.2399255145733998
361,-5.6958268333712203,-8.4455589968578604,-3.45842794605672
362,-5.83863944632302,-8.7258524719089294,-3.5909348651569402
363,-6.02502349519456,-8.9584457942762192,-3.69138953238348
364,-6.0660106518467902,-9.0608971204121502,-3.5450755192191701
365,-6.1681055923054497,-8.9742709559290503,-3.6917535221317102
366,-6.0843987321248898,-9.00352818229414,-3.5617966385265798
367,-5.8542642789561201,-8.7499549524547806,-3.4277158618413299
368,-5.7603718907830403,-8.7090291174976695,-3.39783649444606
369,-5.6369801254541301,-8.6133245457040992,-2.9157034941697799
370,-5.4053749070872099,-8.0487088090472305,-3.0372579155962001
371,-5.2506141813016196,-7.94404301283606,-2.8207544109448501
372,-5.2898039682133202,-8.0819992294219301,-2.81048443115938
373,-5.3485682703981396,-8.1412837662589403,-3.0898597018958101
374,-5.3261219703738201,-8.0196435116948201,-2.9473549857654202
375,-5.1092130144878398,-7.96147633511612,-2.7023262163380899
376,-4.87560497393339,-7.5959123892688103,-2.5321193343592401
377,-4.6671811617665604,-7.3986043851271397,-2.4470695296800802
378,-4.5916154744837598,-7.3295979505451703,-2.4469818949570801
379,-4.5477845311547398,-7.1298295758701604,-2.18306950592306
380,-4.4413569299173101,-7.0654953026499001,-2.16820138172928
381,-4.2798110279943202,-6.7371607216153704,-2.09220969336346
382,-4.2658732068426097,-6.6983384507495103,-1.8062432678183999
383,-4.0673860644636504,-6.66192538966438,-1.6966714474418201
384,-3.8740965200374702,-6.5037358735236301,-1.73039966473992
385,-3.9685039376114699,-6.6445691895357699,-1.5265418355287299
386,-3.87552439494503,-6.76102474528341,-1.3987960655299301
387,-3.6080354200107299,-6.3707108781186603,-1.28538813426804
388,-3.4066089108195499,-6.4574556175714699,-0.83392967033111998
389,-3.3612080050105502,-6.0706691354815696,-0.53918047977226502
390,-3.2261103156306499,-6.11870337894866,-0.66119651445623095
391,-3.1522350490921802,-5.8054426246562496,-0.55636645275763796
392,-3.1081655604999199,-5.8403479956600197,-0.58734001245707801
393,-2.69487135794295,-5.5121134312644102,-0.34887232323782003
394,-2.2354163199002102,-4.6838855681532703,0.25350577633639498
395,-2.0028476265177599,-4.3025591731696302,0.386264556164999
396,-1.8729614032958399,-4.1808363412376996,0.53691495382168397
397,-1.43479567705322,-3.7156729547021499,0.92201335663749695
398,-1.21215849800325,-3.5288010971636998,0.96965361188670296
399,-1.07501784583133,-3.4635402648231501,1.2393461692757799
400,-0.88226308079597904,-3.2094391388045,1.5222818158364999
401,-0.62583416302017902,-3.1182915398868598,1.7413174171475301
402,-0.171561707758422,-2.46979719865451,2.03188177479417
403,9.0127267762451797E-3,-2.3870213961217299,2.43221716473158
404,1.36519653165006E-2,-2.1727957064322498,2.5548326904420402
405,0.303991473552223,-2.0195690620923599,2.4913433090938599
406,0.33002152214341002,-2.0348625725788301,2.5214991732430101
407,0.34296259219364,-1.78237252001728,2.6584076776305099
408,0.53923874042077902,-1.7398775208397701,3.0498998579893599
409,0.57337122743468605,-1.44458033649342,2.65965502697455
410,0.52131708345129901,-1.58435791679351,2.8064650084013598
411,0.387098329515425,-1.7853958084991901,2.3961258469520801
412,0.44665910782854101,-1.8613679782293699,2.5818936859977399
413,0.319493092128387,-1.8924407845456901,2.3906682203338798
414,0.14760857066716401,-2.00363592303537,2.33108396505096
415,6.1849095765980702E-2,-1.9557538124074101,2.23568878830261
416,-3.9205691884937298E-2,-2.0037210138152899,1.9203589621177199
417,-6.6508025614530397E-2,-2.1587789938383102,2.05827996108026
418,-0.15117506946284001,-2.10644438836324,2.1451815621458898
419,-0.32228207221656702,-2.4594626294370099,1.7103042534991799
420,-0.48675182612900503,-2.8375659766601098,1.5464376747558899
421,-0.771237614181847,-3.2106944141617499,1.5302555423340101
422,-1.2287842270752101,-3.62488402758866,1.2237066260620999
423,-1.4714477891127,-4.2560054603532897,0.80596823483023705
424,-1.85218735111945,-4.6435116699068901,0.75609026046482297
425,-2.4980897954810501,-5.3055243716126199,-0.40195242777062601
426,-3.11931142623602,-5.5087715439380496,-1.1090829104186799
427,-3.3865379426821902,-5.93396589891496,-1.25891520598106
428,-3.64164609322849,-6.0335578084304196,-1.36126079044174
429,-3.9592257643097,-6.4132369096856596,-1.7559609730351899
430,-4.0956796751774904,-6.9192553341720604,-2.0303687289411401
431,-4.3586055386006803,-6.9979358563585103,-1.97352204827946
432,-4.3556953807806904,-6.9687320783950097,-2.1645221670077501
433,-4.5933059882071401,-7.3642529533565,-2.4081289578439899
434,-4.55298835423784,-7.5974422526634804,-2.1112530584532099
435,-4.7633576927161503,-7.2138344809833796,-2.3775066780479901
436,-4.9365521423600702,-8.0224600757696294,-2.3174851430015799
437,-5.0413435298153599,-8.0600150457528503,-2.7234453635365399
438,-5.1899587772070603,-8.2020165933006108,-2.73201601939234
439,-5.1431972552465499,-8.2071914508562909,-2.7255579824659399
440,-5.0742770873052097,-7.90999973577925,-2.6812738880178202
441,-4.8858497937552299,-7.77860417003349,-2.5635543647216901
442,-4.5978348635584796,-7.2249102548659696,-2.21822222270485
443,-4.4301890986085901,-7.1113833344151498,-2.2069900944360299
444,-4.4026503806949302,-7.00880194923392,-2.0351727846664698
445,-4.4264767157890503,-7.1316113901597102,-2.1408470386766298
446,-4.7862177538666399,-7.3663738863317398,-2.60804725232417
447,-4.8141547236796898,-7.2164799342340604,-2.4567594668240602
448,-4.7642160466262604,-7.2992205858846599,-2.5391597233616898
449,-4.8873286810670402,-7.4806389785396998,-2.56560304588815
450,-4.9554799017886602,-7.4309594763507603,-2.7251134650501498
451,-4.8292455606997597,-7.5893431132608304,-2.5724474342994701
452,-4.8705941657773497,-7.5616730464510402,-2.3639795923680902
453,-4.9924447601422104,-7.5932363922454398,-2.5516304440552902
454,-4.9880804431868304,-7.8217208626166403,-2.59407444848283
455,-5.2257161252323403,-7.9170044138797104,-2.6337930432817598
456,-5.1418808065232202,-8.2333500588919595,-2.6122818849052898
457,-5.2041591958371001,-8.5099168764837092,-2.6395151895438902
458,-5.4425380688566998,-8.7034531998915092,-2.66958963204618
459,-5.4322623101358101,-8.9170629812511599,-2.7732693667063701
460,-6.4270983192594597,-9.4297703793755492,-3.5883989489196302
461,-6.2778707147048101,-9.6394773643766207,-3.6151765184240201
462,-5.9768712353529798,-9.08091545785744,-3.3731768678085499
463,-5.7415276305156802,-8.8961595438535994,-3.24898141941854
464,-5.7409300475500498,-8.5169191772931896,-3.0630479521971998
465,-5.7713108561039901,-8.9202444766343199,-2.9758592766440302
466,-5.8270618199764899,-9.1832099336556308,-3.0067465040227699
467,-5.9809935876332503,-9.26089754998962,-3.3062981276607299
468,-6.09373182668228,-9.4422825040415805,-2.9043001351263098
469,-6.1238596782432904,-9.4482810291063704,-3.21336046548014
470,-6.0625845659355404,-9.2252755538319597,-3.00349045375585
471,-5.9911075261101097,-9.4264643747921806,-3.05980867952464
472,-5.8977794601243296,-8.9512522038698705,-2.7461500843054698
473,-5.9203767863791104,-9.1266337543516691,-2.85736515877546
474,-5.8658724207182198,-9.08138918745186,-3.2049771524013799
475,-5.787464589342,-9.0195480963148604,-2.7295167052475899
476,-5.9073515559562297,-9.0949048049353998,-2.9911602338949201
477,-5.7759362192087904,-9.2774259095989002,-2.9400753903763901
478,-5.4842745087735896,-8.9171585220326897,-2.9036295027275001
479,-5.4093151892104601,-8.48055263288758,-2.7106478086115602
480,-5.1868656745670698,-8.17824912281759,-2.3981097413849501
481,-4.89066271513272,-7.8259381568520503,-2.4280561492299801
482,-4.5218042712731199,-7.4883245272321899,-2.1093788731758898
483,-4.1366717252162797,-7.0610170172865603,-1.3575247796532799
484,-3.5387552003009,-6.2285985344253101,-1.02720592672801
485,-3.3608981108681499,-5.8845645419504704,-0.98858080286689098
486,-3.28666421681551,-5.9711510898735201,-0.687466340904064
487,-3.21065915528236,-6.0329810197381599,-0.76155659697686395
488,-3.0514416085732998,-5.8477400216350004,-0.80507457938666505
489,-2.83957269807693,-5.5410840450993497,-0.28270040214967002
490,-2.6280047294659798,-5.25150634315139,-0.13900592823760599
491,-2.2923845679295298,-4.5981510741512697,0.263119447405187
492,-2.22243153516381,-4.6437080516695204,0.13711210467544899
493,-2.0029345658776601,-4.1216296054669801,0.32104411640255098
494,-1.8759624793252201,-4.2200122034313097,0.56155465093221302
495,-2.01048969327644,-4.4897984549144496,0.21067389072975501
496,-2.2106445803758099,-4.6212174941878201,0.143083606834393
497,-2.2653298104048001,-4.6194734773651502,-0.17758886995356199
498,-2.29899807153949,-4.7819730839519199,2.9594094590881501E-2
499,-2.4000229331154199,-4.7564442140934799,-0.13377905195495901
500,-2.39946191181475,-5.0758450683598602,-0.300741230272208
501,-2.3494551093142801,-4.8713253750459096,-0.21169857149351201
502,-2.2685291809622399,-4.8516921542985401,-0.27034896579202999
503,-2.4449661295453899,-5.0871818880198703,-0.24656768488663899
504,-2.3247724506098399,-4.7545243055237103,2.32227232226179E-3
505,-2.3633720990504599,-5.2782446102145304,5.6476676022212298E-2
506,-2.3685089455397201,-5.0981691822873296,-0.157837986404052
507,-2.2911135554531201,-4.8118026923767596,0.21196233780689799
508,-2.2545883770858901,-4.4480910516203904,5.6816276701440502E-2
509,-2.33659189878757,-4.8601908921695198,0.141609777245778
510,-2.4818635816954799,-4.9618110106903099,-0.14985681908763501
511,-2.6505375881741,-5.3937471292800598,-0.55767755909475702
512,-2.8593006702083099,-5.2270042142307496,-0.74488496873060095
513,-2.99191033962579,-5.6016348012018504,-0.58529803726917495
514,-3.1852925487094699,-5.75007608612857,-0.81545498718389597
515,-3.0989093559227299,-5.9250737900164996,-0.78929971181158198
516,-3.0575320383073401,-5.6238089946896803,-0.91183526654963798
517,-3.1492246583927899,-5.5686124677905902,-0.93542732143734397
518,-3.26072856876924,-5.8078417354581404,-1.0586026744853301
519,-3.2048167112295198,-5.7555177359662997,-0.98252337095066
520,-3.2507427520274099,-5.7317534397766599,-0.83175240362189296
521,-3.1450404170242998,-5.5551647180960302,-0.97073408153016705
522,-3.11546890610561,-5.6050175575207701,-1.0715661416315501
523,-2.97498166073624,-5.6400457793583696,-0.84022393586247202
524,-2.9191409909509698,-5.3329653618196096,-0.73865579889688304
525,-2.6876307670670299,-5.22646051467345,-0.36532668077586899
526,-2.6917108024433798,-4.9905670237470598,-0.51045400113671202
527,-2.8135692607619598,-5.5969125761385996,-0.56329984333309402
528,-2.9378361938739301,-5.5653184519962897,-0.64463775575721904
529,-3.1253972022335001,-5.75338363748613,-0.64336527610920902
530,-3.23402561213662,-5.6729456715389803,-0.75619341643971805
531,-3.3442720428727402,-6.0075810990941196,-0.86894571855414005
532,-3.32055516983751,-6.2125748027417496,-0.79543691264559802
533,-3.5791894051570998,-6.5319204652692404,-0.63578554840627
534,-3.58690774839864,-6.4790968307517796,-1.09149824489658
535,-3.8731560025417799,-6.6777615934399099,-1.5139595267065
536,-4.1457104797686402,-6.8266020868462096,-1.4481634227113001
537,-4.0798490099404203,-6.8530787733092904,-1.6746967957674801
538,-4.3431180142290096,-7.2838206096229801,-1.7829130165415801
539,-4.7353562056408602,-7.8623373821116296,-2.1909325237523598
540,-4.9922753947499103,-8.3808527666130797,-2.1558287938490301
541,-5.13398365510725,-8.2212894529908702,-2.3931760358660199
542,-5.1587038395292399,-8.5462933040593398,-2.6231889677811999
543,-5.1148633437033997,-8.1706688875639806,-2.3833569145208302
544,-5.1053428973606598,-8.0736996800975795,-2.47121626446578
545,-4.9980250418891297,-8.0007235121125895,-2.2525100016486901
546,-4.9373397989575203,-8.1555231870942499,-1.9515718255049399
547,-5.0363576194837796,-7.8438901107778198,-2.7233845795995499
548,-5.1332085657257904,-8.2754005848846504,-2.6009759117597202
549,-5.1386865246081799,-8.2241153000975302,-2.5165159742004501
550,-5.04030267653342,-7.9360970422779404,-2.5506984588942299
551,-4.9582597353102802,-7.6757258488316102,-2.38798280424633
552,-4.9415813700416704,-7.9357705900258004,-2.2354298319482102
553,-4.7717838051310304,-7.6629559635451097,-2.0825445905669202
554,-4.7455410876836197,-7.3879843991306604,-2.1852350141900501
555,-4.5866241157474903,-7.4562654887800601,-2.1580377284812999
556,-4.4320728214865799,-7.2484411467145797,-2.09435877250039
557,-4.3560845452718002,-7.3741287518509404,-2.1033655455182001
558,-4.4343262709226998,-7.2240751804723802,-2.1237731647748701
559,-4.2683374127437803,-7.2330476621360802,-1.7802610870993301
560,-3.88180592217117,-6.6998718320437298,-1.61289540169124
561,-3.7104307199586999,-6.1167850488506801,-1.39693687944906
562,-3.6286359945619999,-6.2742817477106101,-1.1420501847300399
563,-3.5977168796952399,-6.4834591435032198,-1.17671005817123
564,-3.5597157930933601,-6.4624272952338302,-0.89157476807465397
565,-3.5265180098575701,-6.7136097550760798,-1.1284256486344499
566,-3.5739527603194499,-6.4789266691825098,-0.81178992241914505
567,-3.42743965286102,-6.3939461791206904,-0.86278166412611101
568,-3.38374278479179,-6.1516965363977203,-0.68961341241773899
569,-3.3639525457588801,-6.1093061820430599,-0.56629041418590997
570,-2.9821439793325402,-5.6061695246637404,-0.14273854927286
571,-2.3841895077878301,-5.0628283250214796,-0.18622357507839701
572,-1.9584694427823499,-4.9862383785345603,0.576656683132732
573,-1.4519984953929601,-4.1398067182841896,1.3126368996247799
574,-1.1909703145511501,-3.6367554826401598,1.50153551073657
575,-0.99312487573039199,-3.6817599255324298,1.44391777555515
576,-0.84234580804827397,-3.2494941061818898,1.7042396433867899
577,-0.80712374479207505,-3.3112152528131902,1.6485186950467901
578,-0.79604003587705996,-3.65393497078857,1.4668922833672899
579,-0.57995091961132395,-3.1137446566684099,1.99755617027106
580,-0.729511737595401,-3.3492482670847501,1.8620732735189101
581,-1.1295799771728099,-3.5431461601525198,1.2395423709770499
582,-1.2604854125532901,-3.62507831483516,0.99509603765409105
583,-1.1987463174642099,-3.8387688274365699,0.80342639190778398
584,-1.38467975073181,-3.39996631601081,1.00207846641275
585,-1.40521178969421,-3.9452251798995599,0.97551157486361495
586,-1.4558546919394599,-3.88152419004826,1.0242179193524701
587,-1.5204247605630901,-3.95792782289042,0.78487114003399305
588,-1.6385562731213801,-4.4062336115126204,0.82228587134242104
589,-1.7749725367615701,-4.1612057485868696,0.79379017791650397
590,-1.91699844608365,-4.7354210152517604,0.490197563775016
591,-1.91063255343912,-4.4544763966830603,0.81228160697716301
592,-1.7611086501244799,-4.2770978885437598,0.75254032535829196
593,-1.65079169252572,-4.5252345992686402,0.80675882735132398
594,-1.7170867211234999,-4.1676057031770304,0.78482719103048104
595,-1.55451081793581,-4.1524164494307501,1.0625693472454401
596,-1.7168819408574401,-4.3372440194242499,0.82750713751553995
597,-1.7317981743908499,-4.2133651585408396,0.94528906865253304
598,-1.69225329774248,-4.1323810860198398,0.53675863660114098
599,-1.47499478473307,-4.0933085312338404,0.95521687017916601
600,-1.4515249029689701,-4.0139882321759703,0.75294871756520898
601,-1.44136537952263,-3.65553514750862,1.0027730651001301
602,-1.27137932224642,-3.7584813238133599,1.1628234534548001
603,-1.08838948325956,-3.7053613100875999,1.08533293437694
604,-0.90527798105304602,-3.2446683076184399,1.3458115959000501
605,-1.00812752115536,-3.7525498342841499,1.2393172353919399
606,-1.14500804333729,-3.6936611887142301,1.6352696758042999
607,-1.1498200014814399,-3.8636616063901799,1.4784140509083601
608,-1.00092252725023,-3.5781057568915702,1.56297140719142
609,-1.019395423063,-3.4361013696891098,1.3756691939024599
610,-0.99354813304501599,-3.2495879345450698,1.4660206093497701
611,-0.95893174577535201,-3.2781796020177398,1.4235904491025899
612,-0.867757888186791,-3.3103490562482798,1.8082011410008201
613,-0.90618560125658798,-3.2235991164081801,1.7099482949621601
614,-0.89367994271136497,-3.4465365967998798,1.4740398270188499
615,-1.0621159314798101,-3.42342719042326,1.2847424602636099
616,-1.1833018545321801,-3.5946769298538599,1.17164208855068
617,-1.18653614328287,-3.6017657239785699,1.2566901359068501
618,-1.1165047215922399,-3.4708199304372802,1.1835125063741201
619,-0.98070173858351695,-3.4464334229148599,1.62338756664415
620,-1.0686705407936301,-3.5851643080681801,1.4118168060448699
621,-1.1707827943103499,-3.6154678183227902,1.1845408245223701
622,-1.4776910153535601,-3.9587319611887999,0.95335761504676797
623,-1.7863299508806301,-4.4343200921789396,0.86558608111216695
624,-1.88324142256009,-4.3944477309476504,0.63909808003164503
625,-1.9592643143920001,-4.6473787944308897,0.77730891464896901
626,-2.2246807541647899,-4.6707088332665903,0.22742263015629199
627,-2.6555660916475601,-5.1810689664333296,-0.133043630276485
628,-2.8308830666333602,-5.57862970780831,-5.62526465454369E-2
629,-3.1897626229515601,-6.0444374122796702,-0.62705511997130803
630,-3.6220215453840798,-6.7631795410326498,-1.1653826661056099
631,-3.8907982596350301,-7.0171006302786596,-1.47873173484809
632,-4.0327672828341301,-6.8735911858241101,-1.6447417800711199
633,-4.1741544154564298,-7.2017131515658503,-1.70847977552427
634,-4.2055754430671097,-7.2255623513275102,-1.5165333615082399
635,-4.2036973869705001,-7.13018250667864,-1.84103928164731
636,-4.3172519558521403,-7.1367982523368898,-1.67413934097533
637,-4.49616331130483,-7.3280658139131702,-1.8393808591934999
638,-4.6667876094025198,-7.4672197619880203,-2.2850710230897202
639,-4.7506249612834699,-7.8620399406394696,-2.0154592782280001
640,-4.7368125470273004,-7.59144163613687,-2.0908481355499799
641,-4.6928887171602502,-7.5040962442478696,-2.1593517601962802
642,-4.6609323317775599,-7.5313421397017004,-2.2000304688794601
643,-4.5615456666463698,-7.2876000085829897,-2.1740751648795502
644,-4.4945092938007702,-7.2044695871310402,-1.92891317062922
645,-4.2539331835680398,-7.0282317447084903,-1.62287206937064
646,-3.9069650021906099,-6.5347791085927698,-1.50187080386522
647,-3.6667693464097901,-6.5900475327994998,-1.30708697580792
648,-3.6672416943939501,-6.5558160393248999,-1.20490075099228
649,-3.6277209015433698,-6.6797762728618899,-0.91884610032760405
650,-3.8076079223827399,-6.7987354290286799,-0.91761591815991705
651,-3.8515440864039201,-6.9378971226615596,-1.05195222170372
652,-4.0396144658321296,-7.0965458772951697,-1.03745815251022
653,-4.2269069321183403,-7.3436245684233104,-1.4658999857953501
654,-4.5361406235780199,-7.62407250160906,-2.11330572752609
655,-4.6074571766239396,-7.6315696885907602,-1.6041325491790499
656,-4.5663214625449804,-7.6413794488752398,-1.87477010773679
657,-4.6078578197262203,-7.4869191529843997,-1.9495279163862
658,-4.5940806324241601,-7.6042809051432902,-1.8823561239479201
659,-4.6457181187275696,-7.5290121931319103,-2.04167127962788
660,-4.7260592387818798,-7.7158485129071899,-2.1579318146442299
661,-4.70351838375616,-7.7508666895026304,-1.9869647467249001
662,-4.78551794144055,-7.8226161785377704,-2.1754833096478601
663,-4.8770728515038897,-8.1437565100470994,-1.97568796953307
664,-4.7776931107125602,-8.0671067917105201,-2.2587873472035498
665,-4.73700818962332,-7.4395633276528397,-2.2002673247928102
666,-4.4309595558011496,-7.2842724001464001,-1.8401711494062201
667,-4.1452056188603601,-6.8963748744255096,-1.11641386834779
668,-4.0292356593508503,-6.9538704284779804,-1.2357908968460201
669,-3.9396360209775501,-7.1070426984253103,-1.6064616736172099
670,-4.1810392760896598,-6.9627075981147399,-1.60794225839622
671,-4.3335729200908704,-7.3675417219788404,-1.7796055062915199
672,-4.5274526198500498,-7.4389298218865303,-1.55890838905552
673,-4.2202105663968803,-7.5657844261992002,-1.62544095504521
674,-4.2105596830893299,-7.5108919989771401,-1.6865411336578799
675,-4.14956392213755,-7.4363087568763699,-1.49747470990821
676,-4.0845707530292099,-6.7646647163669202,-1.3893804382266499
677,-3.9407709249751499,-6.7085463404450296,-1.4791901701976
678,-3.92010317061948,-7.1352834324676504,-1.4069780272674599
679,-3.9704531964499501,-6.78100348781956,-1.2749780746797501
680,-3.9547961182566,-7.3133613512576403,-1.3210536985125501
681,-4.0137675163326296,-6.8194604579090701,-1.1017377293238
682,-3.8609292638726602,-6.94224134270753,-1.34378803068318
683,-3.7711885367962998,-6.7509726337997904,-0.97062176147939505
684,-3.7614801953208099,-6.4197945171308097,-1.29690716725792
685,-3.7423291727308601,-6.3140866094950496,-1.26381185128481
686,-3.6545132706275401,-6.36506572915264,-1.33558242787242
687,-3.6443291354325602,-6.6562151658120801,-1.2029492141475999
688,-3.6220425928745601,-6.2335439534994999,-1.1313879884083
689,-3.4868457885759598,-6.1613445450007998,-1.07293893354357
690,-2.9840885928562599,-5.6937326577713003,-0.53259275296553699
691,-3.0323658574727501,-5.5010218863229401,-0.64885564373546201
692,-2.75848075793821,-5.5914574933296803,-0.291757614197513
693,-2.5077301737634201,-4.90704511709776,-0.33352771619485799
694,-2.3110626155887699,-5.0598886363128797,0.56478328590004201
695,-2.3486520916474398,-5.0239413950096097,0.25310642287218199
696,-2.3673135774249601,-5.1454114086761997,8.3195651634953099E-2
697,-1.99066893159323,-4.7350251323996302,0.60779869496023098
698,-1.5500476372907901,-4.14662776719255,0.91596458494417499
699,-1.64510978763253,-4.0903705833292303,1.01407571051255
700,-1.7278659471536899,-4.3847789200232903,0.54470337430481697
701,-1.62538948888942,-4.3368138128199796,0.68493838879636404
702,-1.72378507024881,-4.2303504741051299,0.84350441148216904
703,-1.5046870060735,-3.8782310212406101,0.93707969279659198
704,-1.3087576094784801,-3.70206257924325,0.92890336134240703
705,-1.21912820049653,-3.29359804745935,1.07599719204189
706,-0.97922645145662601,-3.47090519006289,1.2222660380427599
707,-1.1950682253798799,-3.3765407179518401,1.24877313432355
708,-1.2398043007055699,-3.6176212179456,1.0751775357231199
709,-1.2934282166633699,-4.1836759445301404,1.0288093246894701
710,-1.57376291998986,-3.98410466704695,0.50396401738523999
711,-1.97111055892693,-4.5862955596368504,0.16962636020336699
712,-2.3116940385330098,-4.8952697056268404,5.2427845880794202E-2
713,-2.75705668531621,-5.4919912859479298,-0.64825207009825703
714,-3.2683257616699799,-5.6701996040276503,-1.0296467054493299
715,-3.3044732208046201,-5.8183850203508101,-1.0391076458542601
716,-3.51795212835375,-5.8724504630359897,-1.1295139308918001
717,-3.69186029628976,-6.3670791130087698,-1.6016737567467501
718,-3.8107549685625202,-6.81502904117123,-1.3511496951122
719,-3.9322578169617199,-6.6378753378628401,-1.8474120727309999
720,-3.9625837839350799,-6.5083979861172496,-1.53083225519587
721,-3.9528768377428301,-6.56055647053872,-1.58193307530811
722,-3.9477051886539201,-6.3748724296890096,-1.4243423244398501
723,-3.9667823664980602,-6.6808804356035303,-1.51815147608436
724,-3.8859478923763402,-6.5210946779393204,-1.3567122645152401
725,-3.9647204187351002,-6.6179370115360499,-1.54624389803991
726,-3.93283995222742,-6.7130126128181002,-1.45372775556344
727,-3.8316472711165499,-6.1985482443308202,-1.4030998179493499
728,-3.67790737583337,-6.4225877921903196,-1.3697845428419999
729,-3.66951349930314,-6.8694101997233696,-0.742993112835866
730,-3.5476663903300301,-7.0580549662931897,-1.2853351036626399
731,-3.5454821867713102,-6.3739276850569997,-1.1539356578861799
732,-3.4659586540734,-6.3746334480453504,-1.13534959175478
733,-3.4825726995005,-6.4742201245620201,-0.64191000296080303
734,-3.3942684267623799,-6.5318662056396004,-0.153017973207796
735,-3.1451803272540002,-6.2015101365415104,-0.28800276448222201
736,-2.97803701246796,-5.9946341445652802,0.139437116059454
737,-2.87227199003476,-5.82197360592758,-0.17084366342051999
738,-2.9788172632207499,-5.62459949768217,-0.60430122662309804
739,-3.0490857887912299,-5.5160870680102896,-0.459879821864978
740,-3.1701385956845498,-5.60416407997291,-0.99661051317974503
741,-3.14775161410014,-5.9727594491705602,-0.87887584324775203
742,-3.1487233650662598,-5.6135104221729399,-1.1256381032437699
743,-3.14345518463707,-5.6993761607247198,-0.67171143825318702
744,-3.01222871786142,-5.5269488389330297,-0.86846081508499995
745,-3.1733094304328402,-6.0393343105977202,-0.82526779566707098
746,-3.1827406115677701,-5.9763984383883004,-0.840482423973968
747,-3.3118245335432399,-6.2834138884240396,-0.69802429884134298
748,-3.3394780643280799,-6.2831152653669902,-0.90434335070501404
749,-3.6211405679643001,-6.9679740283210796,-0.76351297221903103
750,-3.7883324129176601,-7.3277045230577604,-0.78841021204598705
751,-4.1428130859409702,-8.1088233586188903,-0.98194238446283499
752,-4.5768223166453197,-8.6213726054220405,-1.77478395760379
753,-5.2327794150028204,-9.2202381122868893,-2.0053988940682199
754,-5.6762926857348699,-9.0724667877720897,-2.5905324845553799
755,-5.7426932270112099,-9.1440562304647504,-1.7640967862545101
756,-5.7658048827606798,-9.2693191323722495,-1.79096910363602
757,-5.5447672680664004,-9.3530027579085004,-1.8109047721405001
758,-5.2196215675721502,-9.0717779343113705,-1.61665560666244
759,-4.8840652535708999,-9.1098366115617395,-1.2854453442225
760,-4.3544881477333499,-8.4024042970650292,-0.70430739656978303
761,-4.0176499883534502,-7.4792699475173201,-0.96860803031605303
762,-3.6155603246001098,-7.38993711378565,-6.69897801131146E-2
763,-3.3911904322041999,-6.4766130972551297,0.202388165451028
764,-3.1899254187831598,-6.4714415950364303,0.212709502437679
765,-3.0838289488354298,-6.5530940805303199,6.4710861221224103E-2
766,-3.0885048536951101,-6.2209101554324899,0.78828764865308498
767,-3.0724305755441201,-6.5466628062109198,0.28930192704378899
768,-3.2974401395611501,-6.5136435836696602,-1.9315005780055999E-2
769,-3.4279685014349202,-6.7222480421014996,-0.15990976554649999
770,-3.2184147926290398,-6.6443444541904002,-4.5672472647016397E-2
771,-3.4472132758436,-6.5717579433390396,0.20810449724934699
772,-3.46309205533777,-6.8797368216115098,0.57561516875276597
773,-3.2794218149590399,-6.8139133210466598,0.22023193628929
774,-2.84729234758281,-6.4311935083469596,0.82642587056590799
775,-2.62401004549214,-6.6539968003098098,0.892350860209562
776,-2.50749641850327,-6.3102479336384798,0.92133825454016405
777,-2.4235314306460198,-5.7446912621382697,0.84889173768779302
778,-2.3286597500642898,-5.4796170064128802,0.35487077783533799
779,-2.0977509244012702,-5.0257809613719298,0.72761385077618901
780,-2.14420271529039,-4.9724581125839098,0.86059973526285005
781,-1.8971214836086401,-4.9825727665727202,0.54538594579095601
782,-1.9181649833138099,-4.9449569713407699,0.43716764141137299
783,-2.14115746800339,-5.0469265069446996,0.226902402856174
784,-2.0809200292602101,-4.8199144538290604,0.63696368673014903
785,-2.1991377943967199,-4.9544346156504604,0.63492123959207902
786,-2.4514387050438602,-5.0848183132287099,-4.5766268172729503E-2
787,-2.5939726753839598,-5.1177207854064504,-1.27107236042363E-2
788,-2.7784464651017902,-5.6619164113748699,0.23671277994453499
789,-2.9869571133119401,-5.4205866305022496,-0.58303596003330205
790,-3.2199015391146699,-6.4186535973281602,-0.61689272888133295
791,-4.1368005198910698,-7.8566969257163901,-1.43940319696125
792,-5.1544149370022003,-8.3295426373226,-2.5432441356109301
793,-5.4362539318577898,-8.5552508008690094,-3.1300461243001698
794,-5.58409099311395,-9.2144407300489792,-3.0005180563919902
795,-5.8565318148127901,-8.7937936721820407,-3.0680214499348901
796,-6.0422392019007702,-9.3084109223453204,-3.3619269634562201
797,-6.2495418981146997,-9.7261927818176606,-3.79820983948966
798,-6.53178734488794,-10.139209432056401,-3.6267111029541002
799,-6.8245644558432499,-10.2095937117942,-3.9708688063480202
800,-6.9498097533479104,-10.8289666015748,-4.3521116748875102
801,-7.1774665095613299,-10.5252279251975,-4.3603752994932004
802,-7.2108399749039798,-10.5308360380754,-4.1923885171163704
803,-7.0700082492775396,-10.8408412748629,-4.2951337091499804
804,-6.22556234846809,-9.6465332417424907,-3.2024360266314198
805,-6.1407002127891799,-9.4909681058594799,-3.4089995189028799
806,-6.0966262701611003,-9.5773666840971092,-3.0252169473664199
807,-6.1064143176590298,-9.3902016429847208,-3.00461896246801
808,-5.78681459193065,-9.1117613806241593,-3.2102355160523
809,-5.6667996626489296,-8.9094704913202296,-2.740444459101
810,-5.6412548936481404,-8.7470010419252198,-2.58919419611472
811,-5.2190489508446003,-8.4935861791918992,-2.1977223385909901
812,-4.9866731366181103,-8.3084614030448591,-2.3778062791952399
813,-4.7794198961516603,-8.0549526254164405,-2.3179828870264299
814,-4.5445913633951296,-7.5394017684914996,-1.6679048255317801
815,-4.1232102967887201,-7.2614816607426196,-1.5596050954312
816,-4.0568401266993099,-6.9850342947286297,-1.43682695788714
817,-4.0526986165971204,-6.9874900681922201,-1.3544873568639499
818,-3.9609908396633702,-6.6116876409507697,-1.44313032810982
819,-3.95113502865743,-6.6710515708050604,-1.3155086001035501
820,-3.7281599097253002,-6.7779146502671397,-1.53484792110821
821,-3.6491642915839901,-6.5466877675074899,-1.0134267855516701
822,-3.5793669547353599,-6.6306496976896403,-0.50006708086471696
823,-2.88076767711385,-5.6261359440229697,-0.40718960388926201
824,-2.36571120673623,-4.8284527353908198,0.21076276820374801
825,-2.1458866815239102,-4.6446651621963397,0.327794730357991
826,-2.0323605548473398,-4.7883258392311996,0.57729378257257702
827,-2.1526277771794202,-4.7486846842178103,0.56998915950840501
828,-2.2551230784577099,-5.3211607357833897,0.36647348624397103
829,-2.4435539252720999,-4.9619991801290899,0.16868473823510599
830,-2.71796856552518,-5.4324549837819696,-0.16236357259870199
831,-3.0089671758180701,-5.5152013762595704,-0.72457652823165697
832,-3.1108023066923698,-5.9921265408696902,-0.44216502421723203
833,-3.1267580237400101,-5.8570153637609197,-0.52957587014509799
834,-3.2802034413094798,-6.2839185593501901,-0.72574718768359603
835,-3.2318451166320399,-6.2204232904207304,-0.71519987198578105
836,-3.3507486721147202,-6.2364015900828296,-0.888147381761628
837,-3.5111713935115398,-6.2407028956065602,-0.83015852439358095
838,-3.39568528362466,-6.1169898464464199,-0.68913124166977602
839,-3.4026568652095599,-6.21087278827064,-1.16396686739709
840,-3.30070961728092,-6.0512895121147796,-0.607066125748426
841,-3.11953804589105,-5.7319222944931001,-0.81088292426627295
842,-2.8258065822799798,-5.4222116281811603,-0.29887731188879402
843,-2.6947598073415402,-5.3658444323633203,0.20921447077599001
844,-2.6996417689101602,-5.7351854320978504,-0.28994673228779899
845,-2.7238538566396699,-5.42272793178204,-0.48882393268760299
846,-2.74994005399458,-5.57170983354575,-0.29129066943788101
847,-2.8278800319081099,-6.0614476086938103,7.55046745464307E-2
848,-2.9732778682230299,-5.7325855770941097,-0.529513826543618
849,-3.0164589267926698,-5.8897099639627903,-0.234598776151657
850,-2.8487950393010002,-5.7581460171829404,0.37044461224997799
851,-2.4951786592815202,-5.8045232153989801,0.53497159820485995
852,-2.1675832485981599,-4.9422584649213599,0.93665492560350205
853,-1.98412057523553,-4.4776888786155498,1.03076131902136
854,-2.0141347639488898,-5.0160443590186299,1.23158896294651
855,-1.8088888012592701,-4.7470048650769199,0.96582623432967796
856,-1.6700697622073299,-4.6567588328199596,1.47212398886108
857,-1.5577511438192899,-4.1606156603404001,1.37548690837591
858,-1.48481129745983,-5.2016256554922897,1.15353070456229
859,-1.7508791236038299,-4.8976423384077199,1.0461846908922701
860,-1.69740273337548,-4.6929789519287697,1.4276493048872001
861,-1.58589829370377,-4.5777028241450504,1.2453732250259899
862,-1.59169409001263,-4.1838590798488902,1.10730549485676
863,-1.6879201417520999,-4.5831011109382498,1.4049881174296901
864,-1.5965671018475101,-4.6448162521665104,0.73678530378894502
865,-1.73045726202649,-4.1194017273218,0.93665737183414399
866,-1.9543977491071101,-4.9666788808764197,0.47509495729568302
867,-1.9294897253890999,-4.52906890290744,0.52823125776504098
868,-2.311310214763,-4.7559368383933398,0.213127719585543
869,-2.8233267300146498,-5.7329765640951997,-0.82576548222476798
870,-3.2285582358602398,-5.9920444808402298,-0.835499715467936
871,-3.6877124601481999,-6.3383680126075701,-1.01440158869027
872,-4.1541805926291397,-6.97362744200721,-1.58475115715968
873,-4.1999874844536604,-7.0172100264830597,-1.8419440478706799
874,-4.5339751677083502,-7.3073905290986003,-1.92316147823518
875,-4.4055698255986799,-7.45416835376406,-1.89607053015669
876,-4.3042182671253997,-7.0924981216062699,-1.8792161881896501
877,-4.2180852455900002,-7.00590182239341,-1.56838693578106
878,-4.3524404989475602,-7.1972637627223799,-2.1995662791324802
879,-4.4030265424566304,-7.3044168241583796,-1.77766061552841
880,-4.5843635620504601,-7.3172242673822403,-1.7980831656915499
881,-4.64295951365549,-7.1965471929248803,-2.1330238438528899
882,-4.1746323398993503,-6.9960387113154603,-1.7545995381146999
883,-4.2967887906159303,-6.9896207806049899,-1.776074882956
884,-4.27113987523418,-7.0274871854110001,-1.6902088752508799
885,-4.1870386242592303,-6.9016845693625299,-1.7255061930835001
886,-4.0892978645845597,-6.9100025125853399,-1.8496027255434699
887,-4.1480620461955198,-6.9426135892923302,-1.11765671798398
888,-4.2551881468305002,-6.7853741590489998,-1.64852935316205
889,-4.4086063550903596,-7.2293801323817704,-1.7054228770161199
890,-4.3923281534819596,-7.2086941221192298,-1.8728207948583999
891,-4.6251936499190096,-7.3327315460437701,-1.9147071502816999
892,-4.6682689138889302,-7.5194490931344697,-1.6576073689483499
893,-4.6993335291972498,-7.5593548034768299,-1.69632430424783
894,-5.2287644188743396,-8.3679865669994502,-2.52071094256454
895,-5.5393615796358304,-9.1132612616071107,-2.4340433189716602
896,-5.51059244252935,-8.4835662889930497,-2.46788748913532
897,-5.5450451456419598,-8.7664115057044292,-2.48420520563544
898,-5.4727854333606496,-8.5096600637038993,-2.4469326325406899
899,-5.3575938514601598,-8.4538411656631496,-2.4980191788682
900,-5.3076403470989302,-8.5129994717960198,-2.2649566505509902
901,-4.8789268621777504,-8.4318026107960407,-1.81714730912369
902,-4.4962261159831298,-7.6083949730259297,-1.6677192516264601
903,-4.4465009908008302,-7.3044070372669196,-1.7018062926709201
904,-4.3152863373940002,-7.3199621268506396,-1.9123123142591001
905,-4.3635421319315304,-7.4085901125031501,-1.8343470145747101
906,-4.5914710233793699,-7.6353835499026603,-1.8888167504805999
907,-4.6905693019941896,-7.3795046131578301,-2.0255947421794098
908,-4.2413125888703602,-7.61415608935883,-1.8601504056268301
909,-4.0775653383154102,-6.9040265344590299,-1.6972486934400399
910,-4.0456872947257301,-6.7467122947318101,-1.65279089299319
911,-4.0326098206879397,-6.8321763815758096,-1.87667109453645
912,-4.1648681639787899,-6.9924366405530396,-1.70425383631626
913,-4.4727987757190597,-7.1324773310592899,-1.9927880886279501
914,-4.8092776025760804,-8.1028753924255295,-2.2248548744973502
915,-5.2190171300875496,-8.2270833548511799,-2.6106054425796299
916,-5.4484753371324901,-8.3924896584327904,-2.8860030335848399
917,-5.5196838035256803,-8.48687312263956,-2.8827886208826801
918,-5.9515244886337797,-8.9421336396436892,-3.6811780061185102
919,-6.03122640701742,-9.1388916575966892,-3.37278566472341
920,-6.2028104221814697,-9.3717865325415595,-3.5690687919295798
921,-6.1973711317107698,-9.8591740089051694,-3.7212222076549102
922,-6.3855515479509704,-9.8740491500298901,-3.5175582194121802
923,-6.3875024066412598,-9.7455657581521304,-3.4487392565165602
924,-6.2856538614631798,-9.4779549611445795,-3.3112628921109399
925,-6.1075612198597602,-9.4563259621160292,-3.2678514013962801
926,-6.0330645230330999,-9.7497675424889394,-3.34679918173914
927,-5.9086190754154497,-9.2091712734372209,-3.35862196351869
928,-5.8538293210100001,-9.0324787215691806,-3.05078821032633
929,-5.8219242089464904,-9.1797409374647305,-3.0215080808560701
930,-5.4416787271863001,-8.7031242054508997,-2.79386254924579
931,-4.8973129463675198,-8.1724848770693992,-2.1785305466898599
932,-4.6410878385108898,-7.44538899477004,-2.0907460379475
933,-4.3557796192857801,-7.3202549287248697,-1.72229583971403
934,-3.9961712652389401,-6.7877747504494002,-1.30990035917306
935,-3.8502774497898802,-6.7150187162509303,-1.1834848400209199
936,-3.8919005707821599,-6.6580106873661196,-1.3640663227669301
937,-4.03894408919603,-7.0438893053707199,-1.5471129353093001
938,-4.0585889118531098,-6.8855451054239101,-1.52384259987538
939,-3.9304647708548299,-6.6919881349838999,-1.56968106788303
940,-3.90355895540926,-6.6761828397431504,-1.3645343377814501
941,-3.4727186957391001,-6.7533674423348602,-0.38863967238824398
942,-2.59840808318401,-5.1996947498000097,-0.10294873959682201
943,-2.3762669690252798,-5.3134033107615997,0.19717771070058801
944,-2.31286916641483,-5.1157181088983199,0.62490537993925299
945,-1.8913774130009,-4.7694166225531696,0.75215987134140505
946,-1.7134499965553001,-4.6692878275794998,0.64253521782224798
947,-1.3553605591945701,-3.96860077579246,1.2260840472939301
948,-1.1382999805991301,-3.8689684073185702,1.4721691749766901
949,-1.0650750255791701,-3.8141972073930899,1.49534902348857
950,-0.62263214461775596,-3.3271330453615899,2.01111104821815
951,-0.131553179439301,-2.81228792181231,2.99598595517657
952,0.15027078061306101,-2.4088168278330602,2.7527892975571202
953,0.451299252710753,-2.06007808421516,2.8285539029928799
954,0.56415359884296601,-2.1184463225813701,3.0095921683266802
955,0.26131602282036098,-2.2284467629883098,2.8461620952036601
956,0.31623890144868799,-2.1250790418525898,2.9526883770189101
957,0.113398944568563,-2.8307498933170399,2.95342993698703
958,1.9241519643746499E-2,-2.7870234062464201,2.53590042333744
959,-0.80112345408609098,-3.75019552467502,2.2329043869936802
960,-1.71087902855356,-4.60322785069524,0.99597335087164995
961,-2.0389579772297801,-4.5546963800699203,0.61562386494465704
962,-2.3094028276354099,-5.2754486764102602,0.55882004429906396
963,-2.7695251027507899,-5.0934204578506499,-0.22554517217541101
964,-2.99565962714364,-5.7997974015343399,-0.47070661968416
965,-3.4432687590403499,-6.5491982183995701,-0.78324947942326995
966,-3.8796764412851399,-6.8219971773674404,-1.20701255536306
967,-4.2052644863211999,-7.7218682137481096,-0.99353460161601104
968,-4.3313591651311798,-7.7553336505913597,-1.4931885915485501
969,-4.4477609464662997,-7.5613411819615903,-1.4682568153436799
970,-3.9445710912346801,-7.2590062731794696,-1.19745249510561
971,-3.71891891195409,-6.76411596991752,-0.95428748638919703
972,-3.3333245886839999,-6.2775949728613503,-0.97629322848561195
973,-3.2104806856481898,-6.1415563493466898,-0.71203619607875102
974,-3.1548153699951902,-6.0398278465666904,-0.53798407450010599
975,-3.0970316375733802,-5.7294589474348303,-0.30161522774291
976,-2.72261220783319,-5.4301375593416097,-0.44338242955632301
977,-2.65671120645808,-5.4232281418849402,-0.34435504399929501
978,-2.5973993604048999,-5.1304375781899703,-0.17523592083012601
979,-2.4239804471697699,-5.2890747188323797,-2.2949446593682699E-2
980,-2.56433073783605,-5.43126585250182,-0.17835875807799001
981,-2.8819435301962799,-4.9675176059029997,-0.53773583932561997
982,-2.9531306323472402,-5.7493821983326301,-0.74697786821569101
983,-3.1509252623464201,-5.8929926150068903,-0.87475024182052097
984,-3.24855983915762,-5.9733947796323497,-0.86241841576511202
985,-3.1367681077157399,-5.56118485686049,-0.72934746735271905
986,-3.2298043734948099,-5.8259122014434697,-0.82348476627064404
987,-3.4133338569408198,-5.8062195873296201,-1.1292147646558699
988,-3.2719249463889102,-6.2540988935378499,-0.91255703519618903
989,-3.05681067430739,-5.87834849379266,-0.83506435867197804
990,-3.1711871194314201,-5.8036371069037402,-0.72775324904432004
991,-2.9284564258001602,-5.7633538878354296,-0.65676223060207894
992,-2.8527429774161299,-5.6065165301788698,-0.50425141746815205
993,-2.52957092289068,-5.0700071332281897,1.5525512205897001E-2
994,-2.41086124022979,-5.0986769143304,0.176651702062883
995,-2.2950547587965899,-4.8977286938333604,5.48152249450157E-2
996,-2.3095665550897202,-4.90338224845779,0.159445108615211
997,-2.3031235688373601,-4.9951560568185798,-4.9271708963939502E-2
998,-2.2784350941665599,-4.9088489991608704,5.2331122210098703E-2
999,-2.55346438471621,-5.0688212132335302,9.8728507623106997E-3
1000,-2.7401995867610198,-5.4051637649314399,-0.29475716225481602
1001,-2.9692652074071901,-5.6737761395190702,-0.62756365498487598
1002,-3.2893472427672901,-5.8591364287454804,-0.79108761027917895
1003,-3.4228733706539001,-6.0798487186454802,-0.736758296103591
1004,-3.5775810736876599,-6.4054671026637902,-1.0660194687839499
1005,-3.6318123880672299,-6.5614041088317103,-1.26930740083422
1006,-3.7789567524108598,-7.0940246616981302,-1.39244058743704
1007,-3.87551562371464,-6.6723151002588903,-1.56980225782525
1008,-4.0944738278225401,-7.0109763586243004,-1.5929405066723501
1009,-4.1919398382742097,-7.1448066350529897,-1.6021059098619299
1010,-4.3157283727442897,-7.8331073755143903,-1.88597575531811
1011,-4.2676973854042402,-7.2207207934772599,-1.6053728581206801
1012,-4.22647680290358,-6.7506442275316596,-1.6584966007428901
1013,-3.9668096498850201,-7.1643669791529101,-1.47012213582097
1014,-3.6889400921062601,-6.7157792351389096,-1.0483138901773901
1015,-3.3974676594610398,-6.2113531012367504,-1.01463748219995
1016,-3.3009064627893498,-5.9440994990249196,-1.1955619182550601
1017,-3.1427687067223902,-5.66180068724357,-0.92877082957401502
1018,-2.9627219905705902,-5.8653078841585202,-0.412247769953836
1019,-2.8034861790230101,-5.4305389940892503,-4.2455622319068402E-2
1020,-2.6251935226527698,-5.5088695627892799,0.122623329399921
1021,-2.5092508834517302,-5.0706590093733901,0.225526984478158
1022,-2.3180864690138199,-4.7677147427251301,0.58294576933188402
1023,-1.8769745908393201,-4.6472469523239299,0.22011053354221399
1024,-1.6773776351848699,-3.91140768996685,0.64694275231657505
1025,-1.5238458560688599,-4.16768457692348,0.83744366073702203
1026,-1.3627303042119601,-3.80632199359981,1.21061633224151
1027,-1.68566129476305,-3.9542746281491801,1.0573074601961601
1028,-1.6815348228289,-4.4789901400560002,0.702132916221751
1029,-1.8849823284120799,-4.3380349382363601,0.72887746401683695
1030,-1.9585966180755701,-4.7960348262178698,0.72090867880139797
1031,-2.0380981093654298,-4.7904378079222996,0.74213020070320501
1032,-2.2795480287679299,-4.9419736714831402,0.18087032025536701
1033,-2.4398754401513298,-5.2495467251441603,0.402068718235011
1034,-2.7410040193873599,-5.6223815705647899,-0.181171366725772
1035,-2.6144119987315202,-5.6490862665697401,-8.4708508209360905E-2
1036,-2.7167690679955601,-5.7036953479263799,0.149387205391634
1037,-3.10422719402411,-6.14438842100384,-3.45284205856266E-2
1038,-3.6291929740681201,-6.4960192430940404,-0.86965115875491095
1039,-3.7347197898559599,-6.7558543091921797,-1.0564855384148299
1040,-3.9606318292634102,-6.7200595220425896,-0.87669621247297802
1041,-4.0831633915935797,-7.2613804102049997,-0.84651116232953705
1042,-4.1699232037526501,-7.20505904693443,-1.21777389971088
1043,-4.4982046304222196,-8.0110937156705102,-1.5312666158013399
1044,-4.5973134422985797,-7.6895690444198097,-1.5850298291757601
1045,-4.6113059414398201,-7.6721534169159504,-1.1941920422157599
1046,-4.6813037017464803,-8.62834633355763,-1.2701735103146401
1047,-5.0324230617911301,-8.8527825610164594,-1.20724143322118
1048,-5.2625460809301901,-9.2343086700847294,-1.10788637877273
1049,-5.3465844598456602,-9.7072814993646297,-1.9311254392880199
1050,-5.2392594478616399,-9.6720575382282199,-1.4646220798464999
1051,-5.3288360241245201,-9.6409341129570407,-1.48606587872762
1052,-4.7496298002943398,-9.6579411499500907,-0.87733735645640099
1053,-4.6858748566817896,-9.4914923058434599,-0.98435651900334298
1054,-4.3660246630557698,-8.3979086337296707,-0.66816265224581595
1055,-4.2527511324351099,-8.8247877497096692,-0.65944298147394598
1056,-4.1150373491409402,-7.7515934273640701,-0.91686063455576905
1057,-4.1141575534695702,-7.8334589504433101,-1.1611747116297
1058,-3.9591072683044302,-7.4201925883756497,-1.0673816530701701
1059,-3.6013909228107499,-6.4976837245525196,-0.98375477220766505
1060,-3.30454456914355,-6.3610951426567697,-0.77286013917534802
1061,-2.8471551226620702,-5.7655578565866499,-0.70298065019050304
1062,-2.7522949179756302,-5.82214424985193,-0.32476852354594798
1063,-2.6869970462349899,-5.3584275996799704,8.0628145280168095E-2
1064,-2.27502196460338,-4.9306760955524602,0.46442906041197901
1065,-2.23556394583875,-5.2848950112765696,0.55790192173345099
1066,-1.9222415879214201,-5.3006899095772297,1.0369334955576699
1067,-1.7706244499413699,-5.1107363240836703,1.57935243969929
1068,-1.3505227606410899,-5.2638197977089396,1.9620181673512
1069,-1.49365932023736,-4.9041967572626897,1.8968757308928199
1070,-1.07829550686884,-5.2353272613761801,2.7671351738175201
1071,-1.0608820258155001,-5.23002221235385,2.8631631950115799
1072,-0.96202332028013104,-5.8296072706085296,2.8989305903279301
1073,-0.92481772829005804,-5.3394472454030204,2.6831879402669601
1074,-0.84129751241609896,-4.96147713859565,2.6921984661615799
1075,-0.92342394736842304,-4.3781527784254299,2.5047192067859299
1076,-0.425273048862786,-3.8983348099508102,2.7139838160172398
1077,-0.47744655633521899,-3.6645250655393502,2.1520099656980798
1078,-0.70444322727838504,-3.7793031407535702,1.98946968432747
1079,-0.75239826500382201,-3.5044439068931998,1.69668690761887
1080,-0.93905894764878195,-3.3350326454348802,1.6328178388637899
1081,-0.925655437886719,-3.6359087107643302,1.5870846480536001
1082,-0.93890477729072697,-3.2849373416942802,1.2149894672333801
1083,-1.0835914524132,-3.4916569322029001,1.1046602120428901
1084,-1.19399615676827,-3.6837400659154098,1.0702452074922699
1085,-1.0891589293817501,-3.6609858465142402,1.1620097926150801
1086,-0.951129038412862,-3.4433087748578002,1.61804540264465
1087,-1.0976581778078101,-3.68749674778392,1.11790339868336
1088,-1.17189873581767,-3.6512974682007502,1.13894926990981
1089,-1.4830405804395499,-4.0271950753680699,1.3285747607296601
1090,-1.7742211354898501,-4.3335654123527299,0.54499086810059505
1091,-2.0318553333454599,-4.6943551653227598,0.47024893464032902
1092,-2.4165333219141099,-4.6863216761055897,0.35816783675999397
1093,-2.4863088032704099,-5.2193558983870396,6.1572232284807002E-2
1094,-2.84507084983183,-5.4276979464917297,0.126099850102323
1095,-3.0435221575924301,-6.0896843525666497,-0.137203260907863
1096,-3.3820504575716299,-5.9716752984915598,-0.65308944253322598
1097,-3.3935585344880201,-6.0222919763046701,-0.67114731663314697
1098,-3.3394105839616999,-6.2403692104674802,-0.28096393193807201
1099,-3.5254490017168298,-6.4322373570106697,-0.390740034897544
1100,-3.3269734860837499,-6.3511865111170103,-0.54640338806815003
1101,-3.3565963665081799,-6.5969608303868599,-0.45809301821758402
1102,-3.6187006782822699,-6.7090955135994497,-0.68963806639157099
1103,-3.62730550181807,-6.7623081155894402,-0.496569216096309
1104,-3.8132525690231001,-7.1624845816437102,-0.39816098791611199
1105,-3.9319199006303198,-6.9488036056776101,-0.60338193065009305
1106,-3.60328803518957,-7.2552704244361097,-0.80798849346284696
1107,-3.58749501318982,-7.09437962607507,-0.25727082174946703
1108,-3.24417612037829,-6.3410887006422803,-0.21923780667554299
1109,-3.0346890645476599,-6.0629646153846899,-0.42231342136394701
1110,-2.9496060041591501,-5.7557151191023097,-0.53550418821674095
1111,-3.00085590880302,-5.7349315373660303,-0.22341545571004001
1112,-2.97505021213806,-5.7635190319184799,-0.36135528095274699
1113,-3.0249621588098301,-5.9847747530603401,-0.71019017949726404
1114,-3.7721899157346401,-6.9470381029696,-0.84319537649652199
1115,-4.3974400191451801,-7.5629052417027403,-1.8512084451629001
1116,-4.4831106408338801,-7.96048132056311,-1.9193092637334499
1117,-4.6913937026653096,-8.0438406865977701,-1.7338147700920199
1118,-5.1155183869841201,-8.3473445214823698,-2.71755313077945
1119,-5.3298777612733499,-8.3711056985458594,-2.25289356813889
1120,-5.3554142580118302,-8.4557912187727702,-2.6358825977688198
1121,-5.5717893759205399,-8.7650415755231794,-2.82684888871899
1122,-5.5657920663277798,-8.8939690509771498,-2.7041168537601101
1123,-5.5843991879033696,-9.0292327240392805,-2.8431482719597598
1124,-5.7425951678089699,-8.9475126134950003,-3.1234092454570699
1125,-5.5446028731002501,-8.9810578197065194,-2.56011511548552
1126,-5.0264756295127802,-7.9491822871506601,-1.90563663195637
1127,-5.0049968310183104,-8.2451595855380795,-1.74852344895659
1128,-5.3204211135309496,-8.5336931469249198,-1.9274053403945299
1129,-5.6358678574329604,-9.0644248464765607,-2.3325201810294001
1130,-5.8931972193345104,-9.3286956358785602,-2.2262851045551
1131,-5.9155550967278501,-9.3990610730096105,-2.6915868286654501
1132,-6.0764261405479898,-9.8523382269393505,-1.6654899683498201
1133,-5.9397133544943301,-9.7085602964635207,-2.3453283689879898
1134,-5.9153717763679499,-10.176793816375699,-1.92389934098008
1135,-5.7607447611509004,-10.066406329452301,-2.2309485313445001
1136,-5.7629941186829301,-9.9424544506194401,-0.83405561188898003
1137,-5.3873477846359101,-9.7330169532353299,-0.21639993634333299
1138,-5.6029628455061902,-10.028033068441401,-0.97188660548477301
1139,-5.50035421230477,-10.5516110859226,-0.36477411392536502
1140,-5.6362344555860702,-10.5368750219376,0.130856938205728
1141,-5.5918082097394501,-10.812841704505599,-1.04210840371293
1142,-5.4979254786451603,-10.4096162198001,-1.0708411845196
1143,-5.3794087365969503,-11.225492573017799,-0.68669159119507095
1144,-5.2061679879187199,-10.0171355976369,-0.44359930339807202
1145,-5.0149628435763098,-9.8090418529994103,-0.97931897664183498
1146,-4.9322731476631096,-9.4886731323967002,-0.765367075414085
1147,-4.8220967245861699,-9.2861770502814807,-1.42744076621077
1148,-4.6645342631016504,-8.3476938238033096,-1.07738602669856
1149,-4.5256713893004301,-8.0764726677539507,-1.3043764776247899
1150,-4.6136038163930504,-7.92830839198181,-1.4757053854906099
1151,-4.4839162224848597,-8.1844631117794506,-1.1100406665788201
1152,-4.5912753715827597,-7.7056602082423398,-1.2958420862326101
1153,-4.6472801405948898,-7.9039090963520398,-1.49484995408361
1154,-4.73202826188645,-8.20244678050733,-1.68737099399105
1155,-4.73939300440823,-8.1130950914875193,-1.7423778125860501
1156,-4.7691244561892701,-8.1863351103334097,-1.69085268338749
1157,-4.6083962183458196,-7.9568370650790099,-1.31287920301067
1158,-4.2897114045327998,-7.6735303180183196,-1.35610254302727
1159,-3.3207930310976002,-6.3873922615310104,-0.14866361370899001
1160,-2.53291591123017,-5.3291720507048703,0.47161598030241297
1161,-2.0622319311243902,-5.0037928768439901,0.639990110517757
1162,-1.91258677080609,-4.8854900661927401,0.96168537393296405
1163,-1.84162147185266,-4.24529541100096,1.04111449737963
1164,-1.9548667652378,-4.9360806051845199,1.1628207690858601
1165,-1.7927734095546599,-4.4479923758141702,1.4248594758845501
1166,-1.86364692076182,-4.6377248483981504,1.2636906659815299
1167,-1.77115032715884,-4.82879926622038,1.2678810625354699
1168,-1.7905922225552899,-5.0219258354048204,1.38501204645974
1169,-1.81367516104235,-4.6684260825334496,1.44081883304703
1170,-1.92759599191869,-4.9874162732385203,1.4744031894908101
1171,-1.6684720683693299,-4.6510863511889102,1.6476075349858199
1172,-1.61752786375737,-5.2190973830457903,1.7409607819861701
1173,-1.7878925860788499,-4.5699994631155896,1.54052252195562
1174,-1.7008989196584401,-4.6679918394543902,1.45004969842142
1175,-1.55464418781262,-4.4234563944003797,1.55799397408833
1176,-1.77841105068525,-4.4630995484013898,1.56966078221442
1177,-1.7133888013360301,-4.6046263891686898,1.19886638430362
1178,-1.71140742546108,-4.59487747494593,1.3075778036121
1179,-1.5303231228982299,-4.1282961813557897,1.65939010119207
1180,-1.41912350646402,-3.9055031925533599,1.1947807745986101
1181,-1.3790275388948099,-3.9660762824554201,1.72023533847058
1182,-1.4387737491238399,-3.8220809974585301,1.5619772777118399
1183,-1.3965814648107699,-4.4293702086908198,1.6383606155119901
1184,-1.3381979943726701,-4.37727498429755,1.6286591390249501
1185,-1.17130771477494,-4.2123552570999996,1.2151623293543199
1186,-1.2172604967114,-4.4296909394354103,1.5604969705385201
1187,-1.1168265583269601,-4.1188946475284096,1.48171770915662
1188,-0.97358595091260602,-3.9149458935903998,1.96533274628074
1189,-0.97746919460983595,-4.2857661130120599,1.8276386057670999
1190,-1.0187739171923,-4.5831268875383104,2.12818555369808
1191,-1.17915003025216,-4.7700324420979001,1.8712582229904899
1192,-1.4813511043412699,-4.8473765559881796,1.7146069210343899
1193,-1.77144698793682,-5.5758038103973497,1.5671962689832299
1194,-1.8524460952453199,-5.68223463246024,2.0329371401054299
1195,-2.1133089762519801,-5.6849510504639396,1.7097408064025399
1196,-2.6038737185446301,-6.7199076807054299,2.13587391507239
1197,-2.4304935238128,-6.3814259785451304,1.5002598598925101
1198,-2.7536498885986598,-7.1321972827419096,1.3852351233234299
1199,-2.8339069763001699,-6.8801032495898902,2.0016361645463898
1200,-2.69294931173842,-7.1910649949827201,1.6950254421530899
1201,-2.6874828173563099,-6.9260394922071402,1.00768795620559
1202,-3.0575222040489698,-6.7382459265749102,0.91082471255117103
1203,-3.3351874208222498,-7.1981013605587503,0.49962231473532298
1204,-3.8007887546889698,-7.1323806530374698,-0.67401849516660906
1205,-3.9490205355711399,-7.4669596201837596,-0.66030718431146596
1206,-3.85309374117079,-7.2834957210785198,-0.38348054770248302
1207,-3.6782745250477702,-6.6741969507226999,-0.41391272358533399
1208,-3.4333660191800699,-6.2346844440340004,-0.63699321429222999
1209,-3.3712934785372601,-6.1567950196300201,-0.67063284367579001
1210,-3.3902293833456598,-6.3875282078864499,-0.41254070861947001
1211,-3.3559602750706499,-6.0700260287468399,-0.72953249098344997
1212,-3.3230334768070402,-6.2594608742729196,-0.61635902437433798
1213,-3.5139789425048602,-6.3190706314364098,-0.50495539933594702
1214,-3.5945854464930198,-6.9602317586253202,-0.38422352265624099
1215,-3.6182737263184799,-7.16285289202456,-0.23577049294927599
1216,-3.9913010475215902,-7.7855896784522596,-0.30460838146606301
1217,-4.0366211933312703,-7.4680657172138396,2.7834676987904799E-2
1218,-4.0977243119401603,-7.2441552553035704,-0.81904682400255102
1219,-4.2683304309828296,-7.7291621995799602,-0.65822826849939897
1220,-3.9748529031026401,-7.8740500265430899,-0.50192349764152999
1221,-3.7518292352524401,-6.7802730828278897,-9.9775515911045998E-2
1222,-3.4936910009444402,-6.6384825323157699,-0.72992896375683902
1223,-3.5367157790988801,-6.7891057387516396,-0.11207921028276099
1224,-3.2416865655029601,-6.3091175010596201,7.6474380191078106E-2
1225,-3.3520448840004899,-7.0920526988049399,0.44885662258448999
1226,-2.5880314129255999,-6.5966329065049498,1.2190867430588701
1227,-1.7237527215617101,-5.4180764929891998,2.15504060013465
1228,-1.43849545616791,-5.0842550785603597,2.6617466003364698
1229,-1.2511884808875799,-5.4772491279636801,2.5448830893866798
1230,-1.1679791499438901,-5.3104597901904498,3.0230992508291301
1231,-0.94126226166142102,-4.5846584298090596,2.9525639221083799
1232,-0.80187090315623599,-4.7701213178249899,3.1923867842670401
1233,-0.94008688564159704,-4.1895777077624698,2.5582017514967799
1234,-0.48948702263608301,-4.1297134991516096,3.06619572368301
1235,-0.34916329140622299,-3.2306605756173798,3.03377964219671
1236,-0.45855632690037201,-3.2490934020725599,2.37810591490903
1237,-0.40018902617183799,-3.1653437748209901,2.4938331121825299
1238,-0.43810661792626798,-2.94725517662908,2.4943436284312499
1239,-0.49176846298808902,-3.3250398355095099,2.3563165021649799
1240,-0.61545355883346498,-3.0840153227062799,1.79676616234169
1241,-0.70493546626534198,-3.9332551139338898,1.8180820955769299
1242,-0.88615204817606197,-3.57589070452903,1.88045640081778
1243,-0.95219466940075803,-4.2173550208927404,1.9994953994647799
1244,-1.21513905746863,-4.1832691866829101,1.90209865487151
1245,-1.2802385468284101,-4.1434226366080704,1.4022022506615499
1246,-2.6827489229049299,-5.98535028018778,-0.26305737102496701
1247,-2.95202604905128,-6.1900552272801104,-0.16447255351627299
1248,-3.1533771273979299,-6.2493550956757096,-0.38515382213680399
1249,-3.6799080725278301,-6.9834572980580001,-0.845485601183111
1250,-3.81060849788678,-7.1743603545201298,-1.1275835444242499
1251,-3.8684935448968001,-7.2730260457038698,-0.866016186820741
1252,-4.2671878287911298,-7.7552893346555098,-1.5243048261708001
1253,-4.5774874770694396,-7.8482892244283997,-1.4905845547752501
1254,-4.9606624082102,-8.2944089884034593,-1.6891362479357199
1255,-5.4072223461196298,-9.0485618344065504,-2.4969509863113801
1256,-5.7852517402061396,-9.3715569778391501,-2.7937604970318102
1257,-6.0383768594482303,-9.2204492023604292,-2.8715370388331598
1258,-6.2415187095139997,-9.7477835180429295,-2.9405489637290301
1259,-5.95678706834184,-9.5391849477429105,-3.1359524135888899
1260,-6.1298073646015903,-9.1783850610161206,-3.1822708417279499
1261,-6.2030526329027804,-9.5888742872226107,-3.0323413554840299
1262,-6.2829728286269599,-9.9800083318720496,-2.8017224352138399
1263,-6.1257432602656996,-9.5928658289292095,-3.0977870759060799
1264,-6.0126947113288596,-9.6991245767171499,-2.8579578952103999
1265,-5.1299376008598996,-9.0791421990159797,-2.1317876472106199
1266,-4.8209854901015401,-8.4633785049313008,-1.8625403969485299
1267,-4.2511902893543603,-7.3124046656032702,-1.8781747537873901
1268,-4.0854566098055196,-7.33818873367753,-1.28050726698081
1269,-3.8640766708516998,-6.9544818208082404,-1.41964373197494
1270,-3.7862462267386201,-6.3912924007669396,-1.1789612971154899
1271,-3.8316313613022999,-6.81294708029065,-1.6405074543342699
1272,-3.72088653456214,-6.9793441711144597,-1.2059593071569401
1273,-3.7839432896945699,-6.8610670074012896,-0.75117050966225796
1274,-3.2683018702479298,-6.5677557338918104,-0.45658455934705899
1275,-2.9702846336022399,-5.7657636287294798,-0.18007028109402401
1276,-2.37709632684918,-5.3420442982926302,0.37988134025714099
1277,-2.3388524801508699,-5.1048467446999002,-0.15561485134371
1278,-2.2825074978297502,-4.7844370287323503,0.28801234752443999
1279,-2.2807686638621401,-4.8769378135556902,0.12980185235150199
1280,-2.6239149839191098,-5.1940097429213798,5.3563083181326403E-2
1281,-2.5743620798986302,-5.3188867804401498,-0.100448619526346
1282,-2.5965544696371001,-5.13618933273262,-0.27415530393231002
1283,-2.5802831321545199,-5.1921750234037702,-3.6127923910380097E-2
1284,-2.65019420471691,-5.39624953084307,0.14085798902157501
1285,-2.4648329063454,-5.2429308242581403,-0.11942780372471901
1286,-2.5844701618010699,-5.1689224077125999,-0.16965128665974499
1287,-2.50748354960621,-5.3704414034437402,8.4600435952275801E-2
1288,-2.5868210117750898,-5.4918125850944497,9.26357307475318E-2
1289,-2.6076138096254899,-5.3311048677523001,0.32702008703028101
1290,-2.8219790665551798,-5.3983123760721101,-0.17147597817058599
1291,-2.83944217079942,-5.2214345606749797,-0.118753020874513
1292,-3.0628891357294399,-5.9818139136123101,-0.56922698838577401
1293,-3.3608226557096299,-6.3169619339450396,-0.51668437961464597
1294,-3.6694442296454199,-6.4144457651760503,-1.0928238511392601
1295,-3.9744997386127001,-6.8510404295116203,-1.22852528670345
1296,-4.1085161757550601,-6.69789127757877,-1.87792203494459
1297,-4.2123332592452396,-7.0792158472382898,-1.44976395307544
1298,-4.4512585230861896,-7.6812794019385002,-1.8500090620901899
1299,-4.3927889380089802,-7.5036151631711299,-1.3007400454906
1300,-4.0960344011927399,-7.2656968563033102,-1.3549580166147599
1301,-3.6617678887920402,-6.4996545024719596,-1.13039481688114
1302,-3.42806819278377,-6.3096365449439302,-0.79221047521171195
1303,-3.45928253820037,-6.4171292540572402,-0.78949984133716899
1304,-3.5588215855120602,-6.4693276279699097,-0.95828110504389996
1305,-3.4646339235317201,-6.33028461415969,-0.892663932151051
1306,-3.3537517842640101,-6.4726805973777299,-0.51860198306132899
1307,-3.1082366406152802,-5.8990819824559599,-9.3224314572892902E-2
1308,-2.9394340930306102,-5.77608965724062,-0.28093386352148197
1309,-2.8209957294309702,-5.4882194334214001,-0.28212884876911398
1310,-2.7245831687189699,-5.51539434869769,9.6067542454903496E-2
1311,-2.4174478624578901,-5.4983691430367996,0.20706432088141399
1312,-2.3713825386253302,-4.8609507905282703,0.29202284706727399
1313,-1.9398615574036799,-4.8546179583711897,1.0062756478232799
1314,-1.9149612271502801,-4.4418357894947604,0.97823079130493595
1315,-1.4905553400282501,-4.3461727174535802,1.29585460792381
1316,-1.2185845460684199,-3.9991771992303402,1.6779896017440801
1317,-0.78524574404613501,-3.50622393790271,1.6420462616199101
1318,-0.44036427487170898,-3.1335946651262399,2.3896469539918801
1319,-0.440451307489507,-3.2807820354278001,2.6265074035542102
1320,-0.36613278155916301,-3.0044029714113498,2.16424384709152
1321,-0.27193440194537499,-2.7984449049456099,2.49687270757539
1322,-0.12152157050628,-3.0312576898880099,2.3613549965149798
1323,-0.22759346663993099,-2.7821110011852501,2.26133185046695
1324,-0.405115982392174,-3.1674841380554399,2.0670719038772298
1325,-0.386271860335615,-2.9688871929215899,2.1490851683885901
1326,-0.53356438089187197,-3.23686392880697,2.0561676538499101
1327,-0.75059599638376095,-3.3385289622381,1.4944136510958901
1328,-0.96669587205952201,-3.4230602116346098,1.6610446046102001
1329,-1.0659582271810699,-3.6622393526285602,1.3944215835855001
1330,-1.5255613863074899,-4.2411890403379902,1.04031961704498
1331,-1.62898280482019,-4.33206858491529,1.1424372456068499
1332,-1.72623947231229,-4.50978315634101,0.63600293157618604
1333,-1.9256990204292901,-4.4190514162402996,0.67089085695173301
1334,-1.9707132155913001,-4.7839429979094401,0.44183880126987002
1335,-2.2860600781140499,-4.9185204919910701,0.217795767801363
1336,-2.4251680720216799,-4.7770536396565602,8.6498940080141001E-2
1337,-2.4602197792467901,-5.1532776313975601,-2.42955189146387E-2
1338,-2.6637110583925101,-5.2832421655911901,4.5162712811604999E-2
1339,-2.8670641614335901,-5.7766602814727603,-0.367993228830029
1340,-3.0025280143077402,-5.4594932272843897,-0.30260738162323497
1341,-2.90603542908659,-5.5542504744452801,6.9751339804204698E-2
1342,-3.01227544652268,-5.80776569160248,2.8942527896771899E-2
1343,-2.9966554509974999,-5.7402140893409301,-6.4971582782943793E-2
1344,-2.7701955316228699,-6.0211623959575,-6.1893690973660799E-2
1345,-2.7831264618539202,-5.5505121631098104,9.9830112903860804E-2
1346,-2.50355378133324,-5.38601592135673,-8.70303250250163E-2
1347,-2.2676143914187299,-5.0379192398648396,0.72863283397740897
1348,-2.1290773119241502,-5.1759663663857003,0.84470291632351302
1349,-1.6478274039712,-4.99238407674485,1.10626587261758
1350,-1.8690917755535099,-5.5216781042810803,1.5114766274390701
1351,-1.8037918737465899,-4.9730704000968702,1.6273377173527901
1352,-1.53116684813863,-4.7170780441982298,1.33743136859961
1353,-1.42197423849556,-4.7035623790090604,1.7972538625085299
1354,-0.73183230717916503,-4.0197819101484296,2.4607772101907002
1355,-0.31242293374277302,-3.8759075886444299,2.5953430359821299
1356,-1.47523380177264E-2,-3.29980103267645,2.9834926243450099
1357,3.8186325355685599E-2,-2.8773042703758902,3.3738072245305402
1358,0.25208142437894399,-2.80171261826532,3.2197045705883598
1359,0.427131847079747,-2.5050574360470899,3.45216565602056
1360,0.54469122564455497,-2.3287736156769601,3.5530968926244002
1361,0.69546618039358499,-2.1840373361854599,3.6365286486269199
1362,0.68109600179736696,-2.5659706348181901,3.7158671905019598
1363,0.60084727291901496,-2.1914996836953802,3.9648075918513701
1364,0.33991454660596099,-2.68405373472556,3.4754688141684098
1365,0.186363198177985,-2.7812518339478798,3.4359080933480102
1366,-0.18906952194385099,-3.2538456847422901,2.7288746144264899
1367,-0.59417353275857698,-3.4377829390183798,2.1345909341487399
1368,-0.84017005764575503,-3.3977272142276198,1.4168697723666701
1369,-1.0670060704117701,-3.9791198052369698,1.7405992338368901
1370,-1.61987519488122,-4.50011315728461,1.52969816982032
1371,-1.81522928431967,-4.9723386346010097,1.1312048089673501
1372,-2.1383347352611799,-5.1461345982970901,0.87905614380952402
1373,-2.46497359476087,-5.0526525036723102,0.148339698425699
1374,-2.8047680820986298,-5.5254461687898004,-0.34722927337819498
1375,-3.11088605246082,-5.7653238908622999,-0.68469360671294899
1376,-3.2194633108386999,-6.2994708039539198,-0.62753719885953596
1377,-3.7013045167702399,-7.0778440040376998,-0.78000469933250505
1378,-4.2622727060550396,-7.5472553394639696,-1.0424008506682501
1379,-4.4618962767766899,-7.6128433236393098,-1.82246603262157
1380,-4.2418643461851397,-7.3825836093602497,-1.19068995895523
1381,-4.0748870147615603,-7.3483256795426097,-1.03629037290548
1382,-3.9576794616294602,-7.4299664193252699,-0.75341858982740095
1383,-3.7830994994362901,-7.2437174453037798,2.94656825950196E-2
1384,-3.6836380786509699,-7.1854322513416804,-0.72871019032113005
1385,-3.7564945578578501,-7.0694073666086803,-0.86572334392319605
1386,-3.6447331821339302,-6.9249530129169097,-0.44480409378681102
1387,-3.5495734072067702,-6.8045217885722504,-0.52159391314744397
1388,-3.4330353585891902,-6.6651732704067399,-0.50986471804907096
1389,-3.12813138605858,-6.4460998534572402,-0.527567096234274
1390,-3.0391930157106199,-6.3644389976467703,0.70290745103385899
1391,-2.6704524554482498,-5.5833029851461697,0.36401145770969801
1392,-2.6717769717225601,-5.7276929475014002,0.67377565365770498
1393,-2.5457440034652801,-5.9468712373792201,1.00293172554903
1394,-2.1204019044956199,-5.0132164776283803,0.50808784189446798
1395,-1.8627118568126999,-5.1653828400909703,0.90421987467948295
1396,-1.7710426871406399,-4.5628269219403199,0.95399283370945798
1397,-1.35164462936438,-4.3914776969824896,1.33100077615751
1398,-1.1749474154083099,-4.1024591980289999,1.7598703809416001
1399,-1.21318234381165,-3.8381632522905602,1.67813996268974
1400,-1.28379346766197,-4.1416189731413704,1.2442345446848799
1401,-1.33205148886631,-4.2995992686848297,1.5579805325248199
1402,-1.15444129573534,-4.4149664203037897,1.7053999386676399
1403,-1.3199421697479401,-3.8104379963358301,1.32932870156602
1404,-1.5631609200007399,-4.4552336506560701,1.3195029120482999
1405,-1.4975222074068499,-4.0941015180979301,1.4153499157281499
1406,-1.77554267415994,-4.6038124910399496,1.5281589110756799
1407,-1.6697148538579301,-4.6776776913676201,1.15058804426646
1408,-1.7068257971940699,-4.5692382378787801,1.2979770382908
1409,-1.8459436852112401,-5.3071049026820996,1.0044060934613901
1410,-2.2135851740749901,-4.6022154906985397,0.48097744311791102
1411,-1.8564771064927801,-4.8730628200115103,0.88933942490584605
1412,-2.00273369849097,-5.1581140728164296,0.63621299757612104
1413,-2.1005285337192801,-5.0930027107135798,1.1764396244604101
1414,-2.1548770851593,-5.65387511732213,0.81505734046434397
1415,-2.2803848913168601,-5.6911739254150699,0.72234921881741998
1416,-2.7347940180547199,-5.7049192290878397,0.37074818698652401
1417,-2.7709990651257099,-5.78165764476147,-3.9233526336161499E-2
1418,-2.9386906257031802,-6.4847477266002604,-0.26370152085197801
1419,-2.94040993408644,-5.76408650056793,-0.14121126202152701
1420,-2.7494164445356399,-6.10225788271815,0.32634895311818601
1421,-2.4768600550740199,-5.8847905477034104,1.08909505658239
1422,-2.4026709928490599,-5.6361893996821202,0.60073437808016295
1423,-2.12463767344124,-5.23911262291944,0.90705306973583699
1424,-2.0613878799343799,-4.9665786159363199,0.93599777308746901
1425,-2.3979447586452798,-5.6255753958671697,0.78320766433912004
1426,-2.44094644712334,-5.7474111346563097,0.336861968464443
1427,-2.4458579681584598,-5.6642663566740499,0.27887025945421401
1428,-2.35509231688714,-5.8547035015267603,0.79065747285881405
1429,-2.1735979518745898,-5.3247579893929498,1.27559969462683
1430,-1.94411780381334,-5.3000154647924704,1.63272882655908
1431,-1.8575646265850501,-5.4157755108131997,1.25112003545595
1432,-1.7418344893129001,-5.1209482442244898,1.51532614987629
1433,-1.39698549604654,-4.7385490104898498,2.0925489138201301
1434,-0.91415220687436705,-3.9517645303204398,2.2507861532820899
1435,-0.71039359917626399,-3.5081578934755,2.0624231066637599
1436,-0.452686586853075,-3.47820486020245,2.4123161499566002
1437,-0.40937132769745599,-3.4334075921154898,2.0866171799397901
1438,-0.34695115790609798,-3.2240502907781701,2.4168664351428699
1439,-0.42087442665577401,-3.38188628844367,2.4514401171458999
1440,-0.53680101763810695,-3.1627129506165699,2.0568022720293602
1441,-0.50373552083805895,-3.5415465270192499,2.4656224091611998
1442,-0.62869550514124595,-3.39276157374846,2.0848388604968999
1443,-0.73003075726176503,-3.9415834681869901,2.4523900711927702
1444,-0.73923545226135401,-3.4894676499292201,2.3964646243028498
1445,-0.75912393871203998,-3.3990154938469601,2.5206342767321699
1446,-0.50252943750941104,-3.5096094598655001,2.7977590005901201
1447,-0.444778236410665,-3.59373426675922,2.60405864657743
1448,-0.305108413861295,-3.1345897846191701,2.7986121298567501
1449,-0.14058818660785299,-2.93726456701107,2.71498085299854
1450,-0.40115345511613498,-2.8887074514923099,2.3680478279376902
1451,-0.26516211727880601,-3.02179443529847,2.5116661930891699
1452,-0.63420618005790197,-3.35007606346,2.1797640574899502
1453,-0.92791298722919202,-3.6626029127606099,1.66384468693597
1454,-0.95460325540053403,-3.95098629542961,1.7550295794473501
1455,-1.33780296414443,-4.1763366358237999,1.73127273945178
1456,-1.8772930093637801,-5.3533430597678899,1.71734579378092
1457,-2.0197507310134699,-5.7706847857348498,1.4579297634602699
1458,-1.94234386950545,-5.6728770156078498,1.5980633811070699
1459,-2.2629120567582399,-5.4527333607402797,1.89126492992553
1460,-2.05834946922583,-5.9893085909929002,1.46110977513797
1461,-2.2388623685771001,-6.4281489497608204,1.7862072835203999
1462,-2.2544238465977902,-6.4338714720374099,1.3548070512830399
1463,-2.1764892728745902,-6.2601261116349898,2.4496797498245901
1464,-2.0410674690545201,-6.70303498952038,2.7549532352177701
1465,-2.1591660536339199,-6.7520434393541002,1.8819026645481201
1466,-2.0127015143240601,-5.9326621782580196,1.6945603221843399
1467,-1.7790030269833901,-6.0037401164118496,2.1321431937616402
1468,-2.1335035179138901,-6.2505153358192302,1.73894203633768
1469,-2.1248082089801201,-5.55897125004764,1.3048389024254501
1470,-2.0780786183606499,-5.0853061881455401,0.82648039658624795
1471,-1.8976929263600399,-5.0932481928822604,1.0829084569932901
1472,-1.8188487051420601,-4.8494497325947803,1.3166162636032599
1473,-1.7147536706547799,-4.88953704814912,1.58827688045926
1474,-1.27493351711037,-4.0579633297792297,1.4010070229648399
1475,-1.0946848436229499,-3.90404228003599,2.1837642403504001
1476,-1.0225031113213801,-3.4643725642636198,1.6373915156348899
1477,-0.82023664846067801,-3.4800064288308801,1.9908880560045801
1478,-0.50291565807910299,-3.3745244587629402,2.2392428437012
1479,-0.33937943728950798,-3.43663007386193,2.5952433663783001
1480,-0.41707135644057902,-3.5496236485792498,3.0337964402801099
1481,0.157618659562555,-3.3474630650600701,2.7764129882786501
1482,0.12523655789126001,-2.9232392885605898,3.2327175692140599
1483,0.29632917172099099,-2.5375592820736799,3.3273958961875798
1484,0.37778035843201602,-2.5284081863524501,3.6629950121399499
1485,0.47868347502873698,-2.2108185549630601,3.5977129866417799
1486,0.92564075245354704,-2.5013082315365902,3.8989377402468901
1487,0.56498839834480197,-1.9065052397434501,3.8117947624192698
1488,0.60808092294217397,-2.1559948661705901,3.4296326479108101
1489,0.68407461086622201,-2.18455798895612,3.1862591189124601
1490,0.450691075156263,-2.3271028339002302,3.3054492268036801
1491,0.266588680870263,-2.29862095543205,3.1183249179652099
1492,0.295193204984455,-2.4060743018404702,2.6076255604617402
1493,5.5259855431262002E-2,-2.2940027625928701,2.7301354965661799
1494,-1.07457112386041E-2,-2.6043827735721501,2.6886605718023699
1495,-0.48945040922675698,-3.0703846573434301,2.2452033273150098
1496,-0.58898283347732605,-2.93308474005218,2.22935371161799
1497,-0.88627968225473697,-3.38283892382375,1.77380936747046
1498,-0.83508666382211605,-3.6290168334522299,2.02956620649412
1499,-1.09067482999858,-3.7632703727174501,1.7530449231229699
1500,-1.1991215804567199,-3.99578086018477,1.7225281097832299
1501,-1.3225040996265101,-4.06649180020427,1.4138974003896501
1502,-1.4886489341499001,-4.4913082453263398,1.3658039625057501
1503,-1.68795853461179,-4.3968860098615199,1.5767394811719799
1504,-1.86930168217577,-4.81989950402036,0.79510194271682899
1505,-1.7493321378564399,-4.7876864686516303,0.95068640270299398
1506,-1.7083313983395301,-4.2238472645421297,1.0169095123282601
1507,-1.5377147027662601,-4.1158625020007999,0.85602960365708103
1508,-1.15132195172634,-4.2129855619446603,1.62413186738483
1509,-0.63435017821685902,-3.10165867733682,2.2072743171226401
1510,-0.43325145791162001,-2.98187760164322,2.0640799752475298
1511,-0.58283076788742305,-3.06464917872897,1.91082914970569
1512,-0.67841787257169806,-3.56516279067728,2.0554687857723701
1513,-0.58070409523452204,-3.4691376463011099,1.97694103864159
1514,-0.56096876961182196,-3.0065395508309201,1.9678364784795199
1515,-0.75443058520399897,-3.4719296776054702,1.8408714864796201
1516,-0.70453180748855804,-3.54583417416206,1.87155758927731
1517,-0.50334974773250096,-2.7516084470013999,1.9758502574488801
1518,-0.28749563834124098,-2.9036652758784798,2.8328002615794401
1519,-0.38894953210801397,-3.18235219458629,2.3713524963959101
1520,-0.317636872566808,-3.05252463667262,2.0588669820171601
1521,-0.20869407276653401,-3.03702302382217,2.2227497842982
1522,-0.55150859555702803,-3.0063786324736399,2.0030352725903802
1523,-0.51252722435814402,-3.0113055749513,2.2611380418263098
1524,-0.72665983342320895,-3.28917902079947,1.99859307915526
1525,-0.85947554269842097,-3.2835128598022099,1.5165212889881099
1526,-1.1581255829877199,-3.6344723806406698,1.5082328552780999
1527,-1.36386846067698,-4.0975087869119697,1.39134951678704
1528,-1.7238883328469301,-4.2313179663160598,0.77238980738044005
1529,-2.2272428054475299,-4.8826720361712503,0.56416303830087999
1530,-2.3693746664868902,-5.0759570992600498,0.25298676581666701
1531,-2.75183089372161,-5.8286757705013201,8.4321029375656706E-2
1532,-3.07270578158787,-6.2084670075031703,-0.34055607471020599
1533,-3.0994254615444099,-5.9305969466637203,-0.66599558533884895
1534,-3.28179448598824,-6.3762455099831499,-0.83106344144130795
1535,-3.5932103803592499,-6.34910407366052,-0.97484003147958598
1536,-3.5749332737494099,-6.5615954447244604,-0.30442651064458398
1537,-3.31635105040835,-6.2590903723300499,-0.69519592667018903
1538,-3.37574762244815,-6.3471388491560701,-0.96161192814491303
1539,-3.2555132586414599,-6.0128028385279197,-0.46605038948807398
1540,-2.87060600586419,-5.6166488745927996,-0.110574581822645
1541,-2.48599302003803,-5.0295180093037297,0.16545990579009301
1542,-2.24487463657927,-5.6438019810512996,0.33672495960641302
1543,-1.94984965493102,-4.5357056153594604,0.913674530314314
1544,-1.4311422790988999,-4.4639151015933196,1.38838565377849
1545,-1.80151111634961,-4.9039223119682598,1.51100447624714
1546,-2.6264294631626699,-5.9638905646036502,0.58856759348907095
1547,-3.1028162748621799,-6.3061362022514702,-0.49858111767378799
1548,-3.2613706213441702,-6.3438478318767801,-0.66539764637008703
1549,-3.17372889858372,-6.5590760037044102,-0.14397934111636601
1550,-2.7542744110566799,-6.1998613689869897,0.44787853567525399
1551,-2.47428266519282,-5.2972774109866796,0.199554507969465
1552,-2.1097475178204799,-5.4482157556548003,0.62829980614917202
1553,-1.7405547577690501,-4.8415618363767603,0.88898938437635799
1554,-1.7799722472780899,-4.1731429356930496,1.33797219677951
1555,-1.6857246410401401,-4.1370893902117896,0.99053389347879095
1556,-1.39437836593525,-3.9614426775548202,1.24515002245673
1557,-1.2684012989846201,-4.0546108803063303,1.54962393158386
1558,-1.187187661771,-3.76642307654111,1.1155545515613099
1559,-0.69293249482625696,-4.1720884127284696,1.9051977395143
1560,-0.52254223143353395,-2.90149707909907,1.72308979628593
1561,2.9964234429093399E-2,-2.38505633854323,2.7528092556115098
1562,-2.1747294698079199E-2,-3.0106986410048502,2.5552801394442399
1563,0.193963319663499,-3.0158211076400501,2.8425455310965599
1564,-0.17671142655254299,-2.8838938421152802,2.4070546657835901
1565,-0.15566090637897201,-2.8852578796871899,2.1715453295384601
1566,-0.50915097301280499,-3.3010801081761798,1.81732671621551
1567,-0.31051958108376199,-3.1814786844509002,1.9144604145417601
1568,-0.61729821717443001,-3.2937202554082798,2.5712107007868399
1569,-0.50014538566056799,-3.3513139079704701,2.2834626335353598
1570,-1.2105004407403901,-3.5569752578923,1.09772033863115
1571,-1.5810811737372701,-4.4788088026618,1.0593557617882099
1572,-1.6262092407152,-4.6526481238910096,0.50993553280863901
1573,-1.84708649491458,-4.3382608410330503,0.86377665707738305
1574,-1.9701459316326699,-5.0055477855716397,0.45275972947631499
1575,-2.02071206741376,-4.8877971353781904,0.79775139961412
1576,-2.36492205274407,-5.2768370333303496,0.23993538527248201
1577,-2.7022176363836601,-5.3561848697816803,0.14670381393558299
1578,-2.6712866895673599,-5.2194545622656099,-0.29611256214032
1579,-2.6999460226598102,-5.7733708232807901,0.25134101382025098
1580,-2.77190078722185,-5.8126690196107296,-0.13236884027030099
1581,-2.3971355807245498,-5.5339363372058097,0.33270014566281803
1582,-2.2394326222077101,-5.16831949932428,0.86652976664165904
1583,-2.20910689302158,-5.01090877991476,0.17461876368552801
1584,-1.98396487783738,-5.1527323503217302,0.94345006117984898
1585,-2.2470524153646201,-5.0144853579216901,0.45186299721891299
1586,-2.2372820225027001,-5.3147859270211004,0.77396896787424196
1587,-2.2956356826975699,-5.6290491080859502,0.78899938929661895
1588,-2.3921312212732202,-5.50940016678463,0.86874873638135897
1589,-2.5583351682929498,-5.6049143730567996,0.20061195601319801
1590,-2.2733954434201,-5.0915781928840698,0.45609340869912302
1591,-2.1094963973981899,-4.9051823957923197,1.31500291342069
1592,-2.05335520090417,-5.2701231313816397,0.33485806872587898
1593,-1.9209357221987899,-5.0143422453449,0.74529493974747496
1594,-1.8644784526773499,-4.8866991275142198,1.19821859139789
1595,-2.1040280476510902,-5.27505782577009,0.49166819529710698
1596,-1.8788104971107999,-4.9336822160757201,0.98618785576191204
1597,-1.9806093827639899,-5.1199560769463304,0.96611320286089497
1598,-1.69415288118517,-4.27966197170465,1.3285502430304399
1599,-1.4806205733059701,-4.5529999666197396,0.886115180790218
1600,-1.7569991653346699,-4.6487513375504204,1.2152954100851601
1601,-1.15174809441721,-3.7611851809944299,2.36415860008296
1602,-0.76722593900376901,-3.2546042370371202,2.1821537526496302
1603,-0.70388275126922495,-3.93499218250648,1.96394606559091
1604,-0.65089440708159896,-2.90911553730156,2.0279970659984299
1605,-0.22994807204294701,-2.9567460624783801,2.6709071830639499
1606,-0.167451417865916,-3.0671429073704699,3.0149529842974201
1607,-1.94452810407841E-2,-2.82515494500471,2.7142281075699701
1608,8.7430872347698294E-2,-2.5297697346457602,2.7553959572889601
1609,-5.5563309740407303E-2,-2.40543008924887,2.7450611689634199
1610,-0.24180168824312301,-2.56682192418315,2.65084535438822
1611,3.4160744723489601E-2,-2.8059330517933501,2.5887767814654099
1612,5.8782372502774301E-2,-3.1129157280900999,2.4289270113425299
1613,-3.4404398916325699E-2,-3.16424731658556,2.70523409062154
1614,-0.66084220900032198,-3.46175835251606,2.4190641880294499
1615,-0.71257344508884501,-3.33037423525374,2.9597431959090401
1616,-0.64254746766532,-4.18187975810108,1.9399844281546399
1617,-0.80623695087092195,-3.84922327834835,2.26389437667574
1618,-0.76585289172835702,-4.1639057140714,1.9305275400970701
1619,-1.0500600079167299,-4.8010741978822704,1.8674160507459601
1620,-1.0971839891197801,-3.88647513135564,1.5694682608764601
1621,-1.14666009826351,-4.2700972494955902,1.8564956627700999
1622,-1.05016837216101,-4.07591948220779,1.39818577402012
1623,-1.1771250694925299,-4.3481545238311803,1.5543375556388801
1624,-1.2778327908259799,-4.3103820183381503,0.83338744789673602
1625,-1.5142566626029701,-4.6221493569362702,1.2913614591739599
1626,-1.4855494023112901,-4.4510888436927596,1.3467850819311999
1627,-1.5069886100219101,-3.8363981356126802,1.04823615606466
1628,-1.33728627502786,-4.2122686024824203,1.4607886509714101
1629,-1.1352367346288099,-4.0907360039610996,1.99589665055361
1630,-0.46940107979130202,-2.95172722597425,1.92318043477269
1631,-0.27255751683151902,-2.6809791398168099,2.8858307634900902
1632,-0.122079295253558,-2.7799872657887601,2.61293868761426
1633,0.141201069624976,-2.5263537856303602,2.5283728174100499
1634,0.33729132202836598,-2.6761123851324902,3.18543264605856
1635,0.106334616980405,-2.5157602043604101,2.5361161260690701
1636,9.4528581741348996E-2,-2.85915600436571,3.0305305323679499
1637,-0.329563489012975,-3.18557864706028,2.10952171819905
1638,-0.26081017157595598,-3.0683205051241198,2.75771263425119
1639,-0.51899677892124596,-3.17268250008541,2.3935565019293001
1640,-0.57801554302910296,-3.34736013963595,2.3584433030076899
1641,-0.59460489414404205,-3.8696545434463099,1.92898840473263
1642,-1.2401846472739699,-3.9770863747818099,0.63206911816141798
1643,-1.72413970402443,-4.6330115788875199,0.39709016952394599
1644,-2.0634569865021599,-4.7529826042084702,0.64298966853428596
1645,-2.3209957962990702,-4.7217683921970099,0.89695223756720599
1646,-2.1634326797733299,-5.2070001597436297,8.27646373025272E-2
1647,-2.55440100063946,-5.4761816828547198,-0.10778592960031
1648,-2.83735083174451,-5.6493758638046199,-0.43350055077565303
1649,-2.6523897282869799,-5.8221719049323104,0.22290122815199401
1650,-2.6839738410135801,-5.1600621079226103,-0.22550438346430099
1651,-2.73940819239216,-5.55763871129765,-0.26203448291381498
1652,-2.70282728272351,-5.1717109331810196,0.29479230559449199
1653,-2.79206328332284,-5.8657057026536297,-1.0972710933821701E-2
1654,-2.7356532467807702,-5.6348642855674802,0.15036510645606799
1655,-3.0180013545606399,-5.8073208347796097,-0.54773996548854298
1656,-3.0602420831227901,-5.6972642860516203,-0.566667781864299
1657,-3.0579789947068301,-6.0462054744592004,-0.49951481742777498
1658,-2.87968931553364,-5.9416529485474099,-0.45240876432858002
1659,-2.6470398334329599,-5.4331007720092197,3.3451703685755098E-2
1660,-2.7355656938416302,-5.3532589458971103,0.102715813074745
1661,-2.7885964981606799,-5.4307208454711402,-0.72761057824042596
1662,-2.73353608061751,-5.1933586567479901,-0.43877108131244602
1663,-3.02849182832052,-5.2471735502966599,-0.79240292880499696
1664,-3.0797656921168799,-5.8934804490546799,-0.79879575740347897
1665,-3.07482960988651,-5.76350614546595,-0.691805092442487
1666,-3.00909218936228,-5.8910422776230504,-8.2328760196850495E-2
1667,-2.8483122640697598,-5.3092244105520301,-0.269830356995367
1668,-2.61726296099167,-5.5493300613197896,7.5220373864138101E-2
1669,-2.5316070685632801,-5.0780631978814101,-5.2541848088333502E-2
1670,-2.5079197071106099,-5.1527020475674403,4.7849556090521099E-2
1671,-2.2008037299533698,-4.9997411630254396,-0.27595652966294099
1672,-2.2279752714224399,-4.6611362517290997,0.14117262256238
1673,-1.6742631968356501,-4.0798168001261201,0.89239698158307301
1674,-1.46038276029326,-3.8797382107081999,1.2883319381554701
1675,-1.2177994713959801,-3.6190647717509199,1.1271840156306301
1676,-0.76134768300704403,-3.4260771691598699,1.7889159208368699
1677,-0.42976238722154197,-3.20839941754909,2.3520441456787902
1678,-9.1280066875035495E-2,-2.9516951539582998,2.0209283221367298
1679,-2.8974119228828199E-2,-2.3404309243613302,2.5622070419973899
1680,4.90666024563845E-2,-2.16037100891017,2.9196255711413301
1681,7.1746079310293101E-2,-2.6961012373001298,2.7560297256058499
1682,3.2721998174052298E-3,-2.6414004812164,2.4341313458493201
1683,-3.93291756961495E-2,-2.4378091258019401,2.46569051868439
1684,0.10955956898319601,-2.9574906856579299,2.4717101298655102
1685,0.30538415565787702,-2.4902689105086901,2.8472290117112702
1686,9.5699130064893098E-2,-2.9552832898710002,2.5087224093881502
1687,0.156036516095198,-2.8040442052500798,2.2941617836172701
1688,-0.34889713665940197,-3.5295452448003601,2.5987736800476902
1689,-0.47931111588291198,-3.1688309348439998,1.87247729426177
1690,-0.83577149948796203,-3.9719217261733899,1.6889276000634099
1691,-1.1126979575445299,-4.1165064278549499,1.55371009696191
1692,-1.7215689305564601,-4.6959516499555098,1.2029775620353
1693,-2.2842330841048399,-5.3342519618291799,0.48732926186326198
1694,-2.5900814196306898,-5.6775035127517004,0.24840751511331999
1695,-2.9339562737282101,-6.1271897871368202,-7.2286852674228394E-2
1696,-2.9594163039011701,-5.69550368408777,-0.110446672140336
1697,-2.4895797802762698,-5.7248818895114697,-7.28329296314566E-2
1698,-2.5455965555774802,-5.8700574372411296,-0.22846642890850499
1699,-2.37236033077536,-4.5351813647171904,0.62953826166793003
1700,-2.1854105289707602,-4.9776325743750496,0.50358112695669999
1701,-2.1725277673930998,-4.5460475936482396,3.53991393224578E-2
1702,-1.9898629534090599,-4.7245494595910396,0.77998883770390603
1703,-1.9256556004937799,-4.5835887979807302,1.0678720415646299
1704,-1.4311865170906899,-4.4864591972647103,1.11913229350434
1705,-0.95084851919204305,-3.8517921520937901,1.4570855230726001
1706,-0.82084632398730095,-3.3994350052685798,1.54962379457111
1707,-1.0979218679995899,-3.3986850291509501,1.81014140677483
1708,-0.88968986540586503,-3.6848598970995798,1.6419758205923101
1709,-1.1195268674152501,-3.8315420882247899,1.6111089684770801
1710,-1.47420730743239,-4.5140063425868204,1.32106611630746
1711,-1.6893882593971701,-4.93858393144943,0.85172567809321997
1712,-1.9204159082163701,-4.9395860706855101,1.2192438432478101
1713,-1.88600765867562,-5.3382896710758301,1.08413036017871
1714,-1.9412967987760701,-5.3874534965624301,1.78796907653918
1715,-1.76345090235476,-4.8512707170987399,1.0716953144925001
1716,-1.8446510774064899,-4.8674756081524198,0.78254995831819496
1717,-1.6837346000362501,-4.82254267863643,1.1942808711770201
1718,-1.7509955306991101,-4.4797683602515104,0.36631449009648998
1719,-2.17633136189948,-4.92281660732072,0.915277313561218
1720,-2.4234439763071198,-4.7877516836751104,0.55640003001433802
1721,-2.51767038185625,-5.2558122695139202,-9.1407284825723703E-2
1722,-2.7343258761634401,-5.6108139372413897,4.9914203010186099E-2
1723,-2.7223388232921302,-5.5536192030339997,4.3789647774786097E-2
1724,-2.70965048304461,-5.67789243351646,0.164619399128484
1725,-2.5171985903038401,-5.37484514066582,0.34830262222375602
1726,-2.3812813347564998,-4.8659212898317197,0.21009962947870101
1727,-2.1199363377677298,-5.0659030725956802,0.98978162270785597
1728,-1.6050784858345899,-5.2971888377026799,1.57332883731175
1729,-0.88195594233582397,-3.96051317647993,2.1117860169122902
1730,-8.8144582091446294E-2,-2.7043243280213898,2.2259572879777298
1731,-6.4239754932051196E-2,-2.8327715388725299,2.4223342060197499
1732,-0.28308548567997799,-2.9364680231137199,2.61398949129214
1733,-0.20002139497159299,-2.96088293440179,3.13644830139051
1734,-0.14768509191702001,-2.5480577840113998,2.72112197364849
1735,-9.0530121480399697E-2,-2.8092994511956801,2.55986212595645
1736,-0.142724454363713,-2.5770274123932801,2.1402356318614699
1737,-0.417852846955862,-2.3437853225452399,2.8857683827105198
1738,-0.21178397617684,-2.65189035435729,2.5897241471901902
1739,-0.35122838408608598,-2.83738222170467,2.41172345438767
1740,-0.405224244426028,-3.1623548196539102,1.78205263102616
1741,-0.43563100318292403,-2.94132844992117,2.0767205277965299
1742,-0.35276478635557101,-3.1955310418274099,2.5992450276111199
1743,-0.34967334271628597,-3.1690464942402401,2.26232608509227
1744,-0.49785474450940398,-3.38063087570514,2.34435407868849
1745,-0.67801381216316903,-3.1160966436922899,1.8180752627272001
1746,-1.0215784958888201,-4.0465318671359203,1.78432187534569
1747,-1.3442633093438201,-4.2431741691573404,1.77084062488544
1748,-1.3337397424462201,-4.8764765273128301,1.11866577699487
1749,-1.3181265316934101,-4.2655822834083796,1.3790979907487899
1750,-1.4162237668027,-4.0273449588958803,1.2451891196707101
1751,-1.58941144993201,-4.2302128537637698,1.49266858465957
1752,-1.3012660592307299,-4.6833038148358499,1.25635060637596
1753,-1.37080588594064,-4.18138655615817,1.1148944039764801
1754,-1.4497410876463599,-4.0981265122662904,1.3459447219296401
1755,-1.5464085630762201,-4.5650375859872803,0.96196855299733097
1756,-1.1794887569649799,-3.92329176994896,1.54990490372376
1757,-1.4148018875412101,-3.99309949829484,1.46972541076779
1758,-1.6282219551828301,-4.6121134000730404,1.0158059877618799
1759,-1.4253404597611701,-4.10197977179463,1.42042079002741
1760,-1.37013360044778,-4.2267291625384198,1.54345733441889
1761,-1.1000141556193399,-3.95111576900752,1.56534880343616
1762,-0.53049838003333305,-3.7721827332650202,2.3697374611197599
1763,0.21897618102333899,-2.7520277942299698,2.91942247878863
1764,0.39201291412818901,-2.1104089658056902,3.0753889152592002
1765,0.67960477128391295,-1.49940728105709,2.9906425995398198
1766,0.388507981945512,-2.3430507518893702,3.37529067038838
1767,0.56188661623772496,-1.4557918605121101,3.2136438075821898
1768,0.64172047697012002,-2.1445067874857902,3.6130932277643302
1769,0.45700767842253898,-1.93614376987765,3.2650769553802999
1770,0.91089118493622601,-1.8546355159051899,3.6226207166906299
1771,1.0253809237032101,-1.39648047561779,4.6484830349073398
1772,1.2270999294430101,-1.92165543516986,4.1077858058805798
1773,1.63052091759075,-1.3237502637862,4.8093304558436101
1774,1.8535636004673799,-0.70649553676578902,4.13991906913291
1775,1.94598498001277,-0.66209558922355405,4.6136250144129196
1776,1.7212312717651801,-1.23477740963331,4.5478962505776099
1777,1.53061655005863,-0.75594346360605402,4.3671045166547398
1778,1.35665146947477,-1.0617708516008999,3.8510771629107299
1779,1.2357953116467599,-1.6296489199248201,4.0785224902790498
1780,0.63700808060262804,-2.1892887925374702,3.5630121686197298
1781,0.54505281952795304,-1.94534617288398,3.00724893913271
1782,-0.56623729058126504,-3.32001521229938,1.95272559284499
1783,-0.62539420776487398,-3.6669765278200201,2.0401084546093999
1784,-0.61143032426533706,-3.4481994886951002,1.8095439505264099
1785,-0.86260985146969804,-4.1011571067911001,1.30603552647212
1786,-1.1680229113140199,-3.8133555868657001,1.86349999374925
1787,-1.25723094172233,-3.7463840521407699,1.38384955186893
1788,-1.1168878103287201,-3.3298000109641999,1.87875417799959
1789,-1.0628217938125999,-3.89139743187864,1.6210005646013499
1790,-0.99722266906068002,-3.9962053534014199,1.8058067339197399
1791,-1.1500434566656901,-3.7982034340613402,1.2921698950843501
1792,-1.0019531077478701,-4.2060016627598698,1.8230320002921701
1793,-1.2272857609263901,-3.9306702104033802,1.6219212729383199
1794,-0.97553775402127996,-4.2216688699504203,1.3358122797656
1795,-1.12380425193522,-3.5097388112212902,1.77596945143047
1796,-0.95658728233419699,-3.3712205074552801,1.4765619077804799
1797,-1.1316818511635101,-3.4222523118674899,1.4020760964019701
1798,-0.84402265486424299,-3.41877011406361,1.63363372703793
1799,-0.73954000362949901,-3.2813712325308799,1.33250470143217
1800,-0.77282167732001295,-3.4321020584166999,1.5372806216122401
1801,-0.65683423498426696,-2.94465617636093,1.68373347545079
1802,-0.46545898374204497,-3.4250964917038198,1.90673697186703
1803,-0.16606177114881299,-2.8202479096015001,2.80298960450139
1804,-6.1820530202187198E-3,-2.9133740510283102,2.94378934143703
1805,0.51388146007868496,-2.2190756293695002,2.84553808350935
1806,0.516126204905619,-2.3258536145193101,3.07653196398824
1807,0.49219220617593201,-2.9799756701086801,3.4965141470917498
1808,-0.19847923800574599,-3.0589233981011699,2.7858457245205202
1809,-0.17652678341182701,-3.4441335869366299,3.36835000014915
1810,2.9661619133716302E-3,-2.6905206384982701,2.6537192339406102
1811,-5.6767037056894301E-2,-2.9196518258578799,2.7726960829353802
1812,-0.41622315252266801,-2.90258102915339,2.7339549415600701
1813,-0.39127513243970902,-2.9921744428137802,2.2146523458888101
1814,-0.52099921303780194,-2.7952742337092,2.2180146377111298
1815,-0.45666539161863101,-3.09034193912328,2.2816586744245799
1816,-2.8314960321030799E-2,-2.84243025937772,2.8513781853392
1817,-5.5297400392850499E-2,-2.69927965701272,2.13391835742702
1818,6.2045108209863399E-2,-2.7806556758811101,3.0595399372717802
1819,8.8307738604981395E-2,-2.22675591449614,3.25110659632512
1820,0.255925390891455,-1.9914016823771099,2.97489325276976
1821,0.16908243795610101,-1.84881144713511,2.8464712060648201
1822,0.20313711264422299,-2.0557598131859498,2.9622088095054999
1823,0.52989172597926004,-1.7777316872928299,3.31053255524726
1824,0.71414187665524398,-2.03703646120089,3.2013848585070099
1825,0.58179447538894102,-1.7716427346182999,2.9657571161286498
1826,0.33541226405702601,-1.90915307074881,2.93900326851782
1827,0.327181104856202,-2.2757827565118198,3.0802982018235898
1828,0.61227186041278103,-1.9158509990021799,2.98437891343618
1829,0.501061811239088,-2.13773048888998,2.4866868184122199
1830,0.317346943403368,-2.7716836882767399,3.13582239480633
1831,-3.9732010295752199E-2,-2.3547098084494098,2.36969077387627
1832,-0.139363800203021,-2.7251492005314102,2.4942165044189299
1833,-0.228453885959428,-2.8832279052452301,2.54361964286909
1834,-8.8569497143076895E-2,-2.9086996630081199,3.0742824188384201
1835,-0.14991738800110599,-2.7573839870397299,2.5264638713170702
1836,-4.3595264670522903E-2,-2.5897148404841102,3.39726631539396
1837,0.32836916113104903,-2.7076507215126502,3.0093915288748101
1838,0.141349956376286,-2.7880227236458599,3.74486850966953
1839,0.46416693587357599,-2.77264435462383,3.00864272212955
1840,0.738601881764549,-2.1125892970392899,3.3979949401185601
1841,0.67537305576871398,-2.05544761058546,3.4959713163474402
1842,0.50843678969037498,-1.9463069623112701,3.3426395233113202
1843,0.79300954206475105,-2.10061800552573,4.0366701596794101
1844,0.76218063425001703,-1.4215733163084801,3.0796430912750301
1845,1.09662313895594,-1.54922012433655,3.92253477390399
1846,1.04942912270349,-1.1491665144286201,3.0666985666236499
1847,0.94133225260234299,-0.95684867358187298,3.6116206748756401
1848,0.96284065049738099,-1.63450819611789,3.4907573138991799
1849,0.92891091631581302,-1.54360917425243,4.20911175452901
1850,1.1321163958607099,-1.44836278959197,3.5555452654350499
1851,0.90905920295055698,-1.80720565509585,3.7200046208962698
1852,-0.115251141152497,-3.0543845227477702,3.3902537341326999
1853,-0.99689636474511101,-4.1719039231944404,1.8045057100817501
1854,-0.81272303564089599,-3.4638380170443699,2.1703417353647199
1855,-0.52338026569590701,-3.70474603610189,1.6172956897431201
1856,-0.87759558457476206,-3.48232695654437,1.6275168085518701
1857,-0.46002824215261701,-3.2045432612578999,2.3189422940079401
1858,-0.922784515134492,-3.3275994178761801,1.70234708442356
1859,-1.0222022145988101,-3.5794726371093999,1.78953314326598
1860,-0.91539731781321598,-3.5769640988588201,1.6144266175028701
1861,-0.98313865070582396,-4.0954745672304496,2.18149879488809
1862,-0.85825593688720803,-4.1533008447981503,2.0365856982461499
1863,-0.63792735114575905,-3.2838334933956301,2.0973280643660601
1864,-1.0363435826435501,-4.0006089532815601,2.1232757919111198
1865,-0.72959355626490996,-4.1867464846621401,2.2784390466398801
1866,-0.157544729655302,-3.8338909077510102,2.51294995504644
1867,-0.36359005388618298,-4.0902251140022896,2.3503335145338502
1868,-0.616933369109399,-3.3782677955571399,2.4582957052408099
1869,-0.50604659499920102,-2.98337054209127,2.5258184681060101
1870,-0.14332119651039499,-2.8095780913659998,2.6259551123159102
1871,0.175287038418425,-3.1378700569439002,3.11338579441423
1872,-9.3855025968749894E-2,-2.2816683295822702,2.4668245383037499
1873,-0.114609679103701,-2.9675438274319399,3.2004451952860702
1874,6.9319969530875006E-2,-2.5480117829718201,2.5876738994536201
1875,-0.23768888021831,-2.5120713110891399,2.3416353817375199
1876,-9.1269004400837295E-2,-2.62440589104484,2.42330778539809
1877,-0.17376399247684901,-3.0177360773111599,2.5823788413527802
1878,-2.5640942318512199E-2,-2.6140845882628199,2.5891786211374299
1879,-5.5652419526406203E-3,-2.56075864234524,3.20888279223484
1880,0.61466356472021699,-2.3401053731992101,3.5996603276770802
1881,0.57488431171718701,-2.9228609440695501,3.51479992612368
1882,0.67235244839573505,-2.8835622084719899,3.6838579184867899
1883,0.66627675780366002,-2.5080045041188499,3.6290000838280601
1884,0.71706885867486803,-2.3187640990823,3.6374064976552498
1885,0.64538551281392798,-2.0702063287971302,3.44037421360358
1886,0.61844831999203398,-1.8736520459411901,3.6574984599724898
1887,1.13071006553967,-2.0133830925397902,3.61228614165613
1888,0.74992884656875203,-1.6600145242773301,3.41952143691584
1889,0.76951251183214397,-1.8396598462192999,3.1821826665500099
1890,0.92442619429807005,-0.96687869222827605,3.64441299175181
1891,1.00465533381273,-1.4966160158936199,3.6554697057428398
1892,1.0366938120843701,-1.3158529752160399,3.3238902962902901
1893,0.94900043166831705,-1.28048880501453,3.2056615908305699
1894,0.78543514128367697,-1.2515732236753501,2.9901321143109798
1895,0.64520409451863803,-1.5195810385403801,3.8684096415016498
1896,0.28185870545521302,-2.22140193622795,3.1481170174247599
1897,-0.218435821425814,-2.6925407308763001,3.0928867208577402
1898,-0.70974911377948802,-3.2928728586053002,2.04227208439803
1899,-0.79317685193982301,-3.5750430902036801,1.0754873150675699
1900,-1.44263642174902,-4.2953865802734104,1.27436423035616
1901,-1.29463827615273,-4.2601227327160496,1.09709281848359
1902,-1.36870570858815,-4.4986930787614696,1.1870978033691799
1903,-1.43869180799383,-3.6554705098395299,1.11506873088331
1904,-1.12193355277449,-3.7969248532722499,1.27323369903966
1905,-1.2342611213785499,-3.8057824942804599,1.6310789588237899
1906,-1.0446938812911299,-3.8711035431758298,1.24742535534596
1907,-0.492074964281836,-3.7183060452556602,2.0266365092587599
1908,-0.38784940492748099,-3.3745105166747802,2.3568676411973701
1909,-0.22479988192536801,-3.17527020600004,2.6956079010268401
1910,0.432062161364203,-3.2316181522847902,3.0281956670052699
1911,0.36775023578859201,-2.5489206343601598,3.6800549485609202
1912,0.29932899386713102,-3.4092075222578799,3.0831884061106201
1913,0.10570050412658701,-3.0516806092730699,3.3218423477554002
1914,4.6717062384567701E-2,-3.3784169318876098,3.0679038287251599
1915,0.12748605552095099,-3.0189492807649398,2.5773547995888499
1916,9.0397777272118299E-2,-3.0374086540597598,2.2151435038619098
1917,0.14385389595043499,-3.3738563474374699,2.6913068996256602
1918,4.4216080742414801E-2,-2.1730544135229999,2.4428273299605099
1919,0.17487185270484101,-2.59370388388523,2.8062544337052402
1920,0.37003489721970101,-1.9136091744341399,2.5443215954443601
1921,0.69279535079279897,-1.93130783797795,3.2361525898022898
1922,0.72885069718497997,-2.0508862423177798,3.42054531145333
1923,1.1280241945234799,-1.5750900376948,3.8103478399287898
1924,1.51068048081207,-1.12104354462857,3.9259565928622799
1925,1.2556708588088601,-2.1571141120421,3.9792402302051801
1926,1.3649865431418,-1.8160793473062899,4.0234488239101198
1927,1.1206625945561499,-1.87168079724001,4.0774629117012298
1928,1.16524012464855,-1.5329753700223701,4.1267853143341799
1929,1.24168006837329,-1.8857549860225999,4.6596751749132403
1930,1.52272711950255,-1.35125574351265,4.4547164697388801
1931,1.7628225692302499,-1.19346378636155,4.7126947464032698
1932,1.4319920371353501,-1.10446460600534,4.4351469468161397
1933,1.55031650548796,-1.1734483246153999,4.1721870137593404
1934,1.14222453196804,-1.4196009055732799,4.0335495405452599
1935,0.51196328269314595,-2.3608033443128198,3.56727214359374
1936,0.49109778544100202,-2.87203264232246,3.2106161545390401
1937,0.44789399200623897,-2.1307670352649399,2.8345057540159302
1938,6.94042251066668E-2,-2.46612174108343,2.9808813660468201
1939,0.25763105181187201,-2.4807206595847502,2.8071100318975502
1940,0.43017876047160702,-2.56079217717464,3.1487903695951101
1941,0.43658652538988002,-2.8810889221796598,3.5541006513446698
1942,0.176923746295433,-3.0869421430228101,3.1895945625375099
1943,-4.9989609170742799E-2,-2.9326306895051202,2.5476476634229002
1944,-0.27480156723463101,-3.5419472910932202,2.57055440921871
1945,-0.48307577013886799,-4.4297039417840702,2.7572607601769499
1946,-0.71219893074642604,-4.5243670334402397,2.7894853755056301
1947,-0.58961001051986806,-4.8124486949732503,3.4876520831767901
1948,-0.83151719347607,-5.5774886629512004,2.78944968627696
1949,-0.81930701648926996,-6.05087861444136,3.0865694766241898
1950,-1.1917477898214801,-5.3686715736713504,3.07604374672959
1951,-0.72825157148768604,-6.6371091319247801,3.8627115213991501
1952,-0.328521052036581,-4.7978000605009603,3.6936545155931899
1953,-0.39768873313824699,-4.3197281888141799,3.1326378897159999
1954,-0.405080456108938,-4.7006438056567399,3.2740499575999
1955,-6.0513485493829601E-2,-3.4704002341074101,3.2162660821822202
1956,-0.29717311789776701,-3.50501841469316,3.0169873699807699
1957,-8.0326403773303107E-2,-3.0785865072229099,2.44585644027282
1958,0.38526346652153198,-2.3944469213013102,3.4405543454359999
1959,0.35936667490567997,-2.0469590475120598,3.1869365874696798
1960,0.58949319187638005,-2.27181793068906,3.3410736486097199
1961,0.41886511372343599,-1.9509313370435799,2.6315499528521098
1962,0.73177745107770897,-1.5595395927532301,3.54606026053448
1963,0.49898860326789501,-2.08751695003575,3.3257186170874502
1964,0.67097328752081098,-2.24928295587979,3.6642323011663702
1965,0.92484167819058405,-1.31967262186763,3.8562272875736001
1966,0.91545509097182398,-1.7958672758424301,3.5339421882903599
1967,0.87761057385778596,-2.2902180565423498,4.0170452564650496
1968,1.1093199225242101,-1.55765601939474,3.69900852012923
1969,0.98609566932684201,-1.8656268607730999,3.8769079200248702
1970,0.81817136993352102,-1.8215947045924199,3.7772804726927198
1971,0.92139482931360805,-1.5993108626363901,4.1491724753825396
1972,1.0904985717986699,-1.61114667591246,4.5014374174522596
1973,1.6286914916055499,-1.9274051656791999,4.0446767443597302
1974,1.9280329995191099,-0.63878077838255398,4.68635161386704
1975,1.9776182840449801,-0.86553940284227004,4.5616901395858198
1976,1.90515981223084,-0.47899929402157398,4.63364454477568
1977,2.1027270409167498,-0.58159290383598805,4.6555593034162399
1978,1.8166612121619601,-0.69230299541850604,4.4712135905604597
1979,1.5938997033459299,-1.1609897689178601,4.4135895159342802
1980,1.76023233844205,-0.71744153164301505,4.0376094515807699
1981,1.6931419233980001,-0.59319053272002897,4.4745955506998101
1982,1.5936220338184801,-0.78369301966130001,3.7918274577207298
1983,1.71881812226095,-1.0551471984355301,4.6266760825711604
1984,1.6270405542313,-0.52195275016097198,4.5312790601466402
1985,1.35013791328582,-0.79075003682863698,3.8716697592960401
1986,1.2610571716239001,-1.3058831274362299,4.05988789981095
1987,1.1827511609708701,-1.20259018174411,3.86565867863247
1988,1.4420298176342901,-1.50262666324151,3.6105572973012401
1989,1.48247459989914,-1.3933690543333701,4.24264250162088
1990,1.4123985226870699,-1.1843518041127401,3.8819237935102402
1991,1.34892656354036,-1.3817886093781599,4.3965743622614299
1992,1.5196360772113999,-1.01261400927421,4.4173992029832601
1993,1.28027225931281,-1.53827012514963,4.1922762198026602
1994,1.12976258821277,-1.53124014330833,4.46343281699379
1995,1.1074758466230099,-1.38395573988412,3.5585293082040299
1996,0.77781435749385897,-2.4565885203373901,3.7881054081752401
1997,1.1771483055998599,-1.1905727208168699,3.68238990405486
1998,0.80644767072454604,-2.22071183612419,3.4554999044146602
1999,0.81367660622006199,-1.74092333547728,4.3252902293504603
2000,0.72261393749282499,-2.06910765734811,2.9928137254619802
