time,Population
74,8118835999
73,8045311447
72,7975105156
71,7909295000
70,7794798729
69,7713468205
68,7631091113
67,7547858900
66,7464021934
65,7379796967
64,7295290759
63,7210582041
62,7125827957
61,7041194168
60,6956823588
59,6872766988
58,6789088672
57,6705946643
56,6623517917
55,6541906956
54,6461159391
53,6381185141
52,6301773172
51,6222626531
50,6143493806
49,6064239033
48,5984794075
47,5905045647
46,5824891931
45,5744212930
44,5663150428
43,5581597598
42,5498919893
41,5414289383
40,5327231041
39,5237441434
38,5145425994
37,5052521998
36,4960568000
35,4870921666
34,4784011517
33,4699569187
32,4617386526
31,4536996619
30,4458003466
29,4380506185
28,4304533599
27,4229505919
26,4154666827
25,4079480474
24,4003794178
23,3927780519
22,3851650588
21,3775760030
20,3700437042
19,3625680965
18,3551599436
17,3478770104
16,3407922631
15,3339583510
14,3273978272
13,3211000946
12,3150420761
11,3091843513
10,3034949715
9,2979576147
8,2925686680
7,2873306058
6,2822443254
5,2773019915
4,2724846754
3,2677609061
2,2630861690
1,2584034227
0,2536431018
-1,2473954492
-2,2437183278
-3,2408024366
-4,2384963558
-5,2366593074
-6,2351580095
-7,2338643871
-8,2326540535
-9,2314055062
-10,2300000000
-11,2283468864
-12,2264574084
-13,2243677560
-14,2221135654
-15,2197296392
-16,2172497229
-17,2147063356
-18,2121306518
-19,2095524322
-20,2070000000
-21,2044978045
-22,2020593592
-23,1996950908
-24,1974148984
-25,1952282002
-26,1931439861
-27,1911708727
-28,1893171642
-29,1875909155
-30,1860000000
-31,1845477011
-32,1832196157
-33,1819975472
-34,1808639504
-35,1798018386
-36,1787947089
-37,1778264825
-38,1768814621
-39,1759443033
-40,1750000000
-41,1740369356
-42,1730559024
-43,1720607035
-44,1710550627
-45,1700426220
-46,1690269397
-47,1680114897
-48,1669996608
-49,1659947572
-50,1650000000
-51,1640179558
-52,1630488494
-53,1620923329
-54,1611480655
-55,1602157137
-56,1592949506
-57,1583854561
-58,1574869164
-59,1565990242
-60,1557214782
-61,1548539832
-62,1539962498
-63,1531479943
-64,1523089385
-65,1514788097
-66,1506573405
-67,1498442685
-68,1490393367
-69,1482422925
-70,1474528887
-71,1466708824
-72,1458960354
-73,1451281141
-74,1443668892
-75,1436121359
-76,1428636334
-77,1421211652
-78,1413845188
-79,1406534858
-80,1399278615
-81,1392074454
-82,1384920403
-83,1377814531
-84,1370754942
-85,1363739776
-86,1356767209
-87,1349835449
-88,1342942743
-89,1336087367
-90,1329267634
-91,1322481887
-92,1315728502
-93,1309005890
-94,1302312489
-95,1295646771
-96,1289007239
-97,1282392425
-98,1275800892
-99,1269231234
-100,1262682074
-101,1256152599
-102,1249644143
-103,1243158544
-104,1236697596
-105,1230263055
-106,1223856637
-107,1217480020
-108,1211134843
-109,1204822706
-110,1198545173
-111,1192303769
-112,1186099985
-113,1179935274
-114,1173811056
-115,1167728714
-116,1161689598
-117,1155695025
-118,1149746279
-119,1143844610
-120,1137991239
-121,1132187356
-122,1126434120
-123,1120732662
-124,1115084081
-125,1109489453
-126,1103949823
-127,1098466212
-128,1093039614
-129,1087670998
-130,1082361310
-131,1077111471
-132,1071922382
-133,1066794920
-134,1061729942
-135,1056728284
-136,1051790763
-137,1046918178
-138,1042111310
-139,1037370923
-140,1032697763
-141,1028092565
-142,1023556044
-143,1019088907
-144,1014691843
-145,1010365532
-146,1006110641
-147,1001927830
-148,997817745.2
-149,993781026.5
-150,989818305.3
-151,985929401
-152,982110931.8
-153,978358775.7
-154,974668879.3
-155,971037255.9
-156,967459982.4
-157,963933197.6
-158,960453099.9
-159,957015945.4
-160,953618046.2
-161,950255769.2
-162,946925533.9
-163,943623811.8
-164,940347124.8
-165,937092044.6
-166,933855191.2
-167,930633233
-168,927422885.4
-169,924220910.7
-170,921024117.7
-171,917829361.2
-172,914633542.1
-173,911433607.4
-174,908226550
-175,905009409.1
-176,901779270.3
-177,898533266.1
-178,895268576.3
-179,891982428.8
-180,888672099.9
-181,885334915.1
-182,881968250.2
-183,878569531.9
-184,875136238.9
-185,871665903
-186,868156110
-187,864604501.2
-188,861008774.4
-189,857366685.4
-190,853676049
-191,849934740.9
-192,846140698.8
-193,842291923.9
-194,838386482.6
-195,834422507.9
-196,830398201.2
-197,826311833.7
-198,822161747.9
-199,817946359.6
-200,813664159.5
-201,809314859.9
-202,804902780.6
-203,800433319.8
-204,795911792.3
-205,791343425.4
-206,786733356.6
-207,782086630.1
-208,777408195.1
-209,772702903.1
-210,767975506.4
-211,763230656.6
-212,758472903.5
-213,753706693.8
-214,748936371.1
-215,744166175.2
-216,739400241.9
-217,734642603.3
-218,729897188.2
-219,725167822.8
-220,720458231.3
-221,715772037
-222,711112763.5
-223,706483836.4
-224,701888584.3
-225,697330241.2
-226,692811948
-227,688336754.4
-228,683907621.7
-229,679527424.4
-230,675198953.4
-231,670924917.9
-232,666707948.3
-233,662550599.2
-234,658455351.9
-235,654424617.7
-236,650460740.7
-237,646566001.1
-238,642742618.1
-239,638992753.8
-240,635318515.7
-241,631721960.8
-242,628205098.8
-243,624769895.6
-244,621418276.9
-245,618152131.8
-246,614973316.6
-247,611883658.7
-248,608884959.9
-249,605979000.7
-250,603167544.1
-251,600451651.7
-252,597829649.3
-253,595299235.8
-254,592858174.6
-255,590504290.9
-256,588235469.6
-257,586049652.2
-258,583944835.2
-259,581919066.9
-260,579970446.3
-261,578097119.8
-262,576297280.4
-263,574569164.6
-264,572911051.4
-265,571321259.9
-266,569798148
-267,568340110.3
-268,566945576.7
-269,565613010.9
-270,564340908.7
-271,563127796.6
-272,561972230.4
-273,560872793.9
-274,559828097.3
-275,558836776.4
-276,557897491
-277,557008923.9
-278,556169779.4
-279,555378782.8
-280,554634678.8
-281,553936230.8
-282,553282219.6
-283,552671442.6
-284,552102713.1
-285,551574858.7
-286,551086721.3
-287,550637155.6
-288,550225028.5
-289,549849218.5
-290,549508614.6
-291,549202115.8
-292,548928630.3
-293,548687074.9
-294,548476374.2
-295,548295460.2
-296,548143271.3
-297,548018752.3
-298,547920853.1
-299,547848528.8
-300,547800739
-301,547776446.9
-302,547774619.6
-303,547794226.9
-304,547834241.2
-305,547893637.2
-306,547971391.2
-307,548066481.1
-308,548177885.6
-309,548304584.4
-310,548445557.3
-311,548599784.5
-312,548766245.8
-313,548943920.9
-314,549131788.4
-315,549328826.6
-316,549534012.4
-317,549746321.5
-318,549964728.5
-319,550188206.2
-320,550415726.1
-321,550646257.8
-322,550878769.2
-323,551112226.4
-324,551345593.8
-325,551577833.7
-326,551807906.8
-327,552034772
-328,552257386.2
-329,552474704.8
-330,552685681.8
-331,552889269.5
-332,553084418.8
-333,553270079.8
-334,553445201.2
-335,553608731.3
-336,553759617.4
-337,553896806.8
-338,554019246.6
-339,554125884.3
-340,554215667.5
-341,554287545
-342,554340466.8
-343,554373384.2
-344,554385250.5
-345,554375021.6
-346,554341655.9
-347,554284115.1
-348,554201364.5
-349,554092373.8
-350,553956117
-351,553791802.2
-352,553599556.2
-353,553379738.8
-354,553132713.2
-355,552858846.5
-356,552558509.2
-357,552232075
-358,551879920.8
-359,551502426.4
-360,551099974.1
-361,550672949.3
-362,550221739.2
-363,549746733.8
-364,549248324.8
-365,548726906
-366,548182872.9
-367,547616622.6
-368,547028553.6
-369,546419065.7
-370,545788560
-371,545137438.4
-372,544466103.7
-373,543774959.4
-374,543064409.5
-375,542334858.5
-376,541586711.3
-377,540820372.7
-378,540036247.6
-379,539234740.9
-380,538416257.2
-381,537581200.7
-382,536729975.1
-383,535862983.7
-384,534980629
-385,534083312.5
-386,533171435
-387,532245396.3
-388,531305594.9
-389,530352428.2
-390,529386292.2
-391,528407581.4
-392,527416689.1
-393,526414006.7
-394,525399924
-395,524374829.1
-396,523339108.2
-397,522293145.6
-398,521237323.6
-399,520172022.5
-400,519097620.2
-401,518014492.9
-402,516923014.1
-403,515823555.2
-404,514716485.1
-405,513602170.3
-406,512480975
-407,511353260.7
-408,510219386.2
-409,509079708.1
-410,507934579.8
-411,506784352.5
-412,505629374.3
-413,504469990.8
-414,503306544.7
-415,502139375.7
-416,500968821
-417,499795214.6
-418,498618887.9
-419,497440169.1
-420,496259383.6
-421,495076853.9
-422,493892899.4
-423,492707836.8
-424,491521979.6
-425,490335638.3
-426,489149120.5
-427,487962730.9
-428,486776771
-429,485591539.4
-430,484407331.9
-431,483224441.1
-432,482043156.7
-433,480863765.5
-434,479686551.3
-435,478511795
-436,477339774.6
-437,476170765.1
-438,475005038.7
-439,473842864.8
-440,472684509.9
-441,471530237.6
-442,470380308.9
-443,469234981.9
-444,468094512
-445,466959151.9
-446,465829151.6
-447,464704758.6
-448,463586217.5
-449,462473770.7
-450,461367657.7
-451,460268083.7
-452,459175123.5
-453,458088819.5
-454,457009213.2
-455,455936345.9
-456,454870258.2
-457,453810990.5
-458,452758582.4
-459,451713073.3
-460,450674502.1
-461,449642907.2
-462,448618326.6
-463,447600798
-464,446590358.6
-465,445587045.1
-466,444590894
-467,443601941.4
-468,442620223.1
-469,441645774.2
-470,440678629.9
-471,439718824.9
-472,438766393.4
-473,437821369.7
-474,436883787.3
-475,435953679.9
-476,435031080.5
-477,434116022.2
-478,433208537.5
-479,432308658.9
-480,431416418.6
-481,430531848.6
-482,429654980.5
-483,428785845.9
-484,427924476.2
-485,427070902.5
-486,426225155.8
-487,425387267
-488,424557266.6
-489,423735185.2
-490,422921053.3
-491,422114901.1
-492,421316758.7
-493,420526656.2
-494,419744623.7
-495,418970690.9
-496,418204887.8
-497,417447244.1
-498,416697789.5
-499,415956553.7
-500,415223566.5
-501,414498857.4
-502,413782456.1
-503,413074392.3
-504,412374695.6
-505,411683395.9
-506,411000522.7
-507,410326105.9
-508,409660175.4
-509,409002761.2
-510,408353893.2
-511,407713601.6
-512,407081916.6
-513,406458868.6
-514,405844488
-515,405238805.5
-516,404641851.8
-517,404053657.8
-518,403474254.8
-519,402903674
-520,402341946.9
-521,401789105.1
-522,401245180.8
-523,400710205.9
-524,400184213
-525,399667234.6
-526,399159303.8
-527,398660453.8
-528,398170718.1
-529,397690130.4
-530,397218725.1
-531,396756536.4
-532,396303599.3
-533,395859948.9
-534,395425620.8
-535,395000650.9
-536,394585075.4
-537,394178931.2
-538,393782255.3
-539,393395085.4
-540,393017459.4
-541,392649415.9
-542,392290993.8
-543,391942232.4
-544,391603171.9
-545,391273852.5
-546,390954315.4
-547,390644602
-548,390344754.3
-549,390054815.1
-550,389774827.6
-551,389504805.7
-552,389244645
-553,388994212.1
-554,388753374.8
-555,388522002.1
-556,388299963.6
-557,388087130.3
-558,387883373.9
-559,387688567.2
-560,387502583.8
-561,387325298.1
-562,387156585.4
-563,386996321.9
-564,386844384.5
-565,386700650.7
-566,386564999.1
-567,386437308.7
-568,386317459.2
-569,386205331
-570,386100805.3
-571,386003763.7
-572,385914088.3
-573,385831662
-574,385756368.1
-575,385688090.5
-576,385626713.4
-577,385572121.6
-578,385524200.4
-579,385482835.4
-580,385447912.7
-581,385419318.8
-582,385396940.5
-583,385380664.9
-584,385370379.6
-585,385365972.3
-586,385367331.1
-587,385374344.5
-588,385386901
-589,385404889.6
-590,385428199.2
-591,385456719.2
-592,385490339.1
-593,385528948.6
-594,385572437.4
-595,385620695.5
-596,385673613.1
-597,385731080.3
-598,385792987.4
-599,385859224.9
-600,385929683.3
-601,386004253
-602,386082824.6
-603,386165288.9
-604,386251536.3
-605,386341457.7
-606,386434943.7
-607,386531884.9
-608,386632171.9
-609,386735695.5
-610,386842346.1
-611,386952014.4
-612,387064590.7
-613,387179965.4
-614,387298029
-615,387418671.6
-616,387541783.4
-617,387667254.5
-618,387794974.7
-619,387924834
-620,388056722.1
-621,388190528.5
-622,388326142.7
-623,388463454
-624,388602351.7
-625,388742724.6
-626,388884461.8
-627,389027452
-628,389171583.6
-629,389316745.1
-630,389462824.8
-631,389609710.6
-632,389757290.5
-633,389905452.2
-634,390054083.1
-635,390203070.8
-636,390352302.3
-637,390501664.6
-638,390651044.6
-639,390800328.8
-640,390949403.7
-641,391098155.6
-642,391246470.6
-643,391394234.6
-644,391541333.2
-645,391687652.1
-646,391833076.6
-647,391977491.9
-648,392120783.1
-649,392262835
-650,392403532.4
-651,392542773
-652,392680507.7
-653,392816700.4
-654,392951315.2
-655,393084315.9
-656,393215666.5
-657,393345330.9
-658,393473272.9
-659,393599456.4
-660,393723845.2
-661,393846403.1
-662,393967093.9
-663,394085881.3
-664,394202729.1
-665,394317601
-666,394430460.7
-667,394541272.1
-668,394649998.7
-669,394756604.2
-670,394861052.5
-671,394963307.1
-672,395063331.7
-673,395161090.1
-674,395256546
-675,395349663.1
-676,395440405
-677,395528735.6
-678,395614618.5
-679,395698017.5
-680,395778896.5
-681,395857219.1
-682,395932949.3
-683,396006050.9
-684,396076487.7
-685,396144223.6
-686,396209222.6
-687,396271448.7
-688,396330865.8
-689,396387438.1
-690,396441129.5
-691,396491904.3
-692,396539726.7
-693,396584560.8
-694,396626370.9
-695,396665121.5
-696,396700776.9
-697,396733301.6
-698,396762660.2
-699,396788817.1
-700,396811737.2
-701,396831385.2
-702,396847725.8
-703,396860724
-704,396870344.8
-705,396876553.3
-706,396879314.6
-707,396878594
-708,396874356.9
-709,396866568.6
-710,396855194.8
-711,396840201.2
-712,396821553.4
-713,396799217.4
-714,396773159.2
-715,396743344.9
-716,396709740.7
-717,396672313
-718,396631028.3
-719,396585853.3
-720,396536754.6
-721,396483699.2
-722,396426654.2
-723,396365586.7
-724,396300464.1
-725,396231253.9
-726,396157923.7
-727,396080441.3
-728,395998774.8
-729,395912892.3
-730,395822762
-731,395728352.6
-732,395629632.6
-733,395526571
-734,395419136.8
-735,395307299.2
-736,395191027.6
-737,395070291.8
-738,394945061.5
-739,394815306.7
-740,394680997.7
-741,394542105.1
-742,394398599.4
-743,394250451.5
-744,394097632.7
-745,393940114.2
-746,393777867.6
-747,393610864.8
-748,393439077.9
-749,393262479.1
-750,393081041
-751,392894742.5
-752,392703587
-753,392507583.9
-754,392306743.2
-755,392101074.6
-756,391890588.4
-757,391675294.8
-758,391455204.4
-759,391230327.8
-760,391000675.9
-761,390766259.7
-762,390527090.4
-763,390283179.3
-764,390034538.1
-765,389781178.5
-766,389523112.3
-767,389260351.7
-768,388992908.9
-769,388720796.4
-770,388444026.6
-771,388162612.4
-772,387876566.8
-773,387585902.7
-774,387290633.5
-775,386990772.6
-776,386686333.5
-777,386377330.1
-778,386063776.2
-779,385745686
-780,385423073.5
-781,385095953.4
-782,384764340
-783,384428248.1
-784,384087692.6
-785,383742688.5
-786,383393250.9
-787,383039395.2
-788,382681136.9
-789,382318491.5
-790,381951474.9
-791,381580103
-792,381204391.8
-793,380824357.5
-794,380440016.5
-795,380051385.4
-796,379658480.7
-797,379261319.1
-798,378859917.8
-799,378454293.6
-800,378044463.9
-801,377630445.8
-802,377212257
-803,376789914.9
-804,376363437.4
-805,375932842.2
-806,375498147.4
-807,375059371.1
-808,374616531.6
-809,374169647.1
-810,373718736.3
-811,373263817.7
-812,372804910
-813,372342032.2
-814,371875203.2
-815,371404442.1
-816,370929768.1
-817,370451200.6
-818,369968759
-819,369482462.8
-820,368992331.7
-821,368498385.5
-822,368000644.2
-823,367499127.6
-824,366993855.9
-825,366484849.3
-826,365972128
-827,365455712.6
-828,364935623.5
-829,364411881.4
-830,363884506.9
-831,363353520.8
-832,362818944
-833,362280797.6
-834,361739102.6
-835,361193880.2
-836,360645151.7
-837,360092938.4
-838,359537261.8
-839,358978143.3
-840,358415604.6
-841,357849667.5
-842,357280353.6
-843,356707684.8
-844,356131683.1
-845,355552370.4
-846,354969768.9
-847,354383900.8
-848,353794788.1
-849,353202453.3
-850,352606918.8
-851,352008224.4
-852,351406479.5
-853,350801810.5
-854,350194343
-855,349584201.8
-856,348971511.1
-857,348356394.3
-858,347738974.1
-859,347119372.4
-860,346497710.4
-861,345874108.6
-862,345248686.6
-863,344621563.3
-864,343992856.8
-865,343362684.5
-866,342731162.8
-867,342098407.4
-868,341464533.5
-869,340829654.9
-870,340193885.2
-871,339557336.7
-872,338920121.2
-873,338282349.7
-874,337644132
-875,337005577.6
-876,336366794.8
-877,335727891.3
-878,335088973.8
-879,334450148.2
-880,333811519.9
-881,333173193
-882,332535271
-883,331897856.7
-884,331261052
-885,330624957.9
-886,329989674.6
-887,329355301.5
-888,328721937.4
-889,328089679.9
-890,327458626.3
-891,326828872.6
-892,326200514.3
-893,325573646
-894,324948361.7
-895,324324754.4
-896,323702916.4
-897,323082939.3
-898,322464913.9
-899,321848930.2
-900,321235077.4
-901,320623444.2
-902,320014118.3
-903,319407186.8
-904,318802736
-905,318200851.6
-906,317601618.6
-907,317005121.2
-908,316411442.9
-909,315820666.6
-910,315232874.6
-911,314648148.2
-912,314066568.5
-913,313488215.7
-914,312913169.4
-915,312341508.5
-916,311773311.4
-917,311208655.9
-918,310647619.2
-919,310090277.8
-920,309536707.8
-921,308986984.6
-922,308441183.1
-923,307899377.6
-924,307361642.1
-925,306828049.8
-926,306298673.6
-927,305773585.7
-928,305252858
-929,304736561.9
-930,304224768.4
-931,303717547.8
-932,303214970.3
-933,302717105.5
-934,302224022.7
-935,301735790.6
-936,301252477.8
-937,300774152.3
-938,300300882
-939,299832734.3
-940,299369776.3
-941,298912074.7
-942,298459696.2
-943,298012706.9
-944,297571172.9
-945,297135159.9
-946,296704733.4
-947,296279958.6
-948,295860900.8
-949,295447624.7
-950,295040195.2
-951,294638648.3
-952,294242906.4
-953,293852863.9
-954,293468416.3
-955,293089459.7
-956,292715891.1
-957,292347608
-958,291984509.1
-959,291626493.3
-960,291273460.6
-961,290925311.5
-962,290581947.2
-963,290243269.7
-964,289909181.3
-965,289579585.3
-966,289254385.4
-967,288933485.9
-968,288616791.9
-969,288304208.7
-970,287995642.5
-971,287690999.8
-972,287390187.7
-973,287093114
-974,286799686.8
-975,286509814.7
-976,286223406.9
-977,285940372.9
-978,285660622.8
-979,285384067.2
-980,285110617
-981,284840183.6
-982,284572678.8
-983,284308014.7
-984,284046104.2
-985,283786860.1
-986,283530195.8
-987,283276025.2
-988,283024262.4
-989,282774821.9
-990,282527618.7
-991,282282567.8
-992,282039584.8
-993,281798585.8
-994,281559486.8
-995,281322204.5
-996,281086655.6
-997,280852757.5
-998,280620427.5
-999,280389583.5
-1000,280160143.4
-1001,279932025.8
-1002,279705149.3
-1003,279479432.8
-1004,279254795.6
-1005,279031157.1
-1006,278808437.2
-1007,278586555.9
-1008,278365433.5
-1009,278144990.7
-1010,277925148.2
-1011,277705827.3
-1012,277486949.3
-1013,277268435.8
-1014,277050208.7
-1015,276832190.3
-1016,276614302.9
-1017,276396469.1
-1018,276178612
-1019,275960654.7
-1020,275742520.6
-1021,275524133.4
-1022,275305417.2
-1023,275086296
-1024,274866694.4
-1025,274646537.2
-1026,274425749.2
-1027,274204255.8
-1028,273981982.5
-1029,273758855
-1030,273534799.5
-1031,273309742.2
-1032,273083609.8
-1033,272856329.1
-1034,272627827.3
-1035,272398031.9
-1036,272166870.6
-1037,271934271.5
-1038,271700162.7
-1039,271464473.1
-1040,271227131.5
-1041,270988067.1
-1042,270747209.6
-1043,270504488.7
-1044,270259834.7
-1045,270013178.1
-1046,269764449.7
-1047,269513580.8
-1048,269260502.8
-1049,269005147.8
-1050,268747447.9
-1051,268487357.6
-1052,268224918.6
-1053,267960194.6
-1054,267693248.8
-1055,267424144.4
-1056,267152944.4
-1057,266879711.6
-1058,266604508.6
-1059,266327397.7
-1060,266048441.3
-1061,265767701.3
-1062,265485239.5
-1063,265201117.4
-1064,264915396.6
-1065,264628138
-1066,264339402.7
-1067,264049251.3
-1068,263757744.3
-1069,263464942
-1070,263170904.2
-1071,262875690.9
-1072,262579361.4
-1073,262281975.1
-1074,261983591
-1075,261684267.9
-1076,261384064.2
-1077,261083038.3
-1078,260781248.1
-1079,260478751.5
-1080,260175605.8
-1081,259871868.4
-1082,259567596.1
-1083,259262845.8
-1084,258957673.8
-1085,258652136.4
-1086,258346289.3
-1087,258040188.4
-1088,257733888.9
-1089,257427445.9
-1090,257120914.3
-1091,256814348.7
-1092,256507803.4
-1093,256201332.3
-1094,255894989.3
-1095,255588827.9
-1096,255282901.2
-1097,254977262.2
-1098,254671963.7
-1099,254367058
-1100,254062597.3
-1101,253758633.5
-1102,253455218.2
-1103,253152402.8
-1104,252850238.5
-1105,252548775.9
-1106,252248065.9
-1107,251948158.6
-1108,251649104.1
-1109,251350952.4
-1110,251053752.9
-1111,250757554.9
-1112,250462407.7
-1113,250168359.9
-1114,249875460.2
-1115,249583757
-1116,249293298.3
-1117,249004132.1
-1118,248716305.9
-1119,248429867.3
-1120,248144863.3
-1121,247861341
-1122,247579347.1
-1123,247298928.1
-1124,247020130.4
-1125,246743000.1
-1126,246467583
-1127,246193924.9
-1128,245922071.2
-1129,245652067.3
-1130,245383958.3
-1131,245117789
-1132,244853604.3
-1133,244591448.7
-1134,244331366.5
-1135,244073402
-1136,243817599.1
-1137,243564001.9
-1138,243312654
-1139,243063598.9
-1140,242816880
-1141,242572540.8
-1142,242330624.1
-1143,242091173.2
-1144,241854230.8
-1145,241619839.6
-1146,241388042.3
-1147,241158881.4
-1148,240932399.3
-1149,240708638.2
-1150,240487640.4
-1151,240269433.5
-1152,240053987.5
-1153,239841258.1
-1154,239631201.4
-1155,239423773.5
-1156,239218930.8
-1157,239016630.1
-1158,238816828.2
-1159,238619482.1
-1160,238424549.3
-1161,238231987.1
-1162,238041753.4
-1163,237853805.9
-1164,237668102.9
-1165,237484602.4
-1166,237303263.1
-1167,237124043.6
-1168,236946902.6
-1169,236771799.2
-1170,236598692.6
-1171,236427541.9
-1172,236258306.8
-1173,236090946.9
-1174,235925422
-1175,235761692
-1176,235599717
-1177,235439457.3
-1178,235280873.4
-1179,235123925.6
-1180,234968574.7
-1181,234814781.5
-1182,234662507
-1183,234511712.1
-1184,234362358.1
-1185,234214406.4
-1186,234067818.4
-1187,233922555.5
-1188,233778579.6
-1189,233635852.4
-1190,233494335.8
-1191,233353991.9
-1192,233214782.7
-1193,233076670.5
-1194,232939617.7
-1195,232803586.8
-1196,232668540.2
-1197,232534440.6
-1198,232401250.7
-1199,232268933.5
-1200,232137451.9
-1201,232006768.8
-1202,231876847.5
-1203,231747651.2
-1204,231619143.1
-1205,231491286.8
-1206,231364045.5
-1207,231237383.1
-1208,231111263.1
-1209,230985649.2
-1210,230860505.4
-1211,230735795.5
-1212,230611483.5
-1213,230487533.6
-1214,230363909.9
-1215,230240576.6
-1216,230117498.1
-1217,229994638.8
-1218,229871963.2
-1219,229749435.8
-1220,229627021.4
-1221,229504684.5
-1222,229382390.1
-1223,229260103
-1224,229137788.3
-1225,229015410.8
-1226,228892935.8
-1227,228770328.5
-1228,228647554.2
-1229,228524578.1
-1230,228401365.8
-1231,228277882.7
-1232,228154094.5
-1233,228029966.9
-1234,227905465.5
-1235,227780556.4
-1236,227655205.3
-1237,227529378.3
-1238,227403041.5
-1239,227276161.1
-1240,227148703.3
-1241,227020634.5
-1242,226891921.1
-1243,226762529.7
-1244,226632426.8
-1245,226501579.3
-1246,226369953.8
-1247,226237517.3
-1248,226104236.7
-1249,225970079.2
-1250,225835011.9
-1251,225699012.9
-1252,225562103.8
-1253,225424316.7
-1254,225285683.9
-1255,225146237.5
-1256,225006009.5
-1257,224865032.1
-1258,224723337
-1259,224580956.1
-1260,224437921.2
-1261,224294264
-1262,224150016.1
-1263,224005209.1
-1264,223859874.4
-1265,223714043.4
-1266,223567747.4
-1267,223421017.6
-1268,223273885.2
-1269,223126381.2
-1270,222978536.7
-1271,222830382.5
-1272,222681949.5
-1273,222533268.3
-1274,222384369.6
-1275,222235284.1
-1276,222086042.1
-1277,221936674.1
-1278,221787210.5
-1279,221637681.3
-1280,221488116.8
-1281,221338547
-1282,221189001.9
-1283,221039511.4
-1284,220890105.3
-1285,220740813.4
-1286,220591665.1
-1287,220442690.2
-1288,220293918
-1289,220145378
-1290,219997099.5
-1291,219849111.6
-1292,219701443.5
-1293,219554124.2
-1294,219407182.8
-1295,219260648
-1296,219114548.8
-1297,218968913.8
-1298,218823771.7
-1299,218679151
-1300,218535080.3
-1301,218391587.9
-1302,218248702.2
-1303,218106451.5
-1304,217964863.9
-1305,217823967.5
-1306,217683790.4
-1307,217544360.5
-1308,217405705.8
-1309,217267854
-1310,217130832.9
-1311,216994670.2
-1312,216859393.6
-1313,216725030.5
-1314,216591608.4
-1315,216459154.9
-1316,216327697.2
-1317,216197262.7
-1318,216067878.6
-1319,215939572
-1320,215812370.2
-1321,215686300.3
-1322,215561389.1
-1323,215437663.7
-1324,215315151.1
-1325,215193878.1
-1326,215073871.5
-1327,214955158.2
-1328,214837764.8
-1329,214721718.1
-1330,214607044.7
-1331,214493771.2
-1332,214381924.3
-1333,214271530.5
-1334,214162616.3
-1335,214055208.2
-1336,213949332.7
-1337,213845016.2
-1338,213742285.2
-1339,213641166
-1340,213541684.9
-1341,213443868.5
-1342,213347742.9
-1343,213253334.6
-1344,213160669.8
-1345,213069774.9
-1346,212980676.2
-1347,212893399.9
-1348,212807972.4
-1349,212724420.1
-1350,212642769.1
-1351,212563037.4
-1352,212485209.5
-1353,212409261.2
-1354,212335168.9
-1355,212262908.6
-1356,212192456.7
-1357,212123789.5
-1358,212056883.6
-1359,211991715.4
-1360,211928261.5
-1361,211866498.7
-1362,211806403.7
-1363,211747953.2
-1364,211691124.2
-1365,211635893.6
-1366,211582238.4
-1367,211530135.7
-1368,211479562.6
-1369,211430496.3
-1370,211382914
-1371,211336793
-1372,211292110.6
-1373,211248844.4
-1374,211206971.6
-1375,211166469.8
-1376,211127316.5
-1377,211089489.3
-1378,211052965.9
-1379,211017723.8
-1380,210983740.8
-1381,210950994.7
-1382,210919463.2
-1383,210889124.1
-1384,210859955.3
-1385,210831934.7
-1386,210805040.1
-1387,210779249.6
-1388,210754541.1
-1389,210730892.6
-1390,210708282.2
-1391,210686687.9
-1392,210666087.8
-1393,210646460
-1394,210627782.6
-1395,210610033.8
-1396,210593191.7
-1397,210577234.7
-1398,210562140.7
-1399,210547888.2
-1400,210534455.3
-1401,210521820.3
-1402,210509961.6
-1403,210498857.2
-1404,210488485.7
-1405,210478825.2
-1406,210469854.2
-1407,210461551
-1408,210453893.9
-1409,210446861.2
-1410,210440431.4
-1411,210434582.9
-1412,210429294
-1413,210424543.1
-1414,210420308.6
-1415,210416568.9
-1416,210413302.5
-1417,210410487.7
-1418,210408103
-1419,210406126.8
-1420,210404537.5
-1421,210403313.5
-1422,210402433.4
-1423,210401875.5
-1424,210401618.2
-1425,210401640.1
-1426,210401919.5
-1427,210402434.9
-1428,210403164.7
-1429,210404087.4
-1430,210405181.4
-1431,210406425.1
-1432,210407797.1
-1433,210409275.7
-1434,210410839.4
-1435,210412466.6
-1436,210414135.8
-1437,210415825.4
-1438,210417513.8
-1439,210419179.6
-1440,210420801
-1441,210422356.7
-1442,210423824.9
-1443,210425184.2
-1444,210426412.9
-1445,210427489.5
-1446,210428392.5
-1447,210429100.3
-1448,210429591.3
-1449,210429843.9
-1450,210429836.6
-1451,210429551.3
-1452,210428984
-1453,210428133.9
-1454,210427000.5
-1455,210425583.1
-1456,210423881.1
-1457,210421894
-1458,210419621
-1459,210417061.6
-1460,210414215.2
-1461,210411081.1
-1462,210407658.8
-1463,210403947.6
-1464,210399947
-1465,210395656.2
-1466,210391074.8
-1467,210386202.1
-1468,210381037.5
-1469,210375580.4
-1470,210369830.2
-1471,210363786.3
-1472,210357448.1
-1473,210350815
-1474,210343886.5
-1475,210336661.9
-1476,210329140.6
-1477,210321322.1
-1478,210313205.7
-1479,210304790.9
-1480,210296077.1
-1481,210287063.7
-1482,210277750.1
-1483,210268135.7
-1484,210258220
-1485,210248002.4
-1486,210237482.3
-1487,210226659.1
-1488,210215532.2
-1489,210204101.2
-1490,210192365.3
-1491,210180324.1
-1492,210167977
-1493,210155323.3
-1494,210142362.6
-1495,210129094.3
-1496,210115517.8
-1497,210101632.5
-1498,210087437.9
-1499,210072933.5
-1500,210058118.7
-1501,210042992.9
-1502,210027555.6
-1503,210011806.2
-1504,209995744.2
-1505,209979369
-1506,209962680.1
-1507,209945676.9
-1508,209928359
-1509,209910725.7
-1510,209892776.6
-1511,209874511
-1512,209855928.5
-1513,209837028.5
-1514,209817810.5
-1515,209798274
-1516,209778418.4
-1517,209758243.1
-1518,209737747.8
-1519,209716931.9
-1520,209695794.7
-1521,209674335.9
-1522,209652554.9
-1523,209630451.2
-1524,209608024.2
-1525,209585273.5
-1526,209562198.6
-1527,209538798.9
-1528,209515073.9
-1529,209491023.2
-1530,209466646.2
-1531,209441942.4
-1532,209416911.4
-1533,209391552.6
-1534,209365865.6
-1535,209339849.8
-1536,209313504.7
-1537,209286829.9
-1538,209259824.9
-1539,209232489.2
-1540,209204822.3
-1541,209176823.8
-1542,209148493.1
-1543,209119829.8
-1544,209090833.3
-1545,209061503.4
-1546,209031839.3
-1547,209001840.8
-1548,208971507.3
-1549,208940838.3
-1550,208909833.5
-1551,208878493.6
-1552,208846824.7
-1553,208814834.1
-1554,208782529.1
-1555,208749917.1
-1556,208717005.5
-1557,208683801.5
-1558,208650312.5
-1559,208616545.8
-1560,208582508.6
-1561,208548208.4
-1562,208513652.5
-1563,208478848
-1564,208443802.4
-1565,208408523
-1566,208373016.9
-1567,208337291.6
-1568,208301354.3
-1569,208265212.2
-1570,208228872.7
-1571,208192343
-1572,208155630.3
-1573,208118742.1
-1574,208081685.4
-1575,208044467.5
-1576,208007095.8
-1577,207969577.4
-1578,207931919.5
-1579,207894129.5
-1580,207856214.4
-1581,207818181.6
-1582,207780038.3
-1583,207741791.6
-1584,207703448.9
-1585,207665017.1
-1586,207626503.6
-1587,207587915.6
-1588,207549260.2
-1589,207510544.6
-1590,207471776
-1591,207432961.5
-1592,207394108.3
-1593,207355223.6
-1594,207316314.5
-1595,207277388.1
-1596,207238451.6
-1597,207199512.1
-1598,207160576.8
-1599,207121652.7
-1600,207082747
-1601,207043866.8
-1602,207005019.1
-1603,206966211.2
-1604,206927450
-1605,206888742.7
-1606,206850096.3
-1607,206811517.9
-1608,206773014.7
-1609,206734593.6
-1610,206696261.6
-1611,206658026
-1612,206619893.7
-1613,206581871.7
-1614,206543967.2
-1615,206506187
-1616,206468538.3
-1617,206431028.1
-1618,206393663.4
-1619,206356451.2
-1620,206319398.5
-1621,206282512.3
-1622,206245799.6
-1623,206209267.4
-1624,206172922.7
-1625,206136772.4
-1626,206100823.6
-1627,206065083.3
-1628,206029558.3
-1629,205994255.7
-1630,205959182.3
-1631,205924345.3
-1632,205889751.5
-1633,205855407.8
-1634,205821321.2
-1635,205787498.7
-1636,205753947.2
-1637,205720673.6
-1638,205687684.8
-1639,205654987.8
-1640,205622589.5
-1641,205590496.8
-1642,205558716.6
-1643,205527255.8
-1644,205496121.4
-1645,205465320.2
-1646,205434859.1
-1647,205404745.1
-1648,205374985.1
-1649,205345585.9
-1650,205316554.4
-1651,205287894.4
-1652,205259596.8
-1653,205231649.6
-1654,205204040.6
-1655,205176757.7
-1656,205149788.7
-1657,205123121.7
-1658,205096744.4
-1659,205070644.8
-1660,205044810.8
-1661,205019230.4
-1662,204993891.4
-1663,204968781.9
-1664,204943889.7
-1665,204919202.8
-1666,204894709.3
-1667,204870396.9
-1668,204846253.9
-1669,204822268
-1670,204798427.3
-1671,204774719.8
-1672,204751133.5
-1673,204727656.5
-1674,204704276.6
-1675,204680982
-1676,204657760.6
-1677,204634600.5
-1678,204611489.7
-1679,204588416.3
-1680,204565368.4
-1681,204542333.9
-1682,204519300.9
-1683,204496257.5
-1684,204473191.7
-1685,204450091.7
-1686,204426945.6
-1687,204403741.3
-1688,204380467
-1689,204357110.9
-1690,204333660.9
-1691,204310105.2
-1692,204286432
-1693,204262629.3
-1694,204238685.3
-1695,204214588.1
-1696,204190325.9
-1697,204165886.8
-1698,204141258.9
-1699,204116430.4
-1700,204091389.6
-1701,204066124.5
-1702,204040623.3
-1703,204014874.3
-1704,203988865.5
-1705,203962585.3
-1706,203936021.9
-1707,203909163.4
-1708,203881998
-1709,203854514.1
-1710,203826699.9
-1711,203798543.5
-1712,203770033.3
-1713,203741157.6
-1714,203711904.5
-1715,203682262.4
-1716,203652219.7
-1717,203621764.5
-1718,203590885.3
-1719,203559570.3
-1720,203527807.9
-1721,203495586.4
-1722,203462894.1
-1723,203429719.6
-1724,203396051.1
-1725,203361877
-1726,203327185.7
-1727,203291965.8
-1728,203256205.5
-1729,203219893.3
-1730,203183017.7
-1731,203145567.2
-1732,203107530.3
-1733,203068895.4
-1734,203029651.1
-1735,202989785.8
-1736,202949288.3
-1737,202908146.9
-1738,202866350.3
-1739,202823887.2
-1740,202780746
-1741,202736915.5
-1742,202692384.2
-1743,202647140.9
-1744,202601174.3
-1745,202554473
-1746,202507025.8
-1747,202458821.4
-1748,202409848.6
-1749,202360096.1
-1750,202309552.9
-1751,202258211.4
-1752,202206079.3
-1753,202153167.9
-1754,202099488.6
-1755,202045052.7
-1756,201989871.5
-1757,201933956.4
-1758,201877318.7
-1759,201819969.7
-1760,201761920.8
-1761,201703183.2
-1762,201643768.4
-1763,201583687.5
-1764,201522952
-1765,201461573
-1766,201399561.9
-1767,201336929.9
-1768,201273688.4
-1769,201209848.5
-1770,201145421.6
-1771,201080418.9
-1772,201014851.5
-1773,200948730.9
-1774,200882068
-1775,200814874.3
-1776,200747160.7
-1777,200678938.7
-1778,200610219.2
-1779,200541013.5
-1780,200471332.8
-1781,200401188.1
-1782,200330590.5
-1783,200259551.3
-1784,200188081.6
-1785,200116192.2
-1786,200043894.5
-1787,199971199.4
-1788,199898118
-1789,199824661.2
-1790,199750840.3
-1791,199676666
-1792,199602149.5
-1793,199527301.6
-1794,199452133.5
-1795,199376655.9
-1796,199300879.9
-1797,199224816.3
-1798,199148476.1
-1799,199071870.1
-1800,198995009.3
-1801,198917904.4
-1802,198840566.3
-1803,198763005.8
-1804,198685233.7
-1805,198607260.8
-1806,198529097.9
-1807,198450755.7
-1808,198372245
-1809,198293576.5
-1810,198214760.8
-1811,198135808.7
-1812,198056730.9
-1813,197977537.9
-1814,197898240.5
-1815,197818849.2
-1816,197739374.6
-1817,197659827.3
-1818,197580217.9
-1819,197500556.9
-1820,197420854.8
-1821,197341122.2
-1822,197261369.6
-1823,197181607.3
-1824,197101845.9
-1825,197022095.9
-1826,196942367.6
-1827,196862671.4
-1828,196783017.7
-1829,196703416.9
-1830,196623879.4
-1831,196544415.4
-1832,196465035.3
-1833,196385749.4
-1834,196306568
-1835,196227501.2
-1836,196148559.5
-1837,196069752.9
-1838,195991091.7
-1839,195912586.2
-1840,195834246.4
-1841,195756082.5
-1842,195678104.7
-1843,195600323.1
-1844,195522747.8
-1845,195445388.9
-1846,195368256.5
-1847,195291360.6
-1848,195214711.3
-1849,195138318.6
-1850,195062192.5
-1851,194986340.7
-1852,194910761.7
-1853,194835451.8
-1854,194760407.1
-1855,194685623.9
-1856,194611098.4
-1857,194536826.8
-1858,194462805.5
-1859,194389030.6
-1860,194315498.4
-1861,194242205.2
-1862,194169147.3
-1863,194096321
-1864,194023722.4
-1865,193951348
-1866,193879194
-1867,193807256.7
-1868,193735532.5
-1869,193664017.6
-1870,193592708.4
-1871,193521601.3
-1872,193450692.4
-1873,193379978.3
-1874,193309455.2
-1875,193239119.5
-1876,193168967.6
-1877,193098995.7
-1878,193029200.4
-1879,192959577.9
-1880,192890124.7
-1881,192820837.1
-1882,192751711.5
-1883,192682744.4
-1884,192613932.2
-1885,192545271.1
-1886,192476757.8
-1887,192408388.5
-1888,192340159.7
-1889,192272067.9
-1890,192204109.5
-1891,192136280.9
-1892,192068578.6
-1893,192000999.1
-1894,191933538.7
-1895,191866194
-1896,191798961.4
-1897,191731837.4
-1898,191664818.5
-1899,191597901.2
-1900,191531082
-1901,191464357.3
-1902,191397723.7
-1903,191331177.6
-1904,191264715.7
-1905,191198334.3
-1906,191132030.1
-1907,191065799.5
-1908,190999639.1
-1909,190933545.4
-1910,190867514.9
-1911,190801544.3
-1912,190735630
-1913,190669768.7
-1914,190603956.8
-1915,190538191
-1916,190472467.8
-1917,190406783.8
-1918,190341135.6
-1919,190275519.8
-1920,190209932.9
-1921,190144371.6
-1922,190078832.4
-1923,190013312
-1924,189947807
-1925,189882313.9
-1926,189816829.5
-1927,189751350.3
-1928,189685873
-1929,189620394.2
-1930,189554910.6
-1931,189489418.7
-1932,189423915.3
-1933,189358397
-1934,189292860.5
-1935,189227302.4
-1936,189161719.4
-1937,189096108.2
-1938,189030465.4
-1939,188964787.8
-1940,188899072
-1941,188833314.7
-1942,188767512.7
-1943,188701662.6
-1944,188635761.2
-1945,188569805.1
-1946,188503791.1
-1947,188437715.9
-1948,188371576.2
-1949,188305368.8
-1950,188239090.4
-1951,188172738.3
-1952,188106312.3
-1953,188039812.4
-1954,187973239
-1955,187906592.3
-1956,187839872.5
-1957,187773079.9
-1958,187706214.6
-1959,187639276.9
-1960,187572267
-1961,187505185.3
-1962,187438031.8
-1963,187370806.8
-1964,187303510.6
-1965,187236143.4
-1966,187168705.4
-1967,187101196.8
-1968,187033617.9
-1969,186965969
-1970,186898250.1
-1971,186830461.6
-1972,186762603.8
-1973,186694676.7
-1974,186626680.7
-1975,186558615.9
-1976,186490482.7
-1977,186422281.2
-1978,186354011.7
-1979,186285674.3
-1980,186217269.4
-1981,186148797.1
-1982,186080257.8
-1983,186011651.5
-1984,185942978.5
-1985,185874239.1
-1986,185805433.5
-1987,185736561.9
-1988,185667624.5
-1989,185598621.6
-1990,185529553.4
-1991,185460420.1
-1992,185391222
-1993,185321959.2
-1994,185252632.1
-1995,185183240.7
-1996,185113785.4
-1997,185044266.4
-1998,184974683.9
-1999,184905038.1
-2000,184835329.2
-2001,184765557.6
-2002,184695723.3
-2003,184625826.7
-2004,184555867.9
-2005,184485847.2
-2006,184415764.8
-2007,184345620.9
-2008,184275415.8
-2009,184205149.6
-2010,184134822.7
-2011,184064435.1
-2012,183993987.2
-2013,183923479.2
-2014,183852911.2
-2015,183782283.6
-2016,183711596.5
-2017,183640850.1
-2018,183570044.7
-2019,183499180.6
-2020,183428257.8
-2021,183357276.7
-2022,183286237.5
-2023,183215140.4
-2024,183143985.6
-2025,183072773.3
-2026,183001503.7
-2027,182930177.1
-2028,182858793.8
-2029,182787353.8
-2030,182715857.5
-2031,182644305
-2032,182572696.6
-2033,182501032.6
-2034,182429313
-2035,182357538.1
-2036,182285708.3
-2037,182213823.5
-2038,182141884.2
-2039,182069890.5
-2040,181997842.7
-2041,181925740.8
-2042,181853585.3
-2043,181781376.2
-2044,181709113.9
-2045,181636798.4
-2046,181564430.1
-2047,181492009.2
-2048,181419535.8
-2049,181347010.3
-2050,181274432.7
-2051,181201803.4
-2052,181129122.5
-2053,181056390.2
-2054,180983606.9
-2055,180910772.6
-2056,180837887.7
-2057,180764952.2
-2058,180691966.5
-2059,180618930.8
-2060,180545845.2
-2061,180472710
-2062,180399525.5
-2063,180326291.7
-2064,180253009
-2065,180179677.5
-2066,180106297.4
-2067,180032869
-2068,179959392.6
-2069,179885868.2
-2070,179812296.1
-2071,179738676.5
-2072,179665009.7
-2073,179591295.8
-2074,179517535.1
-2075,179443727.8
-2076,179369874.1
-2077,179295974.1
-2078,179222028.2
-2079,179148036.5
-2080,179073999.2
-2081,178999916.6
-2082,178925788.8
-2083,178851616.1
-2084,178777398.7
-2085,178703136.7
-2086,178628830.5
-2087,178554480.1
-2088,178480085.9
-2089,178405648
-2090,178331166.7
-2091,178256642.1
-2092,178182074.4
-2093,178107463.9
-2094,178032810.8
-2095,177958115.3
-2096,177883377.5
-2097,177808597.8
-2098,177733776.2
-2099,177658913.1
-2100,177584008.6
-2101,177509062.9
-2102,177434076.2
-2103,177359048.8
-2104,177283980.8
-2105,177208872.5
-2106,177133724.1
-2107,177058535.7
-2108,176983307.6
-2109,176908039.9
-2110,176832733
-2111,176757386.9
-2112,176682001.9
-2113,176606578.3
-2114,176531116.1
-2115,176455615.6
-2116,176380077
-2117,176304500.6
-2118,176228886.4
-2119,176153234.8
-2120,176077545.9
-2121,176001820
-2122,175926057.1
-2123,175850257.6
-2124,175774421.7
-2125,175698549.4
-2126,175622641.2
-2127,175546697
-2128,175470717.2
-2129,175394701.9
-2130,175318651.4
-2131,175242565.8
-2132,175166445.4
-2133,175090290.3
-2134,175014100.8
-2135,174937877
-2136,174861619.1
-2137,174785327.4
-2138,174709002
-2139,174632643.2
-2140,174556251.2
-2141,174479826
-2142,174403368
-2143,174326877.4
-2144,174250354.2
-2145,174173798.9
-2146,174097211.4
-2147,174020592.1
-2148,173943941.1
-2149,173867258.6
-2150,173790544.8
-2151,173713800
-2152,173637024.2
-2153,173560217.8
-2154,173483380.9
-2155,173406513.6
-2156,173329616.3
-2157,173252689.1
-2158,173175732.1
-2159,173098745.6
-2160,173021729.8
-2161,172944684.8
-2162,172867611
-2163,172790508.3
-2164,172713377.1
-2165,172636217.6
-2166,172559029.9
-2167,172481814.2
-2168,172404570.8
-2169,172327299.7
-2170,172250001.3
-2171,172172675.6
-2172,172095322.9
-2173,172017943.4
-2174,171940537.3
-2175,171863104.8
-2176,171785646
-2177,171708161.1
-2178,171630650.4
-2179,171553114
-2180,171475552.1
-2181,171397964.9
-2182,171320352.6
-2183,171242715.3
-2184,171165053.4
-2185,171087366.9
-2186,171009656
-2187,170931921
-2188,170854162
-2189,170776379.2
-2190,170698572.8
-2191,170620743
-2192,170542889.9
-2193,170465013.8
-2194,170387114.9
-2195,170309193.3
-2196,170231249.2
-2197,170153282.8
-2198,170075294.3
-2199,169997283.8
-2200,169919251.6
-2201,169841197.9
-2202,169763122.8
-2203,169685026.5
-2204,169606909.2
-2205,169528771
-2206,169450612.3
-2207,169372433
-2208,169294233.5
-2209,169216014
-2210,169137774.5
-2211,169059515.3
-2212,168981236.5
-2213,168902938.4
-2214,168824621.1
-2215,168746284.8
-2216,168667929.7
-2217,168589556
-2218,168511163.8
-2219,168432753.3
-2220,168354324.7
-2221,168275878.3
-2222,168197414.1
-2223,168118932.3
-2224,168040433.2
-2225,167961916.8
-2226,167883383.5
-2227,167804833.3
-2228,167726266.4
-2229,167647683.1
-2230,167569083.5
-2231,167490467.7
-2232,167411836
-2233,167333188.5
-2234,167254525.4
-2235,167175846.9
-2236,167097153.2
-2237,167018444.4
-2238,166939720.7
-2239,166860982.2
-2240,166782229.3
-2241,166703461.9
-2242,166624680.4
-2243,166545884.9
-2244,166467075.5
-2245,166388252.5
-2246,166309415.9
-2247,166230566.1
-2248,166151703.1
-2249,166072827.1
-2250,165993938.3
-2251,165915036.9
-2252,165836123
-2253,165757196.8
-2254,165678258.6
-2255,165599308.4
-2256,165520346.4
-2257,165441372.8
-2258,165362387.8
-2259,165283391.5
-2260,165204384.2
-2261,165125365.9
-2262,165046336.9
-2263,164967297.3
-2264,164888247.3
-2265,164809187.1
-2266,164730116.7
-2267,164651036.5
-2268,164571946.6
-2269,164492847.1
-2270,164413738.1
-2271,164334620
-2272,164255492.8
-2273,164176356.7
-2274,164097211.8
-2275,164018058.4
-2276,163938896.7
-2277,163859726.6
-2278,163780548.5
-2279,163701362.6
-2280,163622168.8
-2281,163542967.5
-2282,163463758.8
-2283,163384542.9
-2284,163305319.9
-2285,163226090
-2286,163146853.3
-2287,163067610
-2288,162988360.4
-2289,162909104.4
-2290,162829842.4
-2291,162750574.4
-2292,162671300.7
-2293,162592021.4
-2294,162512736.6
-2295,162433446.5
-2296,162354151.3
-2297,162274851.2
-2298,162195546.2
-2299,162116236.6
-2300,162036922.5
-2301,161957604.1
-2302,161878281.5
-2303,161798955
-2304,161719624.6
-2305,161640290.5
-2306,161560952.8
-2307,161481611.8
-2308,161402267.6
-2309,161322920.4
-2310,161243570.2
-2311,161164217.4
-2312,161084861.9
-2313,161005504
-2314,160926143.9
-2315,160846781.6
-2316,160767417.4
-2317,160688051.4
-2318,160608683.8
-2319,160529314.6
-2320,160449944.2
-2321,160370572.5
-2322,160291199.9
-2323,160211826.3
-2324,160132452.1
-2325,160053077.3
-2326,159973702.1
-2327,159894326.6
-2328,159814951.1
-2329,159735575.6
-2330,159656200.3
-2331,159576825.3
-2332,159497450.9
-2333,159418077.1
-2334,159338704.2
-2335,159259332.2
-2336,159179961.3
-2337,159100591.7
-2338,159021223.5
-2339,158941856.9
-2340,158862492
-2341,158783129
-2342,158703768
-2343,158624409.1
-2344,158545052.6
-2345,158465698.5
-2346,158386347.1
-2347,158306998.4
-2348,158227652.6
-2349,158148309.9
-2350,158068970.4
-2351,157989634.2
-2352,157910301.5
-2353,157830972.5
-2354,157751647.2
-2355,157672325.9
-2356,157593008.7
-2357,157513695.7
-2358,157434387.1
-2359,157355083
-2360,157275783.6
-2361,157196489
-2362,157117199.3
-2363,157037914.7
-2364,156958635.4
-2365,156879361.5
-2366,156800093.1
-2367,156720830.3
-2368,156641573.4
-2369,156562322.4
-2370,156483077.6
-2371,156403838.9
-2372,156324606.7
-2373,156245381
-2374,156166161.9
-2375,156086949.7
-2376,156007744.4
-2377,155928546.2
-2378,155849355.2
-2379,155770171.6
-2380,155690995.5
-2381,155611827.1
-2382,155532666.4
-2383,155453513.7
-2384,155374369
-2385,155295232.6
-2386,155216104.4
-2387,155136984.8
-2388,155057873.8
-2389,154978771.5
-2390,154899678.2
-2391,154820593.8
-2392,154741518.6
-2393,154662452.8
-2394,154583396.3
-2395,154504349.5
-2396,154425312.4
-2397,154346285.1
-2398,154267267.8
-2399,154188260.6
-2400,154109263.6
-2401,154030277.1
-2402,153951301
-2403,153872335.7
-2404,153793381.1
-2405,153714437.4
-2406,153635504.8
-2407,153556583.4
-2408,153477673.3
-2409,153398774.6
-2410,153319887.6
-2411,153241012.2
-2412,153162148.7
-2413,153083297.2
-2414,153004457.8
-2415,152925630.7
-2416,152846815.9
-2417,152768013.6
-2418,152689224
-2419,152610447.1
-2420,152531683.1
-2421,152452932.1
-2422,152374194.3
-2423,152295469.8
-2424,152216758.7
-2425,152138061.1
-2426,152059377.2
-2427,151980707.1
-2428,151902050.9
-2429,151823408.7
-2430,151744780.7
-2431,151666167.1
-2432,151587567.9
-2433,151508983.2
-2434,151430413.2
-2435,151351858
-2436,151273317.8
-2437,151194792.6
-2438,151116282.6
-2439,151037787.9
-2440,150959308.6
-2441,150880844.9
-2442,150802396.9
-2443,150723964.7
-2444,150645548.4
-2445,150567148.2
-2446,150488764.2
-2447,150410396.5
-2448,150332045.1
-2449,150253710.4
-2450,150175392.3
-2451,150097091
-2452,150018806.6
-2453,149940539.2
-2454,149862289
-2455,149784056.1
-2456,149705840.5
-2457,149627642.5
-2458,149549462.2
-2459,149471299.5
-2460,149393154.8
-2461,149315028
-2462,149236919.4
-2463,149158829
-2464,149080757
-2465,149002703.4
-2466,148924668.4
-2467,148846652.2
-2468,148768654.7
-2469,148690676.2
-2470,148612716.8
-2471,148534776.5
-2472,148456855.5
-2473,148378954
-2474,148301071.9
-2475,148223209.6
-2476,148145366.9
-2477,148067544.2
-2478,147989741.4
-2479,147911958.8
-2480,147834196.3
-2481,147756454.2
-2482,147678732.6
-2483,147601031.5
-2484,147523351.1
-2485,147445691.5
-2486,147368052.8
-2487,147290435.1
-2488,147212838.5
-2489,147135263.2
-2490,147057709.2
-2491,146980176.7
-2492,146902665.8
-2493,146825176.6
-2494,146747709.2
-2495,146670263.6
-2496,146592840.2
-2497,146515438.8
-2498,146438059.7
-2499,146360703
-2500,146283368.7
-2501,146206057
-2502,146128767.9
-2503,146051501.7
-2504,145974258.4
-2505,145897038.1
-2506,145819840.9
-2507,145742667
-2508,145665516.3
-2509,145588389.2
-2510,145511285.5
-2511,145434205.6
-2512,145357149.4
-2513,145280117.1
-2514,145203108.7
-2515,145126124.5
-2516,145049164.4
-2517,144972228.7
-2518,144895317.3
-2519,144818430.5
-2520,144741568.3
-2521,144664730.8
-2522,144587918.1
-2523,144511130.4
-2524,144434367.7
-2525,144357630.1
-2526,144280917.8
-2527,144204230.8
-2528,144127569.3
-2529,144050933.3
-2530,143974323
-2531,143897738.5
-2532,143821179.8
-2533,143744647
-2534,143668140.4
-2535,143591659.9
-2536,143515205.6
-2537,143438777.8
-2538,143362376.4
-2539,143286001.6
-2540,143209653.4
-2541,143133332.1
-2542,143057037.6
-2543,142980770
-2544,142904529.6
-2545,142828316.3
-2546,142752130.3
-2547,142675971.6
-2548,142599840.5
-2549,142523736.9
-2550,142447660.9
-2551,142371612.7
-2552,142295592.4
-2553,142219600.1
-2554,142143635.8
-2555,142067699.6
-2556,141991791.7
-2557,141915912.2
-2558,141840061.1
-2559,141764238.5
-2560,141688444.6
-2561,141612679.4
-2562,141536943
-2563,141461235.5
-2564,141385557.1
-2565,141309907.8
-2566,141234287.7
-2567,141158696.9
-2568,141083135.4
-2569,141007603.5
-2570,140932101.2
-2571,140856628.5
-2572,140781185.6
-2573,140705772.5
-2574,140630389.5
-2575,140555036.4
-2576,140479713.5
-2577,140404420.9
-2578,140329158.5
-2579,140253926.6
-2580,140178725.2
-2581,140103554.4
-2582,140028414.2
-2583,139953304.9
-2584,139878226.4
-2585,139803178.9
-2586,139728162.5
-2587,139653177.1
-2588,139578223
-2589,139503300.3
-2590,139428408.9
-2591,139353549.1
-2592,139278720.8
-2593,139203924.2
-2594,139129159.4
-2595,139054426.4
-2596,138979725.4
-2597,138905056.4
-2598,138830419.5
-2599,138755814.8
-2600,138681242.4
-2601,138606702.4
-2602,138532194.8
-2603,138457719.8
-2604,138383277.5
-2605,138308867.8
-2606,138234491
-2607,138160147.1
-2608,138085836.1
-2609,138011558.2
-2610,137937313.5
-2611,137863102
-2612,137788923.8
-2613,137714779
-2614,137640667.7
-2615,137566590
-2616,137492545.9
-2617,137418535.6
-2618,137344559
-2619,137270616.4
-2620,137196707.8
-2621,137122833.2
-2622,137048992.8
-2623,136975186.7
-2624,136901414.8
-2625,136827677.4
-2626,136753974.4
-2627,136680306
-2628,136606672.2
-2629,136533073.1
-2630,136459508.9
-2631,136385979.5
-2632,136312485.1
-2633,136239025.7
-2634,136165601.5
-2635,136092212.5
-2636,136018858.7
-2637,135945540.3
-2638,135872257.4
-2639,135799009.9
-2640,135725798.1
-2641,135652621.9
-2642,135579481.5
-2643,135506377
-2644,135433308.3
-2645,135360275.6
-2646,135287279
-2647,135214318.6
-2648,135141394.3
-2649,135068506.4
-2650,134995654.8
-2651,134922839.7
-2652,134850061
-2653,134777319
-2654,134704613.7
-2655,134631945.1
-2656,134559313.4
-2657,134486718.5
-2658,134414160.6
-2659,134341639.8
-2660,134269156.1
-2661,134196709.6
-2662,134124300.4
-2663,134051928.5
-2664,133979594.1
-2665,133907297.1
-2666,133835037.7
-2667,133762816
-2668,133690632
-2669,133618485.7
-2670,133546377.3
-2671,133474306.9
-2672,133402274.4
-2673,133330280
-2674,133258323.8
-2675,133186405.8
-2676,133114526.1
-2677,133042684.7
-2678,132970881.8
-2679,132899117.4
-2680,132827391.5
-2681,132755704.3
-2682,132684055.8
-2683,132612446.1
-2684,132540875.3
-2685,132469343.3
-2686,132397850.4
-2687,132326396.5
-2688,132254981.8
-2689,132183606.2
-2690,132112269.9
-2691,132040973
-2692,131969715.5
-2693,131898497.4
-2694,131827318.9
-2695,131756179.9
-2696,131685080.7
-2697,131614021.2
-2698,131543001.5
-2699,131472021.7
-2700,131401081.8
-2701,131330181.9
-2702,131259322.1
-2703,131188502.5
-2704,131117723
-2705,131046983.8
-2706,130976285
-2707,130905626.6
-2708,130835008.6
-2709,130764431.2
-2710,130693894.3
-2711,130623398.2
-2712,130552942.7
-2713,130482528.1
-2714,130412154.3
-2715,130341821.4
-2716,130271529.5
-2717,130201278.6
-2718,130131068.9
-2719,130060900.3
-2720,129990773
-2721,129920686.9
-2722,129850642.3
-2723,129780639
-2724,129710677.2
-2725,129640757
-2726,129570878.4
-2727,129501041.5
-2728,129431246.3
-2729,129361492.8
-2730,129291781.3
-2731,129222111.6
-2732,129152483.9
-2733,129082898.3
-2734,129013354.8
-2735,128943853.4
-2736,128874394.2
-2737,128804977.3
-2738,128735602.7
-2739,128666270.6
-2740,128596980.9
-2741,128527733.7
-2742,128458529
-2743,128389367.1
-2744,128320247.7
-2745,128251171.2
-2746,128182137.4
-2747,128113146.6
-2748,128044198.6
-2749,127975293.6
-2750,127906431.7
-2751,127837612.8
-2752,127768837.1
-2753,127700104.6
-2754,127631415.4
-2755,127562769.5
-2756,127494166.9
-2757,127425607.8
-2758,127357092.2
-2759,127288620.2
-2760,127220191.7
-2761,127151806.9
-2762,127083465.8
-2763,127015168.5
-2764,126946915
-2765,126878705.4
-2766,126810539.7
-2767,126742418
-2768,126674340.4
-2769,126606306.8
-2770,126538317.4
-2771,126470372.2
-2772,126402471.2
-2773,126334614.6
-2774,126266802.3
-2775,126199034.5
-2776,126131311.1
-2777,126063632.2
-2778,125995997.9
-2779,125928408.3
-2780,125860863.3
-2781,125793363.1
-2782,125725907.6
-2783,125658497
-2784,125591131.3
-2785,125523810.5
-2786,125456534.7
-2787,125389303.9
-2788,125322118.2
-2789,125254977.7
-2790,125187882.4
-2791,125120832.3
-2792,125053827.5
-2793,124986868.1
-2794,124919954.1
-2795,124853085.5
-2796,124786262.4
-2797,124719484.8
-2798,124652752.9
-2799,124586066.5
-2800,124519425.9
-2801,124452831
-2802,124386282
-2803,124319778.7
-2804,124253321.4
-2805,124186909.9
-2806,124120544.5
-2807,124054225.1
-2808,123987951.8
-2809,123921724.6
-2810,123855543.5
-2811,123789408.7
-2812,123723320.2
-2813,123657278
-2814,123591282.2
-2815,123525332.7
-2816,123459429.7
-2817,123393573.3
-2818,123327763.3
-2819,123262000
-2820,123196283.3
-2821,123130613.3
-2822,123064990
-2823,122999413.5
-2824,122933883.9
-2825,122868401.1
-2826,122802965.2
-2827,122737576.3
-2828,122672234.3
-2829,122606939.5
-2830,122541691.7
-2831,122476491
-2832,122411337.6
-2833,122346231.3
-2834,122281172.4
-2835,122216160.7
-2836,122151196.4
-2837,122086279.5
-2838,122021410.1
-2839,121956588.1
-2840,121891813.6
-2841,121827086.8
-2842,121762407.5
-2843,121697775.9
-2844,121633192
-2845,121568655.8
-2846,121504167.5
-2847,121439726.9
-2848,121375334.2
-2849,121310989.5
-2850,121246692.6
-2851,121182443.8
-2852,121118243
-2853,121054090.3
-2854,120989985.6
-2855,120925929.2
-2856,120861920.9
-2857,120797960.9
-2858,120734049.1
-2859,120670185.7
-2860,120606370.6
-2861,120542603.9
-2862,120478885.7
-2863,120415215.9
-2864,120351594.6
-2865,120288021.9
-2866,120224497.8
-2867,120161022.4
-2868,120097595.6
-2869,120034217.5
-2870,119970888.1
-2871,119907607.6
-2872,119844375.8
-2873,119781193
-2874,119718059
-2875,119654974
-2876,119591938
-2877,119528950.9
-2878,119466013
-2879,119403124.1
-2880,119340284.3
-2881,119277493.7
-2882,119214752.3
-2883,119152060.2
-2884,119089417.3
-2885,119026823.8
-2886,118964279.5
-2887,118901784.7
-2888,118839339.3
-2889,118776943.4
-2890,118714596.9
-2891,118652300
-2892,118590052.6
-2893,118527854.9
-2894,118465706.7
-2895,118403608.3
-2896,118341559.6
-2897,118279560.5
-2898,118217611.3
-2899,118155711.9
-2900,118093862.3
-2901,118032062.6
-2902,117970312.9
-2903,117908613
-2904,117846963.2
-2905,117785363.4
-2906,117723813.6
-2907,117662313.9
-2908,117600864.3
-2909,117539464.9
-2910,117478115.7
-2911,117416816.6
-2912,117355567.9
-2913,117294369.4
-2914,117233221.2
-2915,117172123.4
-2916,117111076
-2917,117050079
-2918,116989132.4
-2919,116928236.3
-2920,116867390.7
-2921,116806595.7
-2922,116745851.2
-2923,116685157.4
-2924,116624514.1
-2925,116563921.6
-2926,116503379.8
-2927,116442888.6
-2928,116382448.3
-2929,116322058.8
-2930,116261720
-2931,116201432.2
-2932,116141195.2
-2933,116081009.1
-2934,116020874
-2935,115960789.9
-2936,115900756.7
-2937,115840774.7
-2938,115780843.6
-2939,115720963.7
-2940,115661134.9
-2941,115601357.3
-2942,115541630.9
-2943,115481955.6
-2944,115422331.7
-2945,115362759
-2946,115303237.6
-2947,115243767.5
-2948,115184348.8
-2949,115124981.5
-2950,115065665.6
-2951,115006401.1
-2952,114947188
-2953,114888026.2
-2954,114828915.7
-2955,114769856.2
-2956,114710847.8
-2957,114651890.4
-2958,114592983.9
-2959,114534128.2
-2960,114475323.3
-2961,114416569
-2962,114357865.3
-2963,114299212.1
-2964,114240609.4
-2965,114182057
-2966,114123555
-2967,114065103.1
-2968,114006701.3
-2969,113948349.7
-2970,113890047.9
-2971,113831796.1
-2972,113773594.2
-2973,113715441.9
-2974,113657339.4
-2975,113599286.4
-2976,113541283
-2977,113483329
-2978,113425424.4
-2979,113367569
-2980,113309762.9
-2981,113252006
-2982,113194298.1
-2983,113136639.2
-2984,113079029.2
-2985,113021468.1
-2986,112963955.8
-2987,112906492.1
-2988,112849077.1
-2989,112791710.6
-2990,112734392.6
-2991,112677123.1
-2992,112619901.8
-2993,112562728.8
-2994,112505603.9
-2995,112448527.2
-2996,112391498.5
-2997,112334517.8
-2998,112277585
-2999,112220699.9
-3000,112163862.7
-3001,112107073
-3002,112050331
-3003,111993636.5
-3004,111936989.5
-3005,111880389.8
-3006,111823837.5
-3007,111767332.3
-3008,111710874.4
-3009,111654463.5
-3010,111598099.6
-3011,111541782.7
-3012,111485512.7
-3013,111429289.5
-3014,111373113
-3015,111316983.1
-3016,111260899.9
-3017,111204863.1
-3018,111148872.9
-3019,111092929
-3020,111037031.3
-3021,110981180
-3022,110925374.8
-3023,110869615.7
-3024,110813902.6
-3025,110758235.5
-3026,110702614.2
-3027,110647038.8
-3028,110591509.1
-3029,110536025.1
-3030,110480586.6
-3031,110425193.8
-3032,110369846.3
-3033,110314544.3
-3034,110259287.6
-3035,110204076.2
-3036,110148909.9
-3037,110093788.8
-3038,110038712.7
-3039,109983681.6
-3040,109928695.4
-3041,109873754.1
-3042,109818857.5
-3043,109764005.6
-3044,109709198.4
-3045,109654435.7
-3046,109599717.6
-3047,109545043.9
-3048,109490414.5
-3049,109435829.4
-3050,109381288.6
-3051,109326791.9
-3052,109272339.4
-3053,109217930.8
-3054,109163566.2
-3055,109109245.6
-3056,109054968.7
-3057,109000735.6
-3058,108946546.2
-3059,108892400.4
-3060,108838298.2
-3061,108784239.4
-3062,108730224.1
-3063,108676252.2
-3064,108622323.5
-3065,108568438.1
-3066,108514595.8
-3067,108460796.7
-3068,108407040.5
-3069,108353327.3
-3070,108299657.1
-3071,108246029.6
-3072,108192444.9
-3073,108138903
-3074,108085403.6
-3075,108031946.8
-3076,107978532.6
-3077,107925160.7
-3078,107871831.3
-3079,107818544.1
-3080,107765299.3
-3081,107712096.5
-3082,107658935.9
-3083,107605817.4
-3084,107552740.8
-3085,107499706.2
-3086,107446713.4
-3087,107393762.4
-3088,107340853.2
-3089,107287985.6
-3090,107235159.6
-3091,107182375.2
-3092,107129632.2
-3093,107076930.7
-3094,107024270.5
-3095,106971651.6
-3096,106919073.9
-3097,106866537.4
-3098,106814041.9
-3099,106761587.5
-3100,106709174.1
-3101,106656801.6
-3102,106604469.9
-3103,106552179
-3104,106499928.9
-3105,106447719.3
-3106,106395550.4
-3107,106343422
-3108,106291334.1
-3109,106239286.6
-3110,106187279.5
-3111,106135312.6
-3112,106083386
-3113,106031499.5
-3114,105979653.1
-3115,105927846.7
-3116,105876080.4
-3117,105824353.9
-3118,105772667.3
-3119,105721020.5
-3120,105669413.5
-3121,105617846.1
-3122,105566318.3
-3123,105514830
-3124,105463381.3
-3125,105411972
-3126,105360602
-3127,105309271.4
-3128,105257980
-3129,105206727.8
-3130,105155514.7
-3131,105104340.7
-3132,105053205.7
-3133,105002109.6
-3134,104951052.5
-3135,104900034.1
-3136,104849054.5
-3137,104798113.7
-3138,104747211.5
-3139,104696347.8
-3140,104645522.7
-3141,104594736.1
-3142,104543987.9
-3143,104493278.1
-3144,104442606.5
-3145,104391973.2
-3146,104341378
-3147,104290821
-3148,104240302
-3149,104189821
-3150,104139378
-3151,104088972.9
-3152,104038605.5
-3153,103988276
-3154,103937984.1
-3155,103887730
-3156,103837513.4
-3157,103787334.3
-3158,103737192.7
-3159,103687088.6
-3160,103637021.8
-3161,103586992.3
-3162,103537000
-3163,103487045
-3164,103437127
-3165,103387246.2
-3166,103337402.4
-3167,103287595.5
-3168,103237825.6
-3169,103188092.4
-3170,103138396.1
-3171,103088736.5
-3172,103039113.6
-3173,102989527.4
-3174,102939977.6
-3175,102890464.4
-3176,102840987.7
-3177,102791547.3
-3178,102742143.3
-3179,102692775.6
-3180,102643444.1
-3181,102594148.7
-3182,102544889.5
-3183,102495666.4
-3184,102446479.2
-3185,102397328
-3186,102348212.7
-3187,102299133.3
-3188,102250089.6
-3189,102201081.7
-3190,102152109.4
-3191,102103172.7
-3192,102054271.6
-3193,102005406.1
-3194,101956575.9
-3195,101907781.2
-3196,101859021.8
-3197,101810297.7
-3198,101761608.9
-3199,101712955.2
-3200,101664336.7
-3201,101615753.2
-3202,101567204.7
-3203,101518691.3
-3204,101470212.7
-3205,101421769
-3206,101373360
-3207,101324985.9
-3208,101276646.4
-3209,101228341.6
-3210,101180071.3
-3211,101131835.6
-3212,101083634.4
-3213,101035467.6
-3214,100987335.1
-3215,100939237
-3216,100891173.2
-3217,100843143.6
-3218,100795148.1
-3219,100747186.8
-3220,100699259.5
-3221,100651366.2
-3222,100603506.9
-3223,100555681.4
-3224,100507889.8
-3225,100460132
-3226,100412408
-3227,100364717.6
-3228,100317060.9
-3229,100269437.8
-3230,100221848.2
-3231,100174292
-3232,100126769.3
-3233,100079280
-3234,100031824
-3235,99984401.31
-3236,99937011.82
-3237,99889655.49
-3238,99842332.29
-3239,99795042.15
-3240,99747785.03
-3241,99700560.88
-3242,99653369.64
-3243,99606211.27
-3244,99559085.71
-3245,99511992.91
-3246,99464932.82
-3247,99417905.4
-3248,99370910.58
-3249,99323948.32
-3250,99277018.57
-3251,99230121.28
-3252,99183256.4
-3253,99136423.87
-3254,99089623.65
-3255,99042855.69
-3256,98996119.93
-3257,98949416.33
-3258,98902744.84
-3259,98856105.4
-3260,98809497.97
-3261,98762922.5
-3262,98716378.94
-3263,98669867.23
-3264,98623387.33
-3265,98576939.19
-3266,98530522.76
-3267,98484138
-3268,98437784.84
-3269,98391463.24
-3270,98345173.16
-3271,98298914.54
-3272,98252687.33
-3273,98206491.49
-3274,98160326.97
-3275,98114193.72
-3276,98068091.68
-3277,98022020.82
-3278,97975981.08
-3279,97929972.41
-3280,97883994.77
-3281,97838048.11
-3282,97792132.37
-3283,97746247.52
-3284,97700393.49
-3285,97654570.26
-3286,97608777.75
-3287,97563015.94
-3288,97517284.77
-3289,97471584.19
-3290,97425914.16
-3291,97380274.62
-3292,97334665.53
-3293,97289086.85
-3294,97243538.52
-3295,97198020.5
-3296,97152532.73
-3297,97107075.19
-3298,97061647.8
-3299,97016250.54
-3300,96970883.35
-3301,96925546.18
-3302,96880238.99
-3303,96834961.73
-3304,96789714.36
-3305,96744496.82
-3306,96699309.07
-3307,96654151.07
-3308,96609022.77
-3309,96563924.11
-3310,96518855.07
-3311,96473815.58
-3312,96428805.6
-3313,96383825.09
-3314,96338874
-3315,96293952.28
-3316,96249059.89
-3317,96204196.79
-3318,96159362.92
-3319,96114558.24
-3320,96069782.71
-3321,96025036.27
-3322,95980318.89
-3323,95935630.52
-3324,95890971.11
-3325,95846340.61
-3326,95801738.99
-3327,95757166.2
-3328,95712622.18
-3329,95668106.91
-3330,95623620.32
-3331,95579162.38
-3332,95534733.05
-3333,95490332.27
-3334,95445960
-3335,95401616.2
-3336,95357300.82
-3337,95313013.81
-3338,95268755.15
-3339,95224524.77
-3340,95180322.63
-3341,95136148.69
-3342,95092002.91
-3343,95047885.24
-3344,95003795.64
-3345,94959734.06
-3346,94915700.47
-3347,94871694.8
-3348,94827717.03
-3349,94783767.1
-3350,94739844.98
-3351,94695950.62
-3352,94652083.97
-3353,94608245
-3354,94564433.65
-3355,94520649.89
-3356,94476893.67
-3357,94433164.96
-3358,94389463.69
-3359,94345789.84
-3360,94302143.36
-3361,94258524.2
-3362,94214932.33
-3363,94171367.7
-3364,94127830.26
-3365,94084319.98
-3366,94040836.81
-3367,93997380.71
-3368,93953951.63
-3369,93910549.54
-3370,93867174.38
-3371,93823826.13
-3372,93780504.73
-3373,93737210.15
-3374,93693942.33
-3375,93650701.25
-3376,93607486.85
-3377,93564299.1
-3378,93521137.95
-3379,93478003.36
-3380,93434895.29
-3381,93391813.69
-3382,93348758.53
-3383,93305729.76
-3384,93262727.35
-3385,93219751.24
-3386,93176801.4
-3387,93133877.79
-3388,93090980.36
-3389,93048109.08
-3390,93005263.9
-3391,92962444.78
-3392,92919651.68
-3393,92876884.56
-3394,92834143.38
-3395,92791428.09
-3396,92748738.66
-3397,92706075.04
-3398,92663437.2
-3399,92620825.09
-3400,92578238.67
-3401,92535677.9
-3402,92493142.74
-3403,92450633.16
-3404,92408149.1
-3405,92365690.53
-3406,92323257.41
-3407,92280849.7
-3408,92238467.36
-3409,92196110.34
-3410,92153778.62
-3411,92111472.14
-3412,92069190.86
-3413,92026934.76
-3414,91984703.78
-3415,91942497.89
-3416,91900317.05
-3417,91858161.21
-3418,91816030.34
-3419,91773924.41
-3420,91731843.36
-3421,91689787.16
-3422,91647755.76
-3423,91605749.14
-3424,91563767.26
-3425,91521810.06
-3426,91479877.51
-3427,91437969.58
-3428,91396086.22
-3429,91354227.4
-3430,91312393.07
-3431,91270583.2
-3432,91228797.75
-3433,91187036.67
-3434,91145299.94
-3435,91103587.51
-3436,91061899.34
-3437,91020235.39
-3438,90978595.63
-3439,90936980.02
-3440,90895388.52
-3441,90853821.08
-3442,90812277.68
-3443,90770758.27
-3444,90729262.81
-3445,90687791.28
-3446,90646343.62
-3447,90604919.8
-3448,90563519.78
-3449,90522143.53
-3450,90480791
-3451,90439462.16
-3452,90398156.98
-3453,90356875.4
-3454,90315617.41
-3455,90274382.94
-3456,90233171.98
-3457,90191984.48
-3458,90150820.41
-3459,90109679.72
-3460,90068562.39
-3461,90027468.36
-3462,89986397.62
-3463,89945350.11
-3464,89904325.8
-3465,89863324.65
-3466,89822346.63
-3467,89781391.7
-3468,89740459.83
-3469,89699550.97
-3470,89658665.08
-3471,89617802.14
-3472,89576962.11
-3473,89536144.94
-3474,89495350.61
-3475,89454579.07
-3476,89413830.29
-3477,89373104.23
-3478,89332400.86
-3479,89291720.14
-3480,89251062.03
-3481,89210426.5
-3482,89169813.51
-3483,89129223.02
-3484,89088655
-3485,89048109.41
-3486,89007586.22
-3487,88967085.39
-3488,88926606.89
-3489,88886150.67
-3490,88845716.7
-3491,88805304.95
-3492,88764915.39
-3493,88724547.96
-3494,88684202.65
-3495,88643879.41
-3496,88603578.21
-3497,88563299.02
-3498,88523041.79
-3499,88482806.49
-3500,88442593.09
-3501,88402401.56
-3502,88362231.85
-3503,88322083.93
-3504,88281957.77
-3505,88241853.32
-3506,88201770.57
-3507,88161709.47
-3508,88121669.98
-3509,88081652.07
-3510,88041655.72
-3511,88001680.87
-3512,87961727.5
-3513,87921795.57
-3514,87881885.06
-3515,87841995.91
-3516,87802128.11
-3517,87762281.61
-3518,87722456.38
-3519,87682652.38
-3520,87642869.59
-3521,87603107.96
-3522,87563367.47
-3523,87523648.08
-3524,87483949.75
-3525,87444272.45
-3526,87404616.15
-3527,87364980.81
-3528,87325366.4
-3529,87285772.89
-3530,87246200.23
-3531,87206648.41
-3532,87167117.38
-3533,87127607.11
-3534,87088117.56
-3535,87048648.71
-3536,87009200.52
-3537,86969772.95
-3538,86930365.98
-3539,86890979.56
-3540,86851613.67
-3541,86812268.28
-3542,86772943.34
-3543,86733638.83
-3544,86694354.71
-3545,86655090.96
-3546,86615847.53
-3547,86576624.39
-3548,86537421.51
-3549,86498238.87
-3550,86459076.41
-3551,86419934.13
-3552,86380811.97
-3553,86341709.9
-3554,86302627.91
-3555,86263565.94
-3556,86224523.97
-3557,86185501.97
-3558,86146499.91
-3559,86107517.74
-3560,86068555.45
-3561,86029612.99
-3562,85990690.34
-3563,85951787.46
-3564,85912904.32
-3565,85874040.89
-3566,85835197.14
-3567,85796373.03
-3568,85757568.53
-3569,85718783.62
-3570,85680018.25
-3571,85641272.4
-3572,85602546.03
-3573,85563839.12
-3574,85525151.63
-3575,85486483.53
-3576,85447834.78
-3577,85409205.36
-3578,85370595.24
-3579,85332004.38
-3580,85293432.76
-3581,85254880.33
-3582,85216347.08
-3583,85177832.96
-3584,85139337.95
-3585,85100862.01
-3586,85062405.12
-3587,85023967.24
-3588,84985548.35
-3589,84947148.41
-3590,84908767.38
-3591,84870405.25
-3592,84832061.97
-3593,84793737.53
-3594,84755431.88
-3595,84717144.99
-3596,84678876.84
-3597,84640627.4
-3598,84602396.63
-3599,84564184.51
-3600,84525990.99
-3601,84487816.06
-3602,84449659.69
-3603,84411521.83
-3604,84373402.47
-3605,84335301.56
-3606,84297219.09
-3607,84259155.02
-3608,84221109.32
-3609,84183081.96
-3610,84145072.91
-3611,84107082.15
-3612,84069109.63
-3613,84031155.33
-3614,83993219.22
-3615,83955301.28
-3616,83917401.46
-3617,83879519.75
-3618,83841656.11
-3619,83803810.51
-3620,83765982.92
-3621,83728173.31
-3622,83690381.66
-3623,83652607.93
-3624,83614852.1
-3625,83577114.13
-3626,83539393.99
-3627,83501691.66
-3628,83464007.11
-3629,83426340.31
-3630,83388691.22
-3631,83351059.83
-3632,83313446.09
-3633,83275849.99
-3634,83238271.48
-3635,83200710.55
-3636,83163167.17
-3637,83125641.3
-3638,83088132.91
-3639,83050641.99
-3640,83013168.49
-3641,82975712.39
-3642,82938273.66
-3643,82900852.28
-3644,82863448.21
-3645,82826061.43
-3646,82788691.9
-3647,82751339.61
-3648,82714004.51
-3649,82676686.58
-3650,82639385.8
-3651,82602102.14
-3652,82564835.56
-3653,82527586.04
-3654,82490353.55
-3655,82453138.06
-3656,82415939.55
-3657,82378757.98
-3658,82341593.34
-3659,82304445.58
-3660,82267314.69
-3661,82230200.63
-3662,82193103.37
-3663,82156022.9
-3664,82118959.18
-3665,82081912.18
-3666,82044881.88
-3667,82007868.25
-3668,81970871.26
-3669,81933890.88
-3670,81896927.08
-3671,81859979.85
-3672,81823049.14
-3673,81786134.95
-3674,81749237.22
-3675,81712355.95
-3676,81675491.09
-3677,81638642.64
-3678,81601810.55
-3679,81564994.79
-3680,81528195.36
-3681,81491412.21
-3682,81454645.31
-3683,81417894.66
-3684,81381160.2
-3685,81344441.93
-3686,81307739.8
-3687,81271053.8
-3688,81234383.9
-3689,81197730.07
-3690,81161092.29
-3691,81124470.52
-3692,81087864.74
-3693,81051274.93
-3694,81014701.06
-3695,80978143.1
-3696,80941601.03
-3697,80905074.81
-3698,80868564.43
-3699,80832069.85
-3700,80795591.06
-3701,80759128.02
-3702,80722680.7
-3703,80686249.09
-3704,80649833.16
-3705,80613432.87
-3706,80577048.2
-3707,80540679.14
-3708,80504325.64
-3709,80467987.7
-3710,80431665.27
-3711,80395358.33
-3712,80359066.87
-3713,80322790.84
-3714,80286530.23
-3715,80250285.02
-3716,80214055.17
-3717,80177840.65
-3718,80141641.46
-3719,80105457.55
-3720,80069288.91
-3721,80033135.5
-3722,79996997.3
-3723,79960874.3
-3724,79924766.45
-3725,79888673.74
-3726,79852596.15
-3727,79816533.63
-3728,79780486.18
-3729,79744453.77
-3730,79708436.36
-3731,79672433.95
-3732,79636446.49
-3733,79600473.97
-3734,79564516.36
-3735,79528573.63
-3736,79492645.77
-3737,79456732.74
-3738,79420834.53
-3739,79384951.1
-3740,79349082.43
-3741,79313228.5
-3742,79277389.28
-3743,79241564.76
-3744,79205754.89
-3745,79169959.67
-3746,79134179.05
-3747,79098413.03
-3748,79062661.58
-3749,79026924.67
-3750,78991202.27
-3751,78955494.37
-3752,78919800.94
-3753,78884121.95
-3754,78848457.38
-3755,78812807.21
-3756,78777171.4
-3757,78741549.95
-3758,78705942.83
-3759,78670350
-3760,78634771.45
-3761,78599207.15
-3762,78563657.08
-3763,78528121.21
-3764,78492599.53
-3765,78457092
-3766,78421598.6
-3767,78386119.32
-3768,78350654.12
-3769,78315202.99
-3770,78279765.89
-3771,78244342.81
-3772,78208933.72
-3773,78173538.6
-3774,78138157.43
-3775,78102790.17
-3776,78067436.82
-3777,78032097.34
-3778,77996771.71
-3779,77961459.91
-3780,77926161.92
-3781,77890877.71
-3782,77855607.25
-3783,77820350.54
-3784,77785107.54
-3785,77749878.22
-3786,77714662.58
-3787,77679460.58
-3788,77644272.2
-3789,77609097.42
-3790,77573936.21
-3791,77538788.56
-3792,77503654.44
-3793,77468533.82
-3794,77433426.69
-3795,77398333.02
-3796,77363252.8
-3797,77328185.98
-3798,77293132.57
-3799,77258092.52
-3800,77223065.83
-3801,77188052.46
-3802,77153052.39
-3803,77118065.61
-3804,77083092.09
-3805,77048131.81
-3806,77013184.74
-3807,76978250.87
-3808,76943330.16
-3809,76908422.61
-3810,76873528.18
-3811,76838646.86
-3812,76803778.62
-3813,76768923.44
-3814,76734081.3
-3815,76699252.18
-3816,76664436.05
-3817,76629632.9
-3818,76594842.7
-3819,76560065.42
-3820,76525301.06
-3821,76490549.58
-3822,76455810.97
-3823,76421085.2
-3824,76386372.25
-3825,76351672.1
-3826,76316984.73
-3827,76282310.11
-3828,76247648.23
-3829,76212999.07
-3830,76178362.59
-3831,76143738.79
-3832,76109127.64
-3833,76074529.12
-3834,76039943.2
-3835,76005369.87
-3836,75970809.11
-3837,75936260.89
-3838,75901725.19
-3839,75867202
-3840,75832691.28
-3841,75798193.03
-3842,75763707.21
-3843,75729233.81
-3844,75694772.81
-3845,75660324.18
-3846,75625887.91
-3847,75591463.98
-3848,75557052.35
-3849,75522653.02
-3850,75488265.96
-3851,75453891.16
-3852,75419528.58
-3853,75385178.22
-3854,75350840.04
-3855,75316514.04
-3856,75282200.18
-3857,75247898.45
-3858,75213608.83
-3859,75179331.3
-3860,75145065.83
-3861,75110812.41
-3862,75076571.02
-3863,75042341.64
-3864,75008124.24
-3865,74973918.8
-3866,74939725.32
-3867,74905543.76
-3868,74871374.1
-3869,74837216.33
-3870,74803070.42
-3871,74768936.37
-3872,74734814.13
-3873,74700703.71
-3874,74666605.06
-3875,74632518.19
-3876,74598443.06
-3877,74564379.66
-3878,74530327.96
-3879,74496287.95
-3880,74462259.61
-3881,74428242.92
-3882,74394237.86
-3883,74360244.4
-3884,74326262.53
-3885,74292292.24
-3886,74258333.49
-3887,74224386.27
-3888,74190450.57
-3889,74156526.36
-3890,74122613.62
-3891,74088712.33
-3892,74054822.48
-3893,74020944.04
-3894,73987077
-3895,73953221.33
-3896,73919377.02
-3897,73885544.05
-3898,73851722.4
-3899,73817912.05
-3900,73784112.98
-3901,73750325.17
-3902,73716548.61
-3903,73682783.27
-3904,73649029.14
-3905,73615286.19
-3906,73581554.41
-3907,73547833.78
-3908,73514124.28
-3909,73480425.89
-3910,73446738.59
-3911,73413062.37
-3912,73379397.2
-3913,73345743.07
-3914,73312099.96
-3915,73278467.85
-3916,73244846.72
-3917,73211236.55
-3918,73177637.33
-3919,73144049.04
-3920,73110471.65
-3921,73076905.15
-3922,73043349.53
-3923,73009804.75
-3924,72976270.82
-3925,72942747.69
-3926,72909235.37
-3927,72875733.83
-3928,72842243.05
-3929,72808763.01
-3930,72775293.7
-3931,72741835.1
-3932,72708387.19
-3933,72674949.95
-3934,72641523.36
-3935,72608107.41
-3936,72574702.08
-3937,72541307.36
-3938,72507923.21
-3939,72474549.63
-3940,72441186.6
-3941,72407834.1
-3942,72374492.1
-3943,72341160.61
-3944,72307839.59
-3945,72274529.03
-3946,72241228.92
-3947,72207939.22
-3948,72174659.94
-3949,72141391.04
-3950,72108132.52
-3951,72074884.36
-3952,72041646.56
-3953,72008419.13
-3954,71975202.08
-3955,71941995.43
-3956,71908799.17
-3957,71875613.32
-3958,71842437.88
-3959,71809272.87
-3960,71776118.29
-3961,71742974.16
-3962,71709840.47
-3963,71676717.25
-3964,71643604.49
-3965,71610502.2
-3966,71577410.4
-3967,71544329.09
-3968,71511258.29
-3969,71478197.99
-3970,71445148.21
-3971,71412108.96
-3972,71379080.24
-3973,71346062.07
-3974,71313054.45
-3975,71280057.38
-3976,71247070.89
-3977,71214094.97
-3978,71181129.63
-3979,71148174.89
-3980,71115230.75
-3981,71082297.22
-3982,71049374.3
-3983,71016462.02
-3984,70983560.36
-3985,70950669.35
-3986,70917788.98
-3987,70884919.28
-3988,70852060.24
-3989,70819211.87
-3990,70786374.19
-3991,70753547.2
-3992,70720730.9
-3993,70687925.31
-3994,70655130.44
-3995,70622346.28
-3996,70589572.86
-3997,70556810.18
-3998,70524058.24
-3999,70491317.05
-4000,70458586.63
-4001,70425866.97
-4002,70393158.09
-4003,70360460
-4004,70327772.7
-4005,70295096.19
-4006,70262430.5
-4007,70229775.62
-4008,70197131.57
-4009,70164498.35
-4010,70131875.96
-4011,70099264.43
-4012,70066663.74
-4013,70034073.92
-4014,70001494.97
-4015,69968926.89
-4016,69936369.7
-4017,69903823.4
-4018,69871288
-4019,69838763.5
-4020,69806249.93
-4021,69773747.27
-4022,69741255.54
-4023,69708774.75
-4024,69676304.9
-4025,69643846
-4026,69611398.06
-4027,69578961.09
-4028,69546535.09
-4029,69514120.08
-4030,69481716.05
-4031,69449323.01
-4032,69416940.98
-4033,69384569.96
-4034,69352209.95
-4035,69319860.97
-4036,69287523.02
-4037,69255196.11
-4038,69222880.25
-4039,69190575.43
-4040,69158281.68
-4041,69125999
-4042,69093727.38
-4043,69061466.85
-4044,69029217.41
-4045,68996979.06
-4046,68964751.82
-4047,68932535.68
-4048,68900330.66
-4049,68868136.77
-4050,68835954
-4051,68803782.37
-4052,68771621.89
-4053,68739472.55
-4054,68707334.37
-4055,68675207.36
-4056,68643091.52
-4057,68610986.86
-4058,68578893.38
-4059,68546811.09
-4060,68514740
-4061,68482680.12
-4062,68450631.45
-4063,68418593.99
-4064,68386567.76
-4065,68354552.77
-4066,68322549.01
-4067,68290556.5
-4068,68258575.24
-4069,68226605.23
-4070,68194646.49
-4071,68162699.03
-4072,68130762.84
-4073,68098837.94
-4074,68066924.32
-4075,68035022.01
-4076,68003131
-4077,67971251.3
-4078,67939382.91
-4079,67907525.85
-4080,67875680.12
-4081,67843845.73
-4082,67812022.67
-4083,67780210.97
-4084,67748410.62
-4085,67716621.64
-4086,67684844.02
-4087,67653077.77
-4088,67621322.91
-4089,67589579.43
-4090,67557847.34
-4091,67526126.66
-4092,67494417.38
-4093,67462719.51
-4094,67431033.05
-4095,67399358.03
-4096,67367694.43
-4097,67336042.27
-4098,67304401.55
-4099,67272772.27
-4100,67241154.45
-4101,67209548.1
-4102,67177953.2
-4103,67146369.79
-4104,67114797.84
-4105,67083237.39
-4106,67051688.42
-4107,67020150.95
-4108,66988624.98
-4109,66957110.52
-4110,66925607.57
-4111,66894116.15
-4112,66862636.24
-4113,66831167.87
-4114,66799711.04
-4115,66768265.75
-4116,66736832.01
-4117,66705409.82
-4118,66673999.2
-4119,66642600.14
-4120,66611212.65
-4121,66579836.74
-4122,66548472.41
-4123,66517119.67
-4124,66485778.53
-4125,66454448.99
-4126,66423131.05
-4127,66391824.72
-4128,66360530.01
-4129,66329246.93
-4130,66297975.47
-4131,66266715.64
-4132,66235467.46
-4133,66204230.91
-4134,66173006.02
-4135,66141792.79
-4136,66110591.21
-4137,66079401.31
-4138,66048223.07
-4139,66017056.51
-4140,65985901.64
-4141,65954758.45
-4142,65923626.96
-4143,65892507.16
-4144,65861399.07
-4145,65830302.69
-4146,65799218.03
-4147,65768145.08
-4148,65737083.86
-4149,65706034.37
-4150,65674996.62
-4151,65643970.6
-4152,65612956.34
-4153,65581953.82
-4154,65550963.06
-4155,65519984.07
-4156,65489016.84
-4157,65458061.38
-4158,65427117.7
-4159,65396185.8
-4160,65365265.69
-4161,65334357.37
-4162,65303460.85
-4163,65272576.13
-4164,65241703.22
-4165,65210842.12
-4166,65179992.83
-4167,65149155.37
-4168,65118329.74
-4169,65087515.94
-4170,65056713.98
-4171,65025923.86
-4172,64995145.58
-4173,64964379.16
-4174,64933624.59
-4175,64902881.89
-4176,64872151.05
-4177,64841432.08
-4178,64810724.99
-4179,64780029.78
-4180,64749346.46
-4181,64718675.02
-4182,64688015.48
-4183,64657367.84
-4184,64626732.1
-4185,64596108.27
-4186,64565496.36
-4187,64534896.36
-4188,64504308.29
-4189,64473732.14
-4190,64443167.93
-4191,64412615.65
-4192,64382075.31
-4193,64351546.92
-4194,64321030.48
-4195,64290526
-4196,64260033.47
-4197,64229552.91
-4198,64199084.31
-4199,64168627.69
-4200,64138183.04
-4201,64107750.38
-4202,64077329.7
-4203,64046921.02
-4204,64016524.32
-4205,63986139.63
-4206,63955766.94
-4207,63925406.26
-4208,63895057.59
-4209,63864720.94
-4210,63834396.3
-4211,63804083.7
-4212,63773783.12
-4213,63743494.57
-4214,63713218.07
-4215,63682953.6
-4216,63652701.18
-4217,63622460.81
-4218,63592232.5
-4219,63562016.24
-4220,63531812.05
-4221,63501619.92
-4222,63471439.87
-4223,63441271.89
-4224,63411115.99
-4225,63380972.17
-4226,63350840.44
-4227,63320720.8
-4228,63290613.26
-4229,63260517.82
-4230,63230434.48
-4231,63200363.24
-4232,63170304.12
-4233,63140257.11
-4234,63110222.23
-4235,63080199.46
-4236,63050188.82
-4237,63020190.32
-4238,62990203.94
-4239,62960229.71
-4240,62930267.62
-4241,62900317.68
-4242,62870379.88
-4243,62840454.24
-4244,62810540.76
-4245,62780639.44
-4246,62750750.28
-4247,62720873.29
-4248,62691008.48
-4249,62661155.84
-4250,62631315.38
-4251,62601487.11
-4252,62571671.02
-4253,62541867.12
-4254,62512075.42
-4255,62482295.92
-4256,62452528.62
-4257,62422773.52
-4258,62393030.63
-4259,62363299.96
-4260,62333581.5
-4261,62303875.26
-4262,62274181.25
-4263,62244499.46
-4264,62214829.9
-4265,62185172.58
-4266,62155527.49
-4267,62125894.65
-4268,62096274.05
-4269,62066665.69
-4270,62037069.59
-4271,62007485.74
-4272,61977914.15
-4273,61948354.82
-4274,61918807.75
-4275,61889272.96
-4276,61859750.43
-4277,61830240.18
-4278,61800742.2
-4279,61771256.51
-4280,61741783.1
-4281,61712321.98
-4282,61682873.15
-4283,61653436.61
-4284,61624012.37
-4285,61594600.43
-4286,61565200.8
-4287,61535813.47
-4288,61506438.45
-4289,61477075.75
-4290,61447725.36
-4291,61418387.29
-4292,61389061.54
-4293,61359748.12
-4294,61330447.02
-4295,61301158.26
-4296,61271881.83
-4297,61242617.74
-4298,61213365.99
-4299,61184126.59
-4300,61154899.53
-4301,61125684.82
-4302,61096482.46
-4303,61067292.46
-4304,61038114.82
-4305,61008949.54
-4306,60979796.63
-4307,60950656.08
-4308,60921527.9
-4309,60892412.09
-4310,60863308.66
-4311,60834217.61
-4312,60805138.94
-4313,60776072.66
-4314,60747018.76
-4315,60717977.25
-4316,60688948.14
-4317,60659931.42
-4318,60630927.1
-4319,60601935.18
-4320,60572955.66
-4321,60543988.55
-4322,60515033.85
-4323,60486091.56
-4324,60457161.69
-4325,60428244.23
-4326,60399339.19
-4327,60370446.57
-4328,60341566.38
-4329,60312698.62
-4330,60283843.29
-4331,60255000.39
-4332,60226169.92
-4333,60197351.9
-4334,60168546.31
-4335,60139753.17
-4336,60110972.47
-4337,60082204.22
-4338,60053448.42
-4339,60024705.07
-4340,59995974.18
-4341,59967255.75
-4342,59938549.78
-4343,59909856.27
-4344,59881175.22
-4345,59852506.64
-4346,59823850.53
-4347,59795206.9
-4348,59766575.74
-4349,59737957.05
-4350,59709350.85
-4351,59680757.12
-4352,59652175.88
-4353,59623607.13
-4354,59595050.86
-4355,59566507.09
-4356,59537975.8
-4357,59509457.02
-4358,59480950.73
-4359,59452456.94
-4360,59423975.65
-4361,59395506.87
-4362,59367050.59
-4363,59338606.82
-4364,59310175.56
-4365,59281756.81
-4366,59253350.58
-4367,59224956.86
-4368,59196575.67
-4369,59168206.99
-4370,59139850.84
-4371,59111507.21
-4372,59083176.11
-4373,59054857.54
-4374,59026551.5
-4375,58998258
-4376,58969977.03
-4377,58941708.59
-4378,58913452.7
-4379,58885209.35
-4380,58856978.54
-4381,58828760.27
-4382,58800554.55
-4383,58772361.38
-4384,58744180.77
-4385,58716012.7
-4386,58687857.19
-4387,58659714.23
-4388,58631583.84
-4389,58603466
-4390,58575360.73
-4391,58547268.02
-4392,58519187.87
-4393,58491120.29
-4394,58463065.29
-4395,58435022.85
-4396,58406992.98
-4397,58378975.69
-4398,58350970.98
-4399,58322978.84
-4400,58294999.28
-4401,58267032.31
-4402,58239077.91
-4403,58211136.11
-4404,58183206.88
-4405,58155290.25
-4406,58127386.2
-4407,58099494.75
-4408,58071615.89
-4409,58043749.62
-4410,58015895.95
-4411,57988054.88
-4412,57960226.4
-4413,57932410.53
-4414,57904607.26
-4415,57876816.59
-4416,57849038.53
-4417,57821273.07
-4418,57793520.22
-4419,57765779.99
-4420,57738052.36
-4421,57710337.34
-4422,57682634.94
-4423,57654945.16
-4424,57627267.99
-4425,57599603.44
-4426,57571951.51
-4427,57544312.2
-4428,57516685.51
-4429,57489071.45
-4430,57461470.01
-4431,57433881.2
-4432,57406305.02
-4433,57378741.46
-4434,57351190.54
-4435,57323652.25
-4436,57296126.59
-4437,57268613.56
-4438,57241113.17
-4439,57213625.42
-4440,57186150.3
-4441,57158687.83
-4442,57131237.99
-4443,57103800.8
-4444,57076376.25
-4445,57048964.34
-4446,57021565.08
-4447,56994178.46
-4448,56966804.5
-4449,56939443.18
-4450,56912094.51
-4451,56884758.49
-4452,56857435.12
-4453,56830124.41
-4454,56802826.35
-4455,56775540.94
-4456,56748268.19
-4457,56721008.1
-4458,56693760.67
-4459,56666525.89
-4460,56639303.78
-4461,56612094.33
-4462,56584897.54
-4463,56557713.41
-4464,56530541.95
-4465,56503383.15
-4466,56476237.02
-4467,56449103.56
-4468,56421982.76
-4469,56394874.63
-4470,56367779.18
-4471,56340696.39
-4472,56313626.27
-4473,56286568.83
-4474,56259524.06
-4475,56232491.97
-4476,56205472.55
-4477,56178465.8
-4478,56151471.73
-4479,56124490.34
-4480,56097521.63
-4481,56070565.6
-4482,56043622.24
-4483,56016691.57
-4484,55989773.58
-4485,55962868.27
-4486,55935975.64
-4487,55909095.69
-4488,55882228.43
-4489,55855373.86
-4490,55828531.97
-4491,55801702.76
-4492,55774886.25
-4493,55748082.42
-4494,55721291.28
-4495,55694512.82
-4496,55667747.06
-4497,55640993.99
-4498,55614253.61
-4499,55587525.91
-4500,55560810.91
-4501,55534108.61
-4502,55507418.99
-4503,55480742.07
-4504,55454077.84
-4505,55427426.31
-4506,55400787.47
-4507,55374161.33
-4508,55347547.88
-4509,55320947.13
-4510,55294359.08
-4511,55267783.72
-4512,55241221.07
-4513,55214671.11
-4514,55188133.85
-4515,55161609.28
-4516,55135097.42
-4517,55108598.26
-4518,55082111.8
-4519,55055638.04
-4520,55029176.98
-4521,55002728.62
-4522,54976292.96
-4523,54949870
-4524,54923459.75
-4525,54897062.2
-4526,54870677.36
-4527,54844305.21
-4528,54817945.77
-4529,54791599.04
-4530,54765265.01
-4531,54738943.68
-4532,54712635.06
-4533,54686339.14
-4534,54660055.93
-4535,54633785.42
-4536,54607527.62
-4537,54581282.53
-4538,54555050.14
-4539,54528830.45
-4540,54502623.48
-4541,54476429.21
-4542,54450247.64
-4543,54424078.79
-4544,54397922.64
-4545,54371779.19
-4546,54345648.46
-4547,54319530.43
-4548,54293425.11
-4549,54267332.5
-4550,54241252.59
-4551,54215185.39
-4552,54189130.9
-4553,54163089.12
-4554,54137060.04
-4555,54111043.68
-4556,54085040.02
-4557,54059049.07
-4558,54033070.82
-4559,54007105.28
-4560,53981152.46
-4561,53955212.33
-4562,53929284.92
-4563,53903370.21
-4564,53877468.22
-4565,53851578.92
-4566,53825702.34
-4567,53799838.46
-4568,53773987.29
-4569,53748148.83
-4570,53722323.08
-4571,53696510.03
-4572,53670709.69
-4573,53644922.05
-4574,53619147.12
-4575,53593384.9
-4576,53567635.38
-4577,53541898.57
-4578,53516174.46
-4579,53490463.06
-4580,53464764.37
-4581,53439078.38
-4582,53413405.09
-4583,53387744.51
-4584,53362096.63
-4585,53336461.46
-4586,53310838.99
-4587,53285229.23
-4588,53259632.16
-4589,53234047.8
-4590,53208476.15
-4591,53182917.19
-4592,53157370.94
-4593,53131837.39
-4594,53106316.54
-4595,53080808.39
-4596,53055312.94
-4597,53029830.19
-4598,53004360.14
-4599,52978902.79
-4600,52953458.14
-4601,52928026.19
-4602,52902606.94
-4603,52877200.38
-4604,52851806.52
-4605,52826425.36
-4606,52801056.89
-4607,52775701.12
-4608,52750358.05
-4609,52725027.67
-4610,52699709.98
-4611,52674404.99
-4612,52649112.69
-4613,52623833.09
-4614,52598566.18
-4615,52573311.96
-4616,52548070.43
-4617,52522841.59
-4618,52497625.44
-4619,52472421.99
-4620,52447231.22
-4621,52422053.14
-4622,52396887.75
-4623,52371735.04
-4624,52346595.02
-4625,52321467.69
-4626,52296353.04
-4627,52271251.08
-4628,52246161.81
-4629,52221085.21
-4630,52196021.3
-4631,52170970.07
-4632,52145931.53
-4633,52120905.66
-4634,52095892.47
-4635,52070891.97
-4636,52045904.14
-4637,52020928.99
-4638,51995966.52
-4639,51971016.72
-4640,51946079.6
-4641,51921155.16
-4642,51896243.39
-4643,51871344.29
-4644,51846457.87
-4645,51821584.11
-4646,51796723.03
-4647,51771874.62
-4648,51747038.88
-4649,51722215.81
-4650,51697405.4
-4651,51672607.67
-4652,51647822.6
-4653,51623050.19
-4654,51598290.45
-4655,51573543.37
-4656,51548808.96
-4657,51524087.2
-4658,51499378.11
-4659,51474681.68
-4660,51449997.91
-4661,51425326.79
-4662,51400668.33
-4663,51376022.53
-4664,51351389.39
-4665,51326768.9
-4666,51302161.06
-4667,51277565.87
-4668,51252983.34
-4669,51228413.46
-4670,51203856.23
-4671,51179311.64
-4672,51154779.7
-4673,51130260.41
-4674,51105753.77
-4675,51081259.77
-4676,51056778.41
-4677,51032309.7
-4678,51007853.62
-4679,50983410.19
-4680,50958979.4
-4681,50934561.24
-4682,50910155.72
-4683,50885762.84
-4684,50861382.59
-4685,50837014.98
-4686,50812660
-4687,50788317.65
-4688,50763987.93
-4689,50739670.84
-4690,50715366.38
-4691,50691074.54
-4692,50666795.33
-4693,50642528.75
-4694,50618274.79
-4695,50594033.45
-4696,50569804.73
-4697,50545588.63
-4698,50521385.15
-4699,50497194.29
-4700,50473016.04
-4701,50448850.41
-4702,50424697.39
-4703,50400556.99
-4704,50376429.19
-4705,50352314.01
-4706,50328211.43
-4707,50304121.46
-4708,50280044.1
-4709,50255979.34
-4710,50231927.19
-4711,50207887.64
-4712,50183860.68
-4713,50159846.33
-4714,50135844.58
-4715,50111855.42
-4716,50087878.86
-4717,50063914.89
-4718,50039963.52
-4719,50016024.74
-4720,49992098.54
-4721,49968184.94
-4722,49944283.92
-4723,49920395.49
-4724,49896519.64
-4725,49872656.38
-4726,49848805.7
-4727,49824967.59
-4728,49801142.07
-4729,49777329.12
-4730,49753528.75
-4731,49729740.96
-4732,49705965.74
-4733,49682203.08
-4734,49658453
-4735,49634715.49
-4736,49610990.54
-4737,49587278.16
-4738,49563578.35
-4739,49539891.09
-4740,49516216.4
-4741,49492554.26
-4742,49468904.69
-4743,49445267.67
-4744,49421643.2
-4745,49398031.29
-4746,49374431.93
-4747,49350845.12
-4748,49327270.86
-4749,49303709.15
-4750,49280159.98
-4751,49256623.35
-4752,49233099.27
-4753,49209587.73
-4754,49186088.73
-4755,49162602.26
-4756,49139128.33
-4757,49115666.93
-4758,49092218.07
-4759,49068781.73
-4760,49045357.93
-4761,49021946.65
-4762,48998547.9
-4763,48975161.68
-4764,48951787.97
-4765,48928426.79
-4766,48905078.12
-4767,48881741.97
-4768,48858418.34
-4769,48835107.22
-4770,48811808.62
-4771,48788522.52
-4772,48765248.93
-4773,48741987.85
-4774,48718739.28
-4775,48695503.2
-4776,48672279.63
-4777,48649068.56
-4778,48625869.99
-4779,48602683.91
-4780,48579510.33
-4781,48556349.24
-4782,48533200.64
-4783,48510064.54
-4784,48486940.91
-4785,48463829.78
-4786,48440731.12
-4787,48417644.95
-4788,48394571.26
-4789,48371510.05
-4790,48348461.31
-4791,48325425.05
-4792,48302401.26
-4793,48279389.94
-4794,48256391.08
-4795,48233404.7
-4796,48210430.78
-4797,48187469.32
-4798,48164520.33
-4799,48141583.79
-4800,48118659.71
-4801,48095748.09
-4802,48072848.92
-4803,48049962.2
-4804,48027087.93
-4805,48004226.1
-4806,47981376.73
-4807,47958539.79
-4808,47935715.3
-4809,47912903.25
-4810,47890103.64
-4811,47867316.46
-4812,47844541.71
-4813,47821779.4
-4814,47799029.52
-4815,47776292.06
-4816,47753567.03
-4817,47730854.42
-4818,47708154.24
-4819,47685466.47
-4820,47662791.13
-4821,47640128.19
-4822,47617477.67
-4823,47594839.57
-4824,47572213.87
-4825,47549600.58
-4826,47526999.69
-4827,47504411.21
-4828,47481835.12
-4829,47459271.44
-4830,47436720.15
-4831,47414181.26
-4832,47391654.76
-4833,47369140.65
-4834,47346638.93
-4835,47324149.59
-4836,47301672.64
-4837,47279208.07
-4838,47256755.88
-4839,47234316.07
-4840,47211888.63
-4841,47189473.57
-4842,47167070.88
-4843,47144680.55
-4844,47122302.59
-4845,47099937
-4846,47077583.77
-4847,47055242.9
-4848,47032914.38
-4849,47010598.23
-4850,46988294.42
-4851,46966002.97
-4852,46943723.86
-4853,46921457.11
-4854,46899202.69
-4855,46876960.62
-4856,46854730.89
-4857,46832513.5
-4858,46810308.44
-4859,46788115.71
-4860,46765935.32
-4861,46743767.25
-4862,46721611.51
-4863,46699468.1
-4864,46677337
-4865,46655218.23
-4866,46633111.77
-4867,46611017.63
-4868,46588935.8
-4869,46566866.28
-4870,46544809.06
-4871,46522764.16
-4872,46500731.55
-4873,46478711.25
-4874,46456703.24
-4875,46434707.53
-4876,46412724.12
-4877,46390752.99
-4878,46368794.16
-4879,46346847.61
-4880,46324913.34
-4881,46302991.36
-4882,46281081.65
-4883,46259184.23
-4884,46237299.07
-4885,46215426.19
-4886,46193565.58
-4887,46171717.24
-4888,46149881.16
-4889,46128057.34
-4890,46106245.79
-4891,46084446.49
-4892,46062659.44
-4893,46040884.65
-4894,46019122.11
-4895,45997371.82
-4896,45975633.77
-4897,45953907.96
-4898,45932194.4
-4899,45910493.07
-4900,45888803.97
-4901,45867127.11
-4902,45845462.48
-4903,45823810.08
-4904,45802169.91
-4905,45780541.95
-4906,45758926.22
-4907,45737322.7
-4908,45715731.4
-4909,45694152.31
-4910,45672585.43
-4911,45651030.76
-4912,45629488.3
-4913,45607958.03
-4914,45586439.97
-4915,45564934.1
-4916,45543440.43
-4917,45521958.95
-4918,45500489.66
-4919,45479032.55
-4920,45457587.64
-4921,45436154.9
-4922,45414734.34
-4923,45393325.96
-4924,45371929.75
-4925,45350545.71
-4926,45329173.84
-4927,45307814.14
-4928,45286466.6
-4929,45265131.23
-4930,45243808.01
-4931,45222496.94
-4932,45201198.03
-4933,45179911.27
-4934,45158636.66
-4935,45137374.19
-4936,45116123.86
-4937,45094885.68
-4938,45073659.63
-4939,45052445.71
-4940,45031243.93
-4941,45010054.27
-4942,44988876.74
-4943,44967711.34
-4944,44946558.05
-4945,44925416.88
-4946,44904287.83
-4947,44883170.89
-4948,44862066.06
-4949,44840973.34
-4950,44819892.72
-4951,44798824.2
-4952,44777767.77
-4953,44756723.43
-4954,44735691.15
-4955,44714670.93
-4956,44693662.75
-4957,44672666.62
-4958,44651682.5
-4959,44630710.41
-4960,44609750.31
-4961,44588802.21
-4962,44567866.09
-4963,44546941.94
-4964,44526029.75
-4965,44505129.52
-4966,44484241.22
-4967,44463364.85
-4968,44442500.39
-4969,44421647.84
-4970,44400807.19
-4971,44379978.42
-4972,44359161.53
-4973,44338356.5
-4974,44317563.33
-4975,44296782
-4976,44276012.49
-4977,44255254.81
-4978,44234508.94
-4979,44213774.87
-4980,44193052.59
-4981,44172342.09
-4982,44151643.36
-4983,44130956.38
-4984,44110281.15
-4985,44089617.66
-4986,44068965.89
-4987,44048325.84
-4988,44027697.49
-4989,44007080.83
-4990,43986475.86
-4991,43965882.57
-4992,43945300.93
-4993,43924730.95
-4994,43904172.61
-4995,43883625.9
-4996,43863090.81
-4997,43842567.34
-4998,43822055.46
-4999,43801555.17
-5000,43781066.47
-5001,43760589.33
-5002,43740123.75
-5003,43719669.71
-5004,43699227.22
-5005,43678796.25
-5006,43658376.8
-5007,43637968.86
-5008,43617572.42
-5009,43597187.46
-5010,43576813.97
-5011,43556451.96
-5012,43536101.39
-5013,43515762.28
-5014,43495434.6
-5015,43475118.34
-5016,43454813.5
-5017,43434520.06
-5018,43414238.02
-5019,43393967.36
-5020,43373708.07
-5021,43353460.15
-5022,43333223.58
-5023,43312998.36
-5024,43292784.47
-5025,43272581.9
-5026,43252390.64
-5027,43232210.69
-5028,43212042.03
-5029,43191884.66
-5030,43171738.56
-5031,43151603.72
-5032,43131480.13
-5033,43111367.78
-5034,43091266.67
-5035,43071176.78
-5036,43051098.11
-5037,43031030.63
-5038,43010974.35
-5039,42990929.25
-5040,42970895.33
-5041,42950872.57
-5042,42930860.96
-5043,42910860.49
-5044,42890871.16
-5045,42870892.95
-5046,42850925.85
-5047,42830969.86
-5048,42811024.96
-5049,42791091.14
-5050,42771168.4
-5051,42751256.72
-5052,42731356.1
-5053,42711466.52
-5054,42691587.98
-5055,42671720.46
-5056,42651863.95
-5057,42632018.45
-5058,42612183.95
-5059,42592360.43
-5060,42572547.89
-5061,42552746.32
-5062,42532955.7
-5063,42513176.02
-5064,42493407.29
-5065,42473649.48
-5066,42453902.59
-5067,42434166.61
-5068,42414441.53
-5069,42394727.33
-5070,42375024.02
-5071,42355331.57
-5072,42335649.99
-5073,42315979.25
-5074,42296319.36
-5075,42276670.3
-5076,42257032.05
-5077,42237404.63
-5078,42217788
-5079,42198182.16
-5080,42178587.11
-5081,42159002.84
-5082,42139429.32
-5083,42119866.57
-5084,42100314.55
-5085,42080773.28
-5086,42061242.73
-5087,42041722.89
-5088,42022213.77
-5089,42002715.34
-5090,41983227.6
-5091,41963750.54
-5092,41944284.15
-5093,41924828.42
-5094,41905383.34
-5095,41885948.9
-5096,41866525.1
-5097,41847111.91
-5098,41827709.34
-5099,41808317.38
-5100,41788936.01
-5101,41769565.22
-5102,41750205.01
-5103,41730855.37
-5104,41711516.29
-5105,41692187.75
-5106,41672869.75
-5107,41653562.29
-5108,41634265.34
-5109,41614978.9
-5110,41595702.97
-5111,41576437.53
-5112,41557182.57
-5113,41537938.09
-5114,41518704.07
-5115,41499480.51
-5116,41480267.39
-5117,41461064.71
-5118,41441872.46
-5119,41422690.63
-5120,41403519.21
-5121,41384358.19
-5122,41365207.57
-5123,41346067.32
-5124,41326937.45
-5125,41307817.94
-5126,41288708.79
-5127,41269609.99
-5128,41250521.52
-5129,41231443.38
-5130,41212375.56
-5131,41193318.06
-5132,41174270.85
-5133,41155233.93
-5134,41136207.3
-5135,41117190.94
-5136,41098184.85
-5137,41079189.01
-5138,41060203.42
-5139,41041228.07
-5140,41022262.95
-5141,41003308.05
-5142,40984363.36
-5143,40965428.87
-5144,40946504.58
-5145,40927590.47
-5146,40908686.54
-5147,40889792.77
-5148,40870909.16
-5149,40852035.71
-5150,40833172.39
-5151,40814319.2
-5152,40795476.14
-5153,40776643.19
-5154,40757820.35
-5155,40739007.6
-5156,40720204.94
-5157,40701412.36
-5158,40682629.84
-5159,40663857.39
-5160,40645095
-5161,40626342.64
-5162,40607600.32
-5163,40588868.03
-5164,40570145.75
-5165,40551433.49
-5166,40532731.22
-5167,40514038.94
-5168,40495356.65
-5169,40476684.33
-5170,40458021.98
-5171,40439369.58
-5172,40420727.14
-5173,40402094.63
-5174,40383472.05
-5175,40364859.39
-5176,40346256.65
-5177,40327663.81
-5178,40309080.87
-5179,40290507.82
-5180,40271944.64
-5181,40253391.34
-5182,40234847.9
-5183,40216314.31
-5184,40197790.57
-5185,40179276.66
-5186,40160772.58
-5187,40142278.33
-5188,40123793.88
-5189,40105319.23
-5190,40086854.38
-5191,40068399.31
-5192,40049954.03
-5193,40031518.5
-5194,40013092.74
-5195,39994676.74
-5196,39976270.47
-5197,39957873.94
-5198,39939487.14
-5199,39921110.05
-5200,39902742.67
-5201,39884385
-5202,39866037.02
-5203,39847698.72
-5204,39829370.1
-5205,39811051.14
-5206,39792741.85
-5207,39774442.2
-5208,39756152.2
-5209,39737871.84
-5210,39719601.1
-5211,39701339.97
-5212,39683088.46
-5213,39664846.55
-5214,39646614.23
-5215,39628391.5
-5216,39610178.34
-5217,39591974.75
-5218,39573780.72
-5219,39555596.25
-5220,39537421.31
-5221,39519255.91
-5222,39501100.04
-5223,39482953.69
-5224,39464816.85
-5225,39446689.51
-5226,39428571.67
-5227,39410463.31
-5228,39392364.43
-5229,39374275.02
-5230,39356195.07
-5231,39338124.58
-5232,39320063.53
-5233,39302011.92
-5234,39283969.74
-5235,39265936.98
-5236,39247913.63
-5237,39229899.69
-5238,39211895.14
-5239,39193899.99
-5240,39175914.21
-5241,39157937.81
-5242,39139970.77
-5243,39122013.09
-5244,39104064.76
-5245,39086125.77
-5246,39068196.11
-5247,39050275.78
-5248,39032364.77
-5249,39014463.06
-5250,38996570.66
-5251,38978687.54
-5252,38960813.72
-5253,38942949.17
-5254,38925093.89
-5255,38907247.87
-5256,38889411.1
-5257,38871583.58
-5258,38853765.3
-5259,38835956.24
-5260,38818156.41
-5261,38800365.79
-5262,38782584.38
-5263,38764812.17
-5264,38747049.15
-5265,38729295.31
-5266,38711550.64
-5267,38693815.14
-5268,38676088.8
-5269,38658371.62
-5270,38640663.57
-5271,38622964.66
-5272,38605274.88
-5273,38587594.22
-5274,38569922.67
-5275,38552260.23
-5276,38534606.88
-5277,38516962.63
-5278,38499327.45
-5279,38481701.35
-5280,38464084.31
-5281,38446476.33
-5282,38428877.41
-5283,38411287.52
-5284,38393706.67
-5285,38376134.85
-5286,38358572.05
-5287,38341018.26
-5288,38323473.48
-5289,38305937.69
-5290,38288410.89
-5291,38270893.07
-5292,38253384.23
-5293,38235884.35
-5294,38218393.44
-5295,38200911.47
-5296,38183438.45
-5297,38165974.36
-5298,38148519.2
-5299,38131072.97
-5300,38113635.64
-5301,38096207.23
-5302,38078787.71
-5303,38061377.08
-5304,38043975.33
-5305,38026582.47
-5306,38009198.46
-5307,37991823.32
-5308,37974457.04
-5309,37957099.6
-5310,37939750.99
-5311,37922411.22
-5312,37905080.27
-5313,37887758.14
-5314,37870444.82
-5315,37853140.29
-5316,37835844.57
-5317,37818557.62
-5318,37801279.46
-5319,37784010.07
-5320,37766749.44
-5321,37749497.57
-5322,37732254.44
-5323,37715020.06
-5324,37697794.42
-5325,37680577.5
-5326,37663369.3
-5327,37646169.81
-5328,37628979.03
-5329,37611796.95
-5330,37594623.55
-5331,37577458.85
-5332,37560302.81
-5333,37543155.45
-5334,37526016.74
-5335,37508886.69
-5336,37491765.29
-5337,37474652.53
-5338,37457548.39
-5339,37440452.89
-5340,37423366
-5341,37406287.72
-5342,37389218.05
-5343,37372156.97
-5344,37355104.48
-5345,37338060.57
-5346,37321025.24
-5347,37303998.47
-5348,37286980.27
-5349,37269970.61
-5350,37252969.51
-5351,37235976.94
-5352,37218992.9
-5353,37202017.39
-5354,37185050.39
-5355,37168091.91
-5356,37151141.93
-5357,37134200.44
-5358,37117267.44
-5359,37100342.92
-5360,37083426.88
-5361,37066519.31
-5362,37049620.2
-5363,37032729.54
-5364,37015847.32
-5365,36998973.55
-5366,36982108.2
-5367,36965251.29
-5368,36948402.79
-5369,36931562.7
-5370,36914731.02
-5371,36897907.73
-5372,36881092.83
-5373,36864286.32
-5374,36847488.18
-5375,36830698.41
-5376,36813917
-5377,36797143.95
-5378,36780379.25
-5379,36763622.89
-5380,36746874.86
-5381,36730135.16
-5382,36713403.78
-5383,36696680.72
-5384,36679965.96
-5385,36663259.5
-5386,36646561.33
-5387,36629871.45
-5388,36613189.85
-5389,36596516.52
-5390,36579851.45
-5391,36563194.65
-5392,36546546.09
-5393,36529905.79
-5394,36513273.71
-5395,36496649.87
-5396,36480034.26
-5397,36463426.86
-5398,36446827.67
-5399,36430236.69
-5400,36413653.9
-5401,36397079.3
-5402,36380512.89
-5403,36363954.65
-5404,36347404.59
-5405,36330862.68
-5406,36314328.94
-5407,36297803.34
-5408,36281285.89
-5409,36264776.57
-5410,36248275.38
-5411,36231782.31
-5412,36215297.36
-5413,36198820.52
-5414,36182351.79
-5415,36165891.14
-5416,36149438.59
-5417,36132994.12
-5418,36116557.73
-5419,36100129.4
-5420,36083709.14
-5421,36067296.93
-5422,36050892.78
-5423,36034496.66
-5424,36018108.58
-5425,36001728.54
-5426,35985356.51
-5427,35968992.5
-5428,35952636.5
-5429,35936288.5
-5430,35919948.5
-5431,35903616.49
-5432,35887292.47
-5433,35870976.42
-5434,35854668.33
-5435,35838368.22
-5436,35822076.06
-5437,35805791.85
-5438,35789515.58
-5439,35773247.26
-5440,35756986.86
-5441,35740734.39
-5442,35724489.84
-5443,35708253.19
-5444,35692024.46
-5445,35675803.62
-5446,35659590.67
-5447,35643385.61
-5448,35627188.43
-5449,35610999.12
-5450,35594817.67
-5451,35578644.09
-5452,35562478.36
-5453,35546320.48
-5454,35530170.43
-5455,35514028.22
-5456,35497893.84
-5457,35481767.28
-5458,35465648.54
-5459,35449537.6
-5460,35433434.47
-5461,35417339.13
-5462,35401251.58
-5463,35385171.81
-5464,35369099.82
-5465,35353035.61
-5466,35336979.15
-5467,35320930.45
-5468,35304889.51
-5469,35288856.31
-5470,35272830.84
-5471,35256813.11
-5472,35240803.11
-5473,35224800.82
-5474,35208806.25
-5475,35192819.39
-5476,35176840.23
-5477,35160868.76
-5478,35144904.98
-5479,35128948.88
-5480,35113000.46
-5481,35097059.71
-5482,35081126.62
-5483,35065201.19
-5484,35049283.41
-5485,35033373.28
-5486,35017470.78
-5487,35001575.92
-5488,34985688.68
-5489,34969809.06
-5490,34953937.06
-5491,34938072.66
-5492,34922215.86
-5493,34906366.66
-5494,34890525.05
-5495,34874691.03
-5496,34858864.58
-5497,34843045.7
-5498,34827234.38
-5499,34811430.62
-5500,34795634.42
-5501,34779845.76
-5502,34764064.64
-5503,34748291.06
-5504,34732525
-5505,34716766.47
-5506,34701015.45
-5507,34685271.94
-5508,34669535.94
-5509,34653807.43
-5510,34638086.42
-5511,34622372.89
-5512,34606666.84
-5513,34590968.26
-5514,34575277.15
-5515,34559593.5
-5516,34543917.31
-5517,34528248.57
-5518,34512587.27
-5519,34496933.4
-5520,34481286.97
-5521,34465647.97
-5522,34450016.38
-5523,34434392.21
-5524,34418775.44
-5525,34403166.08
-5526,34387564.11
-5527,34371969.53
-5528,34356382.34
-5529,34340802.52
-5530,34325230.07
-5531,34309664.99
-5532,34294107.27
-5533,34278556.91
-5534,34263013.89
-5535,34247478.22
-5536,34231949.88
-5537,34216428.87
-5538,34200915.19
-5539,34185408.83
-5540,34169909.78
-5541,34154418.03
-5542,34138933.59
-5543,34123456.44
-5544,34107986.58
-5545,34092524.01
-5546,34077068.71
-5547,34061620.69
-5548,34046179.93
-5549,34030746.44
-5550,34015320.19
-5551,33999901.2
-5552,33984489.45
-5553,33969084.94
-5554,33953687.65
-5555,33938297.6
-5556,33922914.76
-5557,33907539.14
-5558,33892170.73
-5559,33876809.52
-5560,33861455.5
-5561,33846108.68
-5562,33830769.04
-5563,33815436.59
-5564,33800111.3
-5565,33784793.19
-5566,33769482.24
-5567,33754178.44
-5568,33738881.8
-5569,33723592.3
-5570,33708309.94
-5571,33693034.72
-5572,33677766.63
-5573,33662505.65
-5574,33647251.8
-5575,33632005.05
-5576,33616765.42
-5577,33601532.88
-5578,33586307.44
-5579,33571089.08
-5580,33555877.81
-5581,33540673.62
-5582,33525476.5
-5583,33510286.45
-5584,33495103.46
-5585,33479927.52
-5586,33464758.63
-5587,33449596.79
-5588,33434441.99
-5589,33419294.22
-5590,33404153.47
-5591,33389019.75
-5592,33373893.05
-5593,33358773.35
-5594,33343660.67
-5595,33328554.98
-5596,33313456.28
-5597,33298364.58
-5598,33283279.86
-5599,33268202.11
-5600,33253131.34
-5601,33238067.53
-5602,33223010.69
-5603,33207960.8
-5604,33192917.86
-5605,33177881.87
-5606,33162852.82
-5607,33147830.7
-5608,33132815.51
-5609,33117807.24
-5610,33102805.89
-5611,33087811.45
-5612,33072823.92
-5613,33057843.29
-5614,33042869.55
-5615,33027902.71
-5616,33012942.75
-5617,32997989.67
-5618,32983043.46
-5619,32968104.13
-5620,32953171.65
-5621,32938246.04
-5622,32923327.28
-5623,32908415.36
-5624,32893510.29
-5625,32878612.05
-5626,32863720.65
-5627,32848836.07
-5628,32833958.31
-5629,32819087.37
-5630,32804223.23
-5631,32789365.9
-5632,32774515.37
-5633,32759671.64
-5634,32744834.69
-5635,32730004.53
-5636,32715181.14
-5637,32700364.53
-5638,32685554.68
-5639,32670751.6
-5640,32655955.27
-5641,32641165.69
-5642,32626382.87
-5643,32611606.78
-5644,32596837.43
-5645,32582074.8
-5646,32567318.91
-5647,32552569.73
-5648,32537827.27
-5649,32523091.52
-5650,32508362.47
-5651,32493640.13
-5652,32478924.47
-5653,32464215.51
-5654,32449513.23
-5655,32434817.62
-5656,32420128.69
-5657,32405446.43
-5658,32390770.83
-5659,32376101.89
-5660,32361439.61
-5661,32346783.96
-5662,32332134.97
-5663,32317492.6
-5664,32302856.87
-5665,32288227.77
-5666,32273605.29
-5667,32258989.43
-5668,32244380.17
-5669,32229777.53
-5670,32215181.48
-5671,32200592.03
-5672,32186009.17
-5673,32171432.9
-5674,32156863.21
-5675,32142300.09
-5676,32127743.55
-5677,32113193.57
-5678,32098650.15
-5679,32084113.29
-5680,32069582.98
-5681,32055059.21
-5682,32040541.98
-5683,32026031.29
-5684,32011527.13
-5685,31997029.49
-5686,31982538.37
-5687,31968053.77
-5688,31953575.68
-5689,31939104.1
-5690,31924639.01
-5691,31910180.42
-5692,31895728.32
-5693,31881282.71
-5694,31866843.57
-5695,31852410.91
-5696,31837984.72
-5697,31823565
-5698,31809151.73
-5699,31794744.93
-5700,31780344.57
-5701,31765950.66
-5702,31751563.18
-5703,31737182.15
-5704,31722807.54
-5705,31708439.36
-5706,31694077.6
-5707,31679722.26
-5708,31665373.33
-5709,31651030.8
-5710,31636694.68
-5711,31622364.95
-5712,31608041.62
-5713,31593724.67
-5714,31579414.1
-5715,31565109.91
-5716,31550812.09
-5717,31536520.63
-5718,31522235.54
-5719,31507956.81
-5720,31493684.43
-5721,31479418.4
-5722,31465158.71
-5723,31450905.36
-5724,31436658.34
-5725,31422417.65
-5726,31408183.28
-5727,31393955.24
-5728,31379733.5
-5729,31365518.08
-5730,31351308.96
-5731,31337106.14
-5732,31322909.61
-5733,31308719.38
-5734,31294535.43
-5735,31280357.76
-5736,31266186.37
-5737,31252021.24
-5738,31237862.39
-5739,31223709.79
-5740,31209563.45
-5741,31195423.37
-5742,31181289.53
-5743,31167161.93
-5744,31153040.57
-5745,31138925.45
-5746,31124816.55
-5747,31110713.88
-5748,31096617.42
-5749,31082527.18
-5750,31068443.15
-5751,31054365.32
-5752,31040293.7
-5753,31026228.27
-5754,31012169.03
-5755,30998115.98
-5756,30984069.11
-5757,30970028.41
-5758,30955993.89
-5759,30941965.53
-5760,30927943.34
-5761,30913927.31
-5762,30899917.43
-5763,30885913.7
-5764,30871916.11
-5765,30857924.67
-5766,30843939.36
-5767,30829960.17
-5768,30815987.12
-5769,30802020.19
-5770,30788059.37
-5771,30774104.67
-5772,30760156.07
-5773,30746213.58
-5774,30732277.18
-5775,30718346.88
-5776,30704422.67
-5777,30690504.54
-5778,30676592.49
-5779,30662686.52
-5780,30648786.62
-5781,30634892.79
-5782,30621005.02
-5783,30607123.3
-5784,30593247.64
-5785,30579378.03
-5786,30565514.46
-5787,30551656.93
-5788,30537805.44
-5789,30523959.98
-5790,30510120.54
-5791,30496287.12
-5792,30482459.72
-5793,30468638.34
-5794,30454822.96
-5795,30441013.58
-5796,30427210.21
-5797,30413412.82
-5798,30399621.43
-5799,30385836.03
-5800,30372056.6
-5801,30358283.16
-5802,30344515.68
-5803,30330754.17
-5804,30316998.63
-5805,30303249.04
-5806,30289505.41
-5807,30275767.73
-5808,30262036
-5809,30248310.21
-5810,30234590.35
-5811,30220876.43
-5812,30207168.44
-5813,30193466.37
-5814,30179770.21
-5815,30166079.98
-5816,30152395.65
-5817,30138717.23
-5818,30125044.72
-5819,30111378.1
-5820,30097717.37
-5821,30084062.53
-5822,30070413.58
-5823,30056770.51
-5824,30043133.31
-5825,30029501.99
-5826,30015876.53
-5827,30002256.94
-5828,29988643.2
-5829,29975035.32
-5830,29961433.29
-5831,29947837.1
-5832,29934246.76
-5833,29920662.25
-5834,29907083.57
-5835,29893510.73
-5836,29879943.71
-5837,29866382.51
-5838,29852827.12
-5839,29839277.54
-5840,29825733.78
-5841,29812195.81
-5842,29798663.65
-5843,29785137.28
-5844,29771616.69
-5845,29758101.9
-5846,29744592.89
-5847,29731089.65
-5848,29717592.19
-5849,29704100.49
-5850,29690614.56
-5851,29677134.39
-5852,29663659.98
-5853,29650191.32
-5854,29636728.41
-5855,29623271.24
-5856,29609819.82
-5857,29596374.12
-5858,29582934.16
-5859,29569499.93
-5860,29556071.41
-5861,29542648.62
-5862,29529231.54
-5863,29515820.18
-5864,29502414.51
-5865,29489014.55
-5866,29475620.29
-5867,29462231.73
-5868,29448848.85
-5869,29435471.65
-5870,29422100.14
-5871,29408734.31
-5872,29395374.15
-5873,29382019.66
-5874,29368670.83
-5875,29355327.67
-5876,29341990.16
-5877,29328658.3
-5878,29315332.1
-5879,29302011.53
-5880,29288696.61
-5881,29275387.32
-5882,29262083.67
-5883,29248785.64
-5884,29235493.24
-5885,29222206.46
-5886,29208925.3
-5887,29195649.74
-5888,29182379.8
-5889,29169115.46
-5890,29155856.72
-5891,29142603.57
-5892,29129356.02
-5893,29116114.05
-5894,29102877.67
-5895,29089646.87
-5896,29076421.64
-5897,29063201.98
-5898,29049987.9
-5899,29036779.37
-5900,29023576.41
-5901,29010379
-5902,28997187.14
-5903,28984000.83
-5904,28970820.07
-5905,28957644.84
-5906,28944475.15
-5907,28931311
-5908,28918152.37
-5909,28904999.26
-5910,28891851.68
-5911,28878709.61
-5912,28865573.05
-5913,28852442
-5914,28839316.45
-5915,28826196.41
-5916,28813081.86
-5917,28799972.81
-5918,28786869.24
-5919,28773771.16
-5920,28760678.55
-5921,28747591.43
-5922,28734509.78
-5923,28721433.59
-5924,28708362.88
-5925,28695297.62
-5926,28682237.82
-5927,28669183.47
-5928,28656134.58
-5929,28643091.13
-5930,28630053.12
-5931,28617020.55
-5932,28603993.41
-5933,28590971.71
-5934,28577955.43
-5935,28564944.57
-5936,28551939.13
-5937,28538939.11
-5938,28525944.49
-5939,28512955.29
-5940,28499971.49
-5941,28486993.08
-5942,28474020.08
-5943,28461052.46
-5944,28448090.24
-5945,28435133.4
-5946,28422181.94
-5947,28409235.85
-5948,28396295.14
-5949,28383359.8
-5950,28370429.82
-5951,28357505.21
-5952,28344585.95
-5953,28331672.06
-5954,28318763.52
-5955,28305860.34
-5956,28292962.52
-5957,28280070.05
-5958,28267182.94
-5959,28254301.19
-5960,28241424.78
-5961,28228553.73
-5962,28215688.03
-5963,28202827.67
-5964,28189972.67
-5965,28177123.01
-5966,28164278.7
-5967,28151439.74
-5968,28138606.12
-5969,28125777.84
-5970,28112954.91
-5971,28100137.32
-5972,28087325.06
-5973,28074518.15
-5974,28061716.58
-5975,28048920.34
-5976,28036129.44
-5977,28023343.88
-5978,28010563.65
-5979,27997788.75
-5980,27985019.19
-5981,27972254.96
-5982,27959496.05
-5983,27946742.48
-5984,27933994.24
-5985,27921251.32
-5986,27908513.73
-5987,27895781.46
-5988,27883054.52
-5989,27870332.9
-5990,27857616.61
-5991,27844905.63
-5992,27832199.97
-5993,27819499.64
-5994,27806804.62
-5995,27794114.92
-5996,27781430.53
-5997,27768751.46
-5998,27756077.7
-5999,27743409.26
-6000,27730746.12
-6001,27718088.3
-6002,27705435.79
-6003,27692788.58
-6004,27680146.68
-6005,27667510.09
-6006,27654878.81
-6007,27642252.82
-6008,27629632.15
-6009,27617016.77
-6010,27604406.69
-6011,27591801.92
-6012,27579202.44
-6013,27566608.26
-6014,27554019.38
-6015,27541435.8
-6016,27528857.5
-6017,27516284.51
-6018,27503716.8
-6019,27491154.39
-6020,27478597.26
-6021,27466045.43
-6022,27453498.88
-6023,27440957.62
-6024,27428421.65
-6025,27415890.96
-6026,27403365.56
-6027,27390845.44
-6028,27378330.6
-6029,27365821.04
-6030,27353316.76
-6031,27340817.76
-6032,27328324.04
-6033,27315835.59
-6034,27303352.42
-6035,27290874.52
-6036,27278401.9
-6037,27265934.54
-6038,27253472.46
-6039,27241015.65
-6040,27228564.11
-6041,27216117.83
-6042,27203676.82
-6043,27191241.08
-6044,27178810.6
-6045,27166385.38
-6046,27153965.43
-6047,27141550.74
-6048,27129141.3
-6049,27116737.13
-6050,27104338.21
-6051,27091944.55
-6052,27079556.14
-6053,27067172.99
-6054,27054795.1
-6055,27042422.45
-6056,27030055.06
-6057,27017692.91
-6058,27005336.02
-6059,26992984.37
-6060,26980637.97
-6061,26968296.81
-6062,26955960.9
-6063,26943630.23
-6064,26931304.8
-6065,26918984.62
-6066,26906669.67
-6067,26894359.97
-6068,26882055.5
-6069,26869756.26
-6070,26857462.26
-6071,26845173.5
-6072,26832889.97
-6073,26820611.67
-6074,26808338.6
-6075,26796070.77
-6076,26783808.16
-6077,26771550.77
-6078,26759298.62
-6079,26747051.69
-6080,26734809.98
-6081,26722573.49
-6082,26710342.23
-6083,26698116.19
-6084,26685895.37
-6085,26673679.76
-6086,26661469.38
-6087,26649264.2
-6088,26637064.25
-6089,26624869.51
-6090,26612679.97
-6091,26600495.66
-6092,26588316.55
-6093,26576142.65
-6094,26563973.96
-6095,26551810.47
-6096,26539652.19
-6097,26527499.12
-6098,26515351.25
-6099,26503208.58
-6100,26491071.11
-6101,26478938.84
-6102,26466811.77
-6103,26454689.9
-6104,26442573.22
-6105,26430461.74
-6106,26418355.45
-6107,26406254.36
-6108,26394158.46
-6109,26382067.74
-6110,26369982.22
-6111,26357901.89
-6112,26345826.74
-6113,26333756.78
-6114,26321692
-6115,26309632.41
-6116,26297578
-6117,26285528.77
-6118,26273484.72
-6119,26261445.85
-6120,26249412.15
-6121,26237383.64
-6122,26225360.29
-6123,26213342.13
-6124,26201329.13
-6125,26189321.31
-6126,26177318.66
-6127,26165321.17
-6128,26153328.86
-6129,26141341.71
-6130,26129359.73
-6131,26117382.91
-6132,26105411.25
-6133,26093444.76
-6134,26081483.43
-6135,26069527.26
-6136,26057576.25
-6137,26045630.39
-6138,26033689.69
-6139,26021754.15
-6140,26009823.76
-6141,25997898.52
-6142,25985978.43
-6143,25974063.5
-6144,25962153.71
-6145,25950249.07
-6146,25938349.58
-6147,25926455.23
-6148,25914566.03
-6149,25902681.97
-6150,25890803.05
-6151,25878929.27
-6152,25867060.63
-6153,25855197.13
-6154,25843338.77
-6155,25831485.54
-6156,25819637.45
-6157,25807794.49
-6158,25795956.67
-6159,25784123.97
-6160,25772296.4
-6161,25760473.97
-6162,25748656.65
-6163,25736844.47
-6164,25725037.41
-6165,25713235.47
-6166,25701438.66
-6167,25689646.97
-6168,25677860.39
-6169,25666078.94
-6170,25654302.6
-6171,25642531.38
-6172,25630765.28
-6173,25619004.29
-6174,25607248.41
-6175,25595497.64
-6176,25583751.98
-6177,25572011.44
-6178,25560275.99
-6179,25548545.66
-6180,25536820.43
-6181,25525100.31
-6182,25513385.28
-6183,25501675.36
-6184,25489970.54
-6185,25478270.82
-6186,25466576.2
-6187,25454886.67
-6188,25443202.24
-6189,25431522.9
-6190,25419848.65
-6191,25408179.5
-6192,25396515.44
-6193,25384856.46
-6194,25373202.58
-6195,25361553.78
-6196,25349910.06
-6197,25338271.43
-6198,25326637.89
-6199,25315009.42
-6200,25303386.04
-6201,25291767.73
-6202,25280154.5
-6203,25268546.35
-6204,25256943.27
-6205,25245345.27
-6206,25233752.34
-6207,25222164.48
-6208,25210581.7
-6209,25199003.98
-6210,25187431.33
-6211,25175863.74
-6212,25164301.22
-6213,25152743.77
-6214,25141191.38
-6215,25129644.05
-6216,25118101.78
-6217,25106564.56
-6218,25095032.41
-6219,25083505.31
-6220,25071983.27
-6221,25060466.28
-6222,25048954.35
-6223,25037447.46
-6224,25025945.63
-6225,25014448.84
-6226,25002957.11
-6227,24991470.42
-6228,24979988.77
-6229,24968512.17
-6230,24957040.61
-6231,24945574.09
-6232,24934112.61
-6233,24922656.17
-6234,24911204.77
-6235,24899758.4
-6236,24888317.07
-6237,24876880.77
-6238,24865449.5
-6239,24854023.27
-6240,24842602.06
-6241,24831185.88
-6242,24819774.73
-6243,24808368.61
-6244,24796967.51
-6245,24785571.43
-6246,24774180.38
-6247,24762794.35
-6248,24751413.33
-6249,24740037.34
-6250,24728666.36
-6251,24717300.39
-6252,24705939.44
-6253,24694583.51
-6254,24683232.58
-6255,24671886.67
-6256,24660545.76
-6257,24649209.86
-6258,24637878.97
-6259,24626553.09
-6260,24615232.2
-6261,24603916.32
-6262,24592605.45
-6263,24581299.57
-6264,24569998.69
-6265,24558702.8
-6266,24547411.92
-6267,24536126.03
-6268,24524845.13
-6269,24513569.22
-6270,24502298.31
-6271,24491032.38
-6272,24479771.44
-6273,24468515.49
-6274,24457264.53
-6275,24446018.55
-6276,24434777.55
-6277,24423541.54
-6278,24412310.5
-6279,24401084.45
-6280,24389863.37
-6281,24378647.27
-6282,24367436.14
-6283,24356229.99
-6284,24345028.81
-6285,24333832.6
-6286,24322641.36
-6287,24311455.09
-6288,24300273.78
-6289,24289097.45
-6290,24277926.07
-6291,24266759.66
-6292,24255598.22
-6293,24244441.73
-6294,24233290.2
-6295,24222143.63
-6296,24211002.02
-6297,24199865.36
-6298,24188733.66
-6299,24177606.91
-6300,24166485.11
-6301,24155368.26
-6302,24144256.36
-6303,24133149.41
-6304,24122047.4
-6305,24110950.34
-6306,24099858.22
-6307,24088771.04
-6308,24077688.81
-6309,24066611.51
-6310,24055539.15
-6311,24044471.73
-6312,24033409.24
-6313,24022351.69
-6314,24011299.07
-6315,24000251.38
-6316,23989208.63
-6317,23978170.8
-6318,23967137.9
-6319,23956109.92
-6320,23945086.87
-6321,23934068.74
-6322,23923055.54
-6323,23912047.25
-6324,23901043.89
-6325,23890045.44
-6326,23879051.91
-6327,23868063.3
-6328,23857079.59
-6329,23846100.81
-6330,23835126.93
-6331,23824157.96
-6332,23813193.9
-6333,23802234.75
-6334,23791280.51
-6335,23780331.17
-6336,23769386.73
-6337,23758447.19
-6338,23747512.56
-6339,23736582.82
-6340,23725657.98
-6341,23714738.04
-6342,23703823
-6343,23692912.84
-6344,23682007.58
-6345,23671107.21
-6346,23660211.73
-6347,23649321.14
-6348,23638435.44
-6349,23627554.62
-6350,23616678.69
-6351,23605807.64
-6352,23594941.47
-6353,23584080.18
-6354,23573223.77
-6355,23562372.23
-6356,23551525.57
-6357,23540683.79
-6358,23529846.88
-6359,23519014.85
-6360,23508187.68
-6361,23497365.38
-6362,23486547.95
-6363,23475735.39
-6364,23464927.69
-6365,23454124.86
-6366,23443326.89
-6367,23432533.78
-6368,23421745.53
-6369,23410962.14
-6370,23400183.6
-6371,23389409.92
-6372,23378641.1
-6373,23367877.13
-6374,23357118.01
-6375,23346363.74
-6376,23335614.32
-6377,23324869.74
-6378,23314130.01
-6379,23303395.13
-6380,23292665.09
-6381,23281939.89
-6382,23271219.53
-6383,23260504.01
-6384,23249793.33
-6385,23239087.49
-6386,23228386.48
-6387,23217690.3
-6388,23206998.96
-6389,23196312.45
-6390,23185630.76
-6391,23174953.91
-6392,23164281.88
-6393,23153614.68
-6394,23142952.3
-6395,23132294.74
-6396,23121642.01
-6397,23110994.09
-6398,23100350.99
-6399,23089712.71
-6400,23079079.25
-6401,23068450.6
-6402,23057826.76
-6403,23047207.73
-6404,23036593.52
-6405,23025984.11
-6406,23015379.51
-6407,23004779.72
-6408,22994184.73
-6409,22983594.54
-6410,22973009.16
-6411,22962428.57
-6412,22951852.79
-6413,22941281.8
-6414,22930715.61
-6415,22920154.21
-6416,22909597.61
-6417,22899045.8
-6418,22888498.78
-6419,22877956.55
-6420,22867419.1
-6421,22856886.45
-6422,22846358.57
-6423,22835835.49
-6424,22825317.18
-6425,22814803.65
-6426,22804294.91
-6427,22793790.94
-6428,22783291.75
-6429,22772797.33
-6430,22762307.69
-6431,22751822.82
-6432,22741342.72
-6433,22730867.39
-6434,22720396.83
-6435,22709931.03
-6436,22699470.01
-6437,22689013.74
-6438,22678562.24
-6439,22668115.5
-6440,22657673.51
-6441,22647236.29
-6442,22636803.83
-6443,22626376.11
-6444,22615953.16
-6445,22605534.95
-6446,22595121.5
-6447,22584712.8
-6448,22574308.84
-6449,22563909.64
-6450,22553515.18
-6451,22543125.46
-6452,22532740.48
-6453,22522360.25
-6454,22511984.76
-6455,22501614
-6456,22491247.99
-6457,22480886.71
-6458,22470530.16
-6459,22460178.34
-6460,22449831.26
-6461,22439488.91
-6462,22429151.29
-6463,22418818.39
-6464,22408490.22
-6465,22398166.77
-6466,22387848.05
-6467,22377534.05
-6468,22367224.77
-6469,22356920.21
-6470,22346620.36
-6471,22336325.23
-6472,22326034.82
-6473,22315749.11
-6474,22305468.12
-6475,22295191.84
-6476,22284920.27
-6477,22274653.41
-6478,22264391.25
-6479,22254133.8
-6480,22243881.05
-6481,22233633
-6482,22223389.65
-6483,22213151
-6484,22202917.05
-6485,22192687.8
-6486,22182463.23
-6487,22172243.37
-6488,22162028.19
-6489,22151817.7
-6490,22141611.91
-6491,22131410.8
-6492,22121214.37
-6493,22111022.63
-6494,22100835.58
-6495,22090653.2
-6496,22080475.51
-6497,22070302.49
-6498,22060134.15
-6499,22049970.49
-6500,22039811.5
-6501,22029657.19
-6502,22019507.55
-6503,22009362.57
-6504,21999222.27
-6505,21989086.63
-6506,21978955.66
-6507,21968829.36
-6508,21958707.71
-6509,21948590.73
-6510,21938478.41
-6511,21928370.75
-6512,21918267.74
-6513,21908169.39
-6514,21898075.7
-6515,21887986.65
-6516,21877902.26
-6517,21867822.52
-6518,21857747.43
-6519,21847676.99
-6520,21837611.19
-6521,21827550.03
-6522,21817493.52
-6523,21807441.65
-6524,21797394.42
-6525,21787351.83
-6526,21777313.87
-6527,21767280.55
-6528,21757251.87
-6529,21747227.82
-6530,21737208.4
-6531,21727193.61
-6532,21717183.44
-6533,21707177.91
-6534,21697177
-6535,21687180.71
-6536,21677189.05
-6537,21667202.01
-6538,21657219.59
-6539,21647241.78
-6540,21637268.6
-6541,21627300.02
-6542,21617336.07
-6543,21607376.72
-6544,21597421.99
-6545,21587471.86
-6546,21577526.35
-6547,21567585.44
-6548,21557649.13
-6549,21547717.43
-6550,21537790.33
-6551,21527867.84
-6552,21517949.94
-6553,21508036.64
-6554,21498127.94
-6555,21488223.83
-6556,21478324.31
-6557,21468429.39
-6558,21458539.06
-6559,21448653.32
-6560,21438772.16
-6561,21428895.59
-6562,21419023.61
-6563,21409156.21
-6564,21399293.39
-6565,21389435.16
-6566,21379581.5
-6567,21369732.42
-6568,21359887.91
-6569,21350047.98
-6570,21340212.63
-6571,21330381.84
-6572,21320555.63
-6573,21310733.98
-6574,21300916.9
-6575,21291104.39
-6576,21281296.44
-6577,21271493.06
-6578,21261694.24
-6579,21251899.97
-6580,21242110.27
-6581,21232325.12
-6582,21222544.53
-6583,21212768.49
-6584,21202997.01
-6585,21193230.07
-6586,21183467.69
-6587,21173709.85
-6588,21163956.57
-6589,21154207.82
-6590,21144463.62
-6591,21134723.97
-6592,21124988.85
-6593,21115258.28
-6594,21105532.24
-6595,21095810.74
-6596,21086093.77
-6597,21076381.34
-6598,21066673.44
-6599,21056970.07
-6600,21047271.23
-6601,21037576.92
-6602,21027887.14
-6603,21018201.88
-6604,21008521.14
-6605,20998844.92
-6606,20989173.23
-6607,20979506.05
-6608,20969843.4
-6609,20960185.26
-6610,20950531.63
-6611,20940882.51
-6612,20931237.91
-6613,20921597.82
-6614,20911962.24
-6615,20902331.16
-6616,20892704.59
-6617,20883082.52
-6618,20873464.96
-6619,20863851.9
-6620,20854243.34
-6621,20844639.27
-6622,20835039.71
-6623,20825444.64
-6624,20815854.06
-6625,20806267.97
-6626,20796686.38
-6627,20787109.28
-6628,20777536.66
-6629,20767968.53
-6630,20758404.89
-6631,20748845.73
-6632,20739291.05
-6633,20729740.85
-6634,20720195.13
-6635,20710653.89
-6636,20701117.13
-6637,20691584.84
-6638,20682057.02
-6639,20672533.68
-6640,20663014.8
-6641,20653500.4
-6642,20643990.46
-6643,20634484.99
-6644,20624983.98
-6645,20615487.44
-6646,20605995.36
-6647,20596507.73
-6648,20587024.57
-6649,20577545.86
-6650,20568071.61
-6651,20558601.81
-6652,20549136.47
-6653,20539675.57
-6654,20530219.13
-6655,20520767.13
-6656,20511319.58
-6657,20501876.48
-6658,20492437.82
-6659,20483003.6
-6660,20473573.82
-6661,20464148.48
-6662,20454727.58
-6663,20445311.12
-6664,20435899.09
-6665,20426491.49
-6666,20417088.33
-6667,20407689.6
-6668,20398295.29
-6669,20388905.41
-6670,20379519.96
-6671,20370138.93
-6672,20360762.33
-6673,20351390.15
-6674,20342022.38
-6675,20332659.04
-6676,20323300.11
-6677,20313945.6
-6678,20304595.5
-6679,20295249.81
-6680,20285908.54
-6681,20276571.67
-6682,20267239.22
-6683,20257911.17
-6684,20248587.52
-6685,20239268.28
-6686,20229953.44
-6687,20220643
-6688,20211336.96
-6689,20202035.32
-6690,20192738.07
-6691,20183445.22
-6692,20174156.76
-6693,20164872.69
-6694,20155593.02
-6695,20146317.73
-6696,20137046.83
-6697,20127780.31
-6698,20118518.18
-6699,20109260.43
-6700,20100007.07
-6701,20090758.08
-6702,20081513.47
-6703,20072273.24
-6704,20063037.38
-6705,20053805.9
-6706,20044578.79
-6707,20035356.05
-6708,20026137.67
-6709,20016923.67
-6710,20007714.03
-6711,19998508.76
-6712,19989307.85
-6713,19980111.31
-6714,19970919.12
-6715,19961731.29
-6716,19952547.82
-6717,19943368.71
-6718,19934193.95
-6719,19925023.54
-6720,19915857.48
-6721,19906695.78
-6722,19897538.42
-6723,19888385.41
-6724,19879236.74
-6725,19870092.42
-6726,19860952.44
-6727,19851816.8
-6728,19842685.5
-6729,19833558.54
-6730,19824435.92
-6731,19815317.63
-6732,19806203.67
-6733,19797094.04
-6734,19787988.75
-6735,19778887.78
-6736,19769791.15
-6737,19760698.83
-6738,19751610.85
-6739,19742527.18
-6740,19733447.84
-6741,19724372.82
-6742,19715302.11
-6743,19706235.72
-6744,19697173.65
-6745,19688115.89
-6746,19679062.44
-6747,19670013.31
-6748,19660968.48
-6749,19651927.96
-6750,19642891.75
-6751,19633859.85
-6752,19624832.24
-6753,19615808.94
-6754,19606789.94
-6755,19597775.24
-6756,19588764.83
-6757,19579758.72
-6758,19570756.91
-6759,19561759.39
-6760,19552766.16
-6761,19543777.22
-6762,19534792.57
-6763,19525812.2
-6764,19516836.12
-6765,19507864.33
-6766,19498896.81
-6767,19489933.58
-6768,19480974.63
-6769,19472019.95
-6770,19463069.56
-6771,19454123.43
-6772,19445181.58
-6773,19436244
-6774,19427310.7
-6775,19418381.66
-6776,19409456.89
-6777,19400536.38
-6778,19391620.14
-6779,19382708.16
-6780,19373800.44
-6781,19364896.99
-6782,19355997.79
-6783,19347102.85
-6784,19338212.16
-6785,19329325.73
-6786,19320443.55
-6787,19311565.62
-6788,19302691.94
-6789,19293822.51
-6790,19284957.32
-6791,19276096.38
-6792,19267239.68
-6793,19258387.23
-6794,19249539.01
-6795,19240695.03
-6796,19231855.29
-6797,19223019.79
-6798,19214188.52
-6799,19205361.48
-6800,19196538.68
-6801,19187720.1
-6802,19178905.76
-6803,19170095.64
-6804,19161289.74
-6805,19152488.07
-6806,19143690.62
-6807,19134897.39
-6808,19126108.38
-6809,19117323.59
-6810,19108543.02
-6811,19099766.66
-6812,19090994.51
-6813,19082226.57
-6814,19073462.85
-6815,19064703.33
-6816,19055948.02
-6817,19047196.92
-6818,19038450.02
-6819,19029707.32
-6820,19020968.83
-6821,19012234.53
-6822,19003504.43
-6823,18994778.53
-6824,18986056.83
-6825,18977339.31
-6826,18968625.99
-6827,18959916.86
-6828,18951211.92
-6829,18942511.17
-6830,18933814.6
-6831,18925122.22
-6832,18916434.02
-6833,18907750.01
-6834,18899070.17
-6835,18890394.51
-6836,18881723.03
-6837,18873055.72
-6838,18864392.59
-6839,18855733.63
-6840,18847078.84
-6841,18838428.22
-6842,18829781.77
-6843,18821139.49
-6844,18812501.37
-6845,18803867.41
-6846,18795237.62
-6847,18786611.98
-6848,18777990.51
-6849,18769373.19
-6850,18760760.03
-6851,18752151.02
-6852,18743546.17
-6853,18734945.47
-6854,18726348.91
-6855,18717756.51
-6856,18709168.25
-6857,18700584.14
-6858,18692004.17
-6859,18683428.35
-6860,18674856.66
-6861,18666289.12
-6862,18657725.71
-6863,18649166.44
-6864,18640611.3
-6865,18632060.3
-6866,18623513.43
-6867,18614970.69
-6868,18606432.07
-6869,18597897.59
-6870,18589367.23
-6871,18580840.99
-6872,18572318.88
-6873,18563800.89
-6874,18555287.02
-6875,18546777.27
-6876,18538271.63
-6877,18529770.11
-6878,18521272.7
-6879,18512779.41
-6880,18504290.22
-6881,18495805.15
-6882,18487324.18
-6883,18478847.32
-6884,18470374.56
-6885,18461905.91
-6886,18453441.35
-6887,18444980.9
-6888,18436524.55
-6889,18428072.29
-6890,18419624.13
-6891,18411180.07
-6892,18402740.09
-6893,18394304.21
-6894,18385872.41
-6895,18377444.71
-6896,18369021.09
-6897,18360601.56
-6898,18352186.11
-6899,18343774.74
-6900,18335367.45
-6901,18326964.24
-6902,18318565.11
-6903,18310170.05
-6904,18301779.07
-6905,18293392.16
-6906,18285009.33
-6907,18276630.56
-6908,18268255.86
-6909,18259885.23
-6910,18251518.67
-6911,18243156.16
-6912,18234797.72
-6913,18226443.34
-6914,18218093.02
-6915,18209746.76
-6916,18201404.56
-6917,18193066.41
-6918,18184732.31
-6919,18176402.26
-6920,18168076.27
-6921,18159754.32
-6922,18151436.42
-6923,18143122.57
-6924,18134812.76
-6925,18126507
-6926,18118205.27
-6927,18109907.58
-6928,18101613.94
-6929,18093324.33
-6930,18085038.75
-6931,18076757.21
-6932,18068479.7
-6933,18060206.22
-6934,18051936.77
-6935,18043671.35
-6936,18035409.96
-6937,18027152.59
-6938,18018899.24
-6939,18010649.91
-6940,18002404.61
-6941,17994163.32
-6942,17985926.05
-6943,17977692.79
-6944,17969463.55
-6945,17961238.32
-6946,17953017.11
-6947,17944799.9
-6948,17936586.7
-6949,17928377.51
-6950,17920172.32
-6951,17911971.14
-6952,17903773.95
-6953,17895580.77
-6954,17887391.59
-6955,17879206.4
-6956,17871025.21
-6957,17862848.01
-6958,17854674.81
-6959,17846505.59
-6960,17838340.37
-6961,17830179.13
-6962,17822021.87
-6963,17813868.6
-6964,17805719.32
-6965,17797574.01
-6966,17789432.68
-6967,17781295.33
-6968,17773161.96
-6969,17765032.56
-6970,17756907.13
-6971,17748785.67
-6972,17740668.19
-6973,17732554.67
-6974,17724445.11
-6975,17716339.52
-6976,17708237.9
-6977,17700140.23
-6978,17692046.53
-6979,17683956.78
-6980,17675870.99
-6981,17667789.15
-6982,17659711.27
-6983,17651637.33
-6984,17643567.35
-6985,17635501.32
-6986,17627439.23
-6987,17619381.08
-6988,17611326.88
-6989,17603276.62
-6990,17595230.31
-6991,17587187.93
-6992,17579149.48
-6993,17571114.97
-6994,17563084.4
-6995,17555057.76
-6996,17547035.04
-6997,17539016.26
-6998,17531001.4
-6999,17522990.47
-7000,17514983.47
-7001,17506980.38
-7002,17498981.21
-7003,17490985.97
-7004,17482994.64
-7005,17475007.23
-7006,17467023.73
-7007,17459044.14
-7008,17451068.47
-7009,17443096.7
-7010,17435128.84
-7011,17427164.89
-7012,17419204.84
-7013,17411248.7
-7014,17403296.45
-7015,17395348.11
-7016,17387403.66
-7017,17379463.11
-7018,17371526.45
-7019,17363593.69
-7020,17355664.82
-7021,17347739.84
-7022,17339818.75
-7023,17331901.54
-7024,17323988.22
-7025,17316078.78
-7026,17308173.22
-7027,17300271.55
-7028,17292373.75
-7029,17284479.83
-7030,17276589.78
-7031,17268703.61
-7032,17260821.31
-7033,17252942.89
-7034,17245068.33
-7035,17237197.63
-7036,17229330.81
-7037,17221467.84
-7038,17213608.74
-7039,17205753.5
-7040,17197902.12
-7041,17190054.6
-7042,17182210.93
-7043,17174371.12
-7044,17166535.16
-7045,17158703.06
-7046,17150874.8
-7047,17143050.39
-7048,17135229.82
-7049,17127413.1
-7050,17119600.23
-7051,17111791.19
-7052,17103986
-7053,17096184.64
-7054,17088387.12
-7055,17080593.44
-7056,17072803.59
-7057,17065017.57
-7058,17057235.38
-7059,17049457.02
-7060,17041682.49
-7061,17033911.79
-7062,17026144.9
-7063,17018381.84
-7064,17010622.6
-7065,17002867.18
-7066,16995115.58
-7067,16987367.8
-7068,16979623.82
-7069,16971883.66
-7070,16964147.32
-7071,16956414.78
-7072,16948686.05
-7073,16940961.12
-7074,16933240
-7075,16925522.69
-7076,16917809.17
-7077,16910099.46
-7078,16902393.54
-7079,16894691.42
-7080,16886993.1
-7081,16879298.57
-7082,16871607.83
-7083,16863920.88
-7084,16856237.72
-7085,16848558.35
-7086,16840882.77
-7087,16833210.96
-7088,16825542.94
-7089,16817878.71
-7090,16810218.25
-7091,16802561.56
-7092,16794908.66
-7093,16787259.53
-7094,16779614.17
-7095,16771972.58
-7096,16764334.77
-7097,16756700.72
-7098,16749070.44
-7099,16741443.92
-7100,16733821.17
-7101,16726202.17
-7102,16718586.94
-7103,16710975.47
-7104,16703367.75
-7105,16695763.79
-7106,16688163.59
-7107,16680567.13
-7108,16672974.43
-7109,16665385.47
-7110,16657800.27
-7111,16650218.81
-7112,16642641.09
-7113,16635067.12
-7114,16627496.88
-7115,16619930.39
-7116,16612367.64
-7117,16604808.62
-7118,16597253.34
-7119,16589701.79
-7120,16582153.97
-7121,16574609.88
-7122,16567069.52
-7123,16559532.89
-7124,16551999.98
-7125,16544470.8
-7126,16536945.34
-7127,16529423.6
-7128,16521905.57
-7129,16514391.27
-7130,16506880.68
-7131,16499373.81
-7132,16491870.65
-7133,16484371.2
-7134,16476875.46
-7135,16469383.43
-7136,16461895.1
-7137,16454410.48
-7138,16446929.57
-7139,16439452.35
-7140,16431978.84
-7141,16424509.02
-7142,16417042.9
-7143,16409580.48
-7144,16402121.75
-7145,16394666.71
-7146,16387215.36
-7147,16379767.71
-7148,16372323.74
-7149,16364883.45
-7150,16357446.85
-7151,16350013.94
-7152,16342584.7
-7153,16335159.15
-7154,16327737.27
-7155,16320319.07
-7156,16312904.54
-7157,16305493.69
-7158,16298086.51
-7159,16290683
-7160,16283283.16
-7161,16275886.99
-7162,16268494.48
-7163,16261105.63
-7164,16253720.45
-7165,16246338.93
-7166,16238961.07
-7167,16231586.87
-7168,16224216.32
-7169,16216849.43
-7170,16209486.19
-7171,16202126.6
-7172,16194770.66
-7173,16187418.37
-7174,16180069.73
-7175,16172724.74
-7176,16165383.38
-7177,16158045.67
-7178,16150711.6
-7179,16143381.17
-7180,16136054.38
-7181,16128731.22
-7182,16121411.7
-7183,16114095.81
-7184,16106783.55
-7185,16099474.92
-7186,16092169.92
-7187,16084868.54
-7188,16077570.79
-7189,16070276.67
-7190,16062986.16
-7191,16055699.28
-7192,16048416.02
-7193,16041136.37
-7194,16033860.34
-7195,16026587.92
-7196,16019319.11
-7197,16012053.92
-7198,16004792.34
-7199,15997534.36
-7200,15990279.99
-7201,15983029.23
-7202,15975782.07
-7203,15968538.51
-7204,15961298.55
-7205,15954062.19
-7206,15946829.42
-7207,15939600.25
-7208,15932374.68
-7209,15925152.7
-7210,15917934.31
-7211,15910719.51
-7212,15903508.29
-7213,15896300.67
-7214,15889096.62
-7215,15881896.16
-7216,15874699.29
-7217,15867505.99
-7218,15860316.27
-7219,15853130.13
-7220,15845947.56
-7221,15838768.57
-7222,15831593.15
-7223,15824421.3
-7224,15817253.02
-7225,15810088.31
-7226,15802927.16
-7227,15795769.58
-7228,15788615.56
-7229,15781465.11
-7230,15774318.21
-7231,15767174.87
-7232,15760035.09
-7233,15752898.87
-7234,15745766.19
-7235,15738637.07
-7236,15731511.51
-7237,15724389.49
-7238,15717271.01
-7239,15710156.09
-7240,15703044.71
-7241,15695936.87
-7242,15688832.58
-7243,15681731.82
-7244,15674634.6
-7245,15667540.92
-7246,15660450.78
-7247,15653364.17
-7248,15646281.09
-7249,15639201.54
-7250,15632125.52
-7251,15625053.03
-7252,15617984.06
-7253,15610918.62
-7254,15603856.71
-7255,15596798.31
-7256,15589743.44
-7257,15582692.08
-7258,15575644.24
-7259,15568599.92
-7260,15561559.11
-7261,15554521.81
-7262,15547488.03
-7263,15540457.75
-7264,15533430.98
-7265,15526407.72
-7266,15519387.96
-7267,15512371.71
-7268,15505358.95
-7269,15498349.7
-7270,15491343.95
-7271,15484341.69
-7272,15477342.93
-7273,15470347.66
-7274,15463355.89
-7275,15456367.61
-7276,15449382.81
-7277,15442401.51
-7278,15435423.69
-7279,15428449.36
-7280,15421478.51
-7281,15414511.14
-7282,15407547.25
-7283,15400586.84
-7284,15393629.91
-7285,15386676.45
-7286,15379726.47
-7287,15372779.97
-7288,15365836.93
-7289,15358897.36
-7290,15351961.26
-7291,15345028.63
-7292,15338099.46
-7293,15331173.76
-7294,15324251.52
-7295,15317332.74
-7296,15310417.42
-7297,15303505.56
-7298,15296597.15
-7299,15289692.2
-7300,15282790.7
-7301,15275892.65
-7302,15268998.06
-7303,15262106.91
-7304,15255219.21
-7305,15248334.95
-7306,15241454.14
-7307,15234576.77
-7308,15227702.84
-7309,15220832.35
-7310,15213965.3
-7311,15207101.69
-7312,15200241.51
-7313,15193384.76
-7314,15186531.45
-7315,15179681.57
-7316,15172835.11
-7317,15165992.09
-7318,15159152.49
-7319,15152316.31
-7320,15145483.56
-7321,15138654.23
-7322,15131828.32
-7323,15125005.82
-7324,15118186.75
-7325,15111371.09
-7326,15104558.84
-7327,15097750.01
-7328,15090944.58
-7329,15084142.57
-7330,15077343.96
-7331,15070548.76
-7332,15063756.97
-7333,15056968.58
-7334,15050183.59
-7335,15043402
-7336,15036623.81
-7337,15029849.02
-7338,15023077.62
-7339,15016309.62
-7340,15009545.01
-7341,15002783.8
-7342,14996025.97
-7343,14989271.53
-7344,14982520.48
-7345,14975772.81
-7346,14969028.53
-7347,14962287.63
-7348,14955550.11
-7349,14948815.97
-7350,14942085.21
-7351,14935357.82
-7352,14928633.81
-7353,14921913.18
-7354,14915195.91
-7355,14908482.02
-7356,14901771.49
-7357,14895064.34
-7358,14888360.55
-7359,14881660.12
-7360,14874963.06
-7361,14868269.35
-7362,14861579.01
-7363,14854892.03
-7364,14848208.4
-7365,14841528.13
-7366,14834851.22
-7367,14828177.65
-7368,14821507.44
-7369,14814840.58
-7370,14808177.06
-7371,14801516.9
-7372,14794860.07
-7373,14788206.6
-7374,14781556.46
-7375,14774909.66
-7376,14768266.21
-7377,14761626.09
-7378,14754989.31
-7379,14748355.86
-7380,14741725.75
-7381,14735098.97
-7382,14728475.51
-7383,14721855.39
-7384,14715238.6
-7385,14708625.13
-7386,14702014.98
-7387,14695408.16
-7388,14688804.66
-7389,14682204.48
-7390,14675607.62
-7391,14669014.08
-7392,14662423.85
-7393,14655836.94
-7394,14649253.34
-7395,14642673.05
-7396,14636096.07
-7397,14629522.39
-7398,14622952.03
-7399,14616384.97
-7400,14609821.21
-7401,14603260.76
-7402,14596703.61
-7403,14590149.75
-7404,14583599.2
-7405,14577051.94
-7406,14570507.98
-7407,14563967.31
-7408,14557429.93
-7409,14550895.84
-7410,14544365.04
-7411,14537837.53
-7412,14531313.31
-7413,14524792.37
-7414,14518274.71
-7415,14511760.34
-7416,14505249.25
-7417,14498741.43
-7418,14492236.89
-7419,14485735.63
-7420,14479237.64
-7421,14472742.93
-7422,14466251.49
-7423,14459763.32
-7424,14453278.41
-7425,14446796.78
-7426,14440318.41
-7427,14433843.3
-7428,14427371.46
-7429,14420902.87
-7430,14414437.55
-7431,14407975.49
-7432,14401516.68
-7433,14395061.13
-7434,14388608.83
-7435,14382159.79
-7436,14375713.99
-7437,14369271.45
-7438,14362832.15
-7439,14356396.11
-7440,14349963.3
-7441,14343533.74
-7442,14337107.43
-7443,14330684.35
-7444,14324264.51
-7445,14317847.91
-7446,14311434.55
-7447,14305024.42
-7448,14298617.53
-7449,14292213.87
-7450,14285813.44
-7451,14279416.24
-7452,14273022.27
-7453,14266631.52
-7454,14260244
-7455,14253859.7
-7456,14247478.62
-7457,14241100.77
-7458,14234726.13
-7459,14228354.71
-7460,14221986.51
-7461,14215621.53
-7462,14209259.75
-7463,14202901.19
-7464,14196545.84
-7465,14190193.7
-7466,14183844.76
-7467,14177499.03
-7468,14171156.51
-7469,14164817.19
-7470,14158481.07
-7471,14152148.15
-7472,14145818.43
-7473,14139491.91
-7474,14133168.59
-7475,14126848.46
-7476,14120531.52
-7477,14114217.77
-7478,14107907.22
-7479,14101599.85
-7480,14095295.67
-7481,14088994.68
-7482,14082696.87
-7483,14076402.24
-7484,14070110.8
-7485,14063822.54
-7486,14057537.45
-7487,14051255.54
-7488,14044976.81
-7489,14038701.26
-7490,14032428.87
-7491,14026159.66
-7492,14019893.62
-7493,14013630.75
-7494,14007371.04
-7495,14001114.5
-7496,13994861.13
-7497,13988610.91
-7498,13982363.86
-7499,13976119.97
-7500,13969879.24
-7501,13963641.67
-7502,13957407.25
-7503,13951175.99
-7504,13944947.87
-7505,13938722.92
-7506,13932501.11
-7507,13926282.45
-7508,13920066.93
-7509,13913854.57
-7510,13907645.35
-7511,13901439.27
-7512,13895236.33
-7513,13889036.53
-7514,13882839.87
-7515,13876646.35
-7516,13870455.97
-7517,13864268.72
-7518,13858084.6
-7519,13851903.61
-7520,13845725.76
-7521,13839551.03
-7522,13833379.43
-7523,13827210.96
-7524,13821045.61
-7525,13814883.39
-7526,13808724.28
-7527,13802568.3
-7528,13796415.43
-7529,13790265.69
-7530,13784119.06
-7531,13777975.54
-7532,13771835.14
-7533,13765697.85
-7534,13759563.67
-7535,13753432.59
-7536,13747304.63
-7537,13741179.77
-7538,13735058.02
-7539,13728939.37
-7540,13722823.82
-7541,13716711.38
-7542,13710602.03
-7543,13704495.78
-7544,13698392.62
-7545,13692292.57
-7546,13686195.6
-7547,13680101.73
-7548,13674010.94
-7549,13667923.25
-7550,13661838.64
-7551,13655757.13
-7552,13649678.69
-7553,13643603.34
-7554,13637531.07
-7555,13631461.89
-7556,13625395.78
-7557,13619332.75
-7558,13613272.79
-7559,13607215.92
-7560,13601162.11
-7561,13595111.38
-7562,13589063.72
-7563,13583019.13
-7564,13576977.6
-7565,13570939.15
-7566,13564903.76
-7567,13558871.43
-7568,13552842.17
-7569,13546815.96
-7570,13540792.82
-7571,13534772.73
-7572,13528755.71
-7573,13522741.73
-7574,13516730.82
-7575,13510722.95
-7576,13504718.14
-7577,13498716.37
-7578,13492717.66
-7579,13486721.99
-7580,13480729.37
-7581,13474739.79
-7582,13468753.25
-7583,13462769.76
-7584,13456789.31
-7585,13450811.89
-7586,13444837.52
-7587,13438866.18
-7588,13432897.87
-7589,13426932.6
-7590,13420970.36
-7591,13415011.15
-7592,13409054.97
-7593,13403101.82
-7594,13397151.69
-7595,13391204.59
-7596,13385260.51
-7597,13379319.45
-7598,13373381.42
-7599,13367446.4
-7600,13361514.41
-7601,13355585.42
-7602,13349659.46
-7603,13343736.51
-7604,13337816.57
-7605,13331899.64
-7606,13325985.72
-7607,13320074.81
-7608,13314166.91
-7609,13308262.01
-7610,13302360.12
-7611,13296461.23
-7612,13290565.34
-7613,13284672.45
-7614,13278782.56
-7615,13272895.67
-7616,13267011.77
-7617,13261130.87
-7618,13255252.96
-7619,13249378.04
-7620,13243506.11
-7621,13237637.17
-7622,13231771.22
-7623,13225908.26
-7624,13220048.28
-7625,13214191.29
-7626,13208337.27
-7627,13202486.24
-7628,13196638.19
-7629,13190793.11
-7630,13184951.01
-7631,13179111.89
-7632,13173275.74
-7633,13167442.57
-7634,13161612.36
-7635,13155785.13
-7636,13149960.86
-7637,13144139.56
-7638,13138321.22
-7639,13132505.85
-7640,13126693.45
-7641,13120884
-7642,13115077.52
-7643,13109273.99
-7644,13103473.42
-7645,13097675.81
-7646,13091881.15
-7647,13086089.45
-7648,13080300.7
-7649,13074514.9
-7650,13068732.05
-7651,13062952.14
-7652,13057175.18
-7653,13051401.17
-7654,13045630.1
-7655,13039861.98
-7656,13034096.8
-7657,13028334.55
-7658,13022575.24
-7659,13016818.88
-7660,13011065.44
-7661,13005314.94
-7662,12999567.38
-7663,12993822.74
-7664,12988081.04
-7665,12982342.27
-7666,12976606.42
-7667,12970873.5
-7668,12965143.5
-7669,12959416.43
-7670,12953692.28
-7671,12947971.05
-7672,12942252.74
-7673,12936537.35
-7674,12930824.87
-7675,12925115.31
-7676,12919408.67
-7677,12913704.93
-7678,12908004.11
-7679,12902306.2
-7680,12896611.2
-7681,12890919.1
-7682,12885229.91
-7683,12879543.63
-7684,12873860.25
-7685,12868179.77
-7686,12862502.19
-7687,12856827.51
-7688,12851155.73
-7689,12845486.84
-7690,12839820.85
-7691,12834157.76
-7692,12828497.55
-7693,12822840.24
-7694,12817185.82
-7695,12811534.28
-7696,12805885.64
-7697,12800239.88
-7698,12794597
-7699,12788957.01
-7700,12783319.89
-7701,12777685.66
-7702,12772054.31
-7703,12766425.84
-7704,12760800.24
-7705,12755177.52
-7706,12749557.67
-7707,12743940.69
-7708,12738326.58
-7709,12732715.35
-7710,12727106.98
-7711,12721501.48
-7712,12715898.85
-7713,12710299.08
-7714,12704702.17
-7715,12699108.12
-7716,12693516.94
-7717,12687928.61
-7718,12682343.14
-7719,12676760.53
-7720,12671180.78
-7721,12665603.87
-7722,12660029.82
-7723,12654458.62
-7724,12648890.27
-7725,12643324.77
-7726,12637762.12
-7727,12632202.31
-7728,12626645.35
-7729,12621091.23
-7730,12615539.95
-7731,12609991.51
-7732,12604445.91
-7733,12598903.15
-7734,12593363.22
-7735,12587826.13
-7736,12582291.88
-7737,12576760.45
-7738,12571231.86
-7739,12565706.1
-7740,12560183.17
-7741,12554663.06
-7742,12549145.78
-7743,12543631.32
-7744,12538119.69
-7745,12532610.88
-7746,12527104.89
-7747,12521601.72
-7748,12516101.37
-7749,12510603.83
-7750,12505109.11
-7751,12499617.21
-7752,12494128.11
-7753,12488641.83
-7754,12483158.36
-7755,12477677.69
-7756,12472199.84
-7757,12466724.79
-7758,12461252.54
-7759,12455783.1
-7760,12450316.46
-7761,12444852.62
-7762,12439391.59
-7763,12433933.35
-7764,12428477.9
-7765,12423025.25
-7766,12417575.4
-7767,12412128.34
-7768,12406684.07
-7769,12401242.59
-7770,12395803.91
-7771,12390368
-7772,12384934.89
-7773,12379504.56
-7774,12374077.02
-7775,12368652.25
-7776,12363230.27
-7777,12357811.07
-7778,12352394.65
-7779,12346981
-7780,12341570.13
-7781,12336162.04
-7782,12330756.72
-7783,12325354.17
-7784,12319954.39
-7785,12314557.38
-7786,12309163.14
-7787,12303771.67
-7788,12298382.96
-7789,12292997.02
-7790,12287613.84
-7791,12282233.42
-7792,12276855.76
-7793,12271480.86
-7794,12266108.72
-7795,12260739.34
-7796,12255372.71
-7797,12250008.83
-7798,12244647.71
-7799,12239289.34
-7800,12233933.72
-7801,12228580.85
-7802,12223230.72
-7803,12217883.34
-7804,12212538.71
-7805,12207196.82
-7806,12201857.67
-7807,12196521.27
-7808,12191187.6
-7809,12185856.67
-7810,12180528.48
-7811,12175203.03
-7812,12169880.31
-7813,12164560.32
-7814,12159243.07
-7815,12153928.54
-7816,12148616.75
-7817,12143307.68
-7818,12138001.34
-7819,12132697.73
-7820,12127396.84
-7821,12122098.67
-7822,12116803.23
-7823,12111510.5
-7824,12106220.5
-7825,12100933.21
-7826,12095648.64
-7827,12090366.79
-7828,12085087.64
-7829,12079811.22
-7830,12074537.5
-7831,12069266.49
-7832,12063998.2
-7833,12058732.61
-7834,12053469.72
-7835,12048209.54
-7836,12042952.07
-7837,12037697.3
-7838,12032445.23
-7839,12027195.86
-7840,12021949.18
-7841,12016705.21
-7842,12011463.93
-7843,12006225.35
-7844,12000989.46
-7845,11995756.26
-7846,11990525.75
-7847,11985297.94
-7848,11980072.81
-7849,11974850.37
-7850,11969630.61
-7851,11964413.54
-7852,11959199.16
-7853,11953987.45
-7854,11948778.43
-7855,11943572.09
-7856,11938368.42
-7857,11933167.43
-7858,11927969.12
-7859,11922773.48
-7860,11917580.52
-7861,11912390.23
-7862,11907202.6
-7863,11902017.65
-7864,11896835.37
-7865,11891655.75
-7866,11886478.8
-7867,11881304.51
-7868,11876132.89
-7869,11870963.93
-7870,11865797.63
-7871,11860633.99
-7872,11855473
-7873,11850314.68
-7874,11845159.01
-7875,11840005.99
-7876,11834855.63
-7877,11829707.92
-7878,11824562.86
-7879,11819420.45
-7880,11814280.68
-7881,11809143.57
-7882,11804009.1
-7883,11798877.27
-7884,11793748.09
-7885,11788621.54
-7886,11783497.64
-7887,11778376.38
-7888,11773257.76
-7889,11768141.77
-7890,11763028.42
-7891,11757917.7
-7892,11752809.62
-7893,11747704.17
-7894,11742601.35
-7895,11737501.15
-7896,11732403.59
-7897,11727308.65
-7898,11722216.34
-7899,11717126.65
-7900,11712039.59
-7901,11706955.15
-7902,11701873.33
-7903,11696794.12
-7904,11691717.54
-7905,11686643.57
-7906,11681572.22
-7907,11676503.48
-7908,11671437.36
-7909,11666373.84
-7910,11661312.94
-7911,11656254.65
-7912,11651198.96
-7913,11646145.89
-7914,11641095.41
-7915,11636047.55
-7916,11631002.28
-7917,11625959.62
-7918,11620919.56
-7919,11615882.09
-7920,11610847.23
-7921,11605814.96
-7922,11600785.29
-7923,11595758.21
-7924,11590733.73
-7925,11585711.84
-7926,11580692.54
-7927,11575675.82
-7928,11570661.7
-7929,11565650.16
-7930,11560641.21
-7931,11555634.85
-7932,11550631.07
-7933,11545629.87
-7934,11540631.25
-7935,11535635.21
-7936,11530641.75
-7937,11525650.86
-7938,11520662.55
-7939,11515676.82
-7940,11510693.66
-7941,11505713.07
-7942,11500735.06
-7943,11495759.61
-7944,11490786.73
-7945,11485816.42
-7946,11480848.68
-7947,11475883.5
-7948,11470920.88
-7949,11465960.83
-7950,11461003.34
-7951,11456048.41
-7952,11451096.04
-7953,11446146.22
-7954,11441198.96
-7955,11436254.25
-7956,11431312.1
-7957,11426372.49
-7958,11421435.44
-7959,11416500.93
-7960,11411568.97
-7961,11406639.55
-7962,11401712.67
-7963,11396788.34
-7964,11391866.54
-7965,11386947.29
-7966,11382030.57
-7967,11377116.38
-7968,11372204.73
-7969,11367295.61
-7970,11362389.02
-7971,11357484.96
-7972,11352583.43
-7973,11347684.42
-7974,11342787.94
-7975,11337893.97
-7976,11333002.53
-7977,11328113.61
-7978,11323227.21
-7979,11318343.32
-7980,11313461.95
-7981,11308583.09
-7982,11303706.74
-7983,11298832.9
-7984,11293961.57
-7985,11289092.75
-7986,11284226.43
-7987,11279362.62
-7988,11274501.31
-7989,11269642.5
-7990,11264786.19
-7991,11259932.38
-7992,11255081.06
-7993,11250232.24
-7994,11245385.91
-7995,11240542.07
-7996,11235700.72
-7997,11230861.87
-7998,11226025.49
-7999,11221191.61
-8000,11216360.21
-8001,11211531.29
-8002,11206704.85
-8003,11201880.89
-8004,11197059.41
-8005,11192240.4
-8006,11187423.87
-8007,11182609.81
-8008,11177798.23
-8009,11172989.11
-8010,11168182.47
-8011,11163378.29
-8012,11158576.57
-8013,11153777.32
-8014,11148980.54
-8015,11144186.21
-8016,11139394.35
-8017,11134604.94
-8018,11129817.99
-8019,11125033.49
-8020,11120251.45
-8021,11115471.86
-8022,11110694.72
-8023,11105920.03
-8024,11101147.79
-8025,11096377.99
-8026,11091610.64
-8027,11086845.73
-8028,11082083.26
-8029,11077323.24
-8030,11072565.65
-8031,11067810.5
-8032,11063057.78
-8033,11058307.5
-8034,11053559.65
-8035,11048814.23
-8036,11044071.25
-8037,11039330.69
-8038,11034592.55
-8039,11029856.85
-8040,11025123.56
-8041,11020392.7
-8042,11015664.26
-8043,11010938.24
-8044,11006214.63
-8045,11001493.45
-8046,10996774.68
-8047,10992058.32
-8048,10987344.37
-8049,10982632.83
-8050,10977923.7
-8051,10973216.98
-8052,10968512.67
-8053,10963810.76
-8054,10959111.25
-8055,10954414.15
-8056,10949719.44
-8057,10945027.14
-8058,10940337.23
-8059,10935649.72
-8060,10930964.6
-8061,10926281.87
-8062,10921601.54
-8063,10916923.59
-8064,10912248.04
-8065,10907574.87
-8066,10902904.08
-8067,10898235.68
-8068,10893569.67
-8069,10888906.03
-8070,10884244.77
-8071,10879585.9
-8072,10874929.4
-8073,10870275.27
-8074,10865623.52
-8075,10860974.14
-8076,10856327.13
-8077,10851682.49
-8078,10847040.22
-8079,10842400.32
-8080,10837762.78
-8081,10833127.6
-8082,10828494.79
-8083,10823864.34
-8084,10819236.25
-8085,10814610.51
-8086,10809987.13
-8087,10805366.11
-8088,10800747.44
-8089,10796131.13
-8090,10791517.16
-8091,10786905.54
-8092,10782296.27
-8093,10777689.35
-8094,10773084.78
-8095,10768482.54
-8096,10763882.65
-8097,10759285.1
-8098,10754689.89
-8099,10750097.02
-8100,10745506.48
-8101,10740918.28
-8102,10736332.42
-8103,10731748.88
-8104,10727167.68
-8105,10722588.8
-8106,10718012.26
-8107,10713438.04
-8108,10708866.14
-8109,10704296.57
-8110,10699729.33
-8111,10695164.4
-8112,10690601.79
-8113,10686041.5
-8114,10681483.53
-8115,10676927.87
-8116,10672374.53
-8117,10667823.5
-8118,10663274.78
-8119,10658728.37
-8120,10654184.27
-8121,10649642.47
-8122,10645102.98
-8123,10640565.8
-8124,10636030.92
-8125,10631498.33
-8126,10626968.05
-8127,10622440.07
-8128,10617914.39
-8129,10613391
-8130,10608869.9
-8131,10604351.1
-8132,10599834.59
-8133,10595320.37
-8134,10590808.43
-8135,10586298.79
-8136,10581791.43
-8137,10577286.36
-8138,10572783.57
-8139,10568283.06
-8140,10563784.83
-8141,10559288.88
-8142,10554795.21
-8143,10550303.81
-8144,10545814.69
-8145,10541327.85
-8146,10536843.27
-8147,10532360.97
-8148,10527880.93
-8149,10523403.17
-8150,10518927.67
-8151,10514454.43
-8152,10509983.46
-8153,10505514.75
-8154,10501048.31
-8155,10496584.12
-8156,10492122.19
-8157,10487662.52
-8158,10483205.1
-8159,10478749.94
-8160,10474297.04
-8161,10469846.38
-8162,10465397.97
-8163,10460951.81
-8164,10456507.9
-8165,10452066.24
-8166,10447626.82
-8167,10443189.65
-8168,10438754.71
-8169,10434322.02
-8170,10429891.57
-8171,10425463.35
-8172,10421037.37
-8173,10416613.63
-8174,10412192.12
-8175,10407772.84
-8176,10403355.8
-8177,10398940.98
-8178,10394528.4
-8179,10390118.04
-8180,10385709.9
-8181,10381303.99
-8182,10376900.31
-8183,10372498.84
-8184,10368099.6
-8185,10363702.57
-8186,10359307.77
-8187,10354915.18
-8188,10350524.8
-8189,10346136.64
-8190,10341750.69
-8191,10337366.95
-8192,10332985.43
-8193,10328606.11
-8194,10324229
-8195,10319854.09
-8196,10315481.39
-8197,10311110.89
-8198,10306742.59
-8199,10302376.5
-8200,10298012.6
-8201,10293650.9
-8202,10289291.4
-8203,10284934.09
-8204,10280578.97
-8205,10276226.05
-8206,10271875.32
-8207,10267526.78
-8208,10263180.43
-8209,10258836.27
-8210,10254494.29
-8211,10250154.49
-8212,10245816.88
-8213,10241481.46
-8214,10237148.21
-8215,10232817.14
-8216,10228488.25
-8217,10224161.54
-8218,10219837
-8219,10215514.63
-8220,10211194.44
-8221,10206876.42
-8222,10202560.57
-8223,10198246.89
-8224,10193935.38
-8225,10189626.03
-8226,10185318.85
-8227,10181013.83
-8228,10176710.98
-8229,10172410.28
-8230,10168111.75
-8231,10163815.37
-8232,10159521.15
-8233,10155229.09
-8234,10150939.18
-8235,10146651.42
-8236,10142365.82
-8237,10138082.37
-8238,10133801.07
-8239,10129521.91
-8240,10125244.9
-8241,10120970.04
-8242,10116697.32
-8243,10112426.74
-8244,10108158.31
-8245,10103892.02
-8246,10099627.86
-8247,10095365.85
-8248,10091105.97
-8249,10086848.22
-8250,10082592.61
-8251,10078339.13
-8252,10074087.78
-8253,10069838.57
-8254,10065591.48
-8255,10061346.52
-8256,10057103.69
-8257,10052862.98
-8258,10048624.39
-8259,10044387.93
-8260,10040153.59
-8261,10035921.36
-8262,10031691.26
-8263,10027463.28
-8264,10023237.41
-8265,10019013.65
-8266,10014792.01
-8267,10010572.48
-8268,10006355.06
-8269,10002139.76
-8270,9997926.557
-8271,9993715.464
-8272,9989506.478
-8273,9985299.596
-8274,9981094.818
-8275,9976892.142
-8276,9972691.567
-8277,9968493.092
-8278,9964296.715
-8279,9960102.436
-8280,9955910.252
-8281,9951720.163
-8282,9947532.167
-8283,9943346.263
-8284,9939162.451
-8285,9934980.728
-8286,9930801.093
-8287,9926623.546
-8288,9922448.084
-8289,9918274.707
-8290,9914103.413
-8291,9909934.202
-8292,9905767.072
-8293,9901602.021
-8294,9897439.048
-8295,9893278.153
-8296,9889119.334
-8297,9884962.589
-8298,9880807.918
-8299,9876655.319
-8300,9872504.792
-8301,9868356.333
-8302,9864209.944
-8303,9860065.621
-8304,9855923.365
-8305,9851783.173
-8306,9847645.046
-8307,9843508.98
-8308,9839374.975
-8309,9835243.031
-8310,9831113.145
-8311,9826985.316
-8312,9822859.544
-8313,9818735.826
-8314,9814614.162
-8315,9810494.551
-8316,9806376.991
-8317,9802261.481
-8318,9798148.02
-8319,9794036.607
-8320,9789927.239
-8321,9785819.918
-8322,9781714.64
-8323,9777611.404
-8324,9773510.211
-8325,9769411.057
-8326,9765313.943
-8327,9761218.866
-8328,9757125.826
-8329,9753034.822
-8330,9748945.852
-8331,9744858.915
-8332,9740774.009
-8333,9736691.134
-8334,9732610.289
-8335,9728531.471
-8336,9724454.681
-8337,9720379.917
-8338,9716307.176
-8339,9712236.46
-8340,9708167.765
-8341,9704101.091
-8342,9700036.438
-8343,9695973.802
-8344,9691913.184
-8345,9687854.582
-8346,9683797.995
-8347,9679743.422
-8348,9675690.861
-8349,9671640.311
-8350,9667591.772
-8351,9663545.241
-8352,9659500.719
-8353,9655458.203
-8354,9651417.692
-8355,9647379.185
-8356,9643342.681
-8357,9639308.179
-8358,9635275.678
-8359,9631245.176
-8360,9627216.672
-8361,9623190.166
-8362,9619165.655
-8363,9615143.139
-8364,9611122.616
-8365,9607104.085
-8366,9603087.546
-8367,9599072.996
-8368,9595060.436
-8369,9591049.862
-8370,9587041.275
-8371,9583034.674
-8372,9579030.056
-8373,9575027.421
-8374,9571026.768
-8375,9567028.095
-8376,9563031.402
-8377,9559036.687
-8378,9555043.948
-8379,9551053.186
-8380,9547064.398
-8381,9543077.583
-8382,9539092.741
-8383,9535109.87
-8384,9531128.968
-8385,9527150.036
-8386,9523173.071
-8387,9519198.073
-8388,9515225.039
-8389,9511253.97
-8390,9507284.864
-8391,9503317.72
-8392,9499352.536
-8393,9495389.311
-8394,9491428.045
-8395,9487468.736
-8396,9483511.383
-8397,9479555.985
-8398,9475602.54
-8399,9471651.048
-8400,9467701.507
-8401,9463753.917
-8402,9459808.275
-8403,9455864.581
-8404,9451922.834
-8405,9447983.033
-8406,9444045.176
-8407,9440109.262
-8408,9436175.29
-8409,9432243.259
-8410,9428313.168
-8411,9424385.016
-8412,9420458.801
-8413,9416534.523
-8414,9412612.18
-8415,9408691.77
-8416,9404773.294
-8417,9400856.75
-8418,9396942.136
-8419,9393029.452
-8420,9389118.696
-8421,9385209.867
-8422,9381302.965
-8423,9377397.987
-8424,9373494.933
-8425,9369593.802
-8426,9365694.592
-8427,9361797.303
-8428,9357901.933
-8429,9354008.481
-8430,9350116.947
-8431,9346227.328
-8432,9342339.623
-8433,9338453.833
-8434,9334569.955
-8435,9330687.988
-8436,9326807.931
-8437,9322929.784
-8438,9319053.544
-8439,9315179.212
-8440,9311306.785
-8441,9307436.262
-8442,9303567.643
-8443,9299700.927
-8444,9295836.111
-8445,9291973.196
-8446,9288112.18
-8447,9284253.061
-8448,9280395.84
-8449,9276540.514
-8450,9272687.082
-8451,9268835.544
-8452,9264985.898
-8453,9261138.143
-8454,9257292.279
-8455,9253448.303
-8456,9249606.215
-8457,9245766.014
-8458,9241927.698
-8459,9238091.267
-8460,9234256.719
-8461,9230424.053
-8462,9226593.269
-8463,9222764.364
-8464,9218937.339
-8465,9215112.191
-8466,9211288.921
-8467,9207467.525
-8468,9203648.004
-8469,9199830.357
-8470,9196014.582
-8471,9192200.678
-8472,9188388.644
-8473,9184578.48
-8474,9180770.183
-8475,9176963.753
-8476,9173159.189
-8477,9169356.489
-8478,9165555.653
-8479,9161756.679
-8480,9157959.567
-8481,9154164.314
-8482,9150370.921
-8483,9146579.386
-8484,9142789.708
-8485,9139001.886
-8486,9135215.918
-8487,9131431.805
-8488,9127649.544
-8489,9123869.134
-8490,9120090.575
-8491,9116313.865
-8492,9112539.003
-8493,9108765.988
-8494,9104994.82
-8495,9101225.497
-8496,9097458.017
-8497,9093692.38
-8498,9089928.585
-8499,9086166.631
-8500,9082406.516
-8501,9078648.24
-8502,9074891.801
-8503,9071137.198
-8504,9067384.431
-8505,9063633.498
-8506,9059884.398
-8507,9056137.13
-8508,9052391.693
-8509,9048648.086
-8510,9044906.308
-8511,9041166.358
-8512,9037428.234
-8513,9033691.936
-8514,9029957.462
-8515,9026224.812
-8516,9022493.984
-8517,9018764.977
-8518,9015037.791
-8519,9011312.424
-8520,9007588.875
-8521,9003867.143
-8522,9000147.227
-8523,8996429.126
-8524,8992712.839
-8525,8988998.365
-8526,8985285.703
-8527,8981574.851
-8528,8977865.808
-8529,8974158.575
-8530,8970453.149
-8531,8966749.529
-8532,8963047.715
-8533,8959347.705
-8534,8955649.498
-8535,8951953.094
-8536,8948258.49
-8537,8944565.687
-8538,8940874.683
-8539,8937185.477
-8540,8933498.068
-8541,8929812.455
-8542,8926128.636
-8543,8922446.612
-8544,8918766.38
-8545,8915087.94
-8546,8911411.291
-8547,8907736.431
-8548,8904063.36
-8549,8900392.076
-8550,8896722.579
-8551,8893054.867
-8552,8889388.94
-8553,8885724.796
-8554,8882062.434
-8555,8878401.854
-8556,8874743.053
-8557,8871086.032
-8558,8867430.79
-8559,8863777.324
-8560,8860125.634
-8561,8856475.72
-8562,8852827.579
-8563,8849181.211
-8564,8845536.616
-8565,8841893.791
-8566,8838252.736
-8567,8834613.45
-8568,8830975.932
-8569,8827340.18
-8570,8823706.195
-8571,8820073.974
-8572,8816443.516
-8573,8812814.822
-8574,8809187.889
-8575,8805562.716
-8576,8801939.303
-8577,8798317.649
-8578,8794697.752
-8579,8791079.612
-8580,8787463.227
-8581,8783848.597
-8582,8780235.72
-8583,8776624.596
-8584,8773015.223
-8585,8769407.6
-8586,8765801.727
-8587,8762197.602
-8588,8758595.224
-8589,8754994.592
-8590,8751395.706
-8591,8747798.564
-8592,8744203.166
-8593,8740609.51
-8594,8737017.594
-8595,8733427.419
-8596,8729838.984
-8597,8726252.286
-8598,8722667.326
-8599,8719084.102
-8600,8715502.613
-8601,8711922.858
-8602,8708344.836
-8603,8704768.546
-8604,8701193.988
-8605,8697621.159
-8606,8694050.06
-8607,8690480.689
-8608,8686913.045
-8609,8683347.127
-8610,8679782.934
-8611,8676220.465
-8612,8672659.719
-8613,8669100.696
-8614,8665543.393
-8615,8661987.811
-8616,8658433.947
-8617,8654881.802
-8618,8651331.374
-8619,8647782.662
-8620,8644235.665
-8621,8640690.382
-8622,8637146.812
-8623,8633604.955
-8624,8630064.808
-8625,8626526.372
-8626,8622989.645
-8627,8619454.625
-8628,8615921.313
-8629,8612389.708
-8630,8608859.807
-8631,8605331.611
-8632,8601805.117
-8633,8598280.326
-8634,8594757.237
-8635,8591235.847
-8636,8587716.157
-8637,8584198.165
-8638,8580681.87
-8639,8577167.271
-8640,8573654.368
-8641,8570143.16
-8642,8566633.644
-8643,8563125.821
-8644,8559619.689
-8645,8556115.248
-8646,8552612.496
-8647,8549111.433
-8648,8545612.057
-8649,8542114.367
-8650,8538618.363
-8651,8535124.044
-8652,8531631.408
-8653,8528140.455
-8654,8524651.183
-8655,8521163.593
-8656,8517677.681
-8657,8514193.449
-8658,8510710.894
-8659,8507230.016
-8660,8503750.814
-8661,8500273.286
-8662,8496797.433
-8663,8493323.252
-8664,8489850.743
-8665,8486379.905
-8666,8482910.737
-8667,8479443.239
-8668,8475977.408
-8669,8472513.244
-8670,8469050.747
-8671,8465589.914
-8672,8462130.746
-8673,8458673.241
-8674,8455217.398
-8675,8451763.217
-8676,8448310.696
-8677,8444859.835
-8678,8441410.631
-8679,8437963.086
-8680,8434517.197
-8681,8431072.963
-8682,8427630.384
-8683,8424189.459
-8684,8420750.186
-8685,8417312.566
-8686,8413876.596
-8687,8410442.275
-8688,8407009.604
-8689,8403578.581
-8690,8400149.205
-8691,8396721.474
-8692,8393295.389
-8693,8389870.948
-8694,8386448.15
-8695,8383026.995
-8696,8379607.48
-8697,8376189.606
-8698,8372773.372
-8699,8369358.776
-8700,8365945.817
-8701,8362534.495
-8702,8359124.809
-8703,8355716.757
-8704,8352310.34
-8705,8348905.554
-8706,8345502.401
-8707,8342100.879
-8708,8338700.987
-8709,8335302.723
-8710,8331906.088
-8711,8328511.08
-8712,8325117.699
-8713,8321725.942
-8714,8318335.81
-8715,8314947.302
-8716,8311560.416
-8717,8308175.151
-8718,8304791.507
-8719,8301409.483
-8720,8298029.077
-8721,8294650.29
-8722,8291273.119
-8723,8287897.564
-8724,8284523.625
-8725,8281151.299
-8726,8277780.587
-8727,8274411.487
-8728,8271043.998
-8729,8267678.12
-8730,8264313.851
-8731,8260951.19
-8732,8257590.138
-8733,8254230.692
-8734,8250872.851
-8735,8247516.616
-8736,8244161.985
-8737,8240808.956
-8738,8237457.53
-8739,8234107.705
-8740,8230759.48
-8741,8227412.854
-8742,8224067.827
-8743,8220724.398
-8744,8217382.565
-8745,8214042.327
-8746,8210703.685
-8747,8207366.636
-8748,8204031.18
-8749,8200697.316
-8750,8197365.044
-8751,8194034.361
-8752,8190705.268
-8753,8187377.763
-8754,8184051.846
-8755,8180727.515
-8756,8177404.769
-8757,8174083.609
-8758,8170764.032
-8759,8167446.038
-8760,8164129.626
-8761,8160814.796
-8762,8157501.545
-8763,8154189.874
-8764,8150879.781
-8765,8147571.265
-8766,8144264.327
-8767,8140958.963
-8768,8137655.175
-8769,8134352.96
-8770,8131052.319
-8771,8127753.249
-8772,8124455.751
-8773,8121159.822
-8774,8117865.463
-8775,8114572.673
-8776,8111281.45
-8777,8107991.794
-8778,8104703.704
-8779,8101417.178
-8780,8098132.217
-8781,8094848.818
-8782,8091566.982
-8783,8088286.707
-8784,8085007.992
-8785,8081730.837
-8786,8078455.241
-8787,8075181.202
-8788,8071908.72
-8789,8068637.794
-8790,8065368.423
-8791,8062100.606
-8792,8058834.343
-8793,8055569.632
-8794,8052306.472
-8795,8049044.863
-8796,8045784.804
-8797,8042526.293
-8798,8039269.331
-8799,8036013.915
-8800,8032760.046
-8801,8029507.722
-8802,8026256.943
-8803,8023007.707
-8804,8019760.014
-8805,8016513.862
-8806,8013269.252
-8807,8010026.181
-8808,8006784.65
-8809,8003544.656
-8810,8000306.201
-8811,7997069.281
-8812,7993833.898
-8813,7990600.049
-8814,7987367.734
-8815,7984136.952
-8816,7980907.702
-8817,7977679.983
-8818,7974453.795
-8819,7971229.136
-8820,7968006.006
-8821,7964784.404
-8822,7961564.328
-8823,7958345.779
-8824,7955128.755
-8825,7951913.255
-8826,7948699.278
-8827,7945486.824
-8828,7942275.892
-8829,7939066.48
-8830,7935858.589
-8831,7932652.216
-8832,7929447.362
-8833,7926244.025
-8834,7923042.205
-8835,7919841.9
-8836,7916643.11
-8837,7913445.834
-8838,7910250.071
-8839,7907055.82
-8840,7903863.08
-8841,7900671.851
-8842,7897482.132
-8843,7894293.921
-8844,7891107.218
-8845,7887922.022
-8846,7884738.332
-8847,7881556.148
-8848,7878375.468
-8849,7875196.292
-8850,7872018.618
-8851,7868842.446
-8852,7865667.776
-8853,7862494.605
-8854,7859322.934
-8855,7856152.761
-8856,7852984.086
-8857,7849816.908
-8858,7846651.225
-8859,7843487.038
-8860,7840324.345
-8861,7837163.145
-8862,7834003.438
-8863,7830845.223
-8864,7827688.498
-8865,7824533.263
-8866,7821379.518
-8867,7818227.261
-8868,7815076.491
-8869,7811927.208
-8870,7808779.41
-8871,7805633.098
-8872,7802488.269
-8873,7799344.924
-8874,7796203.061
-8875,7793062.68
-8876,7789923.779
-8877,7786786.359
-8878,7783650.417
-8879,7780515.954
-8880,7777382.968
-8881,7774251.458
-8882,7771121.424
-8883,7767992.865
-8884,7764865.78
-8885,7761740.168
-8886,7758616.028
-8887,7755493.36
-8888,7752372.163
-8889,7749252.436
-8890,7746134.177
-8891,7743017.387
-8892,7739902.064
-8893,7736788.207
-8894,7733675.816
-8895,7730564.89
-8896,7727455.428
-8897,7724347.429
-8898,7721240.893
-8899,7718135.818
-8900,7715032.204
-8901,7711930.05
-8902,7708829.354
-8903,7705730.117
-8904,7702632.338
-8905,7699536.015
-8906,7696441.147
-8907,7693347.735
-8908,7690255.777
-8909,7687165.272
-8910,7684076.219
-8911,7680988.618
-8912,7677902.468
-8913,7674817.768
-8914,7671734.517
-8915,7668652.715
-8916,7665572.36
-8917,7662493.452
-8918,7659415.989
-8919,7656339.972
-8920,7653265.399
-8921,7650192.269
-8922,7647120.583
-8923,7644050.337
-8924,7640981.533
-8925,7637914.17
-8926,7634848.245
-8927,7631783.759
-8928,7628720.711
-8929,7625659.1
-8930,7622598.925
-8931,7619540.185
-8932,7616482.88
-8933,7613427.008
-8934,7610372.57
-8935,7607319.563
-8936,7604267.988
-8937,7601217.843
-8938,7598169.128
-8939,7595121.842
-8940,7592075.984
-8941,7589031.553
-8942,7585988.548
-8943,7582946.969
-8944,7579906.815
-8945,7576868.085
-8946,7573830.779
-8947,7570794.894
-8948,7567760.432
-8949,7564727.39
-8950,7561695.768
-8951,7558665.565
-8952,7555636.781
-8953,7552609.415
-8954,7549583.466
-8955,7546558.933
-8956,7543535.816
-8957,7540514.114
-8958,7537493.826
-8959,7534474.952
-8960,7531457.491
-8961,7528441.442
-8962,7525426.804
-8963,7522413.577
-8964,7519401.761
-8965,7516391.353
-8966,7513382.354
-8967,7510374.764
-8968,7507368.58
-8969,7504363.803
-8970,7501360.433
-8971,7498358.467
-8972,7495357.905
-8973,7492358.748
-8974,7489360.994
-8975,7486364.642
-8976,7483369.691
-8977,7480376.142
-8978,7477383.993
-8979,7474393.243
-8980,7471403.893
-8981,7468415.941
-8982,7465429.386
-8983,7462444.228
-8984,7459460.466
-8985,7456478.1
-8986,7453497.128
-8987,7450517.551
-8988,7447539.367
-8989,7444562.575
-8990,7441587.175
-8991,7438613.167
-8992,7435640.55
-8993,7432669.322
-8994,7429699.483
-8995,7426731.033
-8996,7423763.971
-8997,7420798.296
-8998,7417834.007
-8999,7414871.105
-9000,7411909.587
-9001,7408949.454
-9002,7405990.704
-9003,7403033.337
-9004,7400077.353
-9005,7397122.75
-9006,7394169.529
-9007,7391217.687
-9008,7388267.226
-9009,7385318.143
-9010,7382370.438
-9011,7379424.111
-9012,7376479.16
-9013,7373535.586
-9014,7370593.388
-9015,7367652.564
-9016,7364713.114
-9017,7361775.038
-9018,7358838.334
-9019,7355903.002
-9020,7352969.042
-9021,7350036.453
-9022,7347105.234
-9023,7344175.384
-9024,7341246.902
-9025,7338319.789
-9026,7335394.043
-9027,7332469.663
-9028,7329546.65
-9029,7326625.001
-9030,7323704.718
-9031,7320785.798
-9032,7317868.242
-9033,7314952.048
-9034,7312037.216
-9035,7309123.745
-9036,7306211.635
-9037,7303300.884
-9038,7300391.493
-9039,7297483.46
-9040,7294576.785
-9041,7291671.468
-9042,7288767.506
-9043,7285864.901
-9044,7282963.651
-9045,7280063.755
-9046,7277165.213
-9047,7274268.024
-9048,7271372.188
-9049,7268477.703
-9050,7265584.569
-9051,7262692.786
-9052,7259802.353
-9053,7256913.269
-9054,7254025.533
-9055,7251139.145
-9056,7248254.104
-9057,7245370.41
-9058,7242488.061
-9059,7239607.057
-9060,7236727.398
-9061,7233849.083
-9062,7230972.11
-9063,7228096.48
-9064,7225222.192
-9065,7222349.245
-9066,7219477.638
-9067,7216607.371
-9068,7213738.444
-9069,7210870.854
-9070,7208004.603
-9071,7205139.688
-9072,7202276.11
-9073,7199413.868
-9074,7196552.961
-9075,7193693.388
-9076,7190835.149
-9077,7187978.243
-9078,7185122.67
-9079,7182268.428
-9080,7179415.518
-9081,7176563.938
-9082,7173713.688
-9083,7170864.767
-9084,7168017.175
-9085,7165170.91
-9086,7162325.973
-9087,7159482.362
-9088,7156640.077
-9089,7153799.117
-9090,7150959.482
-9091,7148121.171
-9092,7145284.183
-9093,7142448.517
-9094,7139614.174
-9095,7136781.152
-9096,7133949.45
-9097,7131119.069
-9098,7128290.006
-9099,7125462.263
-9100,7122635.837
-9101,7119810.729
-9102,7116986.937
-9103,7114164.462
-9104,7111343.302
-9105,7108523.456
-9106,7105704.925
-9107,7102887.707
-9108,7100071.802
-9109,7097257.209
-9110,7094443.928
-9111,7091631.957
-9112,7088821.297
-9113,7086011.946
-9114,7083203.904
-9115,7080397.17
-9116,7077591.744
-9117,7074787.625
-9118,7071984.812
-9119,7069183.304
-9120,7066383.102
-9121,7063584.204
-9122,7060786.61
-9123,7057990.319
-9124,7055195.33
-9125,7052401.643
-9126,7049609.257
-9127,7046818.172
-9128,7044028.386
-9129,7041239.9
-9130,7038452.712
-9131,7035666.823
-9132,7032882.23
-9133,7030098.934
-9134,7027316.934
-9135,7024536.229
-9136,7021756.819
-9137,7018978.703
-9138,7016201.881
-9139,7013426.351
-9140,7010652.113
-9141,7007879.167
-9142,7005107.512
-9143,7002337.147
-9144,6999568.071
-9145,6996800.285
-9146,6994033.786
-9147,6991268.576
-9148,6988504.652
-9149,6985742.015
-9150,6982980.663
-9151,6980220.597
-9152,6977461.815
-9153,6974704.317
-9154,6971948.102
-9155,6969193.17
-9156,6966439.519
-9157,6963687.15
-9158,6960936.061
-9159,6958186.253
-9160,6955437.724
-9161,6952690.474
-9162,6949944.501
-9163,6947199.807
-9164,6944456.389
-9165,6941714.247
-9166,6938973.381
-9167,6936233.79
-9168,6933495.473
-9169,6930758.43
-9170,6928022.66
-9171,6925288.162
-9172,6922554.937
-9173,6919822.982
-9174,6917092.298
-9175,6914362.884
-9176,6911634.739
-9177,6908907.863
-9178,6906182.255
-9179,6903457.914
-9180,6900734.84
-9181,6898013.032
-9182,6895292.49
-9183,6892573.212
-9184,6889855.199
-9185,6887138.45
-9186,6884422.963
-9187,6881708.739
-9188,6878995.777
-9189,6876284.075
-9190,6873573.635
-9191,6870864.454
-9192,6868156.532
-9193,6865449.87
-9194,6862744.465
-9195,6860040.317
-9196,6857337.427
-9197,6854635.792
-9198,6851935.413
-9199,6849236.289
-9200,6846538.419
-9201,6843841.803
-9202,6841146.44
-9203,6838452.329
-9204,6835759.471
-9205,6833067.863
-9206,6830377.506
-9207,6827688.399
-9208,6825000.541
-9209,6822313.932
-9210,6819628.571
-9211,6816944.458
-9212,6814261.591
-9213,6811579.971
-9214,6808899.596
-9215,6806220.466
-9216,6803542.581
-9217,6800865.939
-9218,6798190.541
-9219,6795516.385
-9220,6792843.471
-9221,6790171.799
-9222,6787501.367
-9223,6784832.175
-9224,6782164.223
-9225,6779497.51
-9226,6776832.034
-9227,6774167.797
-9228,6771504.796
-9229,6768843.032
-9230,6766182.504
-9231,6763523.211
-9232,6760865.153
-9233,6758208.328
-9234,6755552.737
-9235,6752898.379
-9236,6750245.252
-9237,6747593.358
-9238,6744942.694
-9239,6742293.261
-9240,6739645.057
-9241,6736998.082
-9242,6734352.336
-9243,6731707.818
-9244,6729064.527
-9245,6726422.463
-9246,6723781.624
-9247,6721142.011
-9248,6718503.624
-9249,6715866.46
-9250,6713230.52
-9251,6710595.803
-9252,6707962.308
-9253,6705330.035
-9254,6702698.984
-9255,6700069.153
-9256,6697440.542
-9257,6694813.151
-9258,6692186.978
-9259,6689562.024
-9260,6686938.287
-9261,6684315.767
-9262,6681694.463
-9263,6679074.376
-9264,6676455.503
-9265,6673837.845
-9266,6671221.402
-9267,6668606.171
-9268,6665992.153
-9269,6663379.348
-9270,6660767.754
-9271,6658157.371
-9272,6655548.199
-9273,6652940.236
-9274,6650333.483
-9275,6647727.938
-9276,6645123.601
-9277,6642520.472
-9278,6639918.549
-9279,6637317.833
-9280,6634718.322
-9281,6632120.016
-9282,6629522.915
-9283,6626927.017
-9284,6624332.323
-9285,6621738.832
-9286,6619146.542
-9287,6616555.454
-9288,6613965.567
-9289,6611376.88
-9290,6608789.393
-9291,6606203.105
-9292,6603618.015
-9293,6601034.123
-9294,6598451.429
-9295,6595869.931
-9296,6593289.63
-9297,6590710.524
-9298,6588132.612
-9299,6585555.896
-9300,6582980.373
-9301,6580406.043
-9302,6577832.906
-9303,6575260.961
-9304,6572690.207
-9305,6570120.644
-9306,6567552.271
-9307,6564985.088
-9308,6562419.094
-9309,6559854.288
-9310,6557290.671
-9311,6554728.24
-9312,6552166.997
-9313,6549606.939
-9314,6547048.067
-9315,6544490.38
-9316,6541933.877
-9317,6539378.559
-9318,6536824.423
-9319,6534271.47
-9320,6531719.699
-9321,6529169.109
-9322,6526619.7
-9323,6524071.472
-9324,6521524.423
-9325,6518978.553
-9326,6516433.862
-9327,6513890.349
-9328,6511348.013
-9329,6508806.854
-9330,6506266.872
-9331,6503728.064
-9332,6501190.432
-9333,6498653.975
-9334,6496118.691
-9335,6493584.58
-9336,6491051.643
-9337,6488519.877
-9338,6485989.283
-9339,6483459.86
-9340,6480931.607
-9341,6478404.525
-9342,6475878.611
-9343,6473353.866
-9344,6470830.29
-9345,6468307.88
-9346,6465786.638
-9347,6463266.562
-9348,6460747.652
-9349,6458229.907
-9350,6455713.327
-9351,6453197.911
-9352,6450683.658
-9353,6448170.569
-9354,6445658.641
-9355,6443147.876
-9356,6440638.271
-9357,6438129.828
-9358,6435622.544
-9359,6433116.42
-9360,6430611.455
-9361,6428107.648
-9362,6425604.999
-9363,6423103.507
-9364,6420603.171
-9365,6418103.992
-9366,6415605.968
-9367,6413109.1
-9368,6410613.385
-9369,6408118.824
-9370,6405625.417
-9371,6403133.162
-9372,6400642.059
-9373,6398152.108
-9374,6395663.308
-9375,6393175.658
-9376,6390689.157
-9377,6388203.807
-9378,6385719.604
-9379,6383236.55
-9380,6380754.644
-9381,6378273.884
-9382,6375794.271
-9383,6373315.803
-9384,6370838.481
-9385,6368362.304
-9386,6365887.27
-9387,6363413.381
-9388,6360940.634
-9389,6358469.03
-9390,6355998.567
-9391,6353529.246
-9392,6351061.066
-9393,6348594.026
-9394,6346128.126
-9395,6343663.364
-9396,6341199.742
-9397,6338737.257
-9398,6336275.909
-9399,6333815.699
-9400,6331356.624
-9401,6328898.686
-9402,6326441.882
-9403,6323986.213
-9404,6321531.678
-9405,6319078.277
-9406,6316626.008
-9407,6314174.872
-9408,6311724.868
-9409,6309275.995
-9410,6306828.252
-9411,6304381.64
-9412,6301936.157
-9413,6299491.804
-9414,6297048.578
-9415,6294606.481
-9416,6292165.511
-9417,6289725.668
-9418,6287286.951
-9419,6284849.359
-9420,6282412.893
-9421,6279977.552
-9422,6277543.334
-9423,6275110.24
-9424,6272678.269
-9425,6270247.42
-9426,6267817.693
-9427,6265389.087
-9428,6262961.602
-9429,6260535.237
-9430,6258109.991
-9431,6255685.865
-9432,6253262.857
-9433,6250840.967
-9434,6248420.194
-9435,6246000.539
-9436,6243581.999
-9437,6241164.576
-9438,6238748.267
-9439,6236333.073
-9440,6233918.993
-9441,6231506.027
-9442,6229094.174
-9443,6226683.433
-9444,6224273.804
-9445,6221865.286
-9446,6219457.88
-9447,6217051.583
-9448,6214646.396
-9449,6212242.319
-9450,6209839.35
-9451,6207437.489
-9452,6205036.735
-9453,6202637.089
-9454,6200238.548
-9455,6197841.114
-9456,6195444.785
-9457,6193049.561
-9458,6190655.442
-9459,6188262.425
-9460,6185870.513
-9461,6183479.702
-9462,6181089.994
-9463,6178701.387
-9464,6176313.882
-9465,6173927.476
-9466,6171542.171
-9467,6169157.965
-9468,6166774.858
-9469,6164392.849
-9470,6162011.938
-9471,6159632.124
-9472,6157253.407
-9473,6154875.786
-9474,6152499.26
-9475,6150123.83
-9476,6147749.494
-9477,6145376.252
-9478,6143004.103
-9479,6140633.047
-9480,6138263.084
-9481,6135894.212
-9482,6133526.432
-9483,6131159.743
-9484,6128794.143
-9485,6126429.634
-9486,6124066.213
-9487,6121703.881
-9488,6119342.637
-9489,6116982.481
-9490,6114623.412
-9491,6112265.429
-9492,6109908.532
-9493,6107552.72
-9494,6105197.994
-9495,6102844.351
-9496,6100491.793
-9497,6098140.317
-9498,6095789.925
-9499,6093440.614
-9500,6091092.385
-9501,6088745.238
-9502,6086399.171
-9503,6084054.184
-9504,6081710.276
-9505,6079367.448
-9506,6077025.698
-9507,6074685.025
-9508,6072345.431
-9509,6070006.913
-9510,6067669.471
-9511,6065333.106
-9512,6062997.815
-9513,6060663.6
-9514,6058330.458
-9515,6055998.391
-9516,6053667.396
-9517,6051337.474
-9518,6049008.624
-9519,6046680.846
-9520,6044354.139
-9521,6042028.502
-9522,6039703.936
-9523,6037380.439
-9524,6035058.011
-9525,6032736.651
-9526,6030416.359
-9527,6028097.135
-9528,6025778.977
-9529,6023461.886
-9530,6021145.86
-9531,6018830.9
-9532,6016517.005
-9533,6014204.174
-9534,6011892.406
-9535,6009581.702
-9536,6007272.06
-9537,6004963.481
-9538,6002655.963
-9539,6000349.506
-9540,5998044.11
-9541,5995739.774
-9542,5993436.497
-9543,5991134.28
-9544,5988833.121
-9545,5986533.02
-9546,5984233.976
-9547,5981935.989
-9548,5979639.059
-9549,5977343.185
-9550,5975048.366
-9551,5972754.602
-9552,5970461.892
-9553,5968170.236
-9554,5965879.633
-9555,5963590.083
-9556,5961301.586
-9557,5959014.14
-9558,5956727.745
-9559,5954442.401
-9560,5952158.108
-9561,5949874.864
-9562,5947592.669
-9563,5945311.523
-9564,5943031.424
-9565,5940752.374
-9566,5938474.371
-9567,5936197.414
-9568,5933921.503
-9569,5931646.638
-9570,5929372.818
-9571,5927100.043
-9572,5924828.311
-9573,5922557.623
-9574,5920287.978
-9575,5918019.376
-9576,5915751.816
-9577,5913485.297
-9578,5911219.818
-9579,5908955.381
-9580,5906691.983
-9581,5904429.625
-9582,5902168.306
-9583,5899908.025
-9584,5897648.782
-9585,5895390.576
-9586,5893133.407
-9587,5890877.275
-9588,5888622.178
-9589,5886368.117
-9590,5884115.091
-9591,5881863.098
-9592,5879612.14
-9593,5877362.215
-9594,5875113.323
-9595,5872865.463
-9596,5870618.635
-9597,5868372.838
-9598,5866128.073
-9599,5863884.337
-9600,5861641.631
-9601,5859399.954
-9602,5857159.306
-9603,5854919.687
-9604,5852681.095
-9605,5850443.53
-9606,5848206.992
-9607,5845971.48
-9608,5843736.994
-9609,5841503.534
-9610,5839271.098
-9611,5837039.686
-9612,5834809.298
-9613,5832579.933
-9614,5830351.591
-9615,5828124.271
-9616,5825897.972
-9617,5823672.695
-9618,5821448.439
-9619,5819225.203
-9620,5817002.986
-9621,5814781.789
-9622,5812561.611
-9623,5810342.45
-9624,5808124.308
-9625,5805907.182
-9626,5803691.074
-9627,5801475.981
-9628,5799261.904
-9629,5797048.843
-9630,5794836.796
-9631,5792625.763
-9632,5790415.745
-9633,5788206.739
-9634,5785998.746
-9635,5783791.765
-9636,5781585.796
-9637,5779380.838
-9638,5777176.891
-9639,5774973.954
-9640,5772772.027
-9641,5770571.11
-9642,5768371.201
-9643,5766172.3
-9644,5763974.407
-9645,5761777.521
-9646,5759581.642
-9647,5757386.769
-9648,5755192.902
-9649,5753000.041
-9650,5750808.184
-9651,5748617.332
-9652,5746427.483
-9653,5744238.638
-9654,5742050.795
-9655,5739863.955
-9656,5737678.117
-9657,5735493.28
-9658,5733309.444
-9659,5731126.608
-9660,5728944.772
-9661,5726763.936
-9662,5724584.098
-9663,5722405.259
-9664,5720227.418
-9665,5718050.574
-9666,5715874.727
-9667,5713699.877
-9668,5711526.023
-9669,5709353.164
-9670,5707181.3
-9671,5705010.431
-9672,5702840.556
-9673,5700671.674
-9674,5698503.785
-9675,5696336.889
-9676,5694170.985
-9677,5692006.072
-9678,5689842.151
-9679,5687679.22
-9680,5685517.28
-9681,5683356.329
-9682,5681196.367
-9683,5679037.394
-9684,5676879.409
-9685,5674722.411
-9686,5672566.401
-9687,5670411.378
-9688,5668257.341
-9689,5666104.29
-9690,5663952.224
-9691,5661801.143
-9692,5659651.046
-9693,5657501.933
-9694,5655353.803
-9695,5653206.656
-9696,5651060.492
-9697,5648915.31
-9698,5646771.109
-9699,5644627.889
-9700,5642485.649
-9701,5640344.39
-9702,5638204.109
-9703,5636064.808
-9704,5633926.486
-9705,5631789.142
-9706,5629652.775
-9707,5627517.385
-9708,5625382.972
-9709,5623249.535
-9710,5621117.074
-9711,5618985.588
-9712,5616855.077
-9713,5614725.54
-9714,5612596.977
-9715,5610469.387
-9716,5608342.77
-9717,5606217.125
-9718,5604092.452
-9719,5601968.75
-9720,5599846.02
-9721,5597724.26
-9722,5595603.469
-9723,5593483.649
-9724,5591364.797
-9725,5589246.914
-9726,5587129.999
-9727,5585014.051
-9728,5582899.071
-9729,5580785.057
-9730,5578672.01
-9731,5576559.928
-9732,5574448.811
-9733,5572338.66
-9734,5570229.472
-9735,5568121.248
-9736,5566013.988
-9737,5563907.69
-9738,5561802.355
-9739,5559697.982
-9740,5557594.57
-9741,5555492.119
-9742,5553390.629
-9743,5551290.099
-9744,5549190.528
-9745,5547091.917
-9746,5544994.264
-9747,5542897.569
-9748,5540801.832
-9749,5538707.052
-9750,5536613.229
-9751,5534520.362
-9752,5532428.451
-9753,5530337.496
-9754,5528247.495
-9755,5526158.449
-9756,5524070.357
-9757,5521983.218
-9758,5519897.032
-9759,5517811.799
-9760,5515727.518
-9761,5513644.188
-9762,5511561.81
-9763,5509480.382
-9764,5507399.905
-9765,5505320.377
-9766,5503241.799
-9767,5501164.169
-9768,5499087.488
-9769,5497011.755
-9770,5494936.969
-9771,5492863.13
-9772,5490790.238
-9773,5488718.291
-9774,5486647.291
-9775,5484577.235
-9776,5482508.124
-9777,5480439.957
-9778,5478372.735
-9779,5476306.455
-9780,5474241.118
-9781,5472176.724
-9782,5470113.271
-9783,5468050.76
-9784,5465989.19
-9785,5463928.56
-9786,5461868.871
-9787,5459810.121
-9788,5457752.31
-9789,5455695.438
-9790,5453639.504
-9791,5451584.508
-9792,5449530.449
-9793,5447477.327
-9794,5445425.141
-9795,5443373.891
-9796,5441323.577
-9797,5439274.198
-9798,5437225.753
-9799,5435178.243
-9800,5433131.666
-9801,5431086.022
-9802,5429041.311
-9803,5426997.533
-9804,5424954.686
-9805,5422912.77
-9806,5420871.786
-9807,5418831.732
-9808,5416792.607
-9809,5414754.413
-9810,5412717.147
-9811,5410680.811
-9812,5408645.402
-9813,5406610.921
-9814,5404577.367
-9815,5402544.741
-9816,5400513.04
-9817,5398482.266
-9818,5396452.417
-9819,5394423.492
-9820,5392395.493
-9821,5390368.418
-9822,5388342.266
-9823,5386317.038
-9824,5384292.732
-9825,5382269.348
-9826,5380246.887
-9827,5378225.347
-9828,5376204.728
-9829,5374185.029
-9830,5372166.25
-9831,5370148.391
-9832,5368131.451
-9833,5366115.43
-9834,5364100.328
-9835,5362086.142
-9836,5360072.875
-9837,5358060.524
-9838,5356049.09
-9839,5354038.572
-9840,5352028.969
-9841,5350020.281
-9842,5348012.508
-9843,5346005.65
-9844,5343999.705
-9845,5341994.673
-9846,5339990.555
-9847,5337987.349
-9848,5335985.055
-9849,5333983.672
-9850,5331983.201
-9851,5329983.64
-9852,5327984.989
-9853,5325987.248
-9854,5323990.417
-9855,5321994.495
-9856,5319999.48
-9857,5318005.374
-9858,5316012.176
-9859,5314019.884
-9860,5312028.5
-9861,5310038.021
-9862,5308048.449
-9863,5306059.781
-9864,5304072.019
-9865,5302085.161
-9866,5300099.207
-9867,5298114.157
-9868,5296130.01
-9869,5294146.765
-9870,5292164.423
-9871,5290182.983
-9872,5288202.444
-9873,5286222.806
-9874,5284244.068
-9875,5282266.231
-9876,5280289.293
-9877,5278313.254
-9878,5276338.114
-9879,5274363.873
-9880,5272390.529
-9881,5270418.083
-9882,5268446.533
-9883,5266475.881
-9884,5264506.124
-9885,5262537.263
-9886,5260569.297
-9887,5258602.227
-9888,5256636.05
-9889,5254670.768
-9890,5252706.379
-9891,5250742.883
-9892,5248780.279
-9893,5246818.568
-9894,5244857.749
-9895,5242897.821
-9896,5240938.784
-9897,5238980.637
-9898,5237023.38
-9899,5235067.013
-9900,5233111.535
-9901,5231156.946
-9902,5229203.245
-9903,5227250.432
-9904,5225298.507
-9905,5223347.468
-9906,5221397.316
-9907,5219448.05
-9908,5217499.67
-9909,5215552.175
-9910,5213605.565
-9911,5211659.839
-9912,5209714.997
-9913,5207771.039
-9914,5205827.964
-9915,5203885.771
-9916,5201944.461
-9917,5200004.033
-9918,5198064.486
-9919,5196125.82
-9920,5194188.034
-9921,5192251.129
-9922,5190315.103
-9923,5188379.957
-9924,5186445.689
-9925,5184512.3
-9926,5182579.789
-9927,5180648.155
-9928,5178717.398
-9929,5176787.518
-9930,5174858.514
-9931,5172930.387
-9932,5171003.134
-9933,5169076.756
-9934,5167151.253
-9935,5165226.625
-9936,5163302.869
-9937,5161379.987
-9938,5159457.978
-9939,5157536.842
-9940,5155616.577
-9941,5153697.184
-9942,5151778.662
-9943,5149861.01
-9944,5147944.229
-9945,5146028.318
-9946,5144113.277
-9947,5142199.104
-9948,5140285.8
-9949,5138373.364
-9950,5136461.796
-9951,5134551.095
-9952,5132641.261
-9953,5130732.293
-9954,5128824.19
-9955,5126916.951
-9956,5125010.576
-9957,5123105.065
-9958,5121200.415
-9959,5119296.628
-9960,5117393.701
-9961,5115491.635
-9962,5113590.428
-9963,5111690.08
-9964,5109790.591
-9965,5107891.958
-9966,5105994.183
-9967,5104097.264
-9968,5102201.2
-9969,5100305.991
-9970,5098411.636
-9971,5096518.134
-9972,5094625.485
-9973,5092733.687
-9974,5090842.741
-9975,5088952.646
-9976,5087063.4
-9977,5085175.004
-9978,5083287.456
-9979,5081400.756
-9980,5079514.903
-9981,5077629.896
-9982,5075745.735
-9983,5073862.419
-9984,5071979.947
-9985,5070098.319
-9986,5068217.534
-9987,5066337.592
-9988,5064458.491
-9989,5062580.23
-9990,5060702.811
-9991,5058826.23
-9992,5056950.489
-9993,5055075.586
-9994,5053201.52
-9995,5051328.291
-9996,5049455.898
-9997,5047584.341
-9998,5045713.619
-9999,5043843.73
-10000,5041974.676
-10001,5040106.454
-10002,5038239.064
-10003,5036372.505
-10004,5034506.777
-10005,5032641.88
-10006,5030777.812
-10007,5028914.572
-10008,5027052.161
-10009,5025190.577
-10010,5023329.82
-10011,5021469.888
-10012,5019610.783
-10013,5017752.502
-10014,5015895.045
-10015,5014038.411
-10016,5012182.6
-10017,5010327.611
-10018,5008473.444
-10019,5006620.097
-10020,5004767.571
-10021,5002915.864
-10022,5001064.975
-10023,4999214.905
-10024,4997365.652
-10025,4995517.216
-10026,4993669.596
-10027,4991822.792
-10028,4989976.802
-10029,4988131.626
-10030,4986287.264
-10031,4984443.715
-10032,4982600.978
-10033,4980759.052
-10034,4978917.937
-10035,4977077.633
-10036,4975238.138
-10037,4973399.452
-10038,4971561.574
-10039,4969724.504
-10040,4967888.241
-10041,4966052.784
-10042,4964218.132
-10043,4962384.286
-10044,4960551.244
-10045,4958719.006
-10046,4956887.57
-10047,4955056.937
-10048,4953227.106
-10049,4951398.076
-10050,4949569.847
-10051,4947742.417
-10052,4945915.787
-10053,4944089.955
-10054,4942264.921
-10055,4940440.684
-10056,4938617.244
-10057,4936794.6
-10058,4934972.751
-10059,4933151.697
-10060,4931331.437
-10061,4929511.97
-10062,4927693.296
-10063,4925875.415
-10064,4924058.324
-10065,4922242.025
-10066,4920426.516
-10067,4918611.796
-10068,4916797.866
-10069,4914984.724
-10070,4913172.369
-10071,4911360.802
-10072,4909550.021
-10073,4907740.026
-10074,4905930.816
-10075,4904122.391
-10076,4902314.749
-10077,4900507.891
-10078,4898701.815
-10079,4896896.522
-10080,4895092.01
-10081,4893288.279
-10082,4891485.328
-10083,4889683.156
-10084,4887881.763
-10085,4886081.149
-10086,4884281.312
-10087,4882482.253
-10088,4880683.969
-10089,4878886.462
-10090,4877089.73
-10091,4875293.772
-10092,4873498.588
-10093,4871704.178
-10094,4869910.54
-10095,4868117.675
-10096,4866325.58
-10097,4864534.257
-10098,4862743.704
-10099,4860953.92
-10100,4859164.906
-10101,4857376.66
-10102,4855589.182
-10103,4853802.471
-10104,4852016.526
-10105,4850231.347
-10106,4848446.934
-10107,4846663.285
-10108,4844880.401
-10109,4843098.28
-10110,4841316.922
-10111,4839536.326
-10112,4837756.492
-10113,4835977.419
-10114,4834199.106
-10115,4832421.553
-10116,4830644.76
-10117,4828868.725
-10118,4827093.448
-10119,4825318.928
-10120,4823545.166
-10121,4821772.159
-10122,4819999.908
-10123,4818228.413
-10124,4816457.671
-10125,4814687.684
-10126,4812918.45
-10127,4811149.968
-10128,4809382.238
-10129,4807615.26
-10130,4805849.032
-10131,4804083.555
-10132,4802318.828
-10133,4800554.849
-10134,4798791.619
-10135,4797029.137
-10136,4795267.402
-10137,4793506.413
-10138,4791746.171
-10139,4789986.674
-10140,4788227.922
-10141,4786469.914
-10142,4784712.65
-10143,4782956.13
-10144,4781200.351
-10145,4779445.315
-10146,4777691.02
-10147,4775937.465
-10148,4774184.651
-10149,4772432.576
-10150,4770681.241
-10151,4768930.643
-10152,4767180.784
-10153,4765431.662
-10154,4763683.276
-10155,4761935.626
-10156,4760188.712
-10157,4758442.533
-10158,4756697.088
-10159,4754952.377
-10160,4753208.399
-10161,4751465.154
-10162,4749722.64
-10163,4747980.858
-10164,4746239.807
-10165,4744499.486
-10166,4742759.895
-10167,4741021.033
-10168,4739282.899
-10169,4737545.493
-10170,4735808.815
-10171,4734072.863
-10172,4732337.638
-10173,4730603.138
-10174,4728869.364
-10175,4727136.313
-10176,4725403.987
-10177,4723672.384
-10178,4721941.504
-10179,4720211.346
-10180,4718481.91
-10181,4716753.195
-10182,4715025.2
-10183,4713297.925
-10184,4711571.37
-10185,4709845.533
-10186,4708120.415
-10187,4706396.014
-10188,4704672.331
-10189,4702949.364
-10190,4701227.112
-10191,4699505.577
-10192,4697784.756
-10193,4696064.649
-10194,4694345.256
-10195,4692626.576
-10196,4690908.609
-10197,4689191.354
-10198,4687474.81
-10199,4685758.978
-10200,4684043.855
-10201,4682329.443
-10202,4680615.739
-10203,4678902.744
-10204,4677190.458
-10205,4675478.879
-10206,4673768.006
-10207,4672057.841
-10208,4670348.381
-10209,4668639.627
-10210,4666931.577
-10211,4665224.231
-10212,4663517.59
-10213,4661811.651
-10214,4660106.415
-10215,4658401.881
-10216,4656698.048
-10217,4654994.916
-10218,4653292.485
-10219,4651590.754
-10220,4649889.721
-10221,4648189.388
-10222,4646489.752
-10223,4644790.814
-10224,4643092.574
-10225,4641395.03
-10226,4639698.181
-10227,4638002.028
-10228,4636306.571
-10229,4634611.807
-10230,4632917.737
-10231,4631224.361
-10232,4629531.677
-10233,4627839.685
-10234,4626148.385
-10235,4624457.776
-10236,4622767.858
-10237,4621078.63
-10238,4619390.091
-10239,4617702.241
-10240,4616015.079
-10241,4614328.605
-10242,4612642.819
-10243,4610957.719
-10244,4609273.306
-10245,4607589.578
-10246,4605906.535
-10247,4604224.177
-10248,4602542.503
-10249,4600861.513
-10250,4599181.206
-10251,4597501.581
-10252,4595822.638
-10253,4594144.377
-10254,4592466.796
-10255,4590789.896
-10256,4589113.676
-10257,4587438.135
-10258,4585763.272
-10259,4584089.088
-10260,4582415.582
-10261,4580742.753
-10262,4579070.6
-10263,4577399.124
-10264,4575728.323
-10265,4574058.198
-10266,4572388.746
-10267,4570719.969
-10268,4569051.866
-10269,4567384.435
-10270,4565717.677
-10271,4564051.591
-10272,4562386.176
-10273,4560721.432
-10274,4559057.358
-10275,4557393.954
-10276,4555731.22
-10277,4554069.154
-10278,4552407.757
-10279,4550747.027
-10280,4549086.965
-10281,4547427.569
-10282,4545768.84
-10283,4544110.776
-10284,4542453.378
-10285,4540796.644
-10286,4539140.574
-10287,4537485.168
-10288,4535830.425
-10289,4534176.344
-10290,4532522.926
-10291,4530870.169
-10292,4529218.073
-10293,4527566.638
-10294,4525915.863
-10295,4524265.747
-10296,4522616.29
-10297,4520967.492
-10298,4519319.352
-10299,4517671.869
-10300,4516025.043
-10301,4514378.874
-10302,4512733.36
-10303,4511088.502
-10304,4509444.299
-10305,4507800.751
-10306,4506157.856
-10307,4504515.615
-10308,4502874.026
-10309,4501233.09
-10310,4499592.806
-10311,4497953.173
-10312,4496314.192
-10313,4494675.86
-10314,4493038.179
-10315,4491401.146
-10316,4489764.763
-10317,4488129.028
-10318,4486493.941
-10319,4484859.502
-10320,4483225.709
-10321,4481592.562
-10322,4479960.062
-10323,4478328.207
-10324,4476696.997
-10325,4475066.431
-10326,4473436.509
-10327,4471807.23
-10328,4470178.595
-10329,4468550.601
-10330,4466923.25
-10331,4465296.54
-10332,4463670.471
-10333,4462045.042
-10334,4460420.254
-10335,4458796.105
-10336,4457172.594
-10337,4455549.722
-10338,4453927.489
-10339,4452305.892
-10340,4450684.933
-10341,4449064.61
-10342,4447444.923
-10343,4445825.872
-10344,4444207.455
-10345,4442589.673
-10346,4440972.526
-10347,4439356.011
-10348,4437740.13
-10349,4436124.882
-10350,4434510.265
-10351,4432896.281
-10352,4431282.927
-10353,4429670.204
-10354,4428058.111
-10355,4426446.648
-10356,4424835.814
-10357,4423225.609
-10358,4421616.032
-10359,4420007.082
-10360,4418398.76
-10361,4416791.065
-10362,4415183.996
-10363,4413577.553
-10364,4411971.736
-10365,4410366.543
-10366,4408761.974
-10367,4407158.03
-10368,4405554.709
-10369,4403952.011
-10370,4402349.935
-10371,4400748.482
-10372,4399147.65
-10373,4397547.439
-10374,4395947.848
-10375,4394348.878
-10376,4392750.527
-10377,4391152.796
-10378,4389555.683
-10379,4387959.188
-10380,4386363.312
-10381,4384768.052
-10382,4383173.409
-10383,4381579.383
-10384,4379985.972
-10385,4378393.177
-10386,4376800.997
-10387,4375209.431
-10388,4373618.48
-10389,4372028.141
-10390,4370438.416
-10391,4368849.304
-10392,4367260.803
-10393,4365672.914
-10394,4364085.637
-10395,4362498.97
-10396,4360912.913
-10397,4359327.466
-10398,4357742.629
-10399,4356158.4
-10400,4354574.78
-10401,4352991.767
-10402,4351409.362
-10403,4349827.564
-10404,4348246.373
-10405,4346665.788
-10406,4345085.808
-10407,4343506.434
-10408,4341927.664
-10409,4340349.499
-10410,4338771.937
-10411,4337194.979
-10412,4335618.623
-10413,4334042.87
-10414,4332467.719
-10415,4330893.17
-10416,4329319.221
-10417,4327745.873
-10418,4326173.126
-10419,4324600.977
-10420,4323029.429
-10421,4321458.479
-10422,4319888.127
-10423,4318318.373
-10424,4316749.216
-10425,4315180.657
-10426,4313612.694
-10427,4312045.327
-10428,4310478.556
-10429,4308912.38
-10430,4307346.798
-10431,4305781.811
-10432,4304217.418
-10433,4302653.617
-10434,4301090.41
-10435,4299527.796
-10436,4297965.773
-10437,4296404.342
-10438,4294843.502
-10439,4293283.253
-10440,4291723.594
-10441,4290164.525
-10442,4288606.045
-10443,4287048.154
-10444,4285490.851
-10445,4283934.137
-10446,4282378.01
-10447,4280822.47
-10448,4279267.517
-10449,4277713.15
-10450,4276159.369
-10451,4274606.173
-10452,4273053.562
-10453,4271501.536
-10454,4269950.094
-10455,4268399.235
-10456,4266848.959
-10457,4265299.266
-10458,4263750.156
-10459,4262201.627
-10460,4260653.68
-10461,4259106.313
-10462,4257559.527
-10463,4256013.322
-10464,4254467.696
-10465,4252922.649
-10466,4251378.181
-10467,4249834.291
-10468,4248290.979
-10469,4246748.245
-10470,4245206.088
-10471,4243664.507
-10472,4242123.503
-10473,4240583.074
-10474,4239043.221
-10475,4237503.942
-10476,4235965.238
-10477,4234427.108
-10478,4232889.552
-10479,4231352.569
-10480,4229816.158
-10481,4228280.32
-10482,4226745.054
-10483,4225210.359
-10484,4223676.235
-10485,4222142.682
-10486,4220609.699
-10487,4219077.286
-10488,4217545.442
-10489,4216014.167
-10490,4214483.461
-10491,4212953.322
-10492,4211423.751
-10493,4209894.748
-10494,4208366.311
-10495,4206838.44
-10496,4205311.136
-10497,4203784.397
-10498,4202258.223
-10499,4200732.613
-10500,4199207.568
-10501,4197683.087
-10502,4196159.169
-10503,4194635.815
-10504,4193113.022
-10505,4191590.792
-10506,4190069.124
-10507,4188548.017
-10508,4187027.471
-10509,4185507.485
-10510,4183988.059
-10511,4182469.193
-10512,4180950.887
-10513,4179433.139
-10514,4177915.949
-10515,4176399.318
-10516,4174883.244
-10517,4173367.727
-10518,4171852.767
-10519,4170338.363
-10520,4168824.515
-10521,4167311.223
-10522,4165798.485
-10523,4164286.303
-10524,4162774.675
-10525,4161263.6
-10526,4159753.079
-10527,4158243.111
-10528,4156733.696
-10529,4155224.833
-10530,4153716.521
-10531,4152208.761
-10532,4150701.552
-10533,4149194.894
-10534,4147688.786
-10535,4146183.227
-10536,4144678.218
-10537,4143173.758
-10538,4141669.847
-10539,4140166.483
-10540,4138663.668
-10541,4137161.399
-10542,4135659.678
-10543,4134158.503
-10544,4132657.874
-10545,4131157.791
-10546,4129658.253
-10547,4128159.261
-10548,4126660.812
-10549,4125162.908
-10550,4123665.548
-10551,4122168.73
-10552,4120672.456
-10553,4119176.724
-10554,4117681.535
-10555,4116186.887
-10556,4114692.78
-10557,4113199.214
-10558,4111706.189
-10559,4110213.704
-10560,4108721.759
-10561,4107230.353
-10562,4105739.485
-10563,4104249.157
-10564,4102759.366
-10565,4101270.114
-10566,4099781.398
-10567,4098293.22
-10568,4096805.578
-10569,4095318.472
-10570,4093831.902
-10571,4092345.868
-10572,4090860.368
-10573,4089375.403
-10574,4087890.972
-10575,4086407.075
-10576,4084923.712
-10577,4083440.881
-10578,4081958.583
-10579,4080476.817
-10580,4078995.583
-10581,4077514.881
-10582,4076034.71
-10583,4074555.069
-10584,4073075.959
-10585,4071597.378
-10586,4070119.327
-10587,4068641.806
-10588,4067164.813
-10589,4065688.348
-10590,4064212.411
-10591,4062737.002
-10592,4061262.12
-10593,4059787.765
-10594,4058313.936
-10595,4056840.634
-10596,4055367.857
-10597,4053895.605
-10598,4052423.879
-10599,4050952.676
-10600,4049481.998
-10601,4048011.844
-10602,4046542.213
-10603,4045073.105
-10604,4043604.52
-10605,4042136.456
-10606,4040668.915
-10607,4039201.895
-10608,4037735.397
-10609,4036269.419
-10610,4034803.961
-10611,4033339.023
-10612,4031874.605
-10613,4030410.706
-10614,4028947.326
-10615,4027484.465
-10616,4026022.121
-10617,4024560.295
-10618,4023098.987
-10619,4021638.195
-10620,4020177.92
-10621,4018718.161
-10622,4017258.918
-10623,4015800.19
-10624,4014341.978
-10625,4012884.28
-10626,4011427.097
-10627,4009970.427
-10628,4008514.271
-10629,4007058.628
-10630,4005603.498
-10631,4004148.881
-10632,4002694.776
-10633,4001241.182
-10634,3999788.1
-10635,3998335.529
-10636,3996883.468
-10637,3995431.918
-10638,3993980.877
-10639,3992530.346
-10640,3991080.324
-10641,3989630.811
-10642,3988181.807
-10643,3986733.31
-10644,3985285.321
-10645,3983837.84
-10646,3982390.865
-10647,3980944.397
-10648,3979498.435
-10649,3978052.979
-10650,3976608.029
-10651,3975163.583
-10652,3973719.643
-10653,3972276.206
-10654,3970833.274
-10655,3969390.846
-10656,3967948.921
-10657,3966507.498
-10658,3965066.579
-10659,3963626.161
-10660,3962186.246
-10661,3960746.832
-10662,3959307.919
-10663,3957869.507
-10664,3956431.595
-10665,3954994.184
-10666,3953557.272
-10667,3952120.86
-10668,3950684.946
-10669,3949249.531
-10670,3947814.615
-10671,3946380.196
-10672,3944946.275
-10673,3943512.851
-10674,3942079.924
-10675,3940647.494
-10676,3939215.559
-10677,3937784.121
-10678,3936353.178
-10679,3934922.73
-10680,3933492.776
-10681,3932063.317
-10682,3930634.353
-10683,3929205.881
-10684,3927777.904
-10685,3926350.419
-10686,3924923.426
-10687,3923496.926
-10688,3922070.918
-10689,3920645.402
-10690,3919220.376
-10691,3917795.842
-10692,3916371.798
-10693,3914948.244
-10694,3913525.18
-10695,3912102.606
-10696,3910680.521
-10697,3909258.924
-10698,3907837.816
-10699,3906417.196
-10700,3904997.063
-10701,3903577.419
-10702,3902158.261
-10703,3900739.589
-10704,3899321.405
-10705,3897903.706
-10706,3896486.493
-10707,3895069.765
-10708,3893653.522
-10709,3892237.764
-10710,3890822.49
-10711,3889407.7
-10712,3887993.393
-10713,3886579.57
-10714,3885166.23
-10715,3883753.372
-10716,3882340.997
-10717,3880929.103
-10718,3879517.691
-10719,3878106.761
-10720,3876696.311
-10721,3875286.341
-10722,3873876.852
-10723,3872467.843
-10724,3871059.313
-10725,3869651.263
-10726,3868243.691
-10727,3866836.598
-10728,3865429.983
-10729,3864023.845
-10730,3862618.186
-10731,3861213.003
-10732,3859808.297
-10733,3858404.068
-10734,3857000.315
-10735,3855597.037
-10736,3854194.235
-10737,3852791.909
-10738,3851390.057
-10739,3849988.679
-10740,3848587.776
-10741,3847187.347
-10742,3845787.391
-10743,3844387.908
-10744,3842988.898
-10745,3841590.36
-10746,3840192.295
-10747,3838794.702
-10748,3837397.579
-10749,3836000.929
-10750,3834604.749
-10751,3833209.039
-10752,3831813.8
-10753,3830419.03
-10754,3829024.73
-10755,3827630.899
-10756,3826237.537
-10757,3824844.644
-10758,3823452.219
-10759,3822060.261
-10760,3820668.771
-10761,3819277.749
-10762,3817887.193
-10763,3816497.104
-10764,3815107.481
-10765,3813718.324
-10766,3812329.633
-10767,3810941.407
-10768,3809553.646
-10769,3808166.349
-10770,3806779.517
-10771,3805393.149
-10772,3804007.244
-10773,3802621.803
-10774,3801236.825
-10775,3799852.309
-10776,3798468.256
-10777,3797084.665
-10778,3795701.535
-10779,3794318.867
-10780,3792936.661
-10781,3791554.914
-10782,3790173.629
-10783,3788792.803
-10784,3787412.437
-10785,3786032.531
-10786,3784653.084
-10787,3783274.096
-10788,3781895.566
-10789,3780517.495
-10790,3779139.881
-10791,3777762.725
-10792,3776386.026
-10793,3775009.784
-10794,3773633.999
-10795,3772258.67
-10796,3770883.798
-10797,3769509.38
-10798,3768135.419
-10799,3766761.912
-10800,3765388.86
-10801,3764016.263
-10802,3762644.119
-10803,3761272.43
-10804,3759901.193
-10805,3758530.41
-10806,3757160.08
-10807,3755790.203
-10808,3754420.778
-10809,3753051.804
-10810,3751683.283
-10811,3750315.212
-10812,3748947.593
-10813,3747580.424
-10814,3746213.706
-10815,3744847.438
-10816,3743481.619
-10817,3742116.25
-10818,3740751.331
-10819,3739386.86
-10820,3738022.837
-10821,3736659.263
-10822,3735296.137
-10823,3733933.458
-10824,3732571.227
-10825,3731209.442
-10826,3729848.104
-10827,3728487.213
-10828,3727126.768
-10829,3725766.769
-10830,3724407.215
-10831,3723048.106
-10832,3721689.442
-10833,3720331.223
-10834,3718973.447
-10835,3717616.116
-10836,3716259.229
-10837,3714902.785
-10838,3713546.784
-10839,3712191.225
-10840,3710836.109
-10841,3709481.436
-10842,3708127.204
-10843,3706773.413
-10844,3705420.064
-10845,3704067.156
-10846,3702714.689
-10847,3701362.661
-10848,3700011.074
-10849,3698659.927
-10850,3697309.219
-10851,3695958.95
-10852,3694609.12
-10853,3693259.729
-10854,3691910.776
-10855,3690562.261
-10856,3689214.183
-10857,3687866.543
-10858,3686519.34
-10859,3685172.574
-10860,3683826.244
-10861,3682480.35
-10862,3681134.892
-10863,3679789.87
-10864,3678445.283
-10865,3677101.132
-10866,3675757.414
-10867,3674414.132
-10868,3673071.283
-10869,3671728.868
-10870,3670386.887
-10871,3669045.339
-10872,3667704.224
-10873,3666363.542
-10874,3665023.292
-10875,3663683.474
-10876,3662344.088
-10877,3661005.133
-10878,3659666.61
-10879,3658328.518
-10880,3656990.856
-10881,3655653.624
-10882,3654316.823
-10883,3652980.451
-10884,3651644.509
-10885,3650308.996
-10886,3648973.912
-10887,3647639.257
-10888,3646305.029
-10889,3644971.23
-10890,3643637.859
-10891,3642304.915
-10892,3640972.398
-10893,3639640.309
-10894,3638308.645
-10895,3636977.409
-10896,3635646.598
-10897,3634316.213
-10898,3632986.253
-10899,3631656.719
-10900,3630327.609
-10901,3628998.924
-10902,3627670.664
-10903,3626342.827
-10904,3625015.414
-10905,3623688.425
-10906,3622361.859
-10907,3621035.716
-10908,3619709.995
-10909,3618384.697
-10910,3617059.821
-10911,3615735.367
-10912,3614411.334
-10913,3613087.723
-10914,3611764.532
-10915,3610441.763
-10916,3609119.413
-10917,3607797.484
-10918,3606475.974
-10919,3605154.885
-10920,3603834.214
-10921,3602513.962
-10922,3601194.13
-10923,3599874.715
-10924,3598555.719
-10925,3597237.141
-10926,3595918.98
-10927,3594601.237
-10928,3593283.91
-10929,3591967.001
-10930,3590650.508
-10931,3589334.431
-10932,3588018.771
-10933,3586703.526
-10934,3585388.696
-10935,3584074.282
-10936,3582760.282
-10937,3581446.697
-10938,3580133.527
-10939,3578820.77
-10940,3577508.428
-10941,3576196.498
-10942,3574884.982
-10943,3573573.879
-10944,3572263.189
-10945,3570952.911
-10946,3569643.046
-10947,3568333.592
-10948,3567024.55
-10949,3565715.919
-10950,3564407.699
-10951,3563099.89
-10952,3561792.492
-10953,3560485.504
-10954,3559178.926
-10955,3557872.758
-10956,3556567
-10957,3555261.651
-10958,3553956.711
-10959,3552652.18
-10960,3551348.059
-10961,3550044.345
-10962,3548741.04
-10963,3547438.143
-10964,3546135.654
-10965,3544833.572
-10966,3543531.898
-10967,3542230.631
-10968,3540929.771
-10969,3539629.317
-10970,3538329.27
-10971,3537029.629
-10972,3535730.395
-10973,3534431.566
-10974,3533133.143
-10975,3531835.125
-10976,3530537.512
-10977,3529240.304
-10978,3527943.5
-10979,3526647.101
-10980,3525351.107
-10981,3524055.516
-10982,3522760.329
-10983,3521465.546
-10984,3520171.166
-10985,3518877.189
-10986,3517583.615
-10987,3516290.444
-10988,3514997.675
-10989,3513705.308
-10990,3512413.343
-10991,3511121.78
-10992,3509830.619
-10993,3508539.859
-10994,3507249.5
-10995,3505959.542
-10996,3504669.984
-10997,3503380.827
-10998,3502092.071
-10999,3500803.714
-11000,3499515.757
-11001,3498228.2
-11002,3496941.041
-11003,3495654.282
-11004,3494367.922
-11005,3493081.961
-11006,3491796.398
-11007,3490511.233
-11008,3489226.467
-11009,3487942.098
-11010,3486658.127
-11011,3485374.553
-11012,3484091.376
-11013,3482808.596
-11014,3481526.213
-11015,3480244.227
-11016,3478962.636
-11017,3477681.442
-11018,3476400.644
-11019,3475120.241
-11020,3473840.234
-11021,3472560.622
-11022,3471281.404
-11023,3470002.582
-11024,3468724.154
-11025,3467446.121
-11026,3466168.482
-11027,3464891.236
-11028,3463614.385
-11029,3462337.926
-11030,3461061.862
-11031,3459786.19
-11032,3458510.911
-11033,3457236.024
-11034,3455961.53
-11035,3454687.429
-11036,3453413.719
-11037,3452140.401
-11038,3450867.474
-11039,3449594.939
-11040,3448322.796
-11041,3447051.043
-11042,3445779.68
-11043,3444508.709
-11044,3443238.127
-11045,3441967.936
-11046,3440698.134
-11047,3439428.723
-11048,3438159.7
-11049,3436891.067
-11050,3435622.823
-11051,3434354.968
-11052,3433087.501
-11053,3431820.423
-11054,3430553.733
-11055,3429287.431
-11056,3428021.517
-11057,3426755.99
-11058,3425490.851
-11059,3424226.099
-11060,3422961.734
-11061,3421697.756
-11062,3420434.164
-11063,3419170.958
-11064,3417908.139
-11065,3416645.705
-11066,3415383.657
-11067,3414121.995
-11068,3412860.718
-11069,3411599.826
-11070,3410339.319
-11071,3409079.197
-11072,3407819.459
-11073,3406560.105
-11074,3405301.136
-11075,3404042.55
-11076,3402784.348
-11077,3401526.53
-11078,3400269.094
-11079,3399012.042
-11080,3397755.373
-11081,3396499.086
-11082,3395243.182
-11083,3393987.659
-11084,3392732.519
-11085,3391477.761
-11086,3390223.384
-11087,3388969.389
-11088,3387715.775
-11089,3386462.542
-11090,3385209.69
-11091,3383957.218
-11092,3382705.127
-11093,3381453.416
-11094,3380202.085
-11095,3378951.134
-11096,3377700.562
-11097,3376450.37
-11098,3375200.557
-11099,3373951.123
-11100,3372702.068
-11101,3371453.391
-11102,3370205.093
-11103,3368957.173
-11104,3367709.631
-11105,3366462.467
-11106,3365215.681
-11107,3363969.271
-11108,3362723.24
-11109,3361477.585
-11110,3360232.307
-11111,3358987.405
-11112,3357742.88
-11113,3356498.731
-11114,3355254.958
-11115,3354011.561
-11116,3352768.54
-11117,3351525.894
-11118,3350283.623
-11119,3349041.728
-11120,3347800.207
-11121,3346559.061
-11122,3345318.289
-11123,3344077.892
-11124,3342837.868
-11125,3341598.219
-11126,3340358.943
-11127,3339120.041
-11128,3337881.512
-11129,3336643.356
-11130,3335405.572
-11131,3334168.162
-11132,3332931.124
-11133,3331694.459
-11134,3330458.165
-11135,3329222.244
-11136,3327986.694
-11137,3326751.516
-11138,3325516.709
-11139,3324282.273
-11140,3323048.208
-11141,3321814.514
-11142,3320581.191
-11143,3319348.238
-11144,3318115.655
-11145,3316883.442
-11146,3315651.599
-11147,3314420.126
-11148,3313189.022
-11149,3311958.287
-11150,3310727.921
-11151,3309497.924
-11152,3308268.296
-11153,3307039.037
-11154,3305810.145
-11155,3304581.622
-11156,3303353.467
-11157,3302125.679
-11158,3300898.259
-11159,3299671.206
-11160,3298444.521
-11161,3297218.202
-11162,3295992.25
-11163,3294766.665
-11164,3293541.446
-11165,3292316.593
-11166,3291092.107
-11167,3289867.986
-11168,3288644.231
-11169,3287420.841
-11170,3286197.817
-11171,3284975.158
-11172,3283752.863
-11173,3282530.934
-11174,3281309.369
-11175,3280088.168
-11176,3278867.331
-11177,3277646.859
-11178,3276426.75
-11179,3275207.005
-11180,3273987.623
-11181,3272768.605
-11182,3271549.949
-11183,3270331.657
-11184,3269113.727
-11185,3267896.159
-11186,3266678.954
-11187,3265462.111
-11188,3264245.63
-11189,3263029.511
-11190,3261813.754
-11191,3260598.357
-11192,3259383.322
-11193,3258168.648
-11194,3256954.335
-11195,3255740.383
-11196,3254526.791
-11197,3253313.559
-11198,3252100.688
-11199,3250888.176
-11200,3249676.025
-11201,3248464.232
-11202,3247252.8
-11203,3246041.726
-11204,3244831.011
-11205,3243620.656
-11206,3242410.659
-11207,3241201.02
-11208,3239991.74
-11209,3238782.818
-11210,3237574.254
-11211,3236366.048
-11212,3235158.199
-11213,3233950.708
-11214,3232743.574
-11215,3231536.797
-11216,3230330.377
-11217,3229124.314
-11218,3227918.607
-11219,3226713.257
-11220,3225508.262
-11221,3224303.624
-11222,3223099.342
-11223,3221895.415
-11224,3220691.844
-11225,3219488.628
-11226,3218285.767
-11227,3217083.261
-11228,3215881.11
-11229,3214679.313
-11230,3213477.871
-11231,3212276.783
-11232,3211076.049
-11233,3209875.669
-11234,3208675.643
-11235,3207475.97
-11236,3206276.65
-11237,3205077.684
-11238,3203879.071
-11239,3202680.811
-11240,3201482.903
-11241,3200285.348
-11242,3199088.145
-11243,3197891.294
-11244,3196694.795
-11245,3195498.648
-11246,3194302.853
-11247,3193107.409
-11248,3191912.316
-11249,3190717.575
-11250,3189523.184
-11251,3188329.144
-11252,3187135.455
-11253,3185942.116
-11254,3184749.127
-11255,3183556.489
-11256,3182364.2
-11257,3181172.261
-11258,3179980.672
-11259,3178789.432
-11260,3177598.541
-11261,3176407.999
-11262,3175217.807
-11263,3174027.962
-11264,3172838.467
-11265,3171649.319
-11266,3170460.52
-11267,3169272.069
-11268,3168083.966
-11269,3166896.211
-11270,3165708.803
-11271,3164521.742
-11272,3163335.029
-11273,3162148.662
-11274,3160962.643
-11275,3159776.97
-11276,3158591.643
-11277,3157406.663
-11278,3156222.029
-11279,3155037.741
-11280,3153853.799
-11281,3152670.203
-11282,3151486.952
-11283,3150304.046
-11284,3149121.486
-11285,3147939.271
-11286,3146757.4
-11287,3145575.874
-11288,3144394.693
-11289,3143213.856
-11290,3142033.363
-11291,3140853.214
-11292,3139673.409
-11293,3138493.947
-11294,3137314.83
-11295,3136136.055
-11296,3134957.624
-11297,3133779.535
-11298,3132601.79
-11299,3131424.387
-11300,3130247.327
-11301,3129070.609
-11302,3127894.233
-11303,3126718.2
-11304,3125542.508
-11305,3124367.158
-11306,3123192.149
-11307,3122017.482
-11308,3120843.156
-11309,3119669.171
-11310,3118495.527
-11311,3117322.224
-11312,3116149.262
-11313,3114976.639
-11314,3113804.357
-11315,3112632.415
-11316,3111460.813
-11317,3110289.551
-11318,3109118.628
-11319,3107948.045
-11320,3106777.801
-11321,3105607.896
-11322,3104438.331
-11323,3103269.104
-11324,3102100.215
-11325,3100931.665
-11326,3099763.454
-11327,3098595.58
-11328,3097428.045
-11329,3096260.847
-11330,3095093.987
-11331,3093927.465
-11332,3092761.28
-11333,3091595.432
-11334,3090429.921
-11335,3089264.747
-11336,3088099.91
-11337,3086935.409
-11338,3085771.245
-11339,3084607.417
-11340,3083443.925
-11341,3082280.769
-11342,3081117.949
-11343,3079955.465
-11344,3078793.316
-11345,3077631.502
-11346,3076470.023
-11347,3075308.88
-11348,3074148.071
-11349,3072987.597
-11350,3071827.458
-11351,3070667.653
-11352,3069508.182
-11353,3068349.045
-11354,3067190.242
-11355,3066031.773
-11356,3064873.637
-11357,3063715.835
-11358,3062558.367
-11359,3061401.231
-11360,3060244.428
-11361,3059087.958
-11362,3057931.821
-11363,3056776.017
-11364,3055620.544
-11365,3054465.404
-11366,3053310.596
-11367,3052156.12
-11368,3051001.976
-11369,3049848.163
-11370,3048694.682
-11371,3047541.532
-11372,3046388.713
-11373,3045236.225
-11374,3044084.068
-11375,3042932.242
-11376,3041780.746
-11377,3040629.581
-11378,3039478.746
-11379,3038328.24
-11380,3037178.065
-11381,3036028.22
-11382,3034878.704
-11383,3033729.518
-11384,3032580.661
-11385,3031432.133
-11386,3030283.935
-11387,3029136.065
-11388,3027988.524
-11389,3026841.311
-11390,3025694.427
-11391,3024547.871
-11392,3023401.643
-11393,3022255.744
-11394,3021110.172
-11395,3019964.928
-11396,3018820.011
-11397,3017675.422
-11398,3016531.16
-11399,3015387.225
-11400,3014243.617
-11401,3013100.336
-11402,3011957.381
-11403,3010814.753
-11404,3009672.451
-11405,3008530.476
-11406,3007388.826
-11407,3006247.503
-11408,3005106.505
-11409,3003965.833
-11410,3002825.486
-11411,3001685.465
-11412,3000545.769
-11413,2999406.397
-11414,2998267.351
-11415,2997128.63
-11416,2995990.233
-11417,2994852.16
-11418,2993714.412
-11419,2992576.988
-11420,2991439.888
-11421,2990303.112
-11422,2989166.659
-11423,2988030.531
-11424,2986894.725
-11425,2985759.243
-11426,2984624.084
-11427,2983489.248
-11428,2982354.735
-11429,2981220.545
-11430,2980086.677
-11431,2978953.131
-11432,2977819.908
-11433,2976687.007
-11434,2975554.428
-11435,2974422.171
-11436,2973290.236
-11437,2972158.622
-11438,2971027.33
-11439,2969896.358
-11440,2968765.709
-11441,2967635.38
-11442,2966505.371
-11443,2965375.684
-11444,2964246.317
-11445,2963117.271
-11446,2961988.545
-11447,2960860.139
-11448,2959732.053
-11449,2958604.287
-11450,2957476.841
-11451,2956349.714
-11452,2955222.907
-11453,2954096.419
-11454,2952970.25
-11455,2951844.4
-11456,2950718.87
-11457,2949593.657
-11458,2948468.764
-11459,2947344.189
-11460,2946219.932
-11461,2945095.994
-11462,2943972.373
-11463,2942849.071
-11464,2941726.086
-11465,2940603.419
-11466,2939481.07
-11467,2938359.038
-11468,2937237.323
-11469,2936115.925
-11470,2934994.844
-11471,2933874.08
-11472,2932753.632
-11473,2931633.501
-11474,2930513.687
-11475,2929394.189
-11476,2928275.007
-11477,2927156.141
-11478,2926037.59
-11479,2924919.356
-11480,2923801.437
-11481,2922683.834
-11482,2921566.545
-11483,2920449.572
-11484,2919332.914
-11485,2918216.571
-11486,2917100.543
-11487,2915984.83
-11488,2914869.431
-11489,2913754.346
-11490,2912639.575
-11491,2911525.119
-11492,2910410.976
-11493,2909297.148
-11494,2908183.633
-11495,2907070.432
-11496,2905957.544
-11497,2904844.969
-11498,2903732.707
-11499,2902620.759
-11500,2901509.123
-11501,2900397.801
-11502,2899286.79
-11503,2898176.093
-11504,2897065.707
-11505,2895955.634
-11506,2894845.873
-11507,2893736.424
-11508,2892627.287
-11509,2891518.462
-11510,2890409.948
-11511,2889301.745
-11512,2888193.854
-11513,2887086.274
-11514,2885979.005
-11515,2884872.047
-11516,2883765.4
-11517,2882659.063
-11518,2881553.037
-11519,2880447.321
-11520,2879341.916
-11521,2878236.82
-11522,2877132.035
-11523,2876027.559
-11524,2874923.394
-11525,2873819.537
-11526,2872715.991
-11527,2871612.753
-11528,2870509.825
-11529,2869407.206
-11530,2868304.896
-11531,2867202.895
-11532,2866101.202
-11533,2864999.819
-11534,2863898.743
-11535,2862797.976
-11536,2861697.517
-11537,2860597.366
-11538,2859497.523
-11539,2858397.988
-11540,2857298.76
-11541,2856199.84
-11542,2855101.227
-11543,2854002.922
-11544,2852904.924
-11545,2851807.233
-11546,2850709.849
-11547,2849612.771
-11548,2848516.001
-11549,2847419.537
-11550,2846323.379
-11551,2845227.527
-11552,2844131.982
-11553,2843036.743
-11554,2841941.809
-11555,2840847.182
-11556,2839752.86
-11557,2838658.843
-11558,2837565.132
-11559,2836471.726
-11560,2835378.626
-11561,2834285.83
-11562,2833193.339
-11563,2832101.153
-11564,2831009.272
-11565,2829917.695
-11566,2828826.423
-11567,2827735.455
-11568,2826644.791
-11569,2825554.431
-11570,2824464.375
-11571,2823374.623
-11572,2822285.174
-11573,2821196.029
-11574,2820107.188
-11575,2819018.649
-11576,2817930.414
-11577,2816842.482
-11578,2815754.853
-11579,2814667.527
-11580,2813580.503
-11581,2812493.782
-11582,2811407.363
-11583,2810321.247
-11584,2809235.433
-11585,2808149.921
-11586,2807064.71
-11587,2805979.802
-11588,2804895.195
-11589,2803810.89
-11590,2802726.887
-11591,2801643.184
-11592,2800559.783
-11593,2799476.683
-11594,2798393.884
-11595,2797311.386
-11596,2796229.189
-11597,2795147.292
-11598,2794065.696
-11599,2792984.4
-11600,2791903.405
-11601,2790822.709
-11602,2789742.314
-11603,2788662.218
-11604,2787582.422
-11605,2786502.926
-11606,2785423.73
-11607,2784344.832
-11608,2783266.235
-11609,2782187.936
-11610,2781109.936
-11611,2780032.236
-11612,2778954.834
-11613,2777877.731
-11614,2776800.926
-11615,2775724.42
-11616,2774648.213
-11617,2773572.303
-11618,2772496.692
-11619,2771421.379
-11620,2770346.364
-11621,2769271.646
-11622,2768197.226
-11623,2767123.104
-11624,2766049.279
-11625,2764975.751
-11626,2763902.521
-11627,2762829.587
-11628,2761756.951
-11629,2760684.611
-11630,2759612.568
-11631,2758540.822
-11632,2757469.372
-11633,2756398.219
-11634,2755327.362
-11635,2754256.801
-11636,2753186.536
-11637,2752116.567
-11638,2751046.894
-11639,2749977.516
-11640,2748908.434
-11641,2747839.648
-11642,2746771.157
-11643,2745702.961
-11644,2744635.06
-11645,2743567.455
-11646,2742500.144
-11647,2741433.128
-11648,2740366.406
-11649,2739299.979
-11650,2738233.847
-11651,2737168.009
-11652,2736102.465
-11653,2735037.215
-11654,2733972.259
-11655,2732907.597
-11656,2731843.229
-11657,2730779.155
-11658,2729715.374
-11659,2728651.886
-11660,2727588.692
-11661,2726525.791
-11662,2725463.183
-11663,2724400.868
-11664,2723338.846
-11665,2722277.117
-11666,2721215.68
-11667,2720154.536
-11668,2719093.684
-11669,2718033.125
-11670,2716972.857
-11671,2715912.882
-11672,2714853.199
-11673,2713793.808
-11674,2712734.708
-11675,2711675.9
-11676,2710617.384
-11677,2709559.159
-11678,2708501.225
-11679,2707443.583
-11680,2706386.231
-11681,2705329.171
-11682,2704272.402
-11683,2703215.923
-11684,2702159.735
-11685,2701103.837
-11686,2700048.23
-11687,2698992.913
-11688,2697937.887
-11689,2696883.151
-11690,2695828.704
-11691,2694774.548
-11692,2693720.681
-11693,2692667.104
-11694,2691613.817
-11695,2690560.819
-11696,2689508.11
-11697,2688455.691
-11698,2687403.561
-11699,2686351.719
-11700,2685300.167
-11701,2684248.904
-11702,2683197.929
-11703,2682147.243
-11704,2681096.845
-11705,2680046.736
-11706,2678996.915
-11707,2677947.383
-11708,2676898.138
-11709,2675849.181
-11710,2674800.513
-11711,2673752.131
-11712,2672704.038
-11713,2671656.232
-11714,2670608.714
-11715,2669561.483
-11716,2668514.539
-11717,2667467.882
-11718,2666421.513
-11719,2665375.43
-11720,2664329.634
-11721,2663284.125
-11722,2662238.902
-11723,2661193.966
-11724,2660149.316
-11725,2659104.953
-11726,2658060.875
-11727,2657017.084
-11728,2655973.579
-11729,2654930.36
-11730,2653887.426
-11731,2652844.778
-11732,2651802.416
-11733,2650760.339
-11734,2649718.547
-11735,2648677.041
-11736,2647635.82
-11737,2646594.884
-11738,2645554.233
-11739,2644513.867
-11740,2643473.785
-11741,2642433.988
-11742,2641394.476
-11743,2640355.248
-11744,2639316.304
-11745,2638277.645
-11746,2637239.27
-11747,2636201.178
-11748,2635163.371
-11749,2634125.848
-11750,2633088.608
-11751,2632051.652
-11752,2631014.979
-11753,2629978.59
-11754,2628942.484
-11755,2627906.662
-11756,2626871.122
-11757,2625835.865
-11758,2624800.892
-11759,2623766.201
-11760,2622731.793
-11761,2621697.668
-11762,2620663.825
-11763,2619630.264
-11764,2618596.986
-11765,2617563.99
-11766,2616531.276
-11767,2615498.844
-11768,2614466.694
-11769,2613434.826
-11770,2612403.24
-11771,2611371.935
-11772,2610340.912
-11773,2609310.17
-11774,2608279.709
-11775,2607249.53
-11776,2606219.632
-11777,2605190.015
-11778,2604160.679
-11779,2603131.623
-11780,2602102.849
-11781,2601074.355
-11782,2600046.141
-11783,2599018.208
-11784,2597990.556
-11785,2596963.183
-11786,2595936.091
-11787,2594909.279
-11788,2593882.747
-11789,2592856.494
-11790,2591830.522
-11791,2590804.829
-11792,2589779.416
-11793,2588754.282
-11794,2587729.427
-11795,2586704.852
-11796,2585680.556
-11797,2584656.539
-11798,2583632.801
-11799,2582609.342
-11800,2581586.162
-11801,2580563.26
-11802,2579540.637
-11803,2578518.293
-11804,2577496.227
-11805,2576474.439
-11806,2575452.93
-11807,2574431.698
-11808,2573410.745
-11809,2572390.07
-11810,2571369.672
-11811,2570349.553
-11812,2569329.71
-11813,2568310.146
-11814,2567290.859
-11815,2566271.849
-11816,2565253.117
-11817,2564234.662
-11818,2563216.484
-11819,2562198.583
-11820,2561180.959
-11821,2560163.611
-11822,2559146.541
-11823,2558129.747
-11824,2557113.229
-11825,2556096.988
-11826,2555081.024
-11827,2554065.335
-11828,2553049.923
-11829,2552034.787
-11830,2551019.927
-11831,2550005.343
-11832,2548991.034
-11833,2547977.001
-11834,2546963.244
-11835,2545949.763
-11836,2544936.557
-11837,2543923.626
-11838,2542910.97
-11839,2541898.59
-11840,2540886.484
-11841,2539874.654
-11842,2538863.098
-11843,2537851.818
-11844,2536840.812
-11845,2535830.08
-11846,2534819.623
-11847,2533809.441
-11848,2532799.533
-11849,2531789.899
-11850,2530780.539
-11851,2529771.454
-11852,2528762.642
-11853,2527754.104
-11854,2526745.84
-11855,2525737.85
-11856,2524730.133
-11857,2523722.69
-11858,2522715.52
-11859,2521708.624
-11860,2520702.001
-11861,2519695.651
-11862,2518689.574
-11863,2517683.77
-11864,2516678.24
-11865,2515672.981
-11866,2514667.996
-11867,2513663.283
-11868,2512658.843
-11869,2511654.675
-11870,2510650.78
-11871,2509647.157
-11872,2508643.806
-11873,2507640.727
-11874,2506637.921
-11875,2505635.386
-11876,2504633.123
-11877,2503631.132
-11878,2502629.412
-11879,2501627.964
-11880,2500626.788
-11881,2499625.883
-11882,2498625.249
-11883,2497624.886
-11884,2496624.795
-11885,2495624.975
-11886,2494625.425
-11887,2493626.147
-11888,2492627.139
-11889,2491628.403
-11890,2490629.936
-11891,2489631.741
-11892,2488633.815
-11893,2487636.161
-11894,2486638.776
-11895,2485641.662
-11896,2484644.817
-11897,2483648.243
-11898,2482651.939
-11899,2481655.904
-11900,2480660.14
-11901,2479664.645
-11902,2478669.42
-11903,2477674.464
-11904,2476679.777
-11905,2475685.36
-11906,2474691.213
-11907,2473697.334
-11908,2472703.725
-11909,2471710.384
-11910,2470717.313
-11911,2469724.51
-11912,2468731.976
-11913,2467739.711
-11914,2466747.714
-11915,2465755.986
-11916,2464764.526
-11917,2463773.335
-11918,2462782.412
-11919,2461791.757
-11920,2460801.37
-11921,2459811.251
-11922,2458821.4
-11923,2457831.817
-11924,2456842.502
-11925,2455853.454
-11926,2454864.674
-11927,2453876.162
-11928,2452887.917
-11929,2451899.939
-11930,2450912.229
-11931,2449924.785
-11932,2448937.609
-11933,2447950.7
-11934,2446964.058
-11935,2445977.683
-11936,2444991.574
-11937,2444005.732
-11938,2443020.157
-11939,2442034.848
-11940,2441049.806
-11941,2440065.03
-11942,2439080.521
-11943,2438096.277
-11944,2437112.3
-11945,2436128.589
-11946,2435145.144
-11947,2434161.964
-11948,2433179.051
-11949,2432196.403
-11950,2431214.021