time,Sealevel
72.8538,0.8428
72.8295,0.8348
72.7992,0.8268
72.7733,0.8298
72.7463,0.8338
72.7191,0.7968
72.6919,0.7818
72.6648,0.7428
72.6376,0.7348
72.6104,0.7048
72.5833,0.7158
72.5561,0.7358
72.5291,0.7208
72.5019,0.7068
72.4747,0.6738
72.4475,0.6738
72.4204,0.6598
72.3933,0.6748
72.3661,0.6598
72.339,0.6778
72.32,0.6418
72.2658,0.7128
72.2521,0.6958
72.2238,0.7138
72.1971,0.6758
72.1704,0.6448
72.1427,0.6708
72.1156,0.7308
72.0892,0.7198
72.0622,0.7558
72.035,0.7598
72.0078,0.7488
71.9807,0.7398
71.9535,0.7698
71.9264,0.8258
71.8992,0.8138
71.8721,0.7978
71.8449,0.8188
71.8178,0.8438
71.7906,0.8208
71.7635,0.8128
71.7364,0.7958
71.7092,0.7858
71.6821,0.7518
71.6549,0.7228
71.6278,0.7498
71.6005,0.7328
71.5735,0.7158
71.5463,0.6818
71.5192,0.6808
71.492,0.6718
71.4649,0.6638
71.4377,0.6258
71.4105,0.6538
71.3834,0.6648
71.3562,0.6538
71.3291,0.6398
71.3015,0.6808
71.2748,0.6828
71.2477,0.6748
71.2205,0.6518
71.1934,0.6428
71.1662,0.6268
71.139,0.6478
71.1119,0.6738
71.0848,0.7178
71.0576,0.7088
71.0305,0.7188
71.0033,0.7138
70.9762,0.7208
70.949,0.7278
70.9219,0.7578
70.8948,0.7328
70.8676,0.7768
70.8413,0.7968
70.8115,0.7818
70.7862,0.7778
70.759,0.7548
70.7319,0.7348
70.7048,0.7228
70.6776,0.7098
70.6504,0.6818
70.6232,0.6538
70.5961,0.6648
70.569,0.6558
70.5418,0.6398
70.5147,0.6208
70.4875,0.6258
70.4595,0.5968
70.4332,0.6248
70.4061,0.6238
70.3789,0.6138
70.3518,0.6088
70.3247,0.5918
70.2975,0.5968
70.2703,0.6228
70.2693,0.6198
70.2432,0.6128
70.216,0.5888
70.1889,0.6138
70.1617,0.5998
70.1346,0.6238
70.1118,0.6398
70.0749,0.6078
70.0532,0.5968
70.026,0.6318
69.9988,0.6718
69.9717,0.6748
69.9446,0.6998
69.9174,0.6948
69.8903,0.7148
69.8631,0.7438
69.836,0.7118
69.8088,0.7208
69.7817,0.7188
69.7545,0.6988
69.7273,0.7118
69.7001,0.7038
69.6731,0.6978
69.6459,0.6948
69.6187,0.6618
69.5917,0.6188
69.5644,0.6148
69.5374,0.6148
69.5102,0.6198
69.483,0.5968
69.4559,0.5918
69.4287,0.5528
69.4016,0.5688
69.3744,0.5868
69.3474,0.6098
69.3202,0.5898
69.293,0.5638
69.2596,0.5678
69.2387,0.5898
69.2115,0.6108
69.1877,0.5858
69.1463,0.5808
69.1301,0.5788
69.103,0.5978
69.0758,0.5908
69.0486,0.6368
69.0215,0.5928
68.9944,0.6108
68.9673,0.6088
68.9401,0.6218
68.9129,0.6378
68.8858,0.6618
68.8586,0.6748
68.8315,0.6958
68.8044,0.6728
68.7772,0.6598
68.7501,0.6798
68.7229,0.6508
68.6958,0.6448
68.6686,0.6088
68.6415,0.5858
68.6144,0.5648
68.5871,0.5628
68.56,0.5618
68.5328,0.5508
68.5057,0.5168
68.4786,0.5058
68.4513,0.5028
68.4242,0.5078
68.3971,0.5018
68.3699,0.5168
68.3428,0.5178
68.3156,0.5068
68.2886,0.5008
68.2614,0.5048
68.2342,0.5218
68.207,0.5328
68.18,0.5278
68.1527,0.5118
68.1256,0.5258
68.0985,0.5528
68.0713,0.5508
68.0442,0.5468
68.017,0.5628
67.9899,0.5758
67.9628,0.6098
67.9355,0.6208
67.9085,0.6398
67.8813,0.6378
67.8542,0.6478
67.8271,0.6338
67.7999,0.6168
67.7727,0.5978
67.7455,0.6018
67.7185,0.6128
67.6913,0.6038
67.6641,0.5718
67.6369,0.5608
67.6098,0.5558
67.5827,0.5568
67.5555,0.5078
67.5284,0.5018
67.5012,0.4848
67.474,0.4698
67.4469,0.4698
67.4198,0.4758
67.3926,0.4408
67.3655,0.4748
67.3383,0.4778
67.3111,0.4888
67.284,0.4958
67.2569,0.5118
67.2297,0.4948
67.2026,0.4858
67.1754,0.4868
67.1483,0.4758
67.1211,0.4708
67.094,0.4768
67.0668,0.5008
67.0397,0.5268
67.0126,0.5278
66.9854,0.5368
66.9582,0.5618
66.9298,0.5958
66.904,0.6288
66.8769,0.6008
66.8497,0.6038
66.8226,0.5918
66.7953,0.5848
66.7682,0.5598
66.7411,0.5576
66.7139,0.5696
66.6868,0.5716
66.6597,0.5508
66.6596,0.5486
66.6325,0.4986
66.6053,0.4946
66.5782,0.4856
66.5511,0.4976
66.5239,0.4908
66.5238,0.4866
66.4967,0.4876
66.4696,0.5056
66.4425,0.4948
66.4424,0.4816
66.4153,0.4816
66.3881,0.4536
66.361,0.4686
66.3339,0.4738
66.3338,0.4716
66.3067,0.4736
66.3066,0.4818
66.2796,0.4928
66.2795,0.4866
66.2524,0.4968
66.2513,0.4966
66.2253,0.5128
66.2252,0.5156
66.1981,0.4896
66.1959,0.4748
66.171,0.5116
66.1438,0.5116
66.1228,0.4908
66.1167,0.5266
66.0896,0.5056
66.0624,0.5466
66.0353,0.5176
66.008,0.4916
65.981,0.5406
65.9538,0.5596
65.9267,0.5816
65.8995,0.5846
65.8723,0.5626
65.8452,0.6026
65.8181,0.6406
65.7909,0.6186
65.7637,0.6076
65.7366,0.5946
65.7094,0.5676
65.6823,0.5736
65.6551,0.5576
65.628,0.5056
65.6009,0.5056
65.5736,0.4756
65.5465,0.4646
65.5194,0.4526
65.4923,0.4576
65.465,0.4436
65.438,0.4346
65.4108,0.4226
65.3837,0.4006
65.3565,0.4176
65.3293,0.4316
65.3023,0.4396
65.275,0.4486
65.2479,0.4396
65.2207,0.4296
65.1936,0.4356
65.1664,0.4526
65.1394,0.4666
65.1122,0.4506
65.085,0.4526
65.0579,0.4416
65.0308,0.4526
65.0036,0.4316
64.9776,0.4816
64.9493,0.5186
64.9222,0.4466
64.895,0.4426
64.8679,0.4846
64.8407,0.4896
64.8136,0.5176
64.7864,0.5206
64.7593,0.4826
64.7321,0.4536
64.705,0.4716
64.6777,0.4626
64.6507,0.4536
64.6235,0.4366
64.5964,0.4066
64.5692,0.3746
64.5421,0.3926
64.5149,0.3876
64.4878,0.3726
64.4606,0.3536
64.4334,0.3296
64.4063,0.3386
64.3791,0.3296
64.352,0.3296
64.3249,0.3346
64.2978,0.3596
64.2705,0.3606
64.2435,0.3586
64.2163,0.3636
64.1891,0.3786
64.162,0.3786
64.1349,0.3856
64.1077,0.3656
64.0806,0.3526
64.0534,0.3806
64.0263,0.3896
63.9992,0.4016
63.972,0.3996
63.9448,0.3916
63.9177,0.4266
63.8905,0.4446
63.8634,0.4606
63.8362,0.4846
63.8091,0.4716
63.7819,0.4386
63.7548,0.4286
63.7276,0.4086
63.7071,0.3816
63.6696,0.4056
63.6462,0.3566
63.619,0.3416
63.5919,0.3706
63.5648,0.3606
63.5376,0.3346
63.5104,0.3286
63.4833,0.3326
63.4572,0.2676
63.4561,0.3136
63.4368,0.3036
63.429,0.3246
63.407,0.3456
63.4018,0.3256
63.3771,0.3606
63.3747,0.3336
63.3475,0.3566
63.3473,0.3646
63.3269,0.3006
63.3204,0.3556
63.3066,0.2916
63.2933,0.3316
63.2765,0.3186
63.2469,0.3526
63.2265,0.3416
63.2196,0.3266
63.2118,0.3606
63.1846,0.3756
63.1575,0.3636
63.1464,0.3606
63.1304,0.3506
63.1167,0.3786
63.1031,0.3816
63.0961,0.3776
63.0761,0.3966
63.0758,0.4096
63.0489,0.3836
63.0459,0.3786
63.0218,0.3936
63.0162,0.4056
62.9946,0.4036
62.9862,0.3826
62.9675,0.4066
62.9658,0.3876
62.9454,0.4296
62.9404,0.4466
62.9156,0.4336
62.9132,0.4276
62.8861,0.4506
62.8858,0.4686
62.8589,0.4556
62.8559,0.4816
62.8355,0.4516
62.8318,0.4406
62.8151,0.4426
62.8046,0.4476
62.7852,0.4566
62.7775,0.4726
62.7555,0.4576
62.7503,0.4526
62.735,0.4226
62.7232,0.4446
62.7147,0.4266
62.6961,0.3986
62.6849,0.3956
62.6688,0.3956
62.6552,0.3766
62.6417,0.3546
62.6252,0.3656
62.6145,0.3796
62.6048,0.3986
62.5874,0.3706
62.5844,0.3626
62.5603,0.3786
62.5546,0.3756
62.5331,0.3556
62.5247,0.3386
62.506,0.3146
62.4949,0.3246
62.4788,0.3126
62.4745,0.3066
62.454,0.3326
62.4517,0.3246
62.4245,0.2866
62.4242,0.3086
62.3973,0.2926
62.3944,0.2866
62.3702,0.3016
62.3645,0.3096
62.343,0.2816
62.3159,0.2766
62.2888,0.2766
62.2616,0.2836
62.2345,0.3076
62.2073,0.2876
62.1802,0.2776
62.1672,0.2436
62.1531,0.2886
62.127,0.2786
62.1258,0.3136
62.1119,0.2906
62.0987,0.3056
62.0849,0.2986
62.0716,0.3296
62.058,0.3026
62.0445,0.3246
62.0309,0.2976
62.0173,0.3376
62.0037,0.3016
61.9902,0.3276
61.9765,0.3436
61.9631,0.3436
61.9495,0.3306
61.9358,0.3476
61.922,0.3376
61.9087,0.3516
61.8952,0.3356
61.8816,0.3336
61.868,0.2946
61.8544,0.3316
61.8408,0.3356
61.8273,0.3416
61.8137,0.3346
61.8002,0.3856
61.7867,0.3726
61.773,0.3716
61.7591,0.3476
61.7459,0.3426
61.7319,0.3176
61.7187,0.3096
61.7051,0.2746
61.6916,0.3026
61.6778,0.3006
61.6644,0.3066
61.6508,0.3096
61.6372,0.2986
61.6236,0.2556
61.61,0.2816
61.5965,0.2526
61.583,0.2416
61.5693,0.2216
61.5558,0.2206
61.5421,0.1906
61.5286,0.2196
61.5151,0.2036
61.5014,0.2196
61.4879,0.2106
61.4743,0.2326
61.4607,0.2086
61.4471,0.2056
61.4336,0.1986
61.42,0.1976
61.4064,0.1916
61.3929,0.1966
61.3793,0.1606
61.3657,0.1886
61.3521,0.1666
61.3386,0.1546
61.325,0.1666
61.3115,0.1846
61.2978,0.1816
61.2843,0.1916
61.2705,0.1846
61.2571,0.1906
61.2436,0.1856
61.23,0.1746
61.2164,0.1806
61.2029,0.1986
61.1892,0.1926
61.1757,0.2016
61.1621,0.2066
61.1486,0.1996
61.135,0.2096
61.1214,0.1976
61.1078,0.2096
61.0943,0.2156
61.0807,0.2386
61.0671,0.2386
61.0536,0.2216
61.0399,0.2306
61.0264,0.2356
61.0129,0.2476
60.9993,0.2816
60.9857,0.2826
60.9721,0.2946
60.9586,0.2706
60.9449,0.2876
60.9314,0.2856
60.9178,0.2686
60.9043,0.2836
60.8906,0.2916
60.8771,0.3336
60.8635,0.3376
60.8499,0.3276
60.8364,0.3646
60.8228,0.3396
60.8092,0.3706
60.7956,0.3576
60.782,0.3306
60.7685,0.3216
60.7549,0.3026
60.7414,0.3036
60.7277,0.3076
60.7142,0.3026
60.7006,0.3006
60.687,0.2966
60.6733,0.2866
60.6599,0.2666
60.6463,0.2916
60.6328,0.2906
60.6192,0.3126
60.6055,0.2656
60.592,0.2746
60.5784,0.2696
60.5639,0.2636
60.5513,0.2776
60.5377,0.2536
60.5242,0.2636
60.5105,0.2296
60.497,0.2596
60.4833,0.2386
60.4698,0.2586
60.4562,0.2506
60.4427,0.2516
60.4277,0.2306
60.4155,0.2496
60.4019,0.2206
60.3884,0.2506
60.3748,0.2376
60.3612,0.2096
60.3477,0.2246
60.3341,0.2096
60.3205,0.2386
60.3069,0.2396
60.2935,0.2656
60.2799,0.2396
60.2655,0.2126
60.2527,0.2146
60.239,0.2176
60.2255,0.2196
60.212,0.2176
60.1983,0.2166
60.185,0.2626
60.1712,0.2826
60.1576,0.2726
60.1441,0.2506
60.1305,0.2556
60.117,0.2326
60.1033,0.2226
60.0898,0.1976
60.0762,0.2116
60.0626,0.2426
60.0491,0.2626
60.0355,0.2616
60.0219,0.3036
60.0084,0.2776
59.9948,0.3036
59.9812,0.3206
59.9676,0.3186
59.954,0.2846
59.9405,0.3246
59.9269,0.3146
59.9133,0.3406
59.8998,0.3336
59.8862,0.3416
59.8726,0.3156
59.859,0.3406
59.8455,0.3556
59.8319,0.3786
59.8184,0.3616
59.8047,0.3526
59.7911,0.3566
59.7776,0.3556
59.764,0.3416
59.7504,0.3606
59.7369,0.3416
59.736,0.2996
59.7097,0.3386
59.6947,0.3356
59.6826,0.2976
59.669,0.2946
59.6554,0.2776
59.6418,0.2586
59.6283,0.2616
59.6147,0.2516
59.6011,0.2376
59.5875,0.2576
59.574,0.2566
59.5604,0.2536
59.5468,0.2096
59.5332,0.2126
59.5197,0.1856
59.5061,0.2056
59.4925,0.1976
59.4789,0.2026
59.4653,0.2106
59.4518,0.2276
59.4382,0.2016
59.4246,0.1876
59.4107,0.1806
59.3975,0.1906
59.3839,0.1856
59.3703,0.1896
59.3567,0.1956
59.3432,0.2286
59.3296,0.2026
59.316,0.2096
59.3025,0.2036
59.2889,0.1886
59.2753,0.1986
59.2618,0.2136
59.2482,0.2076
59.2346,0.2256
59.221,0.2096
59.2074,0.2326
59.1939,0.2066
59.1803,0.2296
59.1667,0.2006
59.1531,0.2006
59.1396,0.1926
59.1267,0.1746
59.1124,0.1786
59.0853,0.2086
59.0582,0.2266
59.0316,0.2386
59.031,0.2436
59.0039,0.2476
58.9769,0.2386
58.9768,0.2376
58.9496,0.2696
58.9225,0.3306
58.9224,0.3196
58.8953,0.3066
58.8681,0.3196
58.8411,0.2936
58.841,0.2846
58.8138,0.3156
58.7867,0.2906
58.7595,0.2946
58.7324,0.2666
58.7052,0.2406
58.6782,0.2426
58.6781,0.2436
58.6509,0.2026
58.6507,0.2306
58.6238,0.2306
58.5968,0.1916
58.5922,0.2006
58.5695,0.2006
58.5425,0.1956
58.5423,0.2106
58.5152,0.2046
58.4881,0.1886
58.4609,0.1676
58.4338,0.1786
58.4066,0.2006
58.3795,0.2016
58.3456,0.1486
58.3253,0.1576
58.2981,0.1606
58.2709,0.1486
58.2437,0.1646
58.2166,0.1756
58.1894,0.1736
58.1623,0.1456
58.1351,0.1806
58.108,0.1746
58.0808,0.2056
58.0537,0.2196
58.0266,0.1986
57.9995,0.1996
57.9723,0.1936
57.9451,0.2556
57.918,0.2876
57.8908,0.3056
57.8637,0.2656
57.8365,0.2336
57.8093,0.2566
57.7822,0.2536
57.755,0.2646
57.7279,0.2626
57.7007,0.1976
57.6736,0.1816
57.6466,0.1846
57.6193,0.1966
57.5921,0.1516
57.565,0.1226
57.5378,0.1186
57.5107,0.1226
57.4836,0.1086
57.4564,0.1056
57.4292,0.1376
57.4022,0.1586
57.375,0.1466
57.3479,0.0976
57.3207,0.1556
57.2935,0.1656
57.266,0.1676
57.2392,0.1416
57.2121,0.1386
57.1849,0.1266
57.1578,0.1476
57.1303,0.1346
57.1035,0.1466
57.0765,0.1666
57.0492,0.1466
57.022,0.1736
56.9949,0.2136
56.9679,0.2376
56.9403,0.2636
56.9135,0.2296
56.8894,0.2476
56.8244,0.2736
56.8049,0.2776
56.7777,0.2806
56.7507,0.2606
56.7235,0.2606
56.6963,0.2396
56.6691,0.2276
56.642,0.1876
56.6148,0.1416
56.5877,0.1546
56.5605,0.1596
56.5334,0.1576
56.5064,0.1536
56.4791,0.1336
56.4519,0.1376
56.4248,0.1416
56.3975,0.1456
56.3705,0.1456
56.3433,0.1126
56.3163,0.1106
56.289,0.1126
56.2619,0.1166
56.2347,0.1276
56.2076,0.0926
56.1804,0.1386
56.1535,0.1336
56.1262,0.1386
56.0991,0.1566
56.0719,0.1586
56.0447,0.1426
56.0176,0.1996
55.9906,0.2296
55.9633,0.2386
55.9362,0.2416
55.9091,0.2426
55.8818,0.2656
55.8547,0.2766
55.8275,0.2486
55.8004,0.2436
55.7734,0.2516
55.7656,0.2376
55.7511,0.2376
55.7462,0.2316
55.719,0.2356
55.7137,0.2256
55.6918,0.2206
55.6917,0.1736
55.6647,0.1096
55.6646,0.1986
55.6377,0.1096
55.6376,0.1666
55.6103,0.1446
55.6102,0.1516
55.5833,0.1536
55.5831,0.1556
55.5561,0.1106
55.556,0.1256
55.5291,0.0676
55.5289,0.1546
55.5017,0.0126
55.4746,0.1286
55.4745,0.0306
55.4474,0.0756
55.4203,0.1106
55.42,0.0826
55.3933,0.1066
55.3932,0.1166
55.366,0.1166
55.3659,0.0766
55.3394,0.0436
55.3389,0.1186
55.3117,0.1076
55.3106,0.0336
55.2847,0.1336
55.2844,0.1366
55.2574,0.0986
55.2303,0.0686
55.2301,0.0836
55.2033,0.0676
55.2031,0.1376
55.1759,0.0806
55.1491,0.1266
55.1488,0.0506
55.1217,0.1266
55.0945,0.1626
55.0675,0.1096
55.0402,0.1426
55.0401,0.0526
55.0131,0.1606
55.0129,0.0286
54.986,0.2216
54.9859,0.1466
54.959,0.1726
54.9541,0.1816
54.9318,0.2156
54.9317,0.1726
54.9045,0.1516
54.9044,0.1476
54.8774,0.2086
54.8773,0.1626
54.8502,0.1626
54.8232,0.2086
54.8231,0.1836
54.796,0.2326
54.7959,0.2226
54.7687,0.2076
54.7686,0.2496
54.7417,0.1416
54.7416,0.1846
54.7145,0.2196
54.7143,0.1696
54.6873,0.1796
54.687,0.1216
54.6602,0.1596
54.6601,0.1506
54.6331,0.1776
54.633,0.1416
54.6063,0.1476
54.606,0.1026
54.5787,0.0766
54.5771,0.0576
54.5516,0.0936
54.5497,0.0386
54.5244,0.1046
54.5226,0.0496
54.4973,0.1056
54.4971,0.0856
54.4728,0.1366
54.4702,0.0616
54.4429,0.0736
54.4158,0.0786
54.3886,0.0416
54.3884,0.0696
54.3615,0.0916
54.3344,0.0486
54.3343,0.1156
54.3075,0.1796
54.3073,0.0966
54.2801,0.1456
54.2531,0.1336
54.2513,0.0946
54.2259,0.0756
54.2258,0.0686
54.1986,0.0476
54.1715,0.1226
54.1489,0.0776
54.1443,0.1006
54.1173,0.1336
54.1135,0.0366
54.0901,0.1016
54.0898,0.0876
54.0629,0.0686
54.0628,0.1236
54.0359,0.1426
54.0358,0.0876
54.0086,0.1216
53.9815,0.1126
53.9813,0.2026
53.9543,0.2166
53.9272,0.1706
53.9271,0.1866
53.9112,0.1276
53.9,0.1526
53.8728,0.1446
53.8708,0.1646
53.8457,0.2476
53.8187,0.2486
53.8186,0.1896
53.7914,0.2146
53.7643,0.2066
53.7642,0.1766
53.7372,0.1276
53.7371,0.1766
53.71,0.1056
53.6829,0.1526
53.6827,0.1856
53.6557,0.1226
53.6556,0.1856
53.6286,0.1316
53.6014,0.1096
53.5742,0.0716
53.5741,0.0306
53.5471,0.0766
53.547,0.0776
53.52,0.0666
53.4928,0.1006
53.4657,0.1176
53.4385,0.0706
53.4114,0.0466
53.4113,0.0516
53.3842,0.0896
53.357,0.1386
53.33,0.0356
53.3299,0.1286
53.3028,0.1006
53.2799,0.0516
53.2756,0.0686
53.2485,0.0526
53.2484,0.0666
53.2213,0.0656
53.2212,0.0646
53.1942,0.1226
53.1671,0.0396
53.167,0.1246
53.1399,0.0626
53.1398,0.0856
53.1127,0.1136
53.0856,0.0666
53.0584,0.1196
53.0313,0.0766
53.0312,0.1206
53.0042,0.1656
53.0041,0.0886
52.977,0.1656
52.9498,0.1726
52.9227,0.1746
52.8962,0.1826
52.8943,0.1656
52.8684,0.1916
52.8415,0.2046
52.8413,0.1306
52.8143,0.2356
52.8141,0.2076
52.7869,0.1776
52.7863,0.1546
52.7599,0.0676
52.7598,0.1346
52.7327,0.1436
52.7326,0.1416
52.7064,0.1586
52.7055,0.1066
52.6784,0.0946
52.6783,0.1506
52.6551,0.1346
52.6512,0.1026
52.624,0.1206
52.6239,0.0806
52.5969,0.0436
52.5697,0.0456
52.5426,0.0656
52.5155,0.0266
52.4883,0.0886
52.4611,-0.0114
52.434,-0.0564
52.4069,0.0116
52.3797,0.0346
52.3527,0.0376
52.3525,-0.0054
52.3254,0.0016
52.2988,-0.0634
52.2983,-0.0084
52.2713,0.0356
52.2711,-0.0254
52.244,-0.0054
52.2438,-0.0114
52.2169,0.0026
52.2168,0.0516
52.1898,-0.0124
52.1897,0.0496
52.1626,0.0446
52.1354,-0.0014
52.1352,0.0636
52.1083,-0.0164
52.0819,0.0566
52.0811,0.0366
52.054,0.0506
52.0537,0.0006
52.027,0.0706
51.9996,0.1036
51.9725,0.0366
51.9454,0.0476
51.9182,0.1096
51.8918,0.1456
51.8639,0.1656
51.8368,0.1166
51.8096,0.0406
51.7825,0.0776
51.7553,0.1496
51.7283,0.1676
51.701,0.1576
51.6738,0.0546
51.6468,-0.0004
51.6195,0.0026
51.5924,0.0656
51.5653,0.0456
51.5381,0.0696
51.511,0.0206
51.484,-0.0084
51.4567,-0.0634
51.4296,-0.0134
51.4024,0.0026
51.3752,0.0036
51.3482,-0.0514
51.321,-0.0694
51.2937,-0.0284
51.2666,0.0046
51.2395,0.0316
51.2124,-0.0064
51.1852,0.0046
51.1581,-0.0554
51.1309,-0.0644
51.1038,0.0046
51.0766,0.0396
51.0222,0.0246
50.9952,0.0246
50.9681,0.0276
50.9409,0.0676
50.9145,0.0936
50.886,0.0766
50.8595,0.0476
50.8051,0.0486
50.778,0.1216
50.7509,0.1306
50.7235,0.0786
50.6965,-0.0194
50.6694,-0.0654
50.6423,-0.0114
50.6149,0.0016
50.5879,-0.0194
50.5337,-0.0614
50.5065,-0.0964
50.4794,-0.0804
50.4522,-0.0494
50.425,-0.0384
50.3978,-0.0834
50.3707,-0.1224
50.3436,-0.1284
50.3165,-0.0844
50.2894,-0.0254
50.235,-0.0114
50.2078,-0.0954
50.1807,-0.0924
50.1536,-0.0454
50.1264,-0.0154
50.0993,0.0076
50.0721,0.0346
50.045,-0.0314
50.0178,-0.0304
49.9907,0.0576
49.9636,0.0766
49.9092,0.0146
49.8822,-0.0154
49.855,-0.0114
49.8278,0.0546
49.8008,0.1076
49.7735,0.1136
49.7462,0.0286
49.7192,0.0136
49.692,-0.0294
49.6377,0.0186
49.6106,-0.0324
49.5834,-0.0434
49.5566,-0.1054
49.5292,-0.0924
49.502,-0.0454
49.4749,-0.0724
49.4478,-0.1154
49.4206,-0.1044
49.3933,-0.1624
49.3663,-0.1374
49.3392,-0.0824
49.2848,-0.0534
49.2577,-0.0784
49.2306,-0.1034
49.2034,-0.1174
49.1763,-0.0634
49.1491,-0.0124
49.1256,0.0376
49.0948,-0.1114
49.0405,-0.0684
49.0133,-0.0414
48.9862,0.0016
48.9591,-0.0324
48.9319,-0.0394
48.9046,-0.1014
48.8775,-0.0404
48.8505,0.0256
48.8234,0.0656
48.7689,-0.0254
48.7419,-0.0464
48.7147,-0.0514
48.6876,0.0036
48.6604,-0.0014
48.6333,-0.0454
48.6062,-0.0734
48.5518,-0.0954
48.5247,-0.0474
48.4976,-0.0364
48.4704,-0.1034
48.4432,-0.1404
48.4158,-0.1624
48.3617,-0.0724
48.3347,-0.0374
48.3075,-0.0484
48.2792,-0.0944
48.2532,-0.1114
48.2261,-0.0724
48.1989,-0.0394
48.1717,-0.0424
48.1446,-0.0634
48.1174,-0.0874
48.0903,-0.0844
48.036,-0.0114
48.0083,-0.0184
47.9817,-0.0314
47.9546,-0.0814
47.9274,-0.0464
47.9001,-0.0084
47.8731,0.0466
47.846,0.1066
47.8189,0.0646
47.7917,0.0416
47.7374,0.0626
47.7103,0.0886
47.683,0.0426
47.656,-0.0054
47.6288,-0.0474
47.5745,-0.0454
47.5474,-0.0004
47.5202,-0.0634
47.4928,-0.0994
47.4659,-0.1544
47.4116,-0.0874
47.3844,-0.0884
47.3573,-0.0644
47.3302,-0.1174
47.303,-0.1574
47.2759,-0.1304
47.2487,-0.0894
47.2216,-0.0714
47.1944,-0.0924
47.1673,-0.1084
47.1402,-0.1284
47.0858,-0.0814
47.0587,-0.0684
47.0316,-0.0564
47.0044,-0.1054
46.977,-0.1334
46.9501,-0.0604
46.923,-0.0194
46.8959,0.0166
46.8687,0.0886
46.8415,0.1266
46.8144,0.1276
46.76,0.0616
46.7335,0.0466
46.7053,-0.0284
46.6786,-0.1024
46.6515,-0.1004
46.6244,-0.1004
46.5972,-0.0504
46.57,-0.0284
46.5429,-0.0794
46.5157,-0.1334
46.4886,-0.1604
46.4342,-0.1084
46.4071,-0.0804
46.38,-0.1004
46.3529,-0.1264
46.3257,-0.1504
46.2985,-0.1474
46.2714,-0.1024
46.2442,-0.0704
46.2171,-0.1134
46.1899,-0.1464
46.1631,-0.1144
46.1084,-0.0434
46.0814,-0.0754
46.0533,-0.1184
46.027,-0.1334
45.9998,-0.1034
45.9728,-0.0344
45.9456,-0.0144
45.8899,-0.0174
45.8643,-0.0514
45.8371,-0.0544
45.7827,-0.0114
45.7556,-0.0014
45.7285,0.0186
45.7013,-0.0654
45.674,-0.1084
45.647,-0.1104
45.6199,-0.0744
45.5927,-0.1174
45.5655,-0.1564
45.5384,-0.2074
45.4841,-0.1784
45.4569,-0.1254
45.4298,-0.0944
45.4028,-0.1494
45.3755,-0.1804
45.3212,-0.1324
45.2941,-0.0924
45.2669,-0.1134
45.2398,-0.1684
45.2127,-0.1144
45.1583,-0.1244
45.1312,-0.1174
45.104,-0.0994
45.0769,-0.0864
45.0497,-0.1604
45.0226,-0.1244
44.9955,-0.0834
44.9684,-0.0384
44.9412,-0.0344
44.914,-0.1204
44.8868,-0.1074
44.8325,-0.0174
44.8054,-0.0004
44.7782,-0.0654
44.751,-0.0894
44.7239,-0.1114
44.6968,-0.0974
44.6697,-0.0874
44.6425,-0.0754
44.6154,-0.1194
44.5882,-0.1584
44.561,-0.2074
44.5339,-0.1874
44.5067,-0.2044
44.4524,-0.1434
44.4253,-0.2074
44.3982,-0.2364
44.371,-0.2054
44.3439,-0.1564
44.3168,-0.1184
44.2896,-0.1434
44.2624,-0.1644
44.2353,-0.1864
44.1809,-0.1354
44.1539,-0.1404
44.1267,-0.2004
44.0995,-0.2114
44.0723,-0.1884
44.0452,-0.1644
44.0181,-0.1544
43.9907,-0.0554
43.9639,-0.0614
43.9367,-0.1244
43.9098,-0.1364
43.8824,-0.1204
43.8553,-0.0544
43.8009,-0.0834
43.7738,-0.0804
43.7466,-0.1354
43.7189,-0.1414
43.6923,-0.0904
43.6652,-0.0834
43.6381,-0.1344
43.6117,-0.1884
43.5837,-0.2304
43.5294,-0.1624
43.5021,-0.1564
43.4751,-0.1894
43.448,-0.2374
43.4208,-0.2674
43.3937,-0.2204
43.3665,-0.1714
43.3394,-0.1984
43.3123,-0.2004
43.2851,-0.2624
43.2307,-0.2294
43.2037,-0.1944
43.1765,-0.1894
43.1493,-0.2184
43.1206,-0.2764
43.0974,-0.2934
43.066,-0.2524
43.0407,-0.1984
43.0123,-0.1484
42.9865,-0.1794
42.9614,-0.1624
42.9583,-0.1534
42.875,-0.1424
42.7917,-0.1384
42.7083,-0.1714
42.625,-0.1874
42.5417,-0.1904
42.4583,-0.1834
42.375,-0.1874
42.2917,-0.1624
42.2083,-0.1474
42.125,-0.1334
42.0417,-0.1434
41.9583,-0.1644
41.875,-0.1534
41.7917,-0.1524
41.7083,-0.1554
41.625,-0.1574
41.5417,-0.1834
41.4583,-0.2074
41.375,-0.2034
41.2917,-0.1794
41.2083,-0.1434
41.125,-0.1564
41.0417,-0.1634
40.9583,-0.1774
40.875,-0.1504
40.7917,-0.1554
40.7083,-0.1634
40.625,-0.1654
40.5417,-0.1954
40.4583,-0.1934
40.375,-0.2344
40.2917,-0.2324
40.2083,-0.2374
40.125,-0.2194
40.0417,-0.1954
39.9583,-0.1994
39.875,-0.1824
39.7917,-0.1874
39.7083,-0.1904
39.625,-0.2034
39.5417,-0.2204
39.4583,-0.2234
39.375,-0.2044
39.2917,-0.2094
39.2083,-0.2174
39.125,-0.2734
39.0417,-0.2874
38.9583,-0.2874
38.875,-0.2424
38.7917,-0.2194
38.7083,-0.2264
38.625,-0.2414
38.5417,-0.2574
38.4583,-0.2594
38.375,-0.2744
38.2917,-0.2754
38.2083,-0.2924
38.125,-0.2714
38.0417,-0.2844
37.9583,-0.2794
37.875,-0.3144
37.7917,-0.3604
37.7083,-0.3464
37.625,-0.3284
37.5417,-0.2754
37.4583,-0.2864
37.375,-0.3024
37.2917,-0.3174
37.2083,-0.3014
37.125,-0.2784
37.0417,-0.3054
36.9583,-0.3244
36.875,-0.3364
36.7917,-0.3324
36.7083,-0.3284
36.625,-0.3184
36.5417,-0.3264
36.4583,-0.3034
36.375,-0.3114
36.2917,-0.2984
36.2083,-0.2964
36.125,-0.2904
36.0417,-0.3014
35.9583,-0.3154
35.875,-0.3184
35.7917,-0.3324
35.7083,-0.3394
35.625,-0.3474
35.5417,-0.3304
35.4583,-0.3244
35.375,-0.3284
35.2917,-0.3104
35.2083,-0.3104
35.125,-0.2884
35.0417,-0.2974
34.9583,-0.2574
34.875,-0.2374
34.7917,-0.2044
34.7083,-0.1954
34.625,-0.1734
34.5417,-0.1874
34.4583,-0.1834
34.375,-0.2054
34.2917,-0.2154
34.2083,-0.2234
34.125,-0.2564
34.0417,-0.2684
33.9583,-0.2824
33.875,-0.2614
33.7917,-0.2904
33.7083,-0.2604
33.625,-0.2524
33.5417,-0.1754
33.4583,-0.1334
33.375,-0.1184
33.2917,-0.1504
33.2083,-0.1824
33.125,-0.1984
33.0417,-0.1914
32.9583,-0.2094
32.875,-0.2144
32.7917,-0.2404
32.7083,-0.2964
32.625,-0.3374
32.5417,-0.3514
32.4583,-0.3404
32.375,-0.3284
32.2917,-0.3244
32.2083,-0.2994
32.125,-0.2864
32.0417,-0.2754
31.9583,-0.2374
31.875,-0.2224
31.7917,-0.2134
31.7083,-0.2344
31.625,-0.2244
31.5417,-0.2324
31.4583,-0.2154
31.375,-0.2204
31.2917,-0.2334
31.2083,-0.2434
31.125,-0.2614
31.0417,-0.2714
30.9583,-0.2924
30.875,-0.3334
30.7917,-0.3854
30.7083,-0.4034
30.625,-0.4034
30.5417,-0.3854
30.4583,-0.3604
30.375,-0.3544
30.2917,-0.3514
30.2083,-0.3544
30.125,-0.3344
30.0417,-0.3454
29.9583,-0.3434
29.875,-0.3654
29.7917,-0.3424
29.7083,-0.3664
29.625,-0.3924
29.5417,-0.4404
29.4583,-0.4644
29.375,-0.4684
29.2917,-0.4544
29.2083,-0.4514
29.125,-0.4624
29.0417,-0.4734
28.9583,-0.4454
28.875,-0.4154
28.7917,-0.3704
28.7083,-0.3734
28.625,-0.3764
28.5417,-0.3924
28.4583,-0.3784
28.375,-0.3634
28.2917,-0.3264
28.2083,-0.3234
28.125,-0.3134
28.0417,-0.3504
27.9583,-0.3764
27.875,-0.4034
27.7917,-0.4244
27.7083,-0.4314
27.625,-0.4414
27.5417,-0.4484
27.4583,-0.4584
27.375,-0.4644
27.2917,-0.4694
27.2083,-0.4474
27.125,-0.4294
27.0417,-0.4024
26.9583,-0.3884
26.875,-0.3904
26.7917,-0.4194
26.7083,-0.4154
26.625,-0.4284
26.5417,-0.4094
26.4583,-0.3974
26.375,-0.4184
26.2917,-0.4254
26.2083,-0.4374
26.125,-0.4504
26.0417,-0.4224
25.9583,-0.4204
25.875,-0.3984
25.7917,-0.4004
25.7083,-0.4064
25.625,-0.4134
25.5417,-0.4274
25.4583,-0.4274
25.375,-0.4064
25.2917,-0.3934
25.2083,-0.3804
25.125,-0.3954
25.0417,-0.4044
24.9583,-0.4114
24.875,-0.4194
24.7917,-0.4314
24.7083,-0.4234
24.625,-0.4144
24.5417,-0.3974
24.4583,-0.3764
24.375,-0.3704
24.2917,-0.3674
24.2083,-0.3694
24.125,-0.3584
24.0417,-0.3474
23.9583,-0.3924
23.875,-0.4404
23.7917,-0.5094
23.7083,-0.5384
23.625,-0.5374
23.5417,-0.5374
23.4583,-0.5204
23.375,-0.5314
23.2917,-0.5104
23.2083,-0.5394
23.125,-0.5294
23.0417,-0.5254
22.9583,-0.4784
22.875,-0.4624
22.7917,-0.4724
22.7083,-0.4504
22.625,-0.4244
22.5417,-0.3844
22.4583,-0.3954
22.375,-0.4194
22.2917,-0.4394
22.2083,-0.4464
22.125,-0.4854
22.0417,-0.5334
21.9583,-0.5694
21.875,-0.5524
21.7917,-0.5284
21.7083,-0.5244
21.625,-0.5584
21.5417,-0.5784
21.4583,-0.5704
21.375,-0.5454
21.2917,-0.5074
21.2083,-0.5004
21.125,-0.5104
21.0417,-0.5424
20.9583,-0.5644
20.875,-0.5794
20.7917,-0.5804
20.7083,-0.6174
20.625,-0.6124
20.5417,-0.6194
20.4583,-0.6034
20.375,-0.6064
20.2917,-0.6044
20.2083,-0.5754
20.125,-0.5694
20.0417,-0.5814
19.9583,-0.5874
19.875,-0.5724
19.7917,-0.5584
19.7083,-0.5724
19.625,-0.5824
19.5417,-0.6044
19.4583,-0.5844
19.375,-0.5794
19.2917,-0.5674
19.2083,-0.5554
19.125,-0.5654
19.0417,-0.5514
18.9583,-0.5674
18.875,-0.5504
18.7917,-0.5534
18.7083,-0.5894
18.625,-0.6284
18.5417,-0.7024
18.4583,-0.7464
18.375,-0.7604
18.2917,-0.7234
18.2083,-0.6734
18.125,-0.6134
18.0417,-0.5894
17.9583,-0.5944
17.875,-0.5974
17.7917,-0.6034
17.7083,-0.6104
17.625,-0.6134
17.5417,-0.6334
17.4583,-0.6394
17.375,-0.6874
17.2917,-0.7024
17.2083,-0.7184
17.125,-0.6954
17.0417,-0.6984
16.9583,-0.6864
16.875,-0.7084
16.7917,-0.6744
16.7083,-0.6604
16.625,-0.6604
16.5417,-0.6644
16.4583,-0.6824
16.375,-0.6794
16.2917,-0.6684
16.2083,-0.6474
16.125,-0.6224
16.0417,-0.6024
15.9583,-0.5964
15.875,-0.5804
15.7917,-0.5754
15.7083,-0.5594
15.625,-0.5934
15.5417,-0.6284
15.4583,-0.6604
15.375,-0.6694
15.2917,-0.6334
15.2083,-0.6014
15.125,-0.5814
15.0417,-0.6264
14.9583,-0.6704
14.875,-0.7014
14.7917,-0.7064
14.7083,-0.6784
14.625,-0.6594
14.5417,-0.6614
14.4583,-0.7014
14.375,-0.7554
14.2917,-0.8004
14.2083,-0.7954
14.125,-0.7864
14.0417,-0.7434
13.9583,-0.7014
13.875,-0.6464
13.7917,-0.6644
13.7083,-0.6524
13.625,-0.6764
13.5417,-0.6634
13.4583,-0.6504
13.375,-0.6354
13.2917,-0.6214
13.2083,-0.6014
13.125,-0.6004
13.0417,-0.5984
12.9583,-0.6104
12.875,-0.5944
12.7917,-0.5844
12.7083,-0.6164
12.625,-0.6304
12.5417,-0.6594
12.4583,-0.6444
12.375,-0.6474
12.2917,-0.6394
12.2083,-0.6344
12.125,-0.6214
12.0417,-0.6364
11.9583,-0.6354
11.875,-0.6444
11.7917,-0.6244
11.7083,-0.5934
11.625,-0.5814
11.5417,-0.5714
11.4583,-0.5624
11.375,-0.5414
11.2917,-0.5174
11.2083,-0.5214
11.125,-0.5254
11.0417,-0.5734
10.9583,-0.6014
10.875,-0.6324
10.7917,-0.6404
10.7083,-0.6474
10.625,-0.6424
10.5417,-0.6344
10.4583,-0.6224
10.375,-0.6184
10.2917,-0.6244
10.2083,-0.6444
10.125,-0.6424
10.0417,-0.6824
9.9583,-0.6794
9.875,-0.6874
9.7917,-0.6434
9.7083,-0.6594
9.625,-0.6494
9.5417,-0.6734
9.4583,-0.6764
9.375,-0.6904
9.2917,-0.6944
9.2083,-0.7014
9.125,-0.6804
9.0417,-0.6474
8.9583,-0.6264
8.875,-0.6354
8.7917,-0.6494
8.7083,-0.6724
8.625,-0.6854
8.5417,-0.6914
8.4583,-0.7034
8.375,-0.7024
8.2917,-0.7074
8.2083,-0.6824
8.125,-0.6834
8.0417,-0.6784
7.9583,-0.6984
7.875,-0.6884
7.7917,-0.7004
7.7083,-0.6894
7.625,-0.6814
7.5417,-0.6504
7.4583,-0.6474
7.375,-0.6484
7.2917,-0.6654
7.2083,-0.6824
7.125,-0.7244
7.0417,-0.8064
6.9583,-0.8524
6.875,-0.8664
6.7917,-0.8654
6.7083,-0.8614
6.625,-0.8544
6.5417,-0.8424
6.4583,-0.7934
6.375,-0.7784
6.2917,-0.7784
6.2083,-0.8074
6.125,-0.8154
6.0417,-0.7794
5.9583,-0.7694
5.875,-0.7634
5.7917,-0.7684
5.7083,-0.8134
5.625,-0.8244
5.5417,-0.8564
5.4583,-0.8354
5.375,-0.8054
5.2917,-0.7584
5.2083,-0.7174
5.125,-0.6844
5.0417,-0.6814
4.9583,-0.6984
4.875,-0.7214
4.7917,-0.7734
4.7083,-0.8224
4.625,-0.8454
4.5417,-0.8374
4.4583,-0.8114
4.375,-0.7824
4.2917,-0.7854
4.2083,-0.7624
4.125,-0.7694
4.0417,-0.7834
3.9583,-0.8054
3.875,-0.7984
3.7917,-0.7914
3.7083,-0.7694
3.625,-0.7434
3.5417,-0.7174
3.4583,-0.6924
3.375,-0.7184
3.2917,-0.7514
3.2083,-0.7714
3.125,-0.7534
3.0417,-0.7244
2.9583,-0.7204
2.875,-0.7254
2.7917,-0.7714
2.7083,-0.7844
2.625,-0.8074
2.5417,-0.8154
2.4583,-0.8044
2.375,-0.8294
2.2917,-0.8354
2.2083,-0.8374
2.125,-0.8204
2.0417,-0.8154
1.9583,-0.8094
1.875,-0.7914
1.7917,-0.8094
1.7083,-0.8104
1.625,-0.8234
1.5417,-0.7874
1.4583,-0.7514
1.375,-0.7004
1.2917,-0.7034
1.2083,-0.7094
1.125,-0.7624
1.0417,-0.8024
0.9583,-0.7884
0.875,-0.8124
0.7917,-0.8404
0.7083,-0.8684
0.625,-0.8854
0.5417,-0.8784
0.4583,-0.8724
0.375,-0.8764
0.2917,-0.8814
0.2083,-0.9024
0.125,-0.9014
0.0417,-0.8894
-0.0417,-0.8704
-0.125,-0.8854
-0.2083,-0.8904
-0.2917,-0.9274
-0.375,-0.9134
-0.4583,-0.9264
-0.5417,-0.9154
-0.625,-0.9124
-0.7083,-0.8914
-0.7917,-0.8654
-0.875,-0.8294
-0.9583,-0.8334
-1.0417,-0.8494
-1.125,-0.8614
-1.2083,-0.8804
-1.2917,-0.8764
-1.375,-0.8904
-1.4583,-0.8704
-1.5417,-0.8864
-1.625,-0.8854
-1.7083,-0.8984
-1.7917,-0.8984
-1.875,-0.8774
-1.9583,-0.8324
-2.0417,-0.8034
-2.125,-0.7864
-2.2083,-0.8334
-2.2917,-0.8784
-2.375,-0.9124
-2.4583,-0.9384
-2.5417,-0.9654
-2.625,-0.9854
-2.7083,-0.9914
-2.7917,-0.9684
-2.875,-0.9944
-2.9583,-1.0164
-3.0417,-1.0104
-3.125,-1.0034
-3.2083,-0.9774
-3.2917,-0.9424
-3.375,-0.9034
-3.4583,-0.8784
-3.5417,-0.8914
-3.625,-0.9214
-3.7083,-0.9464
-3.7917,-0.9854
-3.875,-0.9774
-3.9583,-1.0164
-4.0417,-1.0054
-4.125,-1.0384
-4.2083,-1.0414
-4.2917,-1.0664
-4.375,-1.0234
-4.4583,-1.0214
-4.5417,-0.9814
-4.625,-1.0214
-4.7083,-1.0344
-4.7917,-1.0474
-4.875,-1.0394
-4.9583,-1.0364
-5.0417,-1.0464
-5.125,-1.0584
-5.2083,-1.0954
-5.2917,-1.1254
-5.375,-1.1444
-5.4583,-1.1424
-5.5417,-1.1144
-5.625,-1.0564
-5.7083,-0.9834
-5.7917,-0.9374
-5.875,-0.9644
-5.9583,-1.0254
-6.0417,-1.0604
-6.125,-1.0544
-6.2083,-1.0424
-6.2917,-1.0354
-6.375,-1.0214
-6.4583,-1.0164
-6.5417,-0.9754
-6.625,-0.9774
-6.7083,-0.9364
-6.7917,-0.9344
-6.875,-0.9294
-6.9583,-0.9374
-7.0417,-0.9624
-7.125,-0.9384
-7.2083,-0.9374
-7.2917,-0.9284
-7.375,-0.9474
-7.4583,-0.9774
-7.5417,-1.0114
-7.625,-1.0414
-7.7083,-1.0534
-7.7917,-1.0484
-7.875,-1.0354
-7.9583,-1.0454
-8.0417,-1.0294
-8.125,-1.0284
-8.2083,-0.9714
-8.2917,-0.9374
-8.375,-0.9324
-8.4583,-0.9764
-8.5417,-1.0064
-8.625,-1.0064
-8.7083,-0.9874
-8.7917,-1.0014
-8.875,-1.0054
-8.9583,-1.0374
-9.0417,-1.0304
-9.125,-1.0404
-9.2083,-1.0724
-9.2917,-1.1154
-9.375,-1.1554
-9.4583,-1.1844
-9.5417,-1.2034
-9.625,-1.1594
-9.7083,-1.1524
-9.7917,-1.1054
-9.875,-1.0884
-9.9583,-1.0764
-10.0417,-1.0854
-10.125,-1.0874
-10.2083,-1.1034
-10.2917,-1.0624
-10.375,-0.9974
-10.4583,-0.9694
-10.5417,-0.9704
-10.625,-1.0374
-10.7083,-1.0904
-10.7917,-1.1114
-10.875,-1.1374
-10.9583,-1.0934
-11.0417,-1.0994
-11.125,-1.0924
-11.2083,-1.1004
-11.2917,-1.1544
-11.375,-1.1714
-11.4583,-1.2064
-11.5417,-1.1614
-11.625,-1.1304
-11.7083,-1.0734
-11.7917,-1.0524
-11.875,-1.0574
-11.9583,-1.0704
-12.0417,-1.0924
-12.125,-1.1084
-12.2083,-1.1274
-12.2917,-1.1324
-12.375,-1.1674
-12.4583,-1.1594
-12.5417,-1.1624
-12.625,-1.1424
-12.7083,-1.1284
-12.7917,-1.1484
-12.875,-1.1324
-12.9583,-1.1824
-13.0417,-1.1694
-13.125,-1.1994
-13.2083,-1.1864
-13.2917,-1.2294
-13.375,-1.2024
-13.4583,-1.2224
-13.5417,-1.2124
-13.625,-1.2374
-13.7083,-1.2184
-13.7917,-1.1854
-13.875,-1.1404
-13.9583,-1.1644
-14.0417,-1.2034
-14.125,-1.2214
-14.2083,-1.2064
-14.2917,-1.1774
-14.375,-1.1544
-14.4583,-1.1464
-14.5417,-1.1364
-14.625,-1.1434
-14.7083,-1.1104
-14.7917,-1.1224
-14.875,-1.1264
-14.9583,-1.1484
-15.0417,-1.1984
-15.125,-1.2194
-15.2083,-1.2784
-15.2917,-1.2514
-15.375,-1.2664
-15.4583,-1.2264
-15.5417,-1.2204
-15.625,-1.1804
-15.7083,-1.1714
-15.7917,-1.1604
-15.875,-1.1844
-15.9583,-1.2084
-16.0417,-1.2154
-16.125,-1.2154
-16.2083,-1.1804
-16.2917,-1.1834
-16.375,-1.1704
-16.4583,-1.1834
-16.5417,-1.1384
-16.625,-1.1454
-16.7083,-1.1194
-16.7917,-1.1174
-16.875,-1.1234
-16.9583,-1.1314
-17.0417,-1.1644
-17.125,-1.1754
-17.2083,-1.2004
-17.2917,-1.1964
-17.375,-1.2224
-17.4583,-1.2084
-17.5417,-1.2164
-17.625,-1.2154
-17.7083,-1.1984
-17.7917,-1.2114
-17.875,-1.2014
-17.9583,-1.2344
-18.0417,-1.2584
-18.125,-1.2924
-18.2083,-1.2834
-18.2917,-1.2534
-18.375,-1.2304
-18.4583,-1.2124
-18.5417,-1.2524
-18.625,-1.2574
-18.7083,-1.2784
-18.7917,-1.2594
-18.875,-1.2844
-18.9583,-1.2624
-19.0417,-1.2714
-19.125,-1.2494
-19.2083,-1.2084
-19.2917,-1.1784
-19.375,-1.1544
-19.4583,-1.1754
-19.5417,-1.2504
-19.625,-1.3204
-19.7083,-1.3364
-19.7917,-1.3164
-19.875,-1.3164
-19.9583,-1.3014
-20.0417,-1.3144
-20.125,-1.2854
-20.2083,-1.2874
-20.2917,-1.2634
-20.375,-1.2574
-20.4583,-1.2534
-20.5417,-1.2544
-20.625,-1.2924
-20.7083,-1.2674
-20.7917,-1.3264
-20.875,-1.3514
-20.9583,-1.4014
-21.0417,-1.3804
-21.125,-1.3494
-21.2083,-1.3054
-21.2917,-1.2544
-21.375,-1.2494
-21.4583,-1.2534
-21.5417,-1.2564
-21.625,-1.2824
-21.7083,-1.2974
-21.7917,-1.3504
-21.875,-1.3694
-21.9583,-1.3704
-22.0417,-1.3084
-22.125,-1.3004
-22.2083,-1.2624
-22.2917,-1.2894
-22.375,-1.2304
-22.4583,-1.2564
-22.5417,-1.2384
-22.625,-1.2464
-22.7083,-1.2424
-22.7917,-1.2654
-22.875,-1.2844
-22.9583,-1.3274
-23.0417,-1.2874
-23.125,-1.2514
-23.2083,-1.1564
-23.2917,-1.1654
-23.375,-1.1724
-23.4583,-1.2384
-23.5417,-1.2704
-23.625,-1.2964
-23.7083,-1.3164
-23.7917,-1.3474
-23.875,-1.3154
-23.9583,-1.3064
-24.0417,-1.2674
-24.125,-1.3024
-24.2083,-1.3224
-24.2917,-1.3434
-24.375,-1.3564
-24.4583,-1.3464
-24.5417,-1.3434
-24.625,-1.3414
-24.7083,-1.3464
-24.7917,-1.3184
-24.875,-1.2994
-24.9583,-1.3164
-25.0417,-1.3454
-25.125,-1.3634
-25.2083,-1.3504
-25.2917,-1.3494
-25.375,-1.3544
-25.4583,-1.3614
-25.5417,-1.3464
-25.625,-1.3454
-25.7083,-1.3114
-25.7917,-1.3274
-25.875,-1.3204
-25.9583,-1.3734
-26.0417,-1.3604
-26.125,-1.3324
-26.2083,-1.2904
-26.2917,-1.2984
-26.375,-1.2984
-26.4583,-1.2684
-26.5417,-1.2124
-26.625,-1.1864
-26.7083,-1.2294
-26.7917,-1.2724
-26.875,-1.2854
-26.9583,-1.2394
-27.0417,-1.2254
-27.125,-1.2594
-27.2083,-1.3184
-27.2917,-1.3574
-27.375,-1.3404
-27.4583,-1.3064
-27.5417,-1.2554
-27.625,-1.2524
-27.7083,-1.2634
-27.7917,-1.2734
-27.875,-1.2604
-27.9583,-1.3034
-28.0417,-1.2874
-28.125,-1.3294
-28.2083,-1.3244
-28.2917,-1.3354
-28.375,-1.3064
-28.4583,-1.2444
-28.5417,-1.2284
-28.625,-1.2144
-28.7083,-1.2344
-28.7917,-1.2484
-28.875,-1.2624
-28.9583,-1.2934
-29.0417,-1.2944
-29.125,-1.3154
-29.2083,-1.3014
-29.2917,-1.2894
-29.375,-1.2534
-29.4583,-1.2254
-29.5417,-1.2294
-29.625,-1.2674
-29.7083,-1.3144
-29.7917,-1.3554
-29.875,-1.3624
-29.9583,-1.3424
-30.0417,-1.3374
-30.125,-1.2924
-30.2083,-1.2784
-30.2917,-1.2454
-30.375,-1.2284
-30.4583,-1.2634
-30.5417,-1.2554
-30.625,-1.3204
-30.7083,-1.3474
-30.7917,-1.3764
-30.875,-1.3924
-30.9583,-1.3744
-31.0417,-1.3574
-31.125,-1.3114
-31.2083,-1.3134
-31.2917,-1.2924
-31.375,-1.3294
-31.4583,-1.3144
-31.5417,-1.3204
-31.625,-1.3394
-31.7083,-1.3644
-31.7917,-1.3454
-31.875,-1.3284
-31.9583,-1.2904
-32.0417,-1.3064
-32.125,-1.3304
-32.2083,-1.3244
-32.2917,-1.3084
-32.375,-1.3004
-32.4583,-1.2944
-32.5417,-1.3324
-32.625,-1.3444
-32.7083,-1.3524
-32.7917,-1.3174
-32.875,-1.2844
-32.9583,-1.2214
-33.0417,-1.2204
-33.125,-1.2314
-33.2083,-1.3104
-33.2917,-1.3294
-33.375,-1.3524
-33.4583,-1.3104
-33.5417,-1.2734
-33.625,-1.2214
-33.7083,-1.2344
-33.7917,-1.2044
-33.875,-1.2564
-33.9583,-1.2304
-34.0417,-1.2934
-34.125,-1.2904
-34.2083,-1.3454
-34.2917,-1.3474
-34.375,-1.3374
-34.4583,-1.3294
-34.5417,-1.3044
-34.625,-1.2784
-34.7083,-1.2164
-34.7917,-1.1244
-34.875,-1.0454
-34.9583,-1.0304
-35.0417,-1.0794
-35.125,-1.1834
-35.2083,-1.3114
-35.2917,-1.3634
-35.375,-1.4184
-35.4583,-1.3904
-35.5417,-1.3924
-35.625,-1.3614
-35.7083,-1.3744
-35.7917,-1.3464
-35.875,-1.3634
-35.9583,-1.3024
-36.0417,-1.3534
-36.125,-1.3014
-36.2083,-1.3414
-36.2917,-1.3334
-36.375,-1.3364
-36.4583,-1.3654
-36.5417,-1.4004
-36.625,-1.4534
-36.7083,-1.4704
-36.7917,-1.4754
-36.875,-1.4254
-36.9583,-1.3914
-37.0417,-1.3374
-37.125,-1.3604
-37.2083,-1.3804
-37.2917,-1.3844
-37.375,-1.3794
-37.4583,-1.3924
-37.5417,-1.4004
-37.625,-1.4534
-37.7083,-1.4644
-37.7917,-1.4654
-37.875,-1.4304
-37.9583,-1.4124
-38.0417,-1.3384
-38.125,-1.3204
-38.2083,-1.2744
-38.2917,-1.3054
-38.375,-1.3344
-38.4583,-1.3944
-38.5417,-1.4054
-38.625,-1.4114
-38.7083,-1.3994
-38.7917,-1.4044
-38.875,-1.4324
-38.9583,-1.4674
-39.0417,-1.4674
-39.125,-1.4594
-39.2083,-1.4574
-39.2917,-1.4374
-39.375,-1.4374
-39.4583,-1.4114
-39.5417,-1.4334
-39.625,-1.4404
-39.7083,-1.4884
-39.7917,-1.4924
-39.875,-1.4994
-39.9583,-1.4664
-40.0417,-1.4524
-40.125,-1.4384
-40.2083,-1.4574
-40.2917,-1.4564
-40.375,-1.4914
-40.4583,-1.4834
-40.5417,-1.5014
-40.625,-1.4554
-40.7083,-1.4274
-40.7917,-1.3994
-40.875,-1.4444
-40.9583,-1.4704
-41.0417,-1.5474
-41.125,-1.5564
-41.2083,-1.5364
-41.2917,-1.4944
-41.375,-1.4424
-41.4583,-1.4664
-41.5417,-1.4724
-41.625,-1.5184
-41.7083,-1.5074
-41.7917,-1.4854
-41.875,-1.4844
-41.9583,-1.5044
-42.0417,-1.5384
-42.125,-1.5694
-42.2083,-1.5244
-42.2917,-1.5104
-42.375,-1.4314
-42.4583,-1.4574
-42.5417,-1.4254
-42.625,-1.4444
-42.7083,-1.4214
-42.7917,-1.4454
-42.875,-1.4574
-42.9583,-1.4884
-43.0417,-1.4814
-43.125,-1.4694
-43.2083,-1.4504
-43.2917,-1.4424
-43.375,-1.4474
-43.4583,-1.4164
-43.5417,-1.4344
-43.625,-1.4484
-43.7083,-1.4824
-43.7917,-1.4744
-43.875,-1.4884
-43.9583,-1.5114
-44.0417,-1.5414
-44.125,-1.5004
-44.2083,-1.4694
-44.2917,-1.4474
-44.375,-1.4744
-44.4583,-1.5134
-44.5417,-1.5374
-44.625,-1.5534
-44.7083,-1.5744
-44.7917,-1.5894
-44.875,-1.5944
-44.9583,-1.5734
-45.0417,-1.5414
-45.125,-1.5164
-45.2083,-1.5094
-45.2917,-1.5194
-45.375,-1.5054
-45.4583,-1.4954
-45.5417,-1.4594
-45.625,-1.4764
-45.7083,-1.4264
-45.7917,-1.4224
-45.875,-1.3754
-45.9583,-1.4524
-46.0417,-1.4084
-46.125,-1.4354
-46.2083,-1.3994
-46.2917,-1.4294
-46.375,-1.3884
-46.4583,-1.3554
-46.5417,-1.2994
-46.625,-1.2914
-46.7083,-1.2964
-46.7917,-1.3434
-46.875,-1.4104
-46.9583,-1.4054
-47.0417,-1.4214
-47.125,-1.4064
-47.2083,-1.4114
-47.2917,-1.4374
-47.375,-1.4714
-47.4583,-1.5104
-47.5417,-1.5224
-47.625,-1.5164
-47.7083,-1.4734
-47.7917,-1.4264
-47.875,-1.4144
-47.9583,-1.4194
-48.0417,-1.4264
-48.125,-1.4194
-48.2083,-1.4344
-48.2917,-1.4634
-48.375,-1.5034
-48.4583,-1.5554
-48.5417,-1.5304
-48.625,-1.5434
-48.7083,-1.5034
-48.7917,-1.5434
-48.875,-1.5404
-48.9583,-1.5214
-49.0417,-1.4944
-49.125,-1.5144
-49.2083,-1.4954
-49.2917,-1.5444
-49.375,-1.4804
-49.4583,-1.4984
-49.5417,-1.4754
-49.625,-1.4664
-49.7083,-1.4914
-49.7917,-1.4884
-49.875,-1.5014
-49.9583,-1.4824
-50.0417,-1.4184
-50.125,-1.3644
-50.2083,-1.3364
-50.2917,-1.3944
-50.375,-1.4514
-50.4583,-1.5124
-50.5417,-1.4794
-50.625,-1.4724
-50.7083,-1.4434
-50.7917,-1.4734
-50.875,-1.4834
-50.9583,-1.4604
-51.0417,-1.4664
-51.125,-1.4774
-51.2083,-1.5164
-51.2917,-1.5674
-51.375,-1.5884
-51.4583,-1.5274
-51.5417,-1.4904
-51.625,-1.4294
-51.7083,-1.4424
-51.7917,-1.4594
-51.875,-1.5384
-51.9583,-1.6834
-52.0417,-1.7484
-52.125,-1.7744
-52.2083,-1.6284
-52.2917,-1.5584
-52.375,-1.4914
-52.4583,-1.4644
-52.5417,-1.5014
-52.625,-1.5194
-52.7083,-1.6154
-52.7917,-1.6324
-52.875,-1.6914
-52.9583,-1.6884
-53.0417,-1.7144
-53.125,-1.6904
-53.2083,-1.6624
-53.2917,-1.6354
-53.375,-1.5824
-53.4583,-1.5734
-53.5417,-1.5464
-53.625,-1.6344
-53.7083,-1.6974
-53.7917,-1.7474
-53.875,-1.7774
-53.9583,-1.6774
-54.0417,-1.5814
-54.125,-1.5514
-54.2083,-1.5164
-54.2917,-1.5874
-54.375,-1.5674
-54.4583,-1.6034
-54.5417,-1.6164
-54.625,-1.6734
-54.7083,-1.6074
-54.7917,-1.5934
-54.875,-1.5424
-54.9583,-1.5824
-55.0417,-1.6014
-55.125,-1.7074
-55.2083,-1.7264
-55.2917,-1.7694
-55.375,-1.7404
-55.4583,-1.7384
-55.5417,-1.7204
-55.625,-1.7144
-55.7083,-1.6824
-55.7917,-1.6924
-55.875,-1.6684
-55.9583,-1.6774
-56.0417,-1.6494
-56.125,-1.6444
-56.2083,-1.5994
-56.2917,-1.5834
-56.375,-1.5834
-56.4583,-1.6004
-56.5417,-1.5984
-56.625,-1.5854
-56.7083,-1.5724
-56.7917,-1.5604
-56.875,-1.6314
-56.9583,-1.6684
-57.0417,-1.7174
-57.125,-1.7564
-57.2083,-1.7084
-57.2917,-1.7104
-57.375,-1.6594
-57.4583,-1.6514
-57.5417,-1.6094
-57.625,-1.6244
-57.7083,-1.5794
-57.7917,-1.5914
-57.875,-1.5864
-57.9583,-1.6514
-58.0417,-1.6814
-58.125,-1.6754
-58.2083,-1.6384
-58.2917,-1.6254
-58.375,-1.6154
-58.4583,-1.6314
-58.5417,-1.6774
-58.625,-1.6474
-58.7083,-1.7014
-58.7917,-1.6744
-58.875,-1.8324
-58.9583,-1.8224
-59.0417,-1.8324
-59.125,-1.7524
-59.2083,-1.7114
-59.2917,-1.6874
-59.375,-1.6714
-59.4583,-1.6354
-59.5417,-1.5954
-59.625,-1.5464
-59.7083,-1.5744
-59.7917,-1.5934
-59.875,-1.7074
-59.9583,-1.7164
-60.0417,-1.7654
-60.125,-1.7694
-60.2083,-1.7314
-60.2917,-1.7064
-60.375,-1.6694
-60.4583,-1.6634
-60.5417,-1.6514
-60.625,-1.6524
-60.7083,-1.6434
-60.7917,-1.6364
-60.875,-1.6674
-60.9583,-1.7044
-61.0417,-1.6534
-61.125,-1.6534
-61.2083,-1.6434
-61.2917,-1.7084
-61.375,-1.6784
-61.4583,-1.6834
-61.5417,-1.7094
-61.625,-1.7354
-61.7083,-1.7454
-61.7917,-1.7434
-61.875,-1.7494
-61.9583,-1.7464
-62.0417,-1.6734
-62.125,-1.6814
-62.2083,-1.6684
-62.2917,-1.6994
-62.375,-1.6684
-62.4583,-1.6664
-62.5417,-1.6644
-62.625,-1.7124
-62.7083,-1.7814
-62.7917,-1.8224
-62.875,-1.8514
-62.9583,-1.8154
-63.0417,-1.7514
-63.125,-1.7724
-63.2083,-1.7454
-63.2917,-1.7444
-63.375,-1.6704
-63.4583,-1.6014
-63.5417,-1.5474
-63.625,-1.5404
-63.7083,-1.6134
-63.7917,-1.6614
-63.875,-1.7154
-63.9583,-1.6664
-64.0417,-1.6444
-64.125,-1.6264
-64.2083,-1.6054
-64.2917,-1.6584
-64.375,-1.6254
-64.4583,-1.6774
-64.5417,-1.6204
-64.625,-1.6244
-64.7083,-1.6204
-64.7917,-1.6464
-64.875,-1.6764
-64.9583,-1.7244
-65.0417,-1.6924
-65.125,-1.7334
-65.2083,-1.6974
-65.2917,-1.6974
-65.375,-1.6614
-65.4583,-1.6264
-65.5417,-1.5934
-65.625,-1.5534
-65.7083,-1.5454
-65.7917,-1.5634
-65.875,-1.5884
-65.9583,-1.6184
-66.0417,-1.6844
-66.125,-1.7254
-66.2083,-1.7754
-66.2917,-1.7864
-66.375,-1.8134
-66.4583,-1.8044
-66.5417,-1.8294
-66.625,-1.8334
-66.7083,-1.9164
-66.7917,-1.9174
-66.875,-1.9934
-66.9583,-1.9924
-67.0417,-2.0384
-67.125,-2.0184
-67.2083,-2.0084
-67.2917,-1.9424
-67.375,-1.8834
-67.4583,-1.8664
-67.5417,-1.8454
-67.625,-1.8384
-67.7083,-1.7994
-67.7917,-1.7814
-67.875,-1.8134
-67.9583,-1.8714
-68.0417,-1.8924
-68.125,-1.8724
-68.2083,-1.8484
-68.2917,-1.7534
-68.375,-1.7074
-68.4583,-1.6704
-68.5417,-1.7354
-68.625,-1.7154
-68.7083,-1.7044
-68.7917,-1.6454
-68.875,-1.5854
-68.9583,-1.5574
-69.0417,-1.5404
-69.125,-1.6384
-69.2083,-1.6964
-69.2917,-1.7824
-69.375,-1.8114
-69.4583,-1.7894
-69.5417,-1.7894
-69.625,-1.7804
-69.7083,-1.7754
-69.7917,-1.8364
-69.875,-1.9044
-69.9583,-2.0234
-70,-1.635
-80,-1.6633
-90,-1.7005
-100,-1.6783
-110,-1.6392
-120,-1.6132
-130,-1.5891
-140,-1.5575
-150,-1.5089
-170,-1.3895
-190,-1.3001
-210,-1.3096
-230,-1.3433
-250,-1.2926
-270,-1.1965
-290,-1.1308
-310,-1.093
-330,-1.0364
-350,-0.9583
-370,-0.9231
-390,-0.9462
-410,-1.0187
-430,-1.0945
-450,-1.1862
-470,-1.3295
-490,-1.4741
-510,-1.5544
-530,-1.5727
-550,-1.54
-570,-1.5042
-590,-1.4922
-610,-1.4906
-630,-1.468
-650,-1.4354
-670,-1.3777
-690,-1.292
-710,-1.2477
-730,-1.2938
-750,-1.398
-770,-1.4584
-790,-1.4581
-810,-1.467
-830,-1.4083
-850,-1.2318
-870,-1.046
-890,-0.912
-910,-0.8122
-930,-0.7217
-950,-0.6325
-970,-0.5985
-990,-0.6603
-1010,-0.7458
-1030,-0.8334
-1050,-0.9117
-1070,-1.0003
-1090,-1.0682
-1110,-1.0502
-1130,-0.9821
-1150,-0.9153
-1170,-0.8444
-1190,-0.756
-1210,-0.6576
-1230,-0.5598
-1250,-0.5276
-1270,-0.6244
-1290,-0.774
-1310,-0.8737
-1330,-0.8859
-1350,-0.8091
-1370,-0.7083
-1390,-0.6666
-1410,-0.7282
-1430,-0.8532
-1450,-0.929
-1470,-0.9077
-1490,-0.8263
-1510,-0.7329
-1530,-0.6565
-1550,-0.5713
-1570,-0.4904
-1590,-0.4741
-1610,-0.5772
-1630,-0.7422
-1650,-0.8395
-1670,-0.824
-1690,-0.7595
-1710,-0.7153
-1730,-0.7401
-1750,-0.8156
-1770,-0.8875
-1790,-0.9138
-1810,-0.9299
-1830,-1.0025
-1850,-1.0833
-1870,-1.1138
-1890,-1.1325
-1910,-1.1485
-1930,-1.1785
-1950,-1.2388
-1970,-1.3025
-1990,-1.3312
-2010,-1.3276
-2030,-1.3194
-2050,-1.3325
-2070,-1.3632
-2090,-1.4158
-2110,-1.4649
-2130,-1.4697
-2150,-1.3987
-2170,-1.2527
-2190,-1.0915
-2210,-0.9728
-2230,-0.9144
-2250,-0.9162
-2270,-0.9852
-2290,-1.0703
-2310,-1.1345
-2330,-1.1741
-2350,-1.178
-2370,-1.1268
-2390,-1.0421
-2410,-0.9678
-2430,-0.9299
-2450,-0.9185
-2470,-0.9259
-2490,-0.9492
-2510,-0.9812
-2530,-1.0002
-2550,-0.9683
-2570,-0.8976
-2590,-0.8491
-2610,-0.8829
-2630,-0.9817
-2650,-1.0896
-2670,-1.1753
-2690,-1.2482
-2710,-1.3184
-2730,-1.3927
-2750,-1.476
-2770,-1.5484
-2790,-1.5609
-2810,-1.54
-2830,-1.551
-2850,-1.5813
-2870,-1.6075
-2890,-1.633
-2910,-1.6569
-2930,-1.6695
-2950,-1.6513
-5000,-0.1934
-6000,-2.1934
-7000,-5.5734
-8000,-7.3134
-9000,-11.7934
-10000,-23.3734
-11000,-36.3834
-12000,-49.9134
-13000,-64.7734
-14000,-76.1634
-15000,-86.2734
-16000,-98.6234
-17000,-108.4234
-18000,-114.0434
-19000,-117.1934
-20000,-116.5934
-21000,-118.8034
-22000,-126.1034
-23000,-128.9034
-24000,-130.1934
-25000,-125.0634
-26000,-119.4034
-27000,-115.1234
-28000,-112.3834
-29000,-107.8434
-30000,-102.2634
-31000,-100.1634
-32000,-96.2034
-33000,-93.8834
-34000,-93.6934
-35000,-97.4034
-36000,-97.3934
-37000,-93.5934
-38000,-92.0134
-39000,-88.6634
-40000,-83.3234
-41000,-78.3434
-42000,-74.8034
-43000,-73.2134
-44000,-72.8034
-45000,-71.2034
-46000,-70.4434
-47000,-71.5934
-48000,-72.7234
-49000,-70.7334
-50000,-66.8834
-51000,-66.1834
-52000,-68.2434
-53000,-70.0634
-54000,-71.8534
-55000,-74.6234
-56000,-78.8734
-57000,-81.7734
-58000,-82.0434
-59000,-76.7034
-60000,-77.6634
-61000,-78.7734
-62000,-80.1134
-63000,-80.1134
-64000,-77.4134
-65000,-78.9434
-66000,-80.7534
-67000,-80.2434
-68000,-68.5634
-69000,-64.7534
-70000,-60.3034
-71000,-50.7534
-72000,-43.7934
-73000,-38.6334
-74000,-33.4234
-75000,-28.0034
-76000,-26.4934
-77000,-27.0434
-78000,-27.5834
-79000,-32.7234
-80000,-32.6734
-81000,-32.8734
-82000,-31.6634
-83000,-24.3434
-84000,-28.0634
-85000,-30.1534
-86000,-33.3834
-87000,-36.8734
-88000,-41.3434
-89000,-40.8434
-90000,-38.3634
-91000,-36.1034
-92000,-39.5634
-93000,-41.9534
-94000,-42.0134
-95000,-35.1334
-96000,-25.8034
-97000,-21.1434
-98000,-19.5334
-99000,-17.1634
-100000,-17.1934
-101000,-16.8834
-102000,-28.3334
-103000,-31.2334
-104000,-32.7434
-105000,-35.4134
-106000,-38.6734
-107000,-41.5634
-108000,-43.1034
-109000,-45.3634
-110000,-45.7734
-111000,-48.0634
-112000,-44.3134
-113000,-39.2234
-114000,-33.9434
-115000,-29.5634
-116000,-25.1834
-117000,-17.2334
-118000,-9.3734
-119000,-5.0834
-120000,-0.8234
-121000,0.1866
-122000,-3.1534
-123000,-3.0534
-124000,-5.6134
-125000,-10.0334
-126000,-16.4434
-127000,-27.1334
-128000,-37.4034
-129000,-54.7234
-130000,-74.0434
-131000,-90.2634
-132000,-105.4134
-133000,-115.2134
-134000,-120.0134
-135000,-123.8334
-136000,-124.6934
-137000,-123.9934
-138000,-124.8334
-139000,-122.8834
-140000,-120.4134
-141000,-114.6934
-142000,-110.6834
-143000,-107.7834
-144000,-103.4934
-145000,-98.3934
-146000,-94.9934
-147000,-93.2234
-148000,-92.9934
-149000,-91.6634
-150000,-83.9034
-151000,-81.6034
-152000,-80.9534
-153000,-81.7734
-154000,-83.2034
-155000,-85.5534
-156000,-88.8334
-157000,-87.6734
-158000,-85.8334
-159000,-86.6234
-160000,-86.0234
-161000,-81.2034
-162000,-76.0134
-163000,-72.6034
-164000,-71.5134
-165000,-68.6934
-166000,-64.6134
-167000,-61.1634
-168000,-60.3634
-169000,-58.5434
-170000,-55.8934
-171000,-56.8534
-172000,-62.3634
-173000,-59.7034
-174000,-57.3434
-175000,-56.8734
-176000,-56.5734
-177000,-57.2734
-178000,-60.4034
-179000,-61.7534
-180000,-63.0734
-181000,-64.0034
-182000,-62.0634
-183000,-61.6634
-184000,-64.0134
-185000,-66.3334
-186000,-63.2934
-187000,-58.5434
-188000,-54.5534
-189000,-49.8634
-190000,-48.0234
-191000,-43.8634
-192000,-39.1234
-193000,-34.5134
-194000,-31.9234
-195000,-28.1234
-196000,-22.7334
-197000,-16.7034
-198000,-10.4134
-199000,-8.3534
-200000,-10.2034
-201000,-14.7934
-202000,-19.8334
-203000,-23.4234
-204000,-21.2034
-205000,-10.9134
-206000,-5.6334
-207000,-8.3334
-208000,-8.5234
-209000,-9.4134
-210000,-8.1434
-211000,-5.1734
-212000,-3.8834
-213000,-4.5934
-214000,-6.1734
-215000,-6.6934
-216000,-10.9334
-217000,-21.7334
-218000,-29.7734
-219000,-39.3534
-220000,-49.7934
-221000,-58.0334
-222000,-67.2834
-223000,-69.7034
-224000,-68.9334
-225000,-69.4534
-226000,-66.6934
-227000,-65.3534
-228000,-65.7634
-229000,-63.1334
-230000,-57.6634
-231000,-50.0834
-232000,-39.6334
-233000,-31.4934
-234000,-28.0034
-235000,-23.0934
-236000,-16.1034
-237000,-13.1234
-238000,-17.1234
-239000,-22.0534
-240000,-27.0134
-241000,-35.4534
-242000,-45.9134
-243000,-51.3934
-244000,-56.9234
-245000,-48.0734
-246000,-72.0634
-247000,-80.8334
-248000,-84.5834
-249000,-87.3434
-250000,-90.2734
-251000,-90.7034
-252000,-90.3734
-253000,-90.3134
-254000,-87.7934
-255000,-80.7434
-256000,-86.0934
-257000,-90.7434
-258000,-92.5434
-259000,-87.1034
-260000,-76.2634
-261000,-72.7134
-262000,-72.2934
-263000,-73.7134
-264000,-81.0434
-265000,-81.4834
-266000,-76.9334
-267000,-75.6234
-268000,-88.2934
-269000,-92.2834
-270000,-93.4634
-271000,-85.0834
-272000,-78.1334
-273000,-74.3934
-274000,-71.0234
-275000,-61.2034
-276000,-54.5134
-277000,-51.0534
-278000,-48.4234
-279000,-45.8134
-280000,-42.6334
-281000,-39.2234
-282000,-38.8234
-283000,-39.4534
-284000,-39.5434
-285000,-40.2234
-286000,-43.1934
-287000,-45.6934
-288000,-48.7534
-289000,-55.0534
-290000,-58.4634
-291000,-58.4834
-292000,-53.9934
-293000,-50.9634
-294000,-49.4534
-295000,-48.4134
-296000,-43.7034
-297000,-44.9634
-298000,-45.0734
-299000,-42.5734
-300000,-40.3534
-301000,-38.8334
-302000,-36.3934
-303000,-33.1934
-304000,-36.3834
-305000,-39.1534
-306000,-35.4834
-307000,-31.4134
-308000,-31.2434
-309000,-27.5234
-310000,-22.8634
-311000,-21.0634
-312000,-19.8634
-313000,-16.8534
-314000,-10.1434
-315000,-7.2234
-316000,-7.4934
-317000,-6.6634
-318000,-7.2134
-319000,-8.4434
-320000,-6.3634
-321000,-5.4834
-322000,-2.5734
-323000,-0.7834
-324000,-4.2834
-325000,-11.5834
-326000,-11.7834
-327000,-5.7334
-328000,-2.1434
-329000,-1.9734
-330000,-9.5134
-331000,-25.4134
-332000,-37.9234
-333000,-41.5334
-334000,-45.1034
-335000,-54.3034
-336000,-72.8634
-337000,-86.4634
-338000,-88.6734
-339000,-89.8734
-340000,-91.5334
-341000,-99.2534
-342000,-103.0234
-343000,-100.1234
-344000,-100.1434
-345000,-100.1834
-346000,-97.4534
-347000,-95.6034
-348000,-95.9834
-349000,-95.3834
-350000,-94.0634
-351000,-87.2234
-352000,-83.4934
-353000,-83.5734
-354000,-86.2934
-355000,-90.5134
-356000,-93.0134
-357000,-92.5934
-358000,-92.3334
-359000,-89.2534
-360000,-85.7234
-361000,-78.5434
-362000,-69.5634
-363000,-63.2234
-364000,-64.0834
-365000,-64.2634
-366000,-55.0334
-367000,-48.4234
-368000,-45.6634
-369000,-44.3234
-370000,-44.4534
-371000,-45.2834
-372000,-45.3434
-373000,-47.3434
-374000,-49.1434
-375000,-50.9934
-376000,-51.4534
-377000,-52.3434
-378000,-51.3934
-379000,-37.2134
-380000,-23.2734
-381000,-19.3034
-382000,-22.7334
-383000,-21.9034
-384000,-21.9034
-385000,-20.7334
-386000,-18.6934
-387000,-15.6634
-388000,-18.9934
-389000,-27.3734
-390000,-29.1134
-391000,-23.5234
-392000,-18.4734
-393000,-10.3834
-394000,-4.3734
-395000,-3.5034
-396000,-3.6734
-397000,-2.0034
-398000,4.7066
-399000,12.2766
-400000,18.3466
-401000,17.5566
-402000,16.1066
-403000,17.6666
-404000,18.8266
-405000,15.8766
-406000,13.0566
-407000,12.4166
-408000,10.3466
-409000,5.4766
-410000,-4.5334
-411000,-11.6034
-412000,-13.5134
-413000,-14.8234
-414000,-19.5334
-415000,-27.3234
-416000,-35.0134
-417000,-36.5934
-418000,-50.7334
-419000,-54.0434
-420000,-61.3734
-421000,-68.6734
-422000,-75.4134
-423000,-81.2634
-424000,-86.1234
-425000,-97.9334
-426000,-115.1034
-427000,-123.1234
-428000,-124.0134
-429000,-124.5934
-430000,-120.1834
-431000,-119.6034
-432000,-120.2534
-433000,-121.3434
-434000,-119.7134
-435000,-115.2634
-436000,-114.1034
-437000,-113.4534
-438000,-110.9334
-439000,-105.5734
-440000,-100.1034
-441000,-98.7334
-442000,-100.7434
-443000,-101.9734
-444000,-99.8834
-445000,-96.4734
-446000,-95.7134
-447000,-95.2134
-448000,-97.1434
-449000,-98.4734
-450000,-97.9634
-451000,-98.0134
-452000,-96.4034
-453000,-94.7834
-454000,-93.1334
-455000,-91.0934
-456000,-90.0534
-457000,-88.5234
-458000,-86.1334
-459000,-82.0334
-460000,-81.6234
-461000,-79.8734
-462000,-78.4834
-463000,-75.6534
-464000,-74.0734
-465000,-75.0234
-466000,-71.5834
-467000,-63.0834
-468000,-52.1934
-469000,-51.4034
-470000,-51.9434
-471000,-49.8234
-472000,-41.7734
-473000,-37.0334
-474000,-34.6934
-475000,-32.2834
-476000,-30.0334
-477000,-27.8034
-478000,-28.5334
-479000,-31.6034
-480000,-32.9634
-481000,-32.6034
-482000,-30.7234
-483000,-28.3934
-484000,-25.1034
-485000,-21.3134
-486000,-17.6334
-487000,-17.8134
-488000,-17.3934
-489000,-18.2634
-490000,-15.4834
-491000,-12.9334
-492000,-11.0434
-493000,-12.6334
-494000,-14.7834
-495000,-17.9034
-496000,-18.6334
-497000,-15.5834
-498000,-14.2434
-499000,-18.1834
-500000,-22.7534
-501000,-23.5234
-502000,-24.2334
-503000,-27.5634
-504000,-30.7734
-505000,-33.6334
-506000,-36.3034
-507000,-42.8034
-508000,-47.8134
-509000,-55.5134
-510000,-55.6434
-511000,-53.5934
-512000,-53.0034
-513000,-53.4734
-514000,-51.6934
-515000,-50.5234
-516000,-47.7434
-517000,-44.9734
-518000,-45.5434
-519000,-46.8734
-520000,-45.2934
-521000,-45.1834
-522000,-47.0134
-523000,-49.8934
-524000,-50.6734
-525000,-50.1534
-526000,-49.8734
-527000,-48.6534
-528000,-48.6934
-529000,-50.8534
-530000,-52.2934
-531000,-53.8634
-532000,-53.9034
-533000,-53.2034
-534000,-56.3534
-535000,-61.3334
-536000,-64.2634
-537000,-67.5834
-538000,-64.3734
-539000,-60.1034
-540000,-59.1834
-541000,-55.3534
-542000,-51.9234
-543000,-53.9134
-544000,-54.0834
-545000,-53.9234
-546000,-55.2234
-547000,-57.5434
-548000,-59.6534
-549000,-62.3034
-550000,-62.9434
-551000,-60.2034
-552000,-58.4934
-553000,-59.9534
-554000,-61.2934
-555000,-58.5634
-556000,-52.5734
-557000,-46.7034
-558000,-40.6034
-559000,-38.0734
-560000,-36.2634
-561000,-35.5834
-562000,-35.0134
-563000,-33.5834
-564000,-30.3134
-565000,-26.9234
-566000,-19.7734
-567000,-14.0934
-568000,-13.4634
-569000,-11.8434
-570000,-9.2534
-571000,-8.3734
-572000,-6.8534
-573000,-8.6134
-574000,-9.0734
-575000,-12.2934
-576000,-12.5534
-577000,-11.9034
-578000,-14.1034
-579000,-23.6434
-580000,-32.2234
-581000,-38.5434
-582000,-44.2234
-583000,-50.2734
-584000,-53.5234
-585000,-54.5934
-586000,-50.1434
-587000,-47.3434
-588000,-45.7234
-589000,-39.2934
-590000,-33.3934
-591000,-30.2934
-592000,-29.1634
-593000,-30.5734
-594000,-30.0034
-595000,-26.5434
-596000,-23.6534
-597000,-24.2334
-598000,-27.7234
-599000,-33.2434
-600000,-41.5434
-601000,-41.4234
-602000,-39.6034
-603000,-38.1434
-604000,-34.1834
-605000,-24.2834
-606000,-16.5034
-607000,-14.4834
-608000,-15.3834
-609000,-17.9634
-610000,-17.8534
-611000,-18.7934
-612000,-18.3834
-613000,-12.7634
-614000,-9.2134
-615000,-11.5034
-616000,-16.9734
-617000,-29.5734
-618000,-43.5334
-619000,-65.5334
-620000,-78.5534
-621000,-86.5534
-622000,-93.1934
-623000,-100.4734
-624000,-103.7734
-625000,-105.7334
-626000,-111.1534
-627000,-114.8134
-628000,-112.1534
-629000,-109.6034
-630000,-108.6934
-631000,-105.9534
-632000,-103.2334
-633000,-102.7334
-634000,-105.7934
-635000,-109.7134
-636000,-111.4634
-637000,-105.3234
-638000,-101.5634
-639000,-99.2834
-640000,-93.9634
-641000,-92.3034
-642000,-89.3134
-643000,-85.5234
-644000,-82.6234
-645000,-82.9234
-646000,-86.8334
-647000,-88.3234
-648000,-86.6334
-649000,-80.4534
-650000,-80.0634
-651000,-82.6134
-652000,-85.3434
-653000,-84.4834
-654000,-78.3734
-655000,-77.4334
-656000,-82.9234
-657000,-85.3534
-658000,-83.6734
-659000,-78.5934
-660000,-75.4634
-661000,-77.8034
-662000,-79.4634
-663000,-80.3934
-664000,-79.4834
-665000,-75.2434
-666000,-72.6434
-667000,-70.0534
-668000,-66.8934
-669000,-62.7734
-670000,-61.7134
-671000,-62.1234
-672000,-65.8734
-673000,-67.4134
-674000,-62.8434
-675000,-57.1734
-676000,-53.6634
-677000,-50.3234
-678000,-45.6934
-679000,-42.3734
-680000,-38.6834
-681000,-34.2734
-682000,-29.0834
-683000,-24.6834
-684000,-21.5234
-685000,-17.9934
-686000,-12.8334
-687000,-9.3334
-688000,-11.6434
-689000,-13.2334
-690000,-15.8234
-691000,-15.8934
-692000,-13.6734
-693000,-12.6534
-694000,-12.5434
-695000,-10.8334
-696000,-10.1234
-697000,-12.0234
-698000,-15.7734
-699000,-19.3234
-700000,-21.5534
-701000,-23.4634
-702000,-27.1834
-703000,-30.2134
-704000,-31.4234
-705000,-32.1234
-706000,-36.9134
-707000,-48.5234
-708000,-57.9434
-709000,-57.1434
-710000,-58.2134
-711000,-64.9934
-712000,-68.2434
-713000,-71.7534
-714000,-80.3334
-715000,-82.5234
-716000,-83.4434
-717000,-82.3234
-718000,-86.3034
-719000,-90.3734
-720000,-89.1234
-721000,-82.5234
-722000,-76.8734
-723000,-70.3334
-724000,-66.8934
-725000,-66.1834
-726000,-63.5134
-727000,-52.2034
-728000,-44.4634
-729000,-44.1734
-730000,-44.4934
-731000,-44.0034
-732000,-41.9334
-733000,-40.2134
-734000,-42.2634
-735000,-49.9734
-736000,-50.2834
-737000,-48.4434
-738000,-47.8534
-739000,-52.8934
-740000,-56.6234
-741000,-58.9834
-742000,-61.9834
-743000,-65.0134
-744000,-67.5234
-745000,-70.0734
-746000,-71.3334
-747000,-74.0734
-748000,-73.9434
-749000,-74.5734
-750000,-74.2734
-751000,-68.4934
-752000,-65.9434
-753000,-65.3234
-754000,-63.8934
-755000,-62.0434
-756000,-59.2934
-757000,-58.8634
-758000,-57.5334
-759000,-54.1634
-760000,-51.0234
-761000,-49.3834
-762000,-47.9134
-763000,-41.8034
-764000,-39.3634
-765000,-39.4534
-766000,-36.4934
-767000,-32.3734
-768000,-27.4934
-769000,-23.8934
-770000,-20.9034
-771000,-16.4034
-772000,-12.4334
-773000,-8.1934
-774000,-6.4934
-775000,-8.7534
-776000,-9.2934
-777000,-12.9534
-778000,-13.8734
-779000,-14.6834
-780000,-13.2034
-781000,-15.4934
-782000,-21.0534
-783000,-23.5534
-784000,-22.9334
-785000,-26.4434
-786000,-31.7834
-787000,-41.7534
-788000,-54.8634
-789000,-67.6834
-790000,-80.0334
-791000,-86.6634
-792000,-87.6734
-793000,-86.8034
-794000,-88.3534
-795000,-93.3834
-796000,-95.8634
-797000,-93.2434
-798000,-92.5634
-798100,-92.3604
-798200,-92.1314
-798300,-91.9434
-798400,-91.6954
-798500,-91.4614
-798600,-91.2354
-798700,-91.0144
-798800,-90.7604
-798900,-90.4774
-799000,-90.2534
-799100,-89.9714
-799200,-89.6904
-799300,-89.4404
-799400,-89.1324
-799500,-88.8604
-799600,-88.5684
-799700,-88.2694
-799800,-87.9534
-799900,-87.6424
-800000,-87.3254
-800100,-87.0004
-800200,-86.6834
-800300,-86.3664
-800400,-86.0524
-800500,-85.7324
-800600,-85.3694
-800700,-85.0704
-800800,-84.7154
-800900,-84.3904
-801000,-84.0664
-801100,-83.7284
-801200,-83.4294
-801300,-83.1454
-801400,-82.8154
-801500,-82.4974
-801600,-82.1624
-801700,-81.8754
-801800,-81.5584
-801900,-81.2504
-802000,-80.9894
-802100,-80.6604
-802200,-80.3584
-802300,-80.0814
-802400,-79.7844
-802500,-79.4704
-802600,-79.2054
-802700,-78.9074
-802800,-78.5924
-802900,-78.2884
-803000,-78.0144
-803100,-77.7114
-803200,-77.4404
-803300,-77.1684
-803400,-76.8814
-803500,-76.6244
-803600,-76.3484
-803700,-76.0554
-803800,-75.7704
-803900,-75.5014
-804000,-75.2464
-804100,-74.9814
-804200,-74.7254
-804300,-74.4514
-804400,-74.1614
-804500,-73.9214
-804600,-73.6674
-804700,-73.4054
-804800,-73.1494
-804900,-72.8704
-805000,-72.6404
-805100,-72.3794
-805200,-72.1454
-805300,-71.8674
-805400,-71.6544
-805500,-71.4034
-805600,-71.1314
-805700,-70.8824
-805800,-70.6254
-805900,-70.3684
-806000,-70.1264
-806100,-69.8564
-806200,-69.6364
-806300,-69.3684
-806400,-69.1574
-806500,-68.9054
-806600,-68.6594
-806700,-68.3964
-806800,-68.1434
-806900,-67.8754
-807000,-67.6004
-807100,-67.3434
-807200,-67.0594
-807300,-66.8114
-807400,-66.5384
-807500,-66.2664
-807600,-65.9944
-807700,-65.7664
-807800,-65.4434
-807900,-65.2154
-808000,-64.9224
-808100,-64.6464
-808200,-64.3804
-808300,-64.0864
-808400,-63.8054
-808500,-63.5204
-808600,-63.2534
-808700,-62.9494
-808800,-62.6834
-808900,-62.3994
-809000,-62.0844
-809100,-61.8104
-809200,-61.4964
-809300,-61.2364
-809400,-60.9324
-809500,-60.6324
-809600,-60.3684
-809700,-60.0944
-809800,-59.7984
-809900,-59.5314
-810000,-59.2474
-810100,-58.9714
-810200,-58.7104
-810300,-58.4284
-810400,-58.1484
-810500,-57.8744
-810600,-57.6074
-810700,-57.3274
-810800,-57.0384
-810900,-56.7864
-811000,-56.4974
-811100,-56.2214
-811200,-55.9484
-811300,-55.6654
-811400,-55.3924
-811500,-55.1104
-811600,-54.8384
-811700,-54.5754
-811800,-54.2884
-811900,-54.0274
-812000,-53.7584
-812100,-53.4964
-812200,-53.2204
-812300,-52.9554
-812400,-52.6934
-812500,-52.4504
-812600,-52.1714
-812700,-51.8974
-812800,-51.6304
-812900,-51.3404
-813000,-51.0704
-813100,-50.7744
-813200,-50.5104
-813300,-50.2364
-813400,-49.9654
-813500,-49.7134
-813600,-49.4744
-813700,-49.2364
-813800,-49.0074
-813900,-48.7994
-814000,-48.5894
-814100,-48.3734
-814200,-48.1924
-814300,-48.0324
-814400,-47.8254
-814500,-47.6704
-814600,-47.5154
-814700,-47.3604
-814800,-47.2244
-814900,-47.0824
-815000,-46.9814
-815100,-46.8804
-815200,-46.7874
-815300,-46.6714
-815400,-46.5624
-815500,-46.4684
-815600,-46.3884
-815700,-46.3194
-815800,-46.2364
-815900,-46.1604
-816000,-46.1034
-816100,-46.0454
-816200,-45.9864
-816300,-45.9124
-816400,-45.8614
-816500,-45.8114
-816600,-45.7684
-816700,-45.7164
-816800,-45.6764
-816900,-45.6394
-817000,-45.6014
-817100,-45.5744
-817200,-45.5604
-817300,-45.5544
-817400,-45.5084
-817500,-45.4924
-817600,-45.4794
-817700,-45.4544
-817800,-45.4404
-817900,-45.4234
-818000,-45.4124
-818100,-45.3894
-818200,-45.3834
-818300,-45.3804
-818400,-45.3674
-818500,-45.3554
-818600,-45.3574
-818700,-45.3464
-818800,-45.3464
-818900,-45.3574
-819000,-45.3544
-819100,-45.3684
-819200,-45.3804
-819300,-45.3954
-819400,-45.3934
-819500,-45.3984
-819600,-45.4284
-819700,-45.4474
-819800,-45.4604
-819900,-45.4864
-820000,-45.5094
-820100,-45.5254
-820200,-45.5444
-820300,-45.5644
-820400,-45.5924
-820500,-45.6264
-820600,-45.6664
-820700,-45.7094
-820800,-45.7364
-820900,-45.7834
-821000,-45.8214
-821100,-45.8554
-821200,-45.8874
-821300,-45.9444
-821400,-46.0094
-821500,-46.0654
-821600,-46.1094
-821700,-46.1654
-821800,-46.2294
-821900,-46.2844
-822000,-46.3634
-822100,-46.4354
-822200,-46.5264
-822300,-46.5924
-822400,-46.6654
-822500,-46.7214
-822600,-46.7734
-822700,-46.8244
-822800,-46.8704
-822900,-46.9084
-823000,-46.9594
-823100,-47.0094
-823200,-47.0394
-823300,-47.0864
-823400,-47.1034
-823500,-47.1244
-823600,-47.1474
-823700,-47.1634
-823800,-47.1644
-823900,-47.1584
-824000,-47.1724
-824100,-47.1644
-824200,-47.1574
-824300,-47.1554
-824400,-47.1554
-824500,-47.1434
-824600,-47.1164
-824700,-47.1074
-824800,-47.0734
-824900,-47.0494
-825000,-47.0174
-825100,-46.9994
-825200,-46.9514
-825300,-46.9134
-825400,-46.8834
-825500,-46.8424
-825600,-46.7834
-825700,-46.7594
-825800,-46.7114
-825900,-46.6604
-826000,-46.6364
-826100,-46.5774
-826200,-46.5124
-826300,-46.4574
-826400,-46.4304
-826500,-46.3914
-826600,-46.3454
-826700,-46.2984
-826800,-46.2724
-826900,-46.2024
-827000,-46.1284
-827100,-46.0584
-827200,-45.9984
-827300,-45.9284
-827400,-45.8544
-827500,-45.7824
-827600,-45.7134
-827700,-45.6554
-827800,-45.5724
-827900,-45.4894
-828000,-45.4114
-828100,-45.3304
-828200,-45.2434
-828300,-45.1624
-828400,-45.0754
-828500,-45.0094
-828600,-44.9244
-828700,-44.8324
-828800,-44.7524
-828900,-44.6634
-829000,-44.5744
-829100,-44.4704
-829200,-44.4054
-829300,-44.3184
-829400,-44.2044
-829500,-44.1224
-829600,-44.0254
-829700,-43.9174
-829800,-43.8224
-829900,-43.7004
-830000,-43.5754
-830100,-43.4584
-830200,-43.3184
-830300,-43.1834
-830400,-43.0444
-830500,-42.9124
-830600,-42.7944
-830700,-42.6484
-830800,-42.5084
-830900,-42.3734
-831000,-42.2234
-831100,-42.0714
-831200,-41.9514
-831300,-41.7984
-831400,-41.6364
-831500,-41.4924
-831600,-41.3484
-831700,-41.1934
-831800,-41.0484
-831900,-40.8864
-832000,-40.7274
-832100,-40.5624
-832200,-40.4004
-832300,-40.2374
-832400,-40.0844
-832500,-39.9274
-832600,-39.7824
-832700,-39.6194
-832800,-39.4644
-832900,-39.3074
-833000,-39.1494
-833100,-38.9984
-833200,-38.8374
-833300,-38.6884
-833400,-38.5334
-833500,-38.3834
-833600,-38.2134
-833700,-38.0564
-833800,-37.8824
-833900,-37.7124
-834000,-37.5444
-834100,-37.3684
-834200,-37.1864
-834300,-37.0164
-834400,-36.8284
-834500,-36.6404
-834600,-36.4474
-834700,-36.2664
-834800,-36.0684
-834900,-35.8744
-835000,-35.6794
-835100,-35.4834
-835200,-35.2934
-835300,-35.1204
-835400,-34.9424
-835500,-34.7474
-835600,-34.5664
-835700,-34.3824
-835800,-34.1864
-835900,-34.0044
-836000,-33.8014
-836100,-33.5784
-836200,-33.3314
-836300,-33.0964
-836400,-32.8544
-836500,-32.5934
-836600,-32.3344
-836700,-32.0624
-836800,-31.7724
-836900,-31.4854
-837000,-31.1744
-837100,-30.8504
-837200,-30.5164
-837300,-30.1834
-837400,-29.8364
-837500,-29.4894
-837600,-29.1054
-837700,-28.7334
-837800,-28.3514
-837900,-27.9494
-838000,-27.5464
-838100,-27.1354
-838200,-26.7144
-838300,-26.2914
-838400,-25.8384
-838500,-25.4124
-838600,-24.9584
-838700,-24.4444
-838800,-23.9424
-838900,-23.4584
-839000,-23.0384
-839100,-22.6014
-839200,-22.1734
-839300,-21.7074
-839400,-21.2484
-839500,-20.7924
-839600,-20.3424
-839700,-19.9444
-839800,-19.5634
-839900,-19.2634
-840000,-18.9964
-840100,-18.7554
-840200,-18.5214
-840300,-18.2844
-840400,-18.0504
-840500,-17.8344
-840600,-17.6334
-840700,-17.4164
-840800,-17.2214
-840900,-17.0694
-841000,-16.9734
-841100,-16.8434
-841200,-16.7484
-841300,-16.6674
-841400,-16.5724
-841500,-16.4904
-841600,-16.4234
-841700,-16.3684
-841800,-16.3114
-841900,-16.2714
-842000,-16.2394
-842100,-16.1964
-842200,-16.1494
-842300,-16.1164
-842400,-16.0864
-842500,-16.0444
-842600,-16.0044
-842700,-15.9644
-842800,-15.9204
-842900,-15.8944
-843000,-15.8464
-843100,-15.7954
-843200,-15.7574
-843300,-15.7274
-843400,-15.6964
-843500,-15.6734
-843600,-15.6494
-843700,-15.6224
-843800,-15.5824
-843900,-15.5654
-844000,-15.5404
-844100,-15.5264
-844200,-15.4964
-844300,-15.4804
-844400,-15.4594
-844500,-15.4184
-844600,-15.3914
-844700,-15.3674
-844800,-15.3484
-844900,-15.3194
-845000,-15.3044
-845100,-15.2834
-845200,-15.2654
-845300,-15.2464
-845400,-15.2384
-845500,-15.2144
-845600,-15.2024
-845700,-15.1864
-845800,-15.1674
-845900,-15.1424
-846000,-15.1294
-846100,-15.1154
-846200,-15.0954
-846300,-15.0734
-846400,-15.0474
-846500,-15.0384
-846600,-15.0184
-846700,-14.9974
-846800,-14.9764
-846900,-14.9484
-847000,-14.9344
-847100,-14.9134
-847200,-14.8954
-847300,-14.8754
-847400,-14.8484
-847500,-14.8294
-847600,-14.8064
-847700,-14.7784
-847800,-14.7604
-847900,-14.7314
-848000,-14.7044
-848100,-14.6824
-848200,-14.6534
-848300,-14.6274
-848400,-14.6034
-848500,-14.5784
-848600,-14.5504
-848700,-14.5174
-848800,-14.4844
-848900,-14.4464
-849000,-14.4174
-849100,-14.3894
-849200,-14.3584
-849300,-14.3284
-849400,-14.3014
-849500,-14.2744
-849600,-14.2494
-849700,-14.2144
-849800,-14.1864
-849900,-14.1574
-850000,-14.1244
-850100,-14.0934
-850200,-14.0564
-850300,-14.0114
-850400,-13.9764
-850500,-13.9444
-850600,-13.9134
-850700,-13.8844
-850800,-13.8504
-850900,-13.8144
-851000,-13.7754
-851100,-13.7354
-851200,-13.6884
-851300,-13.6534
-851400,-13.6094
-851500,-13.5694
-851600,-13.5294
-851700,-13.4984
-851800,-13.4644
-851900,-13.4234
-852000,-13.3924
-852100,-13.3484
-852200,-13.3174
-852300,-13.2864
-852400,-13.2534
-852500,-13.2274
-852600,-13.2004
-852700,-13.1714
-852800,-13.1484
-852900,-13.1234
-853000,-13.0924
-853100,-13.0684
-853200,-13.0414
-853300,-13.0144
-853400,-12.9924
-853500,-12.9684
-853600,-12.9524
-853700,-12.9374
-853800,-12.9174
-853900,-12.9044
-854000,-12.8974
-854100,-12.8914
-854200,-12.8854
-854300,-12.8804
-854400,-12.8784
-854500,-12.8854
-854600,-12.8844
-854700,-12.8894
-854800,-12.8824
-854900,-12.8834
-855000,-12.8824
-855100,-12.8824
-855200,-12.8834
-855300,-12.8794
-855400,-12.8834
-855500,-12.8844
-855600,-12.8934
-855700,-12.8944
-855800,-12.9084
-855900,-12.9124
-856000,-12.9204
-856100,-12.9234
-856200,-12.9334
-856300,-12.9404
-856400,-12.9534
-856500,-12.9614
-856600,-12.9694
-856700,-12.9794
-856800,-12.9904
-856900,-13.0134
-857000,-13.0214
-857100,-13.0474
-857200,-13.0664
-857300,-13.0794
-857400,-13.0974
-857500,-13.1254
-857600,-13.1504
-857700,-13.1754
-857800,-13.1964
-857900,-13.2244
-858000,-13.2554
-858100,-13.3004
-858200,-13.3334
-858300,-13.3824
-858400,-13.4214
-858500,-13.4514
-858600,-13.4964
-858700,-13.5414
-858800,-13.5964
-858900,-13.6514
-859000,-13.7174
-859100,-13.7694
-859200,-13.8214
-859300,-13.8794
-859400,-13.9354
-859500,-13.9914
-859600,-14.0734
-859700,-14.1644
-859800,-14.2764
-859900,-14.3824
-860000,-14.5214
-860100,-14.6844
-860200,-14.8664
-860300,-15.0484
-860400,-15.2024
-860500,-15.3664
-860600,-15.5334
-860700,-15.7294
-860800,-15.9244
-860900,-16.1304
-861000,-16.3564
-861100,-16.6014
-861200,-16.8524
-861300,-17.1434
-861400,-17.4484
-861500,-17.7924
-861600,-18.1814
-861700,-18.6014
-861800,-19.0384
-861900,-19.4604
-862000,-19.9064
-862100,-20.3924
-862200,-20.8664
-862300,-21.3464
-862400,-21.8034
-862500,-22.2984
-862600,-22.7404
-862700,-23.1894
-862800,-23.6494
-862900,-24.0504
-863000,-24.4434
-863100,-24.8164
-863200,-25.2094
-863300,-25.5914
-863400,-25.9584
-863500,-26.3324
-863600,-26.7114
-863700,-27.0434
-863800,-27.4284
-863900,-27.7484
-864000,-28.0994
-864100,-28.4794
-864200,-28.9124
-864300,-29.3804
-864400,-29.7894
-864500,-30.2424
-864600,-30.7784
-864700,-31.3014
-864800,-31.8574
-864900,-32.5934
-865000,-33.4554
-865100,-34.5914
-865200,-35.7484
-865300,-37.0704
-865400,-38.5034
-865500,-40.0974
-865600,-41.5384
-865700,-43.0214
-865800,-44.6154
-865900,-46.4114
-866000,-48.3314
-866100,-50.3904
-866200,-52.2904
-866300,-54.3564
-866400,-56.2564
-866500,-58.4744
-866600,-60.6214
-866700,-62.9974
-866800,-65.0824
-866900,-67.0094
-867000,-68.7374
-867100,-70.2404
-867200,-71.4764
-867300,-72.5564
-867400,-73.5874
-867500,-74.5694
-867600,-75.5324
-867700,-76.5004
-867800,-77.4214
-867900,-78.2344
-868000,-78.9164
-868100,-79.4844
-868200,-80.1274
-868300,-80.7384
-868400,-81.2334
-868500,-81.6634
-868600,-82.0824
-868700,-82.5304
-868800,-82.9814
-868900,-83.3784
-869000,-83.8604
-869100,-84.3984
-869200,-85.0264
-869300,-85.6194
-869400,-86.2344
-869500,-86.8684
-869600,-87.5344
-869700,-88.2234
-869800,-88.8924
-869900,-89.4234
-870000,-89.9764
-870100,-90.4524
-870200,-90.8784
-870300,-91.2164
-870400,-91.5064
-870500,-91.7774
-870600,-92.0294
-870700,-92.2694
-870800,-92.4744
-870900,-92.6714
-871000,-92.8394
-871100,-93.0104
-871200,-93.1364
-871300,-93.2264
-871400,-93.3244
-871500,-93.3984
-871600,-93.4464
-871700,-93.4904
-871800,-93.5434
-871900,-93.5914
-872000,-93.6044
-872100,-93.6024
-872200,-93.5824
-872300,-93.5954
-872400,-93.5614
-872500,-93.5234
-872600,-93.4504
-872700,-93.3864
-872800,-93.3524
-872900,-93.2984
-873000,-93.2184
-873100,-93.1544
-873200,-93.0944
-873300,-93.0294
-873400,-92.9814
-873500,-92.9224
-873600,-92.8564
-873700,-92.7894
-873800,-92.7374
-873900,-92.6714
-874000,-92.6004
-874100,-92.5574
-874200,-92.4984
-874300,-92.4544
-874400,-92.4054
-874500,-92.3634
-874600,-92.3074
-874700,-92.2464
-874800,-92.1654
-874900,-92.1094
-875000,-92.0154
-875100,-91.9494
-875200,-91.8514
-875300,-91.7904
-875400,-91.6934
-875500,-91.6004
-875600,-91.5404
-875700,-91.4494
-875800,-91.3384
-875900,-91.2804
-876000,-91.1504
-876100,-90.9984
-876200,-90.8404
-876300,-90.6754
-876400,-90.5314
-876500,-90.3674
-876600,-90.2284
-876700,-90.0724
-876800,-89.9084
-876900,-89.7474
-877000,-89.5544
-877100,-89.3634
-877200,-89.1564
-877300,-89.0014
-877400,-88.7824
-877500,-88.5984
-877600,-88.4094
-877700,-88.2144
-877800,-87.9974
-877900,-87.8064
-878000,-87.6124
-878100,-87.4034
-878200,-87.1884
-878300,-87.0064
-878400,-86.8114
-878500,-86.5924
-878600,-86.3904
-878700,-86.1904
-878800,-85.9714
-878900,-85.7664
-879000,-85.5414
-879100,-85.3064
-879200,-85.0774
-879300,-84.8384
-879400,-84.6544
-879500,-84.3904
-879600,-84.1834
-879700,-83.9044
-879800,-83.6964
-879900,-83.4664
-880000,-83.2524
-880100,-83.0954
-880200,-82.8954
-880300,-82.6584
-880400,-82.4404
-880500,-82.2124
-880600,-82.0024
-880700,-81.7464
-880800,-81.5104
-880900,-81.2834
-881000,-81.0894
-881100,-80.9234
-881200,-80.7514
-881300,-80.5624
-881400,-80.4034
-881500,-80.2144
-881600,-80.0564
-881700,-79.8954
-881800,-79.7434
-881900,-79.6074
-882000,-79.4864
-882100,-79.3874
-882200,-79.2734
-882300,-79.1734
-882400,-79.0774
-882500,-78.9814
-882600,-78.8994
-882700,-78.8264
-882800,-78.7394
-882900,-78.6584
-883000,-78.5884
-883100,-78.4944
-883200,-78.4104
-883300,-78.3264
-883400,-78.2674
-883500,-78.1534
-883600,-78.0714
-883700,-77.9974
-883800,-77.8984
-883900,-77.8374
-884000,-77.7454
-884100,-77.6544
-884200,-77.5584
-884300,-77.4874
-884400,-77.3754
-884500,-77.2984
-884600,-77.2044
-884700,-77.1174
-884800,-77.0544
-884900,-76.9274
-885000,-76.8584
-885100,-76.7574
-885200,-76.6554
-885300,-76.5484
-885400,-76.4374
-885500,-76.3464
-885600,-76.2444
-885700,-76.1434
-885800,-76.0244
-885900,-75.9304
-886000,-75.8274
-886100,-75.7174
-886200,-75.5964
-886300,-75.4774
-886400,-75.3634
-886500,-75.2764
-886600,-75.1414
-886700,-75.0354
-886800,-74.9484
-886900,-74.8074
-887000,-74.6844
-887100,-74.5644
-887200,-74.4294
-887300,-74.3214
-887400,-74.1874
-887500,-74.0464
-887600,-73.9174
-887700,-73.8114
-887800,-73.6714
-887900,-73.5594
-888000,-73.4314
-888100,-73.3064
-888200,-73.1904
-888300,-73.0904
-888400,-72.9834
-888500,-72.8894
-888600,-72.7814
-888700,-72.6824
-888800,-72.5824
-888900,-72.4804
-889000,-72.3664
-889100,-72.2474
-889200,-72.1624
-889300,-72.0204
-889400,-71.9314
-889500,-71.7924
-889600,-71.6884
-889700,-71.5944
-889800,-71.4774
-889900,-71.3634
-890000,-71.2844
-890100,-71.1974
-890200,-71.0904
-890300,-71.0064
-890400,-70.9224
-890500,-70.8304
-890600,-70.7634
-890700,-70.6704
-890800,-70.5924
-890900,-70.5194
-891000,-70.4214
-891100,-70.3384
-891200,-70.2614
-891300,-70.1574
-891400,-70.0674
-891500,-69.9524
-891600,-69.8564
-891700,-69.7664
-891800,-69.6824
-891900,-69.6044
-892000,-69.4984
-892100,-69.4164
-892200,-69.3044
-892300,-69.1934
-892400,-69.0954
-892500,-69.0144
-892600,-68.8994
-892700,-68.7734
-892800,-68.6804
-892900,-68.5704
-893000,-68.4604
-893100,-68.3574
-893200,-68.2364
-893300,-68.1274
-893400,-68.0064
-893500,-67.8824
-893600,-67.7444
-893700,-67.6174
-893800,-67.4514
-893900,-67.3114
-894000,-67.1374
-894100,-66.9814
-894200,-66.7984
-894300,-66.6374
-894400,-66.4694
-894500,-66.2924
-894600,-66.1074
-894700,-65.9274
-894800,-65.7354
-894900,-65.5214
-895000,-65.3214
-895100,-65.0914
-895200,-64.8704
-895300,-64.6664
-895400,-64.4124
-895500,-64.1664
-895600,-63.9374
-895700,-63.6894
-895800,-63.4414
-895900,-63.2114
-896000,-62.9594
-896100,-62.7214
-896200,-62.4674
-896300,-62.1884
-896400,-61.9424
-896500,-61.6894
-896600,-61.4074
-896700,-61.1304
-896800,-60.8664
-896900,-60.5864
-897000,-60.3194
-897100,-60.0374
-897200,-59.7584
-897300,-59.4614
-897400,-59.1884
-897500,-58.9224
-897600,-58.6164
-897700,-58.3504
-897800,-58.0484
-897900,-57.7484
-898000,-57.4644
-898100,-57.1604
-898200,-56.8674
-898300,-56.5724
-898400,-56.2864
-898500,-55.9804
-898600,-55.6984
-898700,-55.3894
-898800,-55.1024
-898900,-54.7994
-899000,-54.5274
-899100,-54.2244
-899200,-53.8994
-899300,-53.5854
-899400,-53.2764
-899500,-52.9534
-899600,-52.6144
-899700,-52.2704
-899800,-51.9464
-899900,-51.6054
-900000,-51.3064
-900100,-51.0234
-900200,-50.7524
-900300,-50.4724
-900400,-50.1984
-900500,-49.9344
-900600,-49.6654
-900700,-49.3714
-900800,-49.1124
-900900,-48.8744
-901000,-48.6744
-901100,-48.4764
-901200,-48.2724
-901300,-48.0844
-901400,-47.9144
-901500,-47.7274
-901600,-47.5614
-901700,-47.3644
-901800,-47.1914
-901900,-47.0494
-902000,-46.9004
-902100,-46.7664
-902200,-46.6284
-902300,-46.5034
-902400,-46.3864
-902500,-46.2684
-902600,-46.1634
-902700,-46.0414
-902800,-45.9264
-902900,-45.8064
-903000,-45.7284
-903100,-45.6354
-903200,-45.5464
-903300,-45.4634
-903400,-45.3864
-903500,-45.3174
-903600,-45.2454
-903700,-45.1614
-903800,-45.0924
-903900,-45.0244
-904000,-44.9644
-904100,-44.9084
-904200,-44.8334
-904300,-44.7634
-904400,-44.6964
-904500,-44.6174
-904600,-44.5474
-904700,-44.4794
-904800,-44.4174
-904900,-44.3544
-905000,-44.2974
-905100,-44.2284
-905200,-44.1794
-905300,-44.1164
-905400,-44.0584
-905500,-44.0034
-905600,-43.9624
-905700,-43.9094
-905800,-43.8794
-905900,-43.8284
-906000,-43.8004
-906100,-43.7554
-906200,-43.7214
-906300,-43.6744
-906400,-43.6234
-906500,-43.5874
-906600,-43.5354
-906700,-43.4924
-906800,-43.4624
-906900,-43.4384
-907000,-43.3974
-907100,-43.3724
-907200,-43.3494
-907300,-43.3494
-907400,-43.3324
-907500,-43.3304
-907600,-43.3044
-907700,-43.2914
-907800,-43.2634
-907900,-43.2534
-908000,-43.2264
-908100,-43.2374
-908200,-43.2304
-908300,-43.2164
-908400,-43.2284
-908500,-43.2434
-908600,-43.2644
-908700,-43.2914
-908800,-43.2974
-908900,-43.3454
-909000,-43.3624
-909100,-43.3944
-909200,-43.4274
-909300,-43.4614
-909400,-43.5054
-909500,-43.5754
-909600,-43.6224
-909700,-43.6704
-909800,-43.7374
-909900,-43.8084
-910000,-43.8954
-910100,-44.0184
-910200,-44.1444
-910300,-44.2354
-910400,-44.3424
-910500,-44.4514
-910600,-44.5604
-910700,-44.6944
-910800,-44.8174
-910900,-44.9604
-911000,-45.1314
-911100,-45.3114
-911200,-45.4804
-911300,-45.6874
-911400,-45.9014
-911500,-46.1164
-911600,-46.3854
-911700,-46.6534
-911800,-46.9564
-911900,-47.2464
-912000,-47.5674
-912100,-47.9074
-912200,-48.2774
-912300,-48.6414
-912400,-49.0574
-912500,-49.5614
-912600,-50.0944
-912700,-50.6294
-912800,-51.2624
-912900,-51.9074
-913000,-52.5424
-913100,-53.2404
-913200,-53.7814
-913300,-54.3874
-913400,-54.9594
-913500,-55.4704
-913600,-55.9774
-913700,-56.4894
-913800,-57.1264
-913900,-57.6284
-914000,-58.1954
-914100,-58.7324
-914200,-59.2424
-914300,-59.7134
-914400,-60.1944
-914500,-60.7114
-914600,-61.2184
-914700,-61.6524
-914800,-62.1274
-914900,-62.5544
-915000,-63.0004
-915100,-63.4454
-915200,-63.8834
-915300,-64.3064
-915400,-64.7184
-915500,-65.1474
-915600,-65.5454
-915700,-65.9364
-915800,-66.2844
-915900,-66.6174
-916000,-66.9534
-916100,-67.2554
-916200,-67.5554
-916300,-67.8514
-916400,-68.1054
-916500,-68.3464
-916600,-68.5574
-916700,-68.7604
-916800,-68.9614
-916900,-69.1954
-917000,-69.4554
-917100,-69.8144
-917200,-70.3204
-917300,-70.7754
-917400,-71.1924
-917500,-71.6854
-917600,-72.3574
-917700,-73.1514
-917800,-74.3514
-917900,-75.2594
-918000,-75.8904
-918100,-76.4124
-918200,-76.8054
-918300,-77.0594
-918400,-77.2464
-918500,-77.3984
-918600,-77.4394
-918700,-77.4284
-918800,-77.4124
-918900,-77.4054
-919000,-77.3584
-919100,-77.3004
-919200,-77.1494
-919300,-77.0024
-919400,-76.8494
-919500,-76.6724
-919600,-76.4644
-919700,-76.2554
-919800,-76.0284
-919900,-75.8194
-920000,-75.5714
-920100,-75.3194
-920200,-75.0784
-920300,-74.8124
-920400,-74.5614
-920500,-74.2534
-920600,-74.0064
-920700,-73.7464
-920800,-73.4524
-920900,-73.1704
-921000,-72.8444
-921100,-72.5284
-921200,-72.1884
-921300,-71.8724
-921400,-71.5144
-921500,-71.1374
-921600,-70.7834
-921700,-70.3864
-921800,-70.0374
-921900,-69.6414
-922000,-69.2494
-922100,-68.8594
-922200,-68.5014
-922300,-68.1224
-922400,-67.7394
-922500,-67.3704
-922600,-66.9844
-922700,-66.5844
-922800,-66.1994
-922900,-65.8014
-923000,-65.3994
-923100,-64.9924
-923200,-64.5734
-923300,-64.1804
-923400,-63.7604
-923500,-63.3524
-923600,-62.9024
-923700,-62.4754
-923800,-62.0474
-923900,-61.6324
-924000,-61.2304
-924100,-60.8174
-924200,-60.4154
-924300,-59.9974
-924400,-59.5824
-924500,-59.1664
-924600,-58.7854
-924700,-58.3354
-924800,-57.9104
-924900,-57.4964
-925000,-57.0854
-925100,-56.6794
-925200,-56.2434
-925300,-55.8144
-925400,-55.3774
-925500,-54.9464
-925600,-54.5044
-925700,-54.0684
-925800,-53.6444
-925900,-53.2174
-926000,-52.7884
-926100,-52.3704
-926200,-51.9114
-926300,-51.4914
-926400,-51.0564
-926500,-50.6464
-926600,-50.1974
-926700,-49.7534
-926800,-49.3184
-926900,-48.8824
-927000,-48.4634
-927100,-48.0424
-927200,-47.6204
-927300,-47.2024
-927400,-46.7864
-927500,-46.3594
-927600,-45.9494
-927700,-45.5344
-927800,-45.1144
-927900,-44.6944
-928000,-44.2824
-928100,-43.8634
-928200,-43.4524
-928300,-43.0274
-928400,-42.6114
-928500,-42.1964
-928600,-41.7864
-928700,-41.3674
-928800,-40.9454
-928900,-40.5254
-929000,-40.0824
-929100,-39.6544
-929200,-39.2294
-929300,-38.8024
-929400,-38.3614
-929500,-37.9094
-929600,-37.4754
-929700,-37.0274
-929800,-36.5644
-929900,-36.1144
-930000,-35.6624
-930100,-35.2004
-930200,-34.7724
-930300,-34.3164
-930400,-33.8584
-930500,-33.3624
-930600,-32.9004
-930700,-32.4064
-930800,-31.8974
-930900,-31.3694
-931000,-30.8524
-931100,-30.3034
-931200,-29.7824
-931300,-29.2324
-931400,-28.6634
-931500,-28.0694
-931600,-27.4064
-931700,-26.6674
-931800,-25.9484
-931900,-25.4374
-932000,-25.0674
-932100,-24.6984
-932200,-24.3384
-932300,-23.9924
-932400,-23.6524
-932500,-23.3114
-932600,-22.9954
-932700,-22.6834
-932800,-22.3694
-932900,-22.1334
-933000,-21.8894
-933100,-21.6644
-933200,-21.4514
-933300,-21.2314
-933400,-21.0244
-933500,-20.7964
-933600,-20.5974
-933700,-20.4004
-933800,-20.2204
-933900,-20.0194
-934000,-19.8604
-934100,-19.7044
-934200,-19.5184
-934300,-19.3684
-934400,-19.2074
-934500,-19.0484
-934600,-18.8924
-934700,-18.7534
-934800,-18.5904
-934900,-18.4454
-935000,-18.3204
-935100,-18.2044
-935200,-18.0694
-935300,-17.9424
-935400,-17.8344
-935500,-17.6874
-935600,-17.5604
-935700,-17.4134
-935800,-17.2934
-935900,-17.1474
-936000,-17.0224
-936100,-16.8774
-936200,-16.7554
-936300,-16.6224
-936400,-16.4814
-936500,-16.3524
-936600,-16.2464
-936700,-16.1054
-936800,-15.9754
-936900,-15.8574
-937000,-15.7164
-937100,-15.5644
-937200,-15.4404
-937300,-15.3004
-937400,-15.1584
-937500,-15.0134
-937600,-14.8784
-937700,-14.7414
-937800,-14.5884
-937900,-14.4574
-938000,-14.3204
-938100,-14.1824
-938200,-14.0474
-938300,-13.9214
-938400,-13.7894
-938500,-13.6714
-938600,-13.5604
-938700,-13.4414
-938800,-13.3334
-938900,-13.1994
-939000,-13.0864
-939100,-12.9764
-939200,-12.8694
-939300,-12.7554
-939400,-12.6454
-939500,-12.5454
-939600,-12.4314
-939700,-12.3104
-939800,-12.2034
-939900,-12.0864
-940000,-11.9714
-940100,-11.8504
-940200,-11.7124
-940300,-11.5824
-940400,-11.4794
-940500,-11.3564
-940600,-11.2364
-940700,-11.1404
-940800,-11.0444
-940900,-10.9414
-941000,-10.8654
-941100,-10.7974
-941200,-10.7214
-941300,-10.6804
-941400,-10.6024
-941500,-10.5294
-941600,-10.4714
-941700,-10.3924
-941800,-10.3534
-941900,-10.3034
-942000,-10.2424
-942100,-10.1794
-942200,-10.0954
-942300,-10.0464
-942400,-9.9964
-942500,-9.9564
-942600,-9.9234
-942700,-9.8774
-942800,-9.8224
-942900,-9.7704
-943000,-9.7274
-943100,-9.6884
-943200,-9.6554
-943300,-9.6264
-943400,-9.6064
-943500,-9.5984
-943600,-9.5904
-943700,-9.5864
-943800,-9.5944
-943900,-9.6094
-944000,-9.6094
-944100,-9.6064
-944200,-9.6114
-944300,-9.6234
-944400,-9.6174
-944500,-9.6284
-944600,-9.6524
-944700,-9.6744
-944800,-9.7054
-944900,-9.7394
-945000,-9.7764
-945100,-9.8124
-945200,-9.8434
-945300,-9.8814
-945400,-9.9264
-945500,-9.9734
-945600,-10.0224
-945700,-10.0714
-945800,-10.1274
-945900,-10.1774
-946000,-10.2234
-946100,-10.2954
-946200,-10.3514
-946300,-10.4014
-946400,-10.4504
-946500,-10.4954
-946600,-10.5484
-946700,-10.6194
-946800,-10.6944
-946900,-10.7494
-947000,-10.8194
-947100,-10.8904
-947200,-10.9634
-947300,-11.0464
-947400,-11.1134
-947500,-11.1664
-947600,-11.2324
-947700,-11.2774
-947800,-11.3154
-947900,-11.3514
-948000,-11.3794
-948100,-11.4064
-948200,-11.4274
-948300,-11.4454
-948400,-11.4524
-948500,-11.4714
-948600,-11.4864
-948700,-11.5004
-948800,-11.5054
-948900,-11.5174
-949000,-11.5304
-949100,-11.5424
-949200,-11.5524
-949300,-11.5704
-949400,-11.5834
-949500,-11.6004
-949600,-11.6104
-949700,-11.6264
-949800,-11.6414
-949900,-11.6604
-950000,-11.6734
-950100,-11.6944
-950200,-11.7154
-950300,-11.7404
-950400,-11.7614
-950500,-11.7964
-950600,-11.8204
-950700,-11.8424
-950800,-11.8544
-950900,-11.8754
-951000,-11.8924
-951100,-11.9244
-951200,-11.9584
-951300,-11.9804
-951400,-12.0094
-951500,-12.0394
-951600,-12.0684
-951700,-12.1054
-951800,-12.1474
-951900,-12.1754
-952000,-12.2144
-952100,-12.2484
-952200,-12.2984
-952300,-12.3414
-952400,-12.3834
-952500,-12.4364
-952600,-12.4834
-952700,-12.5174
-952800,-12.5724
-952900,-12.6114
-953000,-12.6674
-953100,-12.7174
-953200,-12.7914
-953300,-12.8634
-953400,-12.9404
-953500,-13.0234
-953600,-13.1184
-953700,-13.2314
-953800,-13.3684
-953900,-13.5204
-954000,-13.7294
-954100,-13.9814
-954200,-14.2774
-954300,-14.6434
-954400,-14.9954
-954500,-15.3404
-954600,-15.7024
-954700,-16.1184
-954800,-16.5194
-954900,-17.0094
-955000,-17.5124
-955100,-17.9924
-955200,-18.4354
-955300,-18.8524
-955400,-19.3314
-955500,-19.7914
-955600,-20.2064
-955700,-20.6334
-955800,-21.0624
-955900,-21.4754
-956000,-22.0174
-956100,-22.6494
-956200,-23.3374
-956300,-23.8714
-956400,-24.4424
-956500,-25.0254
-956600,-25.6244
-956700,-26.2734
-956800,-27.0124
-956900,-27.7154
-957000,-28.5094
-957100,-29.5784
-957200,-30.6904
-957300,-32.0354
-957400,-33.4804
-957500,-34.6074
-957600,-35.6894
-957700,-36.9824
-957800,-38.4354
-957900,-40.2494
-958000,-41.9574
-958100,-43.6034
-958200,-45.2054
-958300,-46.6694
-958400,-48.1744
-958500,-49.3984
-958600,-50.6474
-958700,-51.7414
-958800,-52.7244
-958900,-53.6434
-959000,-54.4874
-959100,-55.3414
-959200,-56.1874
-959300,-57.0814
-959400,-57.8844
-959500,-58.6174
-959600,-59.2804
-959700,-59.8744
-959800,-60.4654
-959900,-61.1124
-960000,-61.7704
-960100,-62.3834
-960200,-63.3064
-960300,-64.3244
-960400,-65.1794
-960500,-66.1534
-960600,-66.9984
-960700,-67.6654
-960800,-68.0454
-960900,-68.3824
-961000,-68.5904
-961100,-68.7084
-961200,-68.7434
-961300,-68.7074
-961400,-68.6384
-961500,-68.5034
-961600,-68.3054
-961700,-68.0874
-961800,-67.8584
-961900,-67.5694
-962000,-67.2884
-962100,-66.9914
-962200,-66.6334
-962300,-66.2724
-962400,-65.8754
-962500,-65.4424
-962600,-65.0084
-962700,-64.5864
-962800,-64.1314
-962900,-63.6764
-963000,-63.2534
-963100,-62.8264
-963200,-62.3924
-963300,-61.9634
-963400,-61.5304
-963500,-61.1184
-963600,-60.6944
-963700,-60.2864
-963800,-59.8624
-963900,-59.4514
-964000,-59.0254
-964100,-58.5924
-964200,-58.1544
-964300,-57.7524
-964400,-57.3364
-964500,-56.9134
-964600,-56.4844
-964700,-56.0724
-964800,-55.6544
-964900,-55.2484
-965000,-54.8394
-965100,-54.4604
-965200,-54.0654
-965300,-53.6744
-965400,-53.2874
-965500,-52.9144
-965600,-52.5474
-965700,-52.1884
-965800,-51.8284
-965900,-51.4634
-966000,-51.0904
-966100,-50.7454
-966200,-50.3944
-966300,-50.0654
-966400,-49.7244
-966500,-49.3764
-966600,-49.0184
-966700,-48.6954
-966800,-48.3334
-966900,-48.0024
-967000,-47.6594
-967100,-47.3254
-967200,-46.9644
-967300,-46.6154
-967400,-46.2664
-967500,-45.9224
-967600,-45.5754
-967700,-45.2474
-967800,-44.9184
-967900,-44.5854
-968000,-44.2564
-968100,-43.9214
-968200,-43.5834
-968300,-43.2564
-968400,-42.9064
-968500,-42.5524
-968600,-42.1984
-968700,-41.8344
-968800,-41.4604
-968900,-41.1124
-969000,-40.7564
-969100,-40.3854
-969200,-39.9964
-969300,-39.6334
-969400,-39.2594
-969500,-38.8974
-969600,-38.5314
-969700,-38.1614
-969800,-37.8064
-969900,-37.4744
-970000,-37.1204
-970100,-36.7664
-970200,-36.4084
-970300,-36.0584
-970400,-35.7444
-970500,-35.3754
-970600,-35.0444
-970700,-34.7324
-970800,-34.4104
-970900,-34.1074
-971000,-33.7934
-971100,-33.5204
-971200,-33.2484
-971300,-32.9714
-971400,-32.6924
-971500,-32.4204
-971600,-32.1644
-971700,-31.8684
-971800,-31.5864
-971900,-31.3334
-972000,-31.0664
-972100,-30.8084
-972200,-30.5554
-972300,-30.2984
-972400,-30.0464
-972500,-29.7844
-972600,-29.5054
-972700,-29.2444
-972800,-28.9624
-972900,-28.7004
-973000,-28.4064
-973100,-28.1334
-973200,-27.8254
-973300,-27.4774
-973400,-27.0184
-973500,-26.5054
-973600,-26.0664
-973700,-25.6764
-973800,-25.3354
-973900,-25.1314
-974000,-24.9674
-974100,-24.8304
-974200,-24.7154
-974300,-24.6104
-974400,-24.4854
-974500,-24.3944
-974600,-24.3224
-974700,-24.2614
-974800,-24.2044
-974900,-24.1404
-975000,-24.1324
-975100,-24.1194
-975200,-24.1154
-975300,-24.1074
-975400,-24.0834
-975500,-24.0844
-975600,-24.0874
-975700,-24.1144
-975800,-24.1464
-975900,-24.1864
-976000,-24.2304
-976100,-24.2894
-976200,-24.3634
-976300,-24.4294
-976400,-24.5134
-976500,-24.6184
-976600,-24.7254
-976700,-24.8304
-976800,-24.9334
-976900,-25.0374
-977000,-25.1644
-977100,-25.2974
-977200,-25.4754
-977300,-25.6214
-977400,-25.8004
-977500,-26.0214
-977600,-26.2974
-977700,-26.5944
-977800,-26.9524
-977900,-27.3034
-978000,-27.7434
-978100,-28.2514
-978200,-28.7714
-978300,-29.3254
-978400,-29.9054
-978500,-30.4974
-978600,-31.1514
-978700,-31.8794
-978800,-32.6524
-978900,-33.4114
-979000,-34.1694
-979100,-34.9544
-979200,-35.7504
-979300,-36.7324
-979400,-37.6604
-979500,-38.5824
-979600,-39.5894
-979700,-40.6384
-979800,-41.4674
-979900,-42.2834
-980000,-43.0794
-980100,-43.8134
-980200,-44.5044
-980300,-45.1614
-980400,-45.6654
-980500,-46.2064
-980600,-46.7194
-980700,-47.1484
-980800,-47.5114
-980900,-47.8384
-981000,-48.1534
-981100,-48.5284
-981200,-48.8874
-981300,-49.2204
-981400,-49.5764
-981500,-49.9604
-981600,-50.3494
-981700,-50.6904
-981800,-50.9924
-981900,-51.2724
-982000,-51.5574
-982100,-51.7954
-982200,-51.9514
-982300,-52.1104
-982400,-52.2964
-982500,-52.5224
-982600,-52.7394
-982700,-52.9594
-982800,-53.2204
-982900,-53.4884
-983000,-53.8144
-983100,-54.2124
-983200,-54.5484
-983300,-54.8004
-983400,-54.9844
-983500,-55.0994
-983600,-55.2324
-983700,-55.3024
-983800,-55.2674
-983900,-55.1674
-984000,-55.0924
-984100,-54.9904
-984200,-54.8434
-984300,-54.6954
-984400,-54.5654
-984500,-54.4354
-984600,-54.2884
-984700,-54.1554
-984800,-53.9874
-984900,-53.8244
-985000,-53.6694
-985100,-53.5084
-985200,-53.3494
-985300,-53.1924
-985400,-53.0224
-985500,-52.8454
-985600,-52.6824
-985700,-52.5044
-985800,-52.3334
-985900,-52.1824
-986000,-52.0164
-986100,-51.8454
-986200,-51.6664
-986300,-51.4914
-986400,-51.3094
-986500,-51.1244
-986600,-50.9494
-986700,-50.7764
-986800,-50.6124
-986900,-50.4394
-987000,-50.2574
-987100,-50.0814
-987200,-49.9234
-987300,-49.7364
-987400,-49.5554
-987500,-49.3714
-987600,-49.1754
-987700,-49.0064
-987800,-48.8284
-987900,-48.6284
-988000,-48.4344
-988100,-48.2454
-988200,-48.0504
-988300,-47.8714
-988400,-47.6914
-988500,-47.5054
-988600,-47.3384
-988700,-47.1564
-988800,-47.0094
-988900,-46.8604
-989000,-46.6964
-989100,-46.5354
-989200,-46.4114
-989300,-46.2754
-989400,-46.1144
-989500,-45.9704
-989600,-45.8204
-989700,-45.6674
-989800,-45.5484
-989900,-45.3984
-990000,-45.2344
-990100,-45.0734
-990200,-44.9364
-990300,-44.8164
-990400,-44.7084
-990500,-44.5984
-990600,-44.4794
-990700,-44.3364
-990800,-44.1614
-990900,-44.0104
-991000,-43.8764
-991100,-43.7184
-991200,-43.5774
-991300,-43.4184
-991400,-43.2714
-991500,-43.1294
-991600,-42.9954
-991700,-42.8604
-991800,-42.7234
-991900,-42.6194
-992000,-42.4764
-992100,-42.3434
-992200,-42.1914
-992300,-42.0544
-992400,-41.9114
-992500,-41.7714
-992600,-41.6174
-992700,-41.4654
-992800,-41.3204
-992900,-41.1804
-993000,-41.0254
-993100,-40.8794
-993200,-40.7274
-993300,-40.5904
-993400,-40.4584
-993500,-40.3074
-993600,-40.1594
-993700,-40.0334
-993800,-39.8784
-993900,-39.7464
-994000,-39.6094
-994100,-39.4624
-994200,-39.3544
-994300,-39.2064
-994400,-39.0524
-994500,-38.9254
-994600,-38.7894
-994700,-38.6304
-994800,-38.4534
-994900,-38.2184
-995000,-38.1264
-995100,-37.9724
-995200,-37.8464
-995300,-37.6864
-995400,-37.4984
-995500,-37.4004
-995600,-37.3464
-995700,-37.3204
-995800,-37.3444
-995900,-37.4104
-996000,-37.5274
-996100,-37.6874
-996200,-37.8364
-996300,-37.9834
-996400,-38.1814
-996500,-38.3904
-996600,-38.5894
-996700,-38.8224
-996800,-39.0804
-996900,-39.4174
-997000,-39.8274
-997100,-40.2424
-997200,-40.7844
-997300,-41.3034
-997400,-41.7324
-997500,-42.1864
-997600,-42.6254
-997700,-43.0364
-997800,-43.4554
-997900,-43.8724
-998000,-44.3304
-998100,-44.8064
-998200,-45.2884
-998300,-45.7744
-998400,-46.2524
-998500,-46.6534
-998600,-47.1174
-998700,-47.5734
-998800,-47.9954
-998900,-48.3254
-999000,-48.6704
-999100,-49.0044
-999200,-49.3384
-999300,-49.6864
-999400,-50.1014
-999500,-50.4684
-999600,-50.8194
-999700,-51.1974
-999800,-51.5394
-999900,-51.8924
-1000000,-51.4084
-1000100,-51.7084
-1000200,-52.0124
-1000300,-52.3144
-1000400,-52.6114
-1000500,-52.9294
-1000600,-53.2034
-1000700,-53.4564
-1000800,-53.6754
-1000900,-53.8204
-1001000,-53.9984
-1001100,-54.1434
-1001200,-54.2314
-1001300,-54.3374
-1001400,-54.4654
-1001500,-54.5814
-1001600,-54.7444
-1001700,-54.9814
-1001800,-55.2354
-1001900,-55.4874
-1002000,-55.8254
-1002100,-56.1884
-1002200,-56.6274
-1002300,-57.0584
-1002400,-57.3604
-1002500,-57.5784
-1002600,-57.7654
-1002700,-57.8404
-1002800,-57.9154
-1002900,-57.9534
-1003000,-57.9704
-1003100,-57.9644
-1003200,-57.9754
-1003300,-57.9824
-1003400,-57.9634
-1003500,-57.8734
-1003600,-57.7894
-1003700,-57.6804
-1003800,-57.5604
-1003900,-57.4444
-1004000,-57.2984
-1004100,-57.1554
-1004200,-56.9954
-1004300,-56.8564
-1004400,-56.6834
-1004500,-56.5154
-1004600,-56.3764
-1004700,-56.2064
-1004800,-56.0424
-1004900,-55.8744
-1005000,-55.6914
-1005100,-55.5184
-1005200,-55.3314
-1005300,-55.1404
-1005400,-54.9384
-1005500,-54.7664
-1005600,-54.5634
-1005700,-54.3854
-1005800,-54.1754
-1005900,-53.9954
-1006000,-53.7884
-1006100,-53.5814
-1006200,-53.3864
-1006300,-53.1754
-1006400,-53.0114
-1006500,-52.7984
-1006600,-52.6064
-1006700,-52.3954
-1006800,-52.1894
-1006900,-52.0044
-1007000,-51.7914
-1007100,-51.5754
-1007200,-51.3584
-1007300,-51.1304
-1007400,-50.9064
-1007500,-50.6874
-1007600,-50.4644
-1007700,-50.2384
-1007800,-50.0014
-1007900,-49.7854
-1008000,-49.5274
-1008100,-49.2734
-1008200,-49.0364
-1008300,-48.7754
-1008400,-48.5064
-1008500,-48.2564
-1008600,-47.9934
-1008700,-47.7244
-1008800,-47.4594
-1008900,-47.1794
-1009000,-46.8904
-1009100,-46.6144
-1009200,-46.3214
-1009300,-46.0224
-1009400,-45.7274
-1009500,-45.4214
-1009600,-45.0994
-1009700,-44.7894
-1009800,-44.4574
-1009900,-44.1454
-1010000,-43.8244
-1010100,-43.4954
-1010200,-43.1564
-1010300,-42.8294
-1010400,-42.5034
-1010500,-42.1804
-1010600,-41.8374
-1010700,-41.4954
-1010800,-41.1704
-1010900,-40.8354
-1011000,-40.5104
-1011100,-40.1734
-1011200,-39.8444
-1011300,-39.4824
-1011400,-39.1164
-1011500,-38.7554
-1011600,-38.3794
-1011700,-38.0024
-1011800,-37.6114
-1011900,-37.2444
-1012000,-36.8714
-1012100,-36.5094
-1012200,-36.1484
-1012300,-35.7964
-1012400,-35.4754
-1012500,-35.1584
-1012600,-34.8384
-1012700,-34.5274
-1012800,-34.2294
-1012900,-33.9114
-1013000,-33.6184
-1013100,-33.3354
-1013200,-33.0604
-1013300,-32.8294
-1013400,-32.5374
-1013500,-32.2944
-1013600,-32.0354
-1013700,-31.7984
-1013800,-31.5514
-1013900,-31.3244
-1014000,-31.1214
-1014100,-30.8774
-1014200,-30.6244
-1014300,-30.3874
-1014400,-30.1544
-1014500,-29.9724
-1014600,-29.7814
-1014700,-29.6094
-1014800,-29.4184
-1014900,-29.2624
-1015000,-29.0944
-1015100,-28.9014
-1015200,-28.7234
-1015300,-28.5304
-1015400,-28.3184
-1015500,-28.0904
-1015600,-27.8654
-1015700,-27.6224
-1015800,-27.4094
-1015900,-27.1894
-1016000,-26.9934
-1016100,-26.8094
-1016200,-26.6574
-1016300,-26.5034
-1016400,-26.3454
-1016500,-26.2164
-1016600,-26.1034
-1016700,-25.9824
-1016800,-25.8594
-1016900,-25.7384
-1017000,-25.6234
-1017100,-25.4964
-1017200,-25.3994
-1017300,-25.2944
-1017400,-25.1824
-1017500,-25.0634
-1017600,-24.9454
-1017700,-24.8284
-1017800,-24.7244
-1017900,-24.6164
-1018000,-24.5084
-1018100,-24.4064
-1018200,-24.3284
-1018300,-24.2484
-1018400,-24.1774
-1018500,-24.1014
-1018600,-24.0344
-1018700,-23.9514
-1018800,-23.8764
-1018900,-23.8104
-1019000,-23.7264
-1019100,-23.6634
-1019200,-23.6174
-1019300,-23.5334
-1019400,-23.4704
-1019500,-23.4044
-1019600,-23.3394
-1019700,-23.3034
-1019800,-23.2804
-1019900,-23.2414
-1020000,-23.2364
-1020100,-23.2264
-1020200,-23.2044
-1020300,-23.2044
-1020400,-23.2014
-1020500,-23.1894
-1020600,-23.1854
-1020700,-23.1744
-1020800,-23.1664
-1020900,-23.1804
-1021000,-23.2084
-1021100,-23.2304
-1021200,-23.2614
-1021300,-23.3094
-1021400,-23.3554
-1021500,-23.3974
-1021600,-23.4504
-1021700,-23.4934
-1021800,-23.5414
-1021900,-23.5974
-1022000,-23.6594
-1022100,-23.7534
-1022200,-23.8624
-1022300,-23.9714
-1022400,-24.0934
-1022500,-24.2124
-1022600,-24.3264
-1022700,-24.4484
-1022800,-24.5784
-1022900,-24.7144
-1023000,-24.8524
-1023100,-25.0074
-1023200,-25.1494
-1023300,-25.3104
-1023400,-25.4614
-1023500,-25.6134
-1023600,-25.7634
-1023700,-25.9164
-1023800,-26.0704
-1023900,-26.2304
-1024000,-26.4034
-1024100,-26.5574
-1024200,-26.7324
-1024300,-26.8774
-1024400,-27.0454
-1024500,-27.1934
-1024600,-27.3394
-1024700,-27.4624
-1024800,-27.5834
-1024900,-27.7044
-1025000,-27.8324
-1025100,-27.9544
-1025200,-28.0824
-1025300,-28.2174
-1025400,-28.3574
-1025500,-28.4894
-1025600,-28.6114
-1025700,-28.7604
-1025800,-28.9004
-1025900,-28.9984
-1026000,-29.1404
-1026100,-29.2524
-1026200,-29.3504
-1026300,-29.4604
-1026400,-29.5774
-1026500,-29.7054
-1026600,-29.8264
-1026700,-29.9554
-1026800,-30.0554
-1026900,-30.1834
-1027000,-30.2994
-1027100,-30.4334
-1027200,-30.5654
-1027300,-30.7034
-1027400,-30.8134
-1027500,-30.9524
-1027600,-31.1304
-1027700,-31.2774
-1027800,-31.4304
-1027900,-31.5974
-1028000,-31.7954
-1028100,-32.0534
-1028200,-32.2994
-1028300,-32.5864
-1028400,-32.8944
-1028500,-33.2324
-1028600,-33.6604
-1028700,-34.1544
-1028800,-34.7084
-1028900,-35.2824
-1029000,-35.9004
-1029100,-36.6214
-1029200,-37.4584
-1029300,-38.4564
-1029400,-39.5174
-1029500,-40.5184
-1029600,-41.6454
-1029700,-42.8554
-1029800,-44.0234
-1029900,-45.4054
-1030000,-46.6854
-1030100,-48.0624
-1030200,-49.3734
-1030300,-50.6514
-1030400,-51.8824
-1030500,-53.0694
-1030600,-54.3274
-1030700,-55.4584
-1030800,-56.4984
-1030900,-57.4944
-1031000,-58.5134
-1031100,-59.4304
-1031200,-60.2634
-1031300,-61.0854
-1031400,-61.8224
-1031500,-62.4744
-1031600,-63.1104
-1031700,-63.6804
-1031800,-64.2834
-1031900,-64.8524
-1032000,-65.3124
-1032100,-65.7104
-1032200,-66.0884
-1032300,-66.4504
-1032400,-66.7984
-1032500,-67.1554
-1032600,-67.5294
-1032700,-67.8644
-1032800,-68.1814
-1032900,-68.5014
-1033000,-68.8394
-1033100,-69.2104
-1033200,-69.6014
-1033300,-70.0074
-1033400,-70.4824
-1033500,-71.0064
-1033600,-71.6114
-1033700,-72.1684
-1033800,-72.6794
-1033900,-73.2224
-1034000,-73.9014
-1034100,-74.4804
-1034200,-74.9504
-1034300,-75.3794
-1034400,-75.6684
-1034500,-75.9144
-1034600,-76.1174
-1034700,-76.2404
-1034800,-76.3414
-1034900,-76.4134
-1035000,-76.4794
-1035100,-76.5224
-1035200,-76.5324
-1035300,-76.5134
-1035400,-76.4884
-1035500,-76.4424
-1035600,-76.3864
-1035700,-76.3204
-1035800,-76.2564
-1035900,-76.1744
-1036000,-76.1004
-1036100,-75.9934
-1036200,-75.9064
-1036300,-75.8124
-1036400,-75.7334
-1036500,-75.6344
-1036600,-75.5514
-1036700,-75.4424
-1036800,-75.3504
-1036900,-75.2604
-1037000,-75.1354
-1037100,-75.0254
-1037200,-74.9004
-1037300,-74.7734
-1037400,-74.6434
-1037500,-74.5174
-1037600,-74.3874
-1037700,-74.2474
-1037800,-74.0954
-1037900,-73.9654
-1038000,-73.8174
-1038100,-73.6754
-1038200,-73.5414
-1038300,-73.4014
-1038400,-73.2344
-1038500,-73.0744
-1038600,-72.9204
-1038700,-72.7724
-1038800,-72.6074
-1038900,-72.4464
-1039000,-72.2804
-1039100,-72.1304
-1039200,-71.9734
-1039300,-71.8174
-1039400,-71.6604
-1039500,-71.5364
-1039600,-71.3994
-1039700,-71.2424
-1039800,-71.1114
-1039900,-70.9844
-1040000,-70.8774
-1040100,-70.7634
-1040200,-70.6424
-1040300,-70.5174
-1040400,-70.3924
-1040500,-70.2544
-1040600,-70.1424
-1040700,-69.9994
-1040800,-69.8884
-1040900,-69.7834
-1041000,-69.6614
-1041100,-69.5374
-1041200,-69.4254
-1041300,-69.3004
-1041400,-69.1804
-1041500,-69.0814
-1041600,-68.9714
-1041700,-68.8764
-1041800,-68.7634
-1041900,-68.6784
-1042000,-68.5544
-1042100,-68.4304
-1042200,-68.3024
-1042300,-68.1664
-1042400,-68.0284
-1042500,-67.9104
-1042600,-67.7554
-1042700,-67.6184
-1042800,-67.5084
-1042900,-67.3594
-1043000,-67.2214
-1043100,-67.0964
-1043200,-66.9534
-1043300,-66.8134
-1043400,-66.7034
-1043500,-66.5564
-1043600,-66.4294
-1043700,-66.2964
-1043800,-66.1714
-1043900,-66.0174
-1044000,-65.8984
-1044100,-65.7654
-1044200,-65.6364
-1044300,-65.4944
-1044400,-65.3374
-1044500,-65.1974
-1044600,-65.0334
-1044700,-64.8774
-1044800,-64.7224
-1044900,-64.5754
-1045000,-64.4164
-1045100,-64.2484
-1045200,-64.0914
-1045300,-63.9154
-1045400,-63.7464
-1045500,-63.5624
-1045600,-63.3974
-1045700,-63.2244
-1045800,-63.0494
-1045900,-62.8974
-1046000,-62.7534
-1046100,-62.6764
-1046200,-62.5354
-1046300,-62.4264
-1046400,-62.3084
-1046500,-62.1964
-1046600,-62.1104
-1046700,-62.0104
-1046800,-61.9254
-1046900,-61.8244
-1047000,-61.7764
-1047100,-61.7084
-1047200,-61.6444
-1047300,-61.5814
-1047400,-61.4984
-1047500,-61.4344
-1047600,-61.3814
-1047700,-61.3024
-1047800,-61.2394
-1047900,-61.2024
-1048000,-61.1404
-1048100,-61.0734
-1048200,-61.0094
-1048300,-60.9404
-1048400,-60.8874
-1048500,-60.8184
-1048600,-60.7614
-1048700,-60.7404
-1048800,-60.6894
-1048900,-60.6364
-1049000,-60.5694
-1049100,-60.5574
-1049200,-60.5504
-1049300,-60.5464
-1049400,-60.5444
-1049500,-60.5584
-1049600,-60.5454
-1049700,-60.5114
-1049800,-60.4384
-1049900,-60.3524
-1050000,-60.2904
-1050100,-60.2064
-1050200,-60.1074
-1050300,-60.0104
-1050400,-59.9144
-1050500,-59.8164
-1050600,-59.6974
-1050700,-59.6164
-1050800,-59.5024
-1050900,-59.3824
-1051000,-59.2214
-1051100,-59.0914
-1051200,-58.9864
-1051300,-58.8474
-1051400,-58.7074
-1051500,-58.5274
-1051600,-58.3764
-1051700,-58.2294
-1051800,-58.0294
-1051900,-57.8544
-1052000,-57.6434
-1052100,-57.4494
-1052200,-57.2734
-1052300,-57.0874
-1052400,-56.8924
-1052500,-56.6764
-1052600,-56.4714
-1052700,-56.2474
-1052800,-56.0124
-1052900,-55.7994
-1053000,-55.5604
-1053100,-55.3454
-1053200,-55.0914
-1053300,-54.8564
-1053400,-54.5984
-1053500,-54.3564
-1053600,-54.1064
-1053700,-53.8404
-1053800,-53.6104
-1053900,-53.3574
-1054000,-53.0814
-1054100,-52.8334
-1054200,-52.5624
-1054300,-52.3114
-1054400,-52.0534
-1054500,-51.7734
-1054600,-51.5044
-1054700,-51.2094
-1054800,-50.9174
-1054900,-50.6334
-1055000,-50.3374
-1055100,-50.0174
-1055200,-49.7284
-1055300,-49.4074
-1055400,-49.0704
-1055500,-48.7604
-1055600,-48.4184
-1055700,-48.0824
-1055800,-47.7294
-1055900,-47.3854
-1056000,-47.0104
-1056100,-46.6494
-1056200,-46.2534
-1056300,-45.8554
-1056400,-45.4604
-1056500,-45.0824
-1056600,-44.6684
-1056700,-44.2854
-1056800,-43.8574
-1056900,-43.4444
-1057000,-43.0294
-1057100,-42.6004
-1057200,-42.1724
-1057300,-41.7184
-1057400,-41.2984
-1057500,-40.8614
-1057600,-40.4274
-1057700,-40.0054
-1057800,-39.5734
-1057900,-39.1414
-1058000,-38.7154
-1058100,-38.2904
-1058200,-37.8664
-1058300,-37.4204
-1058400,-36.9764
-1058500,-36.5474
-1058600,-36.0964
-1058700,-35.6614
-1058800,-35.2164
-1058900,-34.7734
-1059000,-34.3204
-1059100,-33.8654
-1059200,-33.4064
-1059300,-32.9434
-1059400,-32.4824
-1059500,-32.0154
-1059600,-31.5484
-1059700,-31.0894
-1059800,-30.6144
-1059900,-30.1454
-1060000,-29.6414
-1060100,-29.1654
-1060200,-28.6714
-1060300,-28.2034
-1060400,-27.7404
-1060500,-27.2814
-1060600,-26.8164
-1060700,-26.3334
-1060800,-25.8614
-1060900,-25.3694
-1061000,-24.8694
-1061100,-24.3704
-1061200,-23.8754
-1061300,-23.3774
-1061400,-22.8884
-1061500,-22.4064
-1061600,-21.9434
-1061700,-21.4764
-1061800,-21.0124
-1061900,-20.5714
-1062000,-20.1324
-1062100,-19.6974
-1062200,-19.2704
-1062300,-18.8664
-1062400,-18.4514
-1062500,-18.0314
-1062600,-17.6014
-1062700,-17.1504
-1062800,-16.6694
-1062900,-16.1884
-1063000,-15.7074
-1063100,-15.2434
-1063200,-14.7714
-1063300,-14.2614
-1063400,-13.7224
-1063500,-13.2554
-1063600,-12.8964
-1063700,-12.5864
-1063800,-12.3034
-1063900,-12.0524
-1064000,-11.8114
-1064100,-11.6304
-1064200,-11.4654
-1064300,-11.3294
-1064400,-11.2094
-1064500,-11.0744
-1064600,-10.9684
-1064700,-10.8784
-1064800,-10.7874
-1064900,-10.7144
-1065000,-10.6674
-1065100,-10.6054
-1065200,-10.5354
-1065300,-10.4784
-1065400,-10.4214
-1065500,-10.3854
-1065600,-10.3344
-1065700,-10.2894
-1065800,-10.2614
-1065900,-10.2204
-1066000,-10.1864
-1066100,-10.1354
-1066200,-10.0984
-1066300,-10.0704
-1066400,-10.0314
-1066500,-10.0094
-1066600,-9.9754
-1066700,-9.9544
-1066800,-9.9284
-1066900,-9.9024
-1067000,-9.8914
-1067100,-9.8784
-1067200,-9.8674
-1067300,-9.8444
-1067400,-9.8294
-1067500,-9.8054
-1067600,-9.7804
-1067700,-9.7574
-1067800,-9.7514
-1067900,-9.7364
-1068000,-9.7304
-1068100,-9.7264
-1068200,-9.7264
-1068300,-9.7264
-1068400,-9.7214
-1068500,-9.7304
-1068600,-9.7304
-1068700,-9.7324
-1068800,-9.7434
-1068900,-9.7374
-1069000,-9.7284
-1069100,-9.7194
-1069200,-9.7134
-1069300,-9.7124
-1069400,-9.6904
-1069500,-9.6784
-1069600,-9.6754
-1069700,-9.6634
-1069800,-9.6474
-1069900,-9.6434
-1070000,-9.6294
-1070100,-9.6224
-1070200,-9.6034
-1070300,-9.6064
-1070400,-9.5834
-1070500,-9.5864
-1070600,-9.5764
-1070700,-9.5724
-1070800,-9.5654
-1070900,-9.5764
-1071000,-9.5924
-1071100,-9.6084
-1071200,-9.6154
-1071300,-9.6254
-1071400,-9.6554
-1071500,-9.6664
-1071600,-9.6984
-1071700,-9.7324
-1071800,-9.7464
-1071900,-9.8064
-1072000,-9.9114
-1072100,-10.0514
-1072200,-10.2144
-1072300,-10.4014
-1072400,-10.5524
-1072500,-10.6984
-1072600,-10.8694
-1072700,-11.0214
-1072800,-11.1794
-1072900,-11.3604
-1073000,-11.5174
-1073100,-11.7244
-1073200,-11.8904
-1073300,-12.0464
-1073400,-12.1834
-1073500,-12.3374
-1073600,-12.4564
-1073700,-12.5564
-1073800,-12.6544
-1073900,-12.7544
-1074000,-12.8674
-1074100,-12.9754
-1074200,-13.0784
-1074300,-13.2064
-1074400,-13.3404
-1074500,-13.4844
-1074600,-13.6494
-1074700,-13.7724
-1074800,-13.8864
-1074900,-14.0164
-1075000,-14.1164
-1075100,-14.2224
-1075200,-14.3074
-1075300,-14.4254
-1075400,-14.5174
-1075500,-14.6144
-1075600,-14.7254
-1075700,-14.8264
-1075800,-14.9094
-1075900,-15.0144
-1076000,-15.1584
-1076100,-15.2814
-1076200,-15.4214
-1076300,-15.5644
-1076400,-15.7294
-1076500,-15.8974
-1076600,-16.0974
-1076700,-16.3004
-1076800,-16.5234
-1076900,-16.7674
-1077000,-17.0394
-1077100,-17.3044
-1077200,-17.5904
-1077300,-17.9474
-1077400,-18.2344
-1077500,-18.6474
-1077600,-19.0564
-1077700,-19.4664
-1077800,-19.8504
-1077900,-20.1974
-1078000,-20.4814
-1078100,-20.7934
-1078200,-21.1464
-1078300,-21.4924
-1078400,-21.8414
-1078500,-22.2494
-1078600,-22.7114
-1078700,-23.1874
-1078800,-23.6874
-1078900,-24.1514
-1079000,-24.5944
-1079100,-25.0594
-1079200,-25.5324
-1079300,-25.8534
-1079400,-26.1724
-1079500,-26.4604
-1079600,-26.8054
-1079700,-27.0584
-1079800,-27.3464
-1079900,-27.5774
-1080000,-27.7784
-1080100,-27.9544
-1080200,-28.0994
-1080300,-28.2684
-1080400,-28.4254
-1080500,-28.5934
-1080600,-28.7644
-1080700,-28.9784
-1080800,-29.1864
-1080900,-29.3674
-1081000,-29.5924
-1081100,-29.8224
-1081200,-30.0664
-1081300,-30.3464
-1081400,-30.6314
-1081500,-30.8874
-1081600,-31.1924
-1081700,-31.4624
-1081800,-31.7464
-1081900,-32.0094
-1082000,-32.3234
-1082100,-32.6484
-1082200,-32.9684
-1082300,-33.2744
-1082400,-33.5994
-1082500,-33.9314
-1082600,-34.2744
-1082700,-34.6014
-1082800,-34.9474
-1082900,-35.2924
-1083000,-35.6414
-1083100,-36.0044
-1083200,-36.3754
-1083300,-36.8064
-1083400,-37.2194
-1083500,-37.6544
-1083600,-38.0754
-1083700,-38.5234
-1083800,-38.8914
-1083900,-39.2834
-1084000,-39.6534
-1084100,-40.1064
-1084200,-40.5554
-1084300,-40.9974
-1084400,-41.4574
-1084500,-41.8564
-1084600,-42.2314
-1084700,-42.5594
-1084800,-42.8974
-1084900,-43.2074
-1085000,-43.4934
-1085100,-43.7604
-1085200,-44.0084
-1085300,-44.2504
-1085400,-44.4744
-1085500,-44.7124
-1085600,-44.9304
-1085700,-45.1594
-1085800,-45.4024
-1085900,-45.6474
-1086000,-45.9184
-1086100,-46.1694
-1086200,-46.4004
-1086300,-46.5864
-1086400,-46.7304
-1086500,-46.8694
-1086600,-47.0234
-1086700,-47.1504
-1086800,-47.2304
-1086900,-47.3184
-1087000,-47.3974
-1087100,-47.4674
-1087200,-47.5294
-1087300,-47.5834
-1087400,-47.6344
-1087500,-47.6844
-1087600,-47.7374
-1087700,-47.7944
-1087800,-47.8594
-1087900,-47.9244
-1088000,-47.9804
-1088100,-48.0434
-1088200,-48.0894
-1088300,-48.1404
-1088400,-48.1884
-1088500,-48.2134
-1088600,-48.2364
-1088700,-48.2764
-1088800,-48.3184
-1088900,-48.3424
-1089000,-48.3844
-1089100,-48.4414
-1089200,-48.4584
-1089300,-48.4844
-1089400,-48.5204
-1089500,-48.5414
-1089600,-48.5764
-1089700,-48.6044
-1089800,-48.6474
-1089900,-48.6694
-1090000,-48.7044
-1090100,-48.7094
-1090200,-48.7484
-1090300,-48.7444
-1090400,-48.7774
-1090500,-48.7914
-1090600,-48.7984
-1090700,-48.7924
-1090800,-48.8194
-1090900,-48.8224
-1091000,-48.8464
-1091100,-48.8524
-1091200,-48.8594
-1091300,-48.8854
-1091400,-48.8874
-1091500,-48.8894
-1091600,-48.9074
-1091700,-48.9024
-1091800,-48.9044
-1091900,-48.9264
-1092000,-48.9434
-1092100,-48.9474
-1092200,-48.9494
-1092300,-48.9354
-1092400,-48.9474
-1092500,-48.9474
-1092600,-48.9604
-1092700,-48.9754
-1092800,-49.0114
-1092900,-49.0154
-1093000,-49.0224
-1093100,-49.0474
-1093200,-49.0774
-1093300,-49.0984
-1093400,-49.1174
-1093500,-49.1504
-1093600,-49.1784
-1093700,-49.2304
-1093800,-49.2674
-1093900,-49.3234
-1094000,-49.3894
-1094100,-49.4474
-1094200,-49.4994
-1094300,-49.5674
-1094400,-49.6394
-1094500,-49.7344
-1094600,-49.8544
-1094700,-50.0034
-1094800,-50.2324
-1094900,-50.4164
-1095000,-50.5194
-1095100,-50.6054
-1095200,-50.6684
-1095300,-50.7474
-1095400,-50.8054
-1095500,-50.8304
-1095600,-50.8504
-1095700,-50.8564
-1095800,-50.7754
-1095900,-50.7144
-1096000,-50.6294
-1096100,-50.5424
-1096200,-50.4294
-1096300,-50.2904
-1096400,-50.1394
-1096500,-49.9574
-1096600,-49.8074
-1096700,-49.6134
-1096800,-49.4174
-1096900,-49.2074
-1097000,-49.0064
-1097100,-48.7894
-1097200,-48.5614
-1097300,-48.3374
-1097400,-48.1004
-1097500,-47.8694
-1097600,-47.6324
-1097700,-47.3874
-1097800,-47.1654
-1097900,-46.9184
-1098000,-46.6884
-1098100,-46.4324
-1098200,-46.1954
-1098300,-45.9414
-1098400,-45.6954
-1098500,-45.4474
-1098600,-45.1964
-1098700,-44.9354
-1098800,-44.6664
-1098900,-44.3834
-1099000,-44.0954
-1099100,-43.7914
-1099200,-43.5004
-1099300,-43.1914
-1099400,-42.9144
-1099500,-42.6064
-1099600,-42.3394
-1099700,-42.0534
-1099800,-41.7784
-1099900,-41.5144
-1100000,-41.2494
-1100100,-40.9914
-1100200,-40.7394
-1100300,-40.5014
-1100400,-40.2504
-1100500,-40.0284
-1100600,-39.8014
-1100700,-39.5744
-1100800,-39.3564
-1100900,-39.1414
-1101000,-38.9304
-1101100,-38.7194
-1101200,-38.5344
-1101300,-38.3414
-1101400,-38.1484
-1101500,-37.9634
-1101600,-37.7504
-1101700,-37.5604
-1101800,-37.3874
-1101900,-37.2034
-1102000,-37.0304
-1102100,-36.8564
-1102200,-36.6724
-1102300,-36.5114
-1102400,-36.3184
-1102500,-36.1254
-1102600,-35.9404
-1102700,-35.7444
-1102800,-35.5654
-1102900,-35.3964
-1103000,-35.2194
-1103100,-35.0344
-1103200,-34.8334
-1103300,-34.6354
-1103400,-34.4404
-1103500,-34.2544
-1103600,-34.0374
-1103700,-33.8244
-1103800,-33.6154
-1103900,-33.3854
-1104000,-33.1984
-1104100,-33.0284
-1104200,-32.8844
-1104300,-32.7154
-1104400,-32.5824
-1104500,-32.4304
-1104600,-32.2824
-1104700,-32.1404
-1104800,-32.0084
-1104900,-31.8944
-1105000,-31.7664
-1105100,-31.6504
-1105200,-31.5414
-1105300,-31.4224
-1105400,-31.3064
-1105500,-31.1974
-1105600,-31.0764
-1105700,-30.9574
-1105800,-30.8244
-1105900,-30.7184
-1106000,-30.6214
-1106100,-30.5104
-1106200,-30.4124
-1106300,-30.3044
-1106400,-30.2084
-1106500,-30.0994
-1106600,-30.0024
-1106700,-29.9114
-1106800,-29.8074
-1106900,-29.6914
-1107000,-29.5954
-1107100,-29.5144
-1107200,-29.4274
-1107300,-29.3294
-1107400,-29.2164
-1107500,-29.0554
-1107600,-28.9434
-1107700,-28.8344
-1107800,-28.7554
-1107900,-28.6984
-1108000,-28.7204
-1108100,-28.7304
-1108200,-28.7454
-1108300,-28.8284
-1108400,-28.8784
-1108500,-28.9754
-1108600,-29.0904
-1108700,-29.2574
-1108800,-29.4154
-1108900,-29.5944
-1109000,-29.8034
-1109100,-30.0334
-1109200,-30.2994
-1109300,-30.5554
-1109400,-30.8184
-1109500,-31.0864
-1109600,-31.3774
-1109700,-31.6664
-1109800,-31.9924
-1109900,-32.4034
-1110000,-32.8464
-1110100,-33.2504
-1110200,-33.6654
-1110300,-34.0754
-1110400,-34.5224
-1110500,-34.9784
-1110600,-35.5044
-1110700,-36.0464
-1110800,-36.5534
-1110900,-37.0924
-1111000,-37.6484
-1111100,-38.2264
-1111200,-38.8244
-1111300,-39.4314
-1111400,-40.1014
-1111500,-40.7594
-1111600,-41.4004
-1111700,-41.9874
-1111800,-42.4724
-1111900,-43.0004
-1112000,-43.5714
-1112100,-44.1064
-1112200,-44.6954
-1112300,-45.2974
-1112400,-45.9004
-1112500,-46.5104
-1112600,-47.1024
-1112700,-47.7504
-1112800,-48.3294
-1112900,-48.8794
-1113000,-49.4584
-1113100,-50.0034
-1113200,-50.4504
-1113300,-50.9364
-1113400,-51.4344
-1113500,-51.8954
-1113600,-52.3664
-1113700,-52.8554
-1113800,-53.3204
-1113900,-53.7604
-1114000,-54.2034
-1114100,-54.6404
-1114200,-55.0884
-1114300,-55.5284
-1114400,-55.9774
-1114500,-56.3694
-1114600,-56.7764
-1114700,-57.1294
-1114800,-57.4634
-1114900,-57.7844
-1115000,-58.0344
-1115100,-58.2254
-1115200,-58.4124
-1115300,-58.5764
-1115400,-58.7434
-1115500,-58.9234
-1115600,-59.0554
-1115700,-59.1864
-1115800,-59.3194
-1115900,-59.4944
-1116000,-59.6344
-1116100,-59.7984
-1116200,-59.9694
-1116300,-60.1274
-1116400,-60.3124
-1116500,-60.4854
-1116600,-60.6864
-1116700,-60.8474
-1116800,-61.0314
-1116900,-61.2444
-1117000,-61.4424
-1117100,-61.6554
-1117200,-61.8544
-1117300,-62.0534
-1117400,-62.2474
-1117500,-62.4364
-1117600,-62.6364
-1117700,-62.8484
-1117800,-63.0364
-1117900,-63.2124
-1118000,-63.3944
-1118100,-63.5584
-1118200,-63.7474
-1118300,-63.9104
-1118400,-64.0794
-1118500,-64.2534
-1118600,-64.4474
-1118700,-64.6614
-1118800,-64.8214
-1118900,-64.9544
-1119000,-65.0884
-1119100,-65.1974
-1119200,-65.3124
-1119300,-65.4324
-1119400,-65.5484
-1119500,-65.6624
-1119600,-65.7744
-1119700,-65.8864
-1119800,-65.9994
-1119900,-66.1414
-1120000,-66.2644
-1120100,-66.4324
-1120200,-66.5734
-1120300,-66.7774
-1120400,-66.9714
-1120500,-67.1454
-1120600,-67.4414
-1120700,-67.7794
-1120800,-68.1654
-1120900,-68.5574
-1121000,-68.9484
-1121100,-69.3794
-1121200,-69.7844
-1121300,-70.2894
-1121400,-70.7094
-1121500,-71.0814
-1121600,-71.4224
-1121700,-71.6964
-1121800,-71.9094
-1121900,-72.0724
-1122000,-72.1894
-1122100,-72.2644
-1122200,-72.3084
-1122300,-72.3304
-1122400,-72.3654
-1122500,-72.3414
-1122600,-72.3024
-1122700,-72.2484
-1122800,-72.1894
-1122900,-72.1154
-1123000,-72.0504
-1123100,-71.9404
-1123200,-71.8374
-1123300,-71.7144
-1123400,-71.6064
-1123500,-71.4794
-1123600,-71.3684
-1123700,-71.2504
-1123800,-71.1164
-1123900,-70.9974
-1124000,-70.8614
-1124100,-70.7304
-1124200,-70.5924
-1124300,-70.4554
-1124400,-70.3284
-1124500,-70.1624
-1124600,-70.0124
-1124700,-69.8504
-1124800,-69.6884
-1124900,-69.5424
-1125000,-69.4134
-1125100,-69.2194
-1125200,-69.0554
-1125300,-68.8794
-1125400,-68.7154
-1125500,-68.5344
-1125600,-68.3194
-1125700,-68.1314
-1125800,-67.9314
-1125900,-67.7054
-1126000,-67.4744
-1126100,-67.2444
-1126200,-67.0024
-1126300,-66.7724
-1126400,-66.4944
-1126500,-66.2474
-1126600,-65.9594
-1126700,-65.6984
-1126800,-65.4114
-1126900,-65.1194
-1127000,-64.8374
-1127100,-64.5364
-1127200,-64.2324
-1127300,-63.8954
-1127400,-63.6124
-1127500,-63.2884
-1127600,-62.9764
-1127700,-62.6234
-1127800,-62.3194
-1127900,-61.9964
-1128000,-61.6574
-1128100,-61.3214
-1128200,-60.9704
-1128300,-60.6504
-1128400,-60.3834
-1128500,-60.0894
-1128600,-59.8204
-1128700,-59.5404
-1128800,-59.2674
-1128900,-59.0444
-1129000,-58.8164
-1129100,-58.5844
-1129200,-58.3564
-1129300,-58.1444
-1129400,-57.9364
-1129500,-57.7294
-1129600,-57.5374
-1129700,-57.3714
-1129800,-57.2044
-1129900,-57.0434
-1130000,-56.8764
-1130100,-56.7124
-1130200,-56.5194
-1130300,-56.3614
-1130400,-56.1994
-1130500,-56.0624
-1130600,-55.9084
-1130700,-55.7414
-1130800,-55.5934
-1130900,-55.4744
-1131000,-55.3084
-1131100,-55.1824
-1131200,-55.0284
-1131300,-54.8954
-1131400,-54.7404
-1131500,-54.6044
-1131600,-54.4574
-1131700,-54.3164
-1131800,-54.1704
-1131900,-54.0274
-1132000,-53.8604
-1132100,-53.7204
-1132200,-53.5544
-1132300,-53.4114
-1132400,-53.2514
-1132500,-53.0874
-1132600,-52.9264
-1132700,-52.7514
-1132800,-52.5764
-1132900,-52.3804
-1133000,-52.1934
-1133100,-52.0194
-1133200,-51.8314
-1133300,-51.6284
-1133400,-51.4204
-1133500,-51.2074
-1133600,-50.9784
-1133700,-50.7524
-1133800,-50.5124
-1133900,-50.2754
-1134000,-50.0414
-1134100,-49.8014
-1134200,-49.5614
-1134300,-49.3244
-1134400,-49.0574
-1134500,-48.7974
-1134600,-48.5334
-1134700,-48.2614
-1134800,-47.9724
-1134900,-47.6774
-1135000,-47.3904
-1135100,-47.0964
-1135200,-46.8164
-1135300,-46.5284
-1135400,-46.2234
-1135500,-45.9304
-1135600,-45.6334
-1135700,-45.3434
-1135800,-45.0414
-1135900,-44.7354
-1136000,-44.3914
-1136100,-44.0874
-1136200,-43.7704
-1136300,-43.4234
-1136400,-43.1324
-1136500,-42.8294
-1136600,-42.5274
-1136700,-42.2404
-1136800,-41.9634
-1136900,-41.7244
-1137000,-41.5014
-1137100,-41.2844
-1137200,-41.0694
-1137300,-40.8224
-1137400,-40.6264
-1137500,-40.4284
-1137600,-40.2364
-1137700,-40.0564
-1137800,-39.8994
-1137900,-39.7574
-1138000,-39.6024
-1138100,-39.4514
-1138200,-39.3154
-1138300,-39.1784
-1138400,-39.0574
-1138500,-38.9284
-1138600,-38.7964
-1138700,-38.6414
-1138800,-38.4954
-1138900,-38.3824
-1139000,-38.2484
-1139100,-38.1334
-1139200,-37.9934
-1139300,-37.8664
-1139400,-37.7424
-1139500,-37.6054
-1139600,-37.4744
-1139700,-37.3404
-1139800,-37.2114
-1139900,-37.0704
-1140000,-36.9244
-1140100,-36.8164
-1140200,-36.6414
-1140300,-36.5204
-1140400,-36.3784
-1140500,-36.2504
-1140600,-36.1004
-1140700,-35.9204
-1140800,-35.7444
-1140900,-35.6204
-1141000,-35.5104
-1141100,-35.4144
-1141200,-35.2944
-1141300,-35.1654
-1141400,-35.0594
-1141500,-34.9704
-1141600,-34.8674
-1141700,-34.7814
-1141800,-34.6814
-1141900,-34.5814
-1142000,-34.5264
-1142100,-34.4434
-1142200,-34.3714
-1142300,-34.3064
-1142400,-34.2424
-1142500,-34.1734
-1142600,-34.0834
-1142700,-34.0124
-1142800,-33.9454
-1142900,-33.8894
-1143000,-33.8304
-1143100,-33.7734
-1143200,-33.7214
-1143300,-33.6484
-1143400,-33.5764
-1143500,-33.5054
-1143600,-33.4414
-1143700,-33.3724
-1143800,-33.2924
-1143900,-33.2394
-1144000,-33.1894
-1144100,-33.1444
-1144200,-33.0874
-1144300,-33.0434
-1144400,-32.9914
-1144500,-32.9594
-1144600,-32.8974
-1144700,-32.8634
-1144800,-32.7954
-1144900,-32.7424
-1145000,-32.6904
-1145100,-32.6384
-1145200,-32.5704
-1145300,-32.5214
-1145400,-32.4504
-1145500,-32.3924
-1145600,-32.3324
-1145700,-32.2814
-1145800,-32.2114
-1145900,-32.1604
-1146000,-32.1084
-1146100,-32.0494
-1146200,-31.9844
-1146300,-31.9204
-1146400,-31.8464
-1146500,-31.7834
-1146600,-31.7194
-1146700,-31.6534
-1146800,-31.6024
-1146900,-31.5354
-1147000,-31.4744
-1147100,-31.4144
-1147200,-31.3614
-1147300,-31.2834
-1147400,-31.2134
-1147500,-31.1504
-1147600,-31.0754
-1147700,-30.9894
-1147800,-30.9174
-1147900,-30.8554
-1148000,-30.7724
-1148100,-30.6994
-1148200,-30.6124
-1148300,-30.5244
-1148400,-30.4204
-1148500,-30.3284
-1148600,-30.2284
-1148700,-30.1394
-1148800,-30.0414
-1148900,-29.9344
-1149000,-29.8374
-1149100,-29.7434
-1149200,-29.6584
-1149300,-29.5704
-1149400,-29.4824
-1149500,-29.3924
-1149600,-29.3024
-1149700,-29.2134
-1149800,-29.1144
-1149900,-29.0374
-1150000,-28.9534
-1150100,-28.8544
-1150200,-28.7664
-1150300,-28.6754
-1150400,-28.5774
-1150500,-28.4834
-1150600,-28.3974
-1150700,-28.3194
-1150800,-28.2384
-1150900,-28.1614
-1151000,-28.0874
-1151100,-28.0074
-1151200,-27.9354
-1151300,-27.8584
-1151400,-27.7864
-1151500,-27.7234
-1151600,-27.6574
-1151700,-27.5974
-1151800,-27.5334
-1151900,-27.4784
-1152000,-27.4014
-1152100,-27.3494
-1152200,-27.2774
-1152300,-27.2144
-1152400,-27.1394
-1152500,-27.0684
-1152600,-27.0084
-1152700,-26.9334
-1152800,-26.8644
-1152900,-26.8024
-1153000,-26.7324
-1153100,-26.6684
-1153200,-26.5914
-1153300,-26.5244
-1153400,-26.4534
-1153500,-26.3784
-1153600,-26.3114
-1153700,-26.2394
-1153800,-26.1804
-1153900,-26.1294
-1154000,-26.0524
-1154100,-25.9844
-1154200,-25.9084
-1154300,-25.8224
-1154400,-25.7384
-1154500,-25.6514
-1154600,-25.5614
-1154700,-25.4764
-1154800,-25.3924
-1154900,-25.2994
-1155000,-25.2234
-1155100,-25.1474
-1155200,-25.0614
-1155300,-24.9884
-1155400,-24.9084
-1155500,-24.8204
-1155600,-24.7394
-1155700,-24.6684
-1155800,-24.6054
-1155900,-24.5244
-1156000,-24.4514
-1156100,-24.3794
-1156200,-24.3054
-1156300,-24.2414
-1156400,-24.1544
-1156500,-24.0904
-1156600,-24.0114
-1156700,-23.9184
-1156800,-23.8134
-1156900,-23.7314
-1157000,-23.6514
-1157100,-23.5594
-1157200,-23.4834
-1157300,-23.3934
-1157400,-23.3104
-1157500,-23.2434
-1157600,-23.1804
-1157700,-23.0994
-1157800,-23.0284
-1157900,-22.9434
-1158000,-22.8714
-1158100,-22.7964
-1158200,-22.7094
-1158300,-22.6454
-1158400,-22.5764
-1158500,-22.5174
-1158600,-22.4584
-1158700,-22.3774
-1158800,-22.3014
-1158900,-22.2534
-1159000,-22.2004
-1159100,-22.1504
-1159200,-22.0934
-1159300,-22.0514
-1159400,-22.0184
-1159500,-21.9784
-1159600,-21.9464
-1159700,-21.9074
-1159800,-21.8774
-1159900,-21.8454
-1160000,-21.8194
-1160100,-21.7854
-1160200,-21.7534
-1160300,-21.7294
-1160400,-21.6834
-1160500,-21.6484
-1160600,-21.6304
-1160700,-21.5964
-1160800,-21.5634
-1160900,-21.5494
-1161000,-21.5114
-1161100,-21.4854
-1161200,-21.4644
-1161300,-21.4314
-1161400,-21.4204
-1161500,-21.4004
-1161600,-21.3904
-1161700,-21.3814
-1161800,-21.3864
-1161900,-21.3854
-1162000,-21.3944
-1162100,-21.4064
-1162200,-21.4074
-1162300,-21.4194
-1162400,-21.4294
-1162500,-21.4384
-1162600,-21.4404
-1162700,-21.4564
-1162800,-21.4694
-1162900,-21.4734
-1163000,-21.4884
-1163100,-21.4994
-1163200,-21.5164
-1163300,-21.5284
-1163400,-21.5464
-1163500,-21.5644
-1163600,-21.5814
-1163700,-21.6134
-1163800,-21.6254
-1163900,-21.6574
-1164000,-21.6774
-1164100,-21.7034
-1164200,-21.7474
-1164300,-21.7844
-1164400,-21.8144
-1164500,-21.8594
-1164600,-21.8984
-1164700,-21.9534
-1164800,-22.0254
-1164900,-22.0934
-1165000,-22.1754
-1165100,-22.2344
-1165200,-22.2864
-1165300,-22.3744
-1165400,-22.4954
-1165500,-22.6094
-1165600,-22.7034
-1165700,-22.7784
-1165800,-22.8564
-1165900,-22.9334
-1166000,-22.9964
-1166100,-23.0694
-1166200,-23.1644
-1166300,-23.2364
-1166400,-23.2924
-1166500,-23.3574
-1166600,-23.4424
-1166700,-23.5174
-1166800,-23.5964
-1166900,-23.6664
-1167000,-23.7234
-1167100,-23.8094
-1167200,-23.9034
-1167300,-23.9934
-1167400,-24.0954
-1167500,-24.1844
-1167600,-24.3504
-1167700,-24.5304
-1167800,-24.7204
-1167900,-24.9034
-1168000,-25.0674
-1168100,-25.1934
-1168200,-25.3464
-1168300,-25.5804
-1168400,-25.8854
-1168500,-26.2254
-1168600,-26.5164
-1168700,-26.8714
-1168800,-27.3774
-1168900,-27.8964
-1169000,-28.2104
-1169100,-28.4584
-1169200,-28.6864
-1169300,-29.0124
-1169400,-29.2674
-1169500,-29.5124
-1169600,-29.7084
-1169700,-29.8494
-1169800,-29.9764
-1169900,-30.0984
-1170000,-30.2094
-1170100,-30.3464
-1170200,-30.4194
-1170300,-30.5054
-1170400,-30.5584
-1170500,-30.6164
-1170600,-30.6814
-1170700,-30.7474
-1170800,-30.7874
-1170900,-30.8344
-1171000,-30.8974
-1171100,-30.9544
-1171200,-30.9784
-1171300,-30.9944
-1171400,-30.9904
-1171500,-30.9984
-1171600,-30.9924
-1171700,-30.9884
-1171800,-30.9594
-1171900,-30.9354
-1172000,-30.9064
-1172100,-30.8744
-1172200,-30.8324
-1172300,-30.7824
-1172400,-30.7304
-1172500,-30.7014
-1172600,-30.6294
-1172700,-30.5644
-1172800,-30.4904
-1172900,-30.4284
-1173000,-30.3634
-1173100,-30.2814
-1173200,-30.2104
-1173300,-30.1284
-1173400,-30.0454
-1173500,-29.9494
-1173600,-29.8734
-1173700,-29.7774
-1173800,-29.6974
-1173900,-29.5934
-1174000,-29.5114
-1174100,-29.4054
-1174200,-29.2954
-1174300,-29.2054
-1174400,-29.1014
-1174500,-28.9864
-1174600,-28.8824
-1174700,-28.7654
-1174800,-28.6594
-1174900,-28.5394
-1175000,-28.4184
-1175100,-28.2884
-1175200,-28.1734
-1175300,-28.0334
-1175400,-27.8944
-1175500,-27.7634
-1175600,-27.6564
-1175700,-27.5534
-1175800,-27.4264
-1175900,-27.3004
-1176000,-27.1824
-1176100,-27.0534
-1176200,-26.9264
-1176300,-26.7984
-1176400,-26.6574
-1176500,-26.5024
-1176600,-26.3914
-1176700,-26.2654
-1176800,-26.1494
-1176900,-26.0544
-1177000,-25.9504
-1177100,-25.8544
-1177200,-25.7804
-1177300,-25.7184
-1177400,-25.6544
-1177500,-25.5754
-1177600,-25.4974
-1177700,-25.4224
-1177800,-25.3474
-1177900,-25.2784
-1178000,-25.1934
-1178100,-25.1144
-1178200,-25.0324
-1178300,-24.9484
-1178400,-24.8904
-1178500,-24.8224
-1178600,-24.7534
-1178700,-24.6864
-1178800,-24.6274
-1178900,-24.5654
-1179000,-24.4984
-1179100,-24.4314
-1179200,-24.3574
-1179300,-24.3004
-1179400,-24.2484
-1179500,-24.1824
-1179600,-24.1234
-1179700,-24.0634
-1179800,-24.0234
-1179900,-23.9974
-1180000,-23.9594
-1180100,-23.9184
-1180200,-23.8844
-1180300,-23.8474
-1180400,-23.8204
-1180500,-23.7874
-1180600,-23.7584
-1180700,-23.7334
-1180800,-23.6974
-1180900,-23.6704
-1181000,-23.6334
-1181100,-23.6054
-1181200,-23.5684
-1181300,-23.5414
-1181400,-23.5164
-1181500,-23.4884
-1181600,-23.4704
-1181700,-23.4474
-1181800,-23.4114
-1181900,-23.3844
-1182000,-23.3444
-1182100,-23.3174
-1182200,-23.3184
-1182300,-23.2954
-1182400,-23.2954
-1182500,-23.2954
-1182600,-23.3104
-1182700,-23.3304
-1182800,-23.3374
-1182900,-23.3414
-1183000,-23.3424
-1183100,-23.3734
-1183200,-23.4004
-1183300,-23.4204
-1183400,-23.4544
-1183500,-23.4964
-1183600,-23.5214
-1183700,-23.5564
-1183800,-23.5984
-1183900,-23.6504
-1184000,-23.6984
-1184100,-23.7494
-1184200,-23.8134
-1184300,-23.8854
-1184400,-23.9554
-1184500,-24.0224
-1184600,-24.0994
-1184700,-24.1874
-1184800,-24.2694
-1184900,-24.3554
-1185000,-24.4634
-1185100,-24.5894
-1185200,-24.7004
-1185300,-24.8024
-1185400,-24.9354
-1185500,-25.0614
-1185600,-25.1934
-1185700,-25.3424
-1185800,-25.5174
-1185900,-25.6964
-1186000,-25.8764
-1186100,-26.0484
-1186200,-26.2444
-1186300,-26.4654
-1186400,-26.6574
-1186500,-26.8964
-1186600,-27.1174
-1186700,-27.3184
-1186800,-27.5164
-1186900,-27.7114
-1187000,-27.9284
-1187100,-28.1834
-1187200,-28.4084
-1187300,-28.6394
-1187400,-28.8774
-1187500,-29.1834
-1187600,-29.5354
-1187700,-29.8914
-1187800,-30.3134
-1187900,-30.7544
-1188000,-31.2534
-1188100,-31.8114
-1188200,-32.4754
-1188300,-33.2194
-1188400,-34.0084
-1188500,-34.7684
-1188600,-35.6744
-1188700,-36.7424
-1188800,-37.6964
-1188900,-38.7224
-1189000,-39.8354
-1189100,-41.1324
-1189200,-42.4224
-1189300,-43.6704
-1189400,-45.0074
-1189500,-46.2434
-1189600,-47.5634
-1189700,-48.8564
-1189800,-50.1194
-1189900,-51.3394
-1190000,-52.5564
-1190100,-53.7504
-1190200,-54.7184
-1190300,-55.4454
-1190400,-56.2064
-1190500,-56.8694
-1190600,-57.5734
-1190700,-58.2214
-1190800,-58.8254
-1190900,-59.5014
-1191000,-60.0934
-1191100,-60.6184
-1191200,-61.0804
-1191300,-61.4554
-1191400,-61.7764
-1191500,-62.1354
-1191600,-62.4734
-1191700,-62.7974
-1191800,-63.0524
-1191900,-63.2244
-1192000,-63.3654
-1192100,-63.4744
-1192200,-63.5864
-1192300,-63.6984
-1192400,-63.7934
-1192500,-63.8944
-1192600,-63.9884
-1192700,-64.0914
-1192800,-64.2174
-1192900,-64.3414
-1193000,-64.4354
-1193100,-64.5514
-1193200,-64.6704
-1193300,-64.8254
-1193400,-64.9744
-1193500,-65.1294
-1193600,-65.3444
-1193700,-65.5764
-1193800,-65.8824
-1193900,-66.1874
-1194000,-66.4994
-1194100,-66.8194
-1194200,-67.1844
-1194300,-67.5374
-1194400,-67.9594
-1194500,-68.4244
-1194600,-68.8614
-1194700,-69.2034
-1194800,-69.5274
-1194900,-69.7784
-1195000,-70.0014
-1195100,-70.1824
-1195200,-70.3264
-1195300,-70.4454
-1195400,-70.5324
-1195500,-70.6064
-1195600,-70.6764
-1195700,-70.7404
-1195800,-70.7814
-1195900,-70.8164
-1196000,-70.8174
-1196100,-70.8054
-1196200,-70.8094
-1196300,-70.7704
-1196400,-70.7354
-1196500,-70.6864
-1196600,-70.6514
-1196700,-70.6054
-1196800,-70.5594
-1196900,-70.5064
-1197000,-70.4324
-1197100,-70.3604
-1197200,-70.2574
-1197300,-70.1604
-1197400,-70.0584
-1197500,-69.9664
-1197600,-69.8554
-1197700,-69.7404
-1197800,-69.6224
-1197900,-69.5034
-1198000,-69.3464
-1198100,-69.2284
-1198200,-69.0694
-1198300,-68.9354
-1198400,-68.7924
-1198500,-68.6324
-1198600,-68.4694
-1198700,-68.3374
-1198800,-68.1804
-1198900,-68.0354
-1199000,-67.8764
-1199100,-67.7114
-1199200,-67.5434
-1199300,-67.3574
-1199400,-67.1864
-1199500,-67.0104
-1199600,-66.8544
-1199700,-66.6734
-1199800,-66.4774
-1199900,-66.3004
-1200000,-66.1244
-1200100,-65.9024
-1200200,-65.7274
-1200300,-65.5144
-1200400,-65.3164
-1200500,-65.1094
-1200600,-64.9214
-1200700,-64.7314
-1200800,-64.4914
-1200900,-64.3154
-1201000,-64.1534
-1201100,-64.0144
-1201200,-63.8514
-1201300,-63.6814
-1201400,-63.5174
-1201500,-63.3694
-1201600,-63.1904
-1201700,-63.0324
-1201800,-62.8704
-1201900,-62.7084
-1202000,-62.5394
-1202100,-62.4064
-1202200,-62.2584
-1202300,-62.1264
-1202400,-61.9834
-1202500,-61.8554
-1202600,-61.7254
-1202700,-61.6134
-1202800,-61.4944
-1202900,-61.3894
-1203000,-61.2844
-1203100,-61.1884
-1203200,-61.0744
-1203300,-60.9854
-1203400,-60.8804
-1203500,-60.7904
-1203600,-60.6834
-1203700,-60.5794
-1203800,-60.4724
-1203900,-60.3534
-1204000,-60.2304
-1204100,-60.1144
-1204200,-59.9974
-1204300,-59.8684
-1204400,-59.7394
-1204500,-59.6054
-1204600,-59.4694
-1204700,-59.3494
-1204800,-59.2104
-1204900,-59.0764
-1205000,-58.9504
-1205100,-58.8274
-1205200,-58.6874
-1205300,-58.5454
-1205400,-58.3874
-1205500,-58.2274
-1205600,-58.0574
-1205700,-57.8814
-1205800,-57.7024
-1205900,-57.5254
-1206000,-57.3404
-1206100,-57.1504
-1206200,-56.9734
-1206300,-56.7864
-1206400,-56.5944
-1206500,-56.4384
-1206600,-56.2594
-1206700,-56.0704
-1206800,-55.8934
-1206900,-55.7214
-1207000,-55.5284
-1207100,-55.3594
-1207200,-55.1594
-1207300,-54.9694
-1207400,-54.7864
-1207500,-54.5864
-1207600,-54.3864
-1207700,-54.2024
-1207800,-54.0064
-1207900,-53.8014
-1208000,-53.5904
-1208100,-53.3784
-1208200,-53.1724
-1208300,-52.9714
-1208400,-52.7524
-1208500,-52.5354
-1208600,-52.3244
-1208700,-52.0914
-1208800,-51.8704
-1208900,-51.6414
-1209000,-51.4204
-1209100,-51.1944
-1209200,-50.9604
-1209300,-50.7244
-1209400,-50.4864
-1209500,-50.2524
-1209600,-50.0044
-1209700,-49.7444
-1209800,-49.5064
-1209900,-49.2604
-1210000,-48.9944
-1210100,-48.7734
-1210200,-48.4864
-1210300,-48.2514
-1210400,-47.9824
-1210500,-47.7134
-1210600,-47.4534
-1210700,-47.1934
-1210800,-46.9124
-1210900,-46.6604
-1211000,-46.3814
-1211100,-46.1214
-1211200,-45.8474
-1211300,-45.5774
-1211400,-45.3084
-1211500,-45.0334
-1211600,-44.7554
-1211700,-44.4954
-1211800,-44.1954
-1211900,-43.9164
-1212000,-43.5944
-1212100,-43.2824
-1212200,-42.9524
-1212300,-42.6424
-1212400,-42.3194
-1212500,-41.9884
-1212600,-41.6734
-1212700,-41.3694
-1212800,-41.0864
-1212900,-40.7974
-1213000,-40.4904
-1213100,-40.2084
-1213200,-39.9424
-1213300,-39.6724
-1213400,-39.3934
-1213500,-39.1224
-1213600,-38.8504
-1213700,-38.5844
-1213800,-38.3284
-1213900,-38.0714
-1214000,-37.8144
-1214100,-37.5974
-1214200,-37.3674
-1214300,-37.1674
-1214400,-36.9414
-1214500,-36.7234
-1214600,-36.5104
-1214700,-36.3134
-1214800,-36.1134
-1214900,-35.9134
-1215000,-35.7264
-1215100,-35.5214
-1215200,-35.3404
-1215300,-35.1334
-1215400,-34.9424
-1215500,-34.7464
-1215600,-34.5414
-1215700,-34.3374
-1215800,-34.1254
-1215900,-33.9194
-1216000,-33.7114
-1216100,-33.5044
-1216200,-33.2844
-1216300,-33.0524
-1216400,-32.8244
-1216500,-32.6014
-1216600,-32.3824
-1216700,-32.1464
-1216800,-31.9124
-1216900,-31.6674
-1217000,-31.4234
-1217100,-31.1794
-1217200,-30.9104
-1217300,-30.6474
-1217400,-30.3854
-1217500,-30.1364
-1217600,-29.8594
-1217700,-29.5534
-1217800,-29.2454
-1217900,-28.9544
-1218000,-28.6334
-1218100,-28.3004
-1218200,-27.9654
-1218300,-27.6234
-1218400,-27.2714
-1218500,-26.9144
-1218600,-26.5344
-1218700,-26.1694
-1218800,-25.7804
-1218900,-25.3814
-1219000,-24.9904
-1219100,-24.5734
-1219200,-24.1564
-1219300,-23.7424
-1219400,-23.3184
-1219500,-22.8834
-1219600,-22.4384
-1219700,-21.9834
-1219800,-21.5354
-1219900,-21.0484
-1220000,-20.5814
-1220100,-20.0934
-1220200,-19.5834
-1220300,-19.0664
-1220400,-18.4784
-1220500,-17.8104
-1220600,-17.0804
-1220700,-16.5084
-1220800,-16.0454
-1220900,-15.7354
-1221000,-15.5004
-1221100,-15.2594
-1221200,-15.0224
-1221300,-14.8084
-1221400,-14.6014
-1221500,-14.4134
-1221600,-14.2444
-1221700,-14.0574
-1221800,-13.9024
-1221900,-13.7474
-1222000,-13.6144
-1222100,-13.4894
-1222200,-13.3704
-1222300,-13.2464
-1222400,-13.1134
-1222500,-12.9854
-1222600,-12.8544
-1222700,-12.7364
-1222800,-12.6324
-1222900,-12.5044
-1223000,-12.3934
-1223100,-12.2814
-1223200,-12.1804
-1223300,-12.0794
-1223400,-11.9924
-1223500,-11.8924
-1223600,-11.7894
-1223700,-11.6804
-1223800,-11.5904
-1223900,-11.5024
-1224000,-11.4314
-1224100,-11.3374
-1224200,-11.2624
-1224300,-11.1824
-1224400,-11.1094
-1224500,-11.0314
-1224600,-10.9654
-1224700,-10.9004
-1224800,-10.8384
-1224900,-10.7754
-1225000,-10.7134
-1225100,-10.6564
-1225200,-10.5994
-1225300,-10.5364
-1225400,-10.4794
-1225500,-10.4234
-1225600,-10.3824
-1225700,-10.3284
-1225800,-10.2684
-1225900,-10.2204
-1226000,-10.1654
-1226100,-10.1244
-1226200,-10.0954
-1226300,-10.0564
-1226400,-10.0294
-1226500,-9.9974
-1226600,-9.9614
-1226700,-9.9334
-1226800,-9.8974
-1226900,-9.8644
-1227000,-9.8384
-1227100,-9.8124
-1227200,-9.7804
-1227300,-9.7394
-1227400,-9.7264
-1227500,-9.6944
-1227600,-9.6704
-1227700,-9.6304
-1227800,-9.5994
-1227900,-9.5664
-1228000,-9.5324
-1228100,-9.5064
-1228200,-9.4764
-1228300,-9.4514
-1228400,-9.4254
-1228500,-9.3944
-1228600,-9.3694
-1228700,-9.3454
-1228800,-9.3194
-1228900,-9.3174
-1229000,-9.3014
-1229100,-9.2934
-1229200,-9.2934
-1229300,-9.2874
-1229400,-9.2924
-1229500,-9.3064
-1229600,-9.3174
-1229700,-9.3274
-1229800,-9.3394
-1229900,-9.3544
-1230000,-9.3774
-1230100,-9.3894
-1230200,-9.4044
-1230300,-9.4294
-1230400,-9.4544
-1230500,-9.4844
-1230600,-9.5164
-1230700,-9.5484
-1230800,-9.5944
-1230900,-9.6434
-1231000,-9.6924
-1231100,-9.7344
-1231200,-9.7804
-1231300,-9.8254
-1231400,-9.8724
-1231500,-9.9284
-1231600,-9.9874
-1231700,-10.0384
-1231800,-10.1104
-1231900,-10.1694
-1232000,-10.2304
-1232100,-10.3004
-1232200,-10.3574
-1232300,-10.4044
-1232400,-10.4464
-1232500,-10.5094
-1232600,-10.5684
-1232700,-10.6224
-1232800,-10.6884
-1232900,-10.7564
-1233000,-10.8424
-1233100,-10.9114
-1233200,-10.9454
-1233300,-10.9954
-1233400,-11.0494
-1233500,-11.0934
-1233600,-11.1364
-1233700,-11.1854
-1233800,-11.2264
-1233900,-11.2724
-1234000,-11.3154
-1234100,-11.3614
-1234200,-11.3974
-1234300,-11.4404
-1234400,-11.4724
-1234500,-11.4824
-1234600,-11.4904
-1234700,-11.5014
-1234800,-11.5124
-1234900,-11.5234
-1235000,-11.5314
-1235100,-11.5424
-1235200,-11.5614
-1235300,-11.5744
-1235400,-11.5884
-1235500,-11.6034
-1235600,-11.6134
-1235700,-11.6314
-1235800,-11.6454
-1235900,-11.6614
-1236000,-11.6704
-1236100,-11.6904
-1236200,-11.7144
-1236300,-11.7364
-1236400,-11.7524
-1236500,-11.7744
-1236600,-11.8074
-1236700,-11.8394
-1236800,-11.8744
-1236900,-11.9194
-1237000,-11.9544
-1237100,-11.9994
-1237200,-12.0384
-1237300,-12.0794
-1237400,-12.1294
-1237500,-12.1714
-1237600,-12.2094
-1237700,-12.2584
-1237800,-12.3054
-1237900,-12.3614
-1238000,-12.4164
-1238100,-12.4774
-1238200,-12.5364
-1238300,-12.5904
-1238400,-12.6694
-1238500,-12.7674
-1238600,-12.8894
-1238700,-13.0234
-1238800,-13.2274
-1238900,-13.4374
-1239000,-13.6414
-1239100,-13.8104
-1239200,-14.0334
-1239300,-14.2704
-1239400,-14.5044
-1239500,-14.7214
-1239600,-14.9374
-1239700,-15.2044
-1239800,-15.5414
-1239900,-15.8774
-1240000,-16.1684
-1240100,-16.4654
-1240200,-16.7454
-1240300,-17.0204
-1240400,-17.2974
-1240500,-17.5614
-1240600,-17.8424
-1240700,-18.1514
-1240800,-18.5044
-1240900,-18.8784
-1241000,-19.3024
-1241100,-19.7274
-1241200,-20.2724
-1241300,-20.8794
-1241400,-21.5114
-1241500,-22.0384
-1241600,-22.5454
-1241700,-23.0674
-1241800,-23.6184
-1241900,-24.1814
-1242000,-24.7854
-1242100,-25.4454
-1242200,-26.1644
-1242300,-26.8834
-1242400,-27.6084
-1242500,-28.3184
-1242600,-29.0414
-1242700,-29.7774
-1242800,-30.4404
-1242900,-31.2004
-1243000,-32.0934
-1243100,-33.0494
-1243200,-34.2244
-1243300,-35.4844
-1243400,-36.7544
-1243500,-37.9484
-1243600,-39.1674
-1243700,-40.3044
-1243800,-41.6114
-1243900,-42.7824
-1244000,-44.0284
-1244100,-45.3444
-1244200,-46.4654
-1244300,-47.5534
-1244400,-48.5614
-1244500,-49.5944
-1244600,-50.4814
-1244700,-51.3124
-1244800,-52.0604
-1244900,-52.7354
-1245000,-53.3184
-1245100,-53.8874
-1245200,-54.3934
-1245300,-54.8624
-1245400,-55.3944
-1245500,-55.8474
-1245600,-56.2854
-1245700,-56.6984
-1245800,-57.0784
-1245900,-57.4704
-1246000,-57.8094
-1246100,-58.1804
-1246200,-58.6104
-1246300,-58.9904
-1246400,-59.4304
-1246500,-59.9174
-1246600,-60.4174
-1246700,-60.8844
-1246800,-61.2794
-1246900,-61.5944
-1247000,-61.8664
-1247100,-61.9924
-1247200,-62.0704
-1247300,-62.1124
-1247400,-62.0894
-1247500,-62.0624
-1247600,-61.9844
-1247700,-61.9104
-1247800,-61.8164
-1247900,-61.7114
-1248000,-61.5714
-1248100,-61.4624
-1248200,-61.3294
-1248300,-61.1674
-1248400,-61.0014
-1248500,-60.8414
-1248600,-60.6794
-1248700,-60.5264
-1248800,-60.3504
-1248900,-60.1914
-1249000,-60.0044
-1249100,-59.8094
-1249200,-59.6094
-1249300,-59.4144
-1249400,-59.2004
-1249500,-58.9974
-1249600,-58.7764
-1249700,-58.5534
-1249800,-58.3284
-1249900,-58.0834
-1250000,-57.8534
-1250100,-57.6184
-1250200,-57.3924
-1250300,-57.1424
-1250400,-56.9044
-1250500,-56.6744
-1250600,-56.4304
-1250700,-56.1834
-1250800,-55.9474
-1250900,-55.6714
-1251000,-55.4124
-1251100,-55.1294
-1251200,-54.8514
-1251300,-54.5774
-1251400,-54.2894
-1251500,-54.0074
-1251600,-53.7094
-1251700,-53.4064
-1251800,-53.1014
-1251900,-52.7874
-1252000,-52.4724
-1252100,-52.1764
-1252200,-51.8464
-1252300,-51.5404
-1252400,-51.2294
-1252500,-50.9064
-1252600,-50.5964
-1252700,-50.2454
-1252800,-49.9334
-1252900,-49.6124
-1253000,-49.2844
-1253100,-48.9304
-1253200,-48.5804
-1253300,-48.2134
-1253400,-47.8854
-1253500,-47.5204
-1253600,-47.1754
-1253700,-46.8214
-1253800,-46.4624
-1253900,-46.1384
-1254000,-45.7974
-1254100,-45.4294
-1254200,-45.0914
-1254300,-44.7684
-1254400,-44.3924
-1254500,-44.0354
-1254600,-43.6664
-1254700,-43.3094
-1254800,-42.9144
-1254900,-42.5354
-1255000,-42.1884
-1255100,-41.8074
-1255200,-41.4004
-1255300,-41.0294
-1255400,-40.6684
-1255500,-40.3204
-1255600,-39.9814
-1255700,-39.6434
-1255800,-39.3404
-1255900,-39.0394
-1256000,-38.7894
-1256100,-38.5544
-1256200,-38.3174
-1256300,-38.1424
-1256400,-37.9544
-1256500,-37.7674
-1256600,-37.6134
-1256700,-37.4464
-1256800,-37.2974
-1256900,-37.1334
-1257000,-37.0544
-1257100,-36.9244
-1257200,-36.7824
-1257300,-36.6684
-1257400,-36.5704
-1257500,-36.4684
-1257600,-36.3754
-1257700,-36.3034
-1257800,-36.2294
-1257900,-36.1644
-1258000,-36.0994
-1258100,-36.0464
-1258200,-35.9924
-1258300,-35.9334
-1258400,-35.8804
-1258500,-35.8354
-1258600,-35.7934
-1258700,-35.7494
-1258800,-35.6914
-1258900,-35.6434
-1259000,-35.5994
-1259100,-35.5584
-1259200,-35.5144
-1259300,-35.4624
-1259400,-35.4174
-1259500,-35.3724
-1259600,-35.3334
-1259700,-35.2774
-1259800,-35.2284
-1259900,-35.1664
-1260000,-35.1344
-1260100,-35.0924
-1260200,-35.0494
-1260300,-35.0114
-1260400,-34.9674
-1260500,-34.9284
-1260600,-34.8924
-1260700,-34.8434
-1260800,-34.8044
-1260900,-34.7604
-1261000,-34.7104
-1261100,-34.6664
-1261200,-34.6124
-1261300,-34.5744
-1261400,-34.5134
-1261500,-34.4514
-1261600,-34.4134
-1261700,-34.3654
-1261800,-34.3104
-1261900,-34.2484
-1262000,-34.2114
-1262100,-34.1354
-1262200,-34.0904
-1262300,-34.0394
-1262400,-33.9764
-1262500,-33.9224
-1262600,-33.8604
-1262700,-33.7944
-1262800,-33.7284
-1262900,-33.6444
-1263000,-33.5674
-1263100,-33.4784
-1263200,-33.4204
-1263300,-33.3404
-1263400,-33.2754
-1263500,-33.2084
-1263600,-33.1474
-1263700,-33.0954
-1263800,-33.0394
-1263900,-32.9734
-1264000,-32.9154
-1264100,-32.8504
-1264200,-32.7914
-1264300,-32.7174
-1264400,-32.6624
-1264500,-32.5934
-1264600,-32.5344
-1264700,-32.4704
-1264800,-32.3994
-1264900,-32.3324
-1265000,-32.2734
-1265100,-32.1994
-1265200,-32.1384
-1265300,-32.0564
-1265400,-31.9924
-1265500,-31.9204
-1265600,-31.8394
-1265700,-31.7664
-1265800,-31.6944
-1265900,-31.6134
-1266000,-31.5484
-1266100,-31.4554
-1266200,-31.3854
-1266300,-31.3064
-1266400,-31.2224
-1266500,-31.1414
-1266600,-31.0574
-1266700,-30.9784
-1266800,-30.8854
-1266900,-30.8004
-1267000,-30.7144
-1267100,-30.6254
-1267200,-30.5464
-1267300,-30.4624
-1267400,-30.3674
-1267500,-30.2774
-1267600,-30.1774
-1267700,-30.0784
-1267800,-29.9714
-1267900,-29.8684
-1268000,-29.7624
-1268100,-29.6494
-1268200,-29.5594
-1268300,-29.4464
-1268400,-29.3454
-1268500,-29.2374
-1268600,-29.1364
-1268700,-29.0404
-1268800,-28.9184
-1268900,-28.8134
-1269000,-28.6994
-1269100,-28.5844
-1269200,-28.4714
-1269300,-28.3614
-1269400,-28.2444
-1269500,-28.1074
-1269600,-27.9944
-1269700,-27.8784
-1269800,-27.7624
-1269900,-27.6534
-1270000,-27.5434
-1270100,-27.4264
-1270200,-27.3034
-1270300,-27.1804
-1270400,-27.0654
-1270500,-26.9344
-1270600,-26.8094
-1270700,-26.6854
-1270800,-26.5574
-1270900,-26.4324
-1271000,-26.2884
-1271100,-26.1654
-1271200,-26.0244
-1271300,-25.8724
-1271400,-25.7174
-1271500,-25.5744
-1271600,-25.4154
-1271700,-25.2664
-1271800,-25.1034
-1271900,-24.9624
-1272000,-24.7944
-1272100,-24.6154
-1272200,-24.4404
-1272300,-24.2264
-1272400,-24.0294
-1272500,-23.8464
-1272600,-23.6714
-1272700,-23.4974
-1272800,-23.3304
-1272900,-23.1684
-1273000,-23.0024
-1273100,-22.8634
-1273200,-22.6774
-1273300,-22.5334
-1273400,-22.3784
-1273500,-22.2174
-1273600,-22.0724
-1273700,-21.9234
-1273800,-21.7614
-1273900,-21.6154
-1274000,-21.4994
-1274100,-21.3674
-1274200,-21.2434
-1274300,-21.0904
-1274400,-20.9684
-1274500,-20.8564
-1274600,-20.7534
-1274700,-20.6774
-1274800,-20.6104
-1274900,-20.5654
-1275000,-20.5184
-1275100,-20.4564
-1275200,-20.4054
-1275300,-20.3394
-1275400,-20.2794
-1275500,-20.2354
-1275600,-20.1744
-1275700,-20.1244
-1275800,-20.0624
-1275900,-20.0054
-1276000,-19.9434
-1276100,-19.9054
-1276200,-19.8844
-1276300,-19.8594
-1276400,-19.8374
-1276500,-19.8414
-1276600,-19.8334
-1276700,-19.8304
-1276800,-19.8544
-1276900,-19.8774
-1277000,-19.8854
-1277100,-19.9104
-1277200,-19.9404
-1277300,-19.9604
-1277400,-19.9974
-1277500,-20.0214
-1277600,-20.0614
-1277700,-20.0904
-1277800,-20.1284
-1277900,-20.1814
-1278000,-20.2184
-1278100,-20.2684
-1278200,-20.3064
-1278300,-20.3604
-1278400,-20.4224
-1278500,-20.4864
-1278600,-20.5424
-1278700,-20.6144
-1278800,-20.6844
-1278900,-20.7654
-1279000,-20.8564
-1279100,-20.9664
-1279200,-21.0914
-1279300,-21.2254
-1279400,-21.3234
-1279500,-21.4254
-1279600,-21.5584
-1279700,-21.7074
-1279800,-21.8254
-1279900,-21.9634
-1280000,-22.1424
-1280100,-22.3524
-1280200,-22.6024
-1280300,-22.8824
-1280400,-23.1414
-1280500,-23.3594
-1280600,-23.5964
-1280700,-23.8174
-1280800,-24.0874
-1280900,-24.3194
-1281000,-24.5424
-1281100,-24.8024
-1281200,-25.0334
-1281300,-25.2954
-1281400,-25.5514
-1281500,-25.8284
-1281600,-26.1194
-1281700,-26.3614
-1281800,-26.6554
-1281900,-26.9624
-1282000,-27.2594
-1282100,-27.5904
-1282200,-27.9664
-1282300,-28.3484
-1282400,-28.7844
-1282500,-29.2154
-1282600,-29.7094
-1282700,-30.2224
-1282800,-30.8324
-1282900,-31.4974
-1283000,-32.3444
-1283100,-33.3024
-1283200,-34.3334
-1283300,-35.4684
-1283400,-36.4624
-1283500,-37.7854
-1283600,-38.8734
-1283700,-39.9824
-1283800,-41.0784
-1283900,-42.2824
-1284000,-43.3464
-1284100,-44.2544
-1284200,-45.1144
-1284300,-45.8714
-1284400,-46.6314
-1284500,-47.3074
-1284600,-47.9884
-1284700,-48.5564
-1284800,-49.1324
-1284900,-49.6324
-1285000,-50.1134
-1285100,-50.6034
-1285200,-51.0674
-1285300,-51.5794
-1285400,-52.1494
-1285500,-52.6494
-1285600,-53.0884
-1285700,-53.4604
-1285800,-53.7954
-1285900,-54.1324
-1286000,-54.4054
-1286100,-54.6404
-1286200,-54.9064
-1286300,-55.1784
-1286400,-55.5114
-1286500,-55.8284
-1286600,-56.1844
-1286700,-56.4914
-1286800,-56.7414
-1286900,-56.9744
-1287000,-57.1724
-1287100,-57.3414
-1287200,-57.4754
-1287300,-57.5794
-1287400,-57.6554
-1287500,-57.6644
-1287600,-57.6684
-1287700,-57.6624
-1287800,-57.6144
-1287900,-57.5434
-1288000,-57.4724
-1288100,-57.3844
-1288200,-57.2684
-1288300,-57.1494
-1288400,-57.0144
-1288500,-56.8654
-1288600,-56.6734
-1288700,-56.5244
-1288800,-56.3324
-1288900,-56.1794
-1289000,-56.0064
-1289100,-55.8054
-1289200,-55.6004
-1289300,-55.3984
-1289400,-55.1844
-1289500,-54.9534
-1289600,-54.7234
-1289700,-54.4784
-1289800,-54.2194
-1289900,-53.9694
-1290000,-53.6804
-1290100,-53.4134
-1290200,-53.1364
-1290300,-52.8594
-1290400,-52.5934
-1290500,-52.3544
-1290600,-52.1224
-1290700,-51.9114
-1290800,-51.7154
-1290900,-51.5304
-1291000,-51.3404
-1291100,-51.1484
-1291200,-50.9844
-1291300,-50.8454
-1291400,-50.6934
-1291500,-50.5684
-1291600,-50.4384
-1291700,-50.3254
-1291800,-50.2314
-1291900,-50.1414
-1292000,-50.0364
-1292100,-49.9584
-1292200,-49.8664
-1292300,-49.7834
-1292400,-49.7354
-1292500,-49.6604
-1292600,-49.5954
-1292700,-49.5544
-1292800,-49.4884
-1292900,-49.4474
-1293000,-49.4104
-1293100,-49.3954
-1293200,-49.3814
-1293300,-49.3404
-1293400,-49.3474
-1293500,-49.3834
-1293600,-49.4144
-1293700,-49.4794
-1293800,-49.5714
-1293900,-49.6374
-1294000,-49.6664
-1294100,-49.6854
-1294200,-49.7314
-1294300,-49.7424
-1294400,-49.7564
-1294500,-49.7534
-1294600,-49.7674
-1294700,-49.7674
-1294800,-49.7524
-1294900,-49.7284
-1295000,-49.6704
-1295100,-49.6124
-1295200,-49.5554
-1295300,-49.4684
-1295400,-49.3604
-1295500,-49.2494
-1295600,-49.1394
-1295700,-48.9964
-1295800,-48.8664
-1295900,-48.6954
-1296000,-48.5334
-1296100,-48.3574
-1296200,-48.1764
-1296300,-48.0204
-1296400,-47.8174
-1296500,-47.6064
-1296600,-47.4134
-1296700,-47.1974
-1296800,-46.9744
-1296900,-46.7314
-1297000,-46.5094
-1297100,-46.2824
-1297200,-46.0374
-1297300,-45.8144
-1297400,-45.5614
-1297500,-45.3474
-1297600,-45.0944
-1297700,-44.8474
-1297800,-44.6154
-1297900,-44.3804
-1298000,-44.1254
-1298100,-43.9034
-1298200,-43.6824
-1298300,-43.4324
-1298400,-43.2024
-1298500,-42.9514
-1298600,-42.7254
-1298700,-42.4844
-1298800,-42.2484
-1298900,-42.0134
-1299000,-41.7924
-1299100,-41.5634
-1299200,-41.3284
-1299300,-41.0894
-1299400,-40.8474
-1299500,-40.6084
-1299600,-40.3874
-1299700,-40.1604
-1299800,-39.9494
-1299900,-39.7384
-1300000,-39.5224
-1300100,-39.3054
-1300200,-39.1354
-1300300,-38.9354
-1300400,-38.7274
-1300500,-38.5314
-1300600,-38.3224
-1300700,-38.1044
-1300800,-37.8814
-1300900,-37.6504
-1301000,-37.4284
-1301100,-37.2124
-1301200,-36.9904
-1301300,-36.7644
-1301400,-36.5654
-1301500,-36.3454
-1301600,-36.1154
-1301700,-35.8894
-1301800,-35.6874
-1301900,-35.4574
-1302000,-35.2394
-1302100,-34.9934
-1302200,-34.7384
-1302300,-34.5284
-1302400,-34.2984
-1302500,-34.0724
-1302600,-33.8454
-1302700,-33.6364
-1302800,-33.3874
-1302900,-33.1824
-1303000,-32.9404
-1303100,-32.7374
-1303200,-32.5014
-1303300,-32.2704
-1303400,-32.0444
-1303500,-31.7984
-1303600,-31.5684
-1303700,-31.3424
-1303800,-31.1064
-1303900,-30.8994
-1304000,-30.6364
-1304100,-30.3944
-1304200,-30.1674
-1304300,-29.9204
-1304400,-29.6744
-1304500,-29.4124
-1304600,-29.1894
-1304700,-28.9354
-1304800,-28.7064
-1304900,-28.4534
-1305000,-28.1994
-1305100,-27.9454
-1305200,-27.6914
-1305300,-27.4394
-1305400,-27.1704
-1305500,-26.9234
-1305600,-26.6624
-1305700,-26.3884
-1305800,-26.1024
-1305900,-25.7864
-1306000,-25.4734
-1306100,-25.1084
-1306200,-24.7684
-1306300,-24.4424
-1306400,-24.1154
-1306500,-23.8024
-1306600,-23.4734
-1306700,-23.1604
-1306800,-22.8834
-1306900,-22.6374
-1307000,-22.4204
-1307100,-22.2134
-1307200,-22.0084
-1307300,-21.8164
-1307400,-21.6444
-1307500,-21.4624
-1307600,-21.2944
-1307700,-21.1514
-1307800,-21.0304
-1307900,-20.9334
-1308000,-20.8234
-1308100,-20.7214
-1308200,-20.6454
-1308300,-20.5604
-1308400,-20.5074
-1308500,-20.4504
-1308600,-20.3954
-1308700,-20.3344
-1308800,-20.2604
-1308900,-20.2114
-1309000,-20.1704
-1309100,-20.1184
-1309200,-20.0894
-1309300,-20.0544
-1309400,-20.0184
-1309500,-19.9844
-1309600,-19.9634
-1309700,-19.9384
-1309800,-19.9054
-1309900,-19.8984
-1310000,-19.8814
-1310100,-19.8674
-1310200,-19.8594
-1310300,-19.8634
-1310400,-19.8644
-1310500,-19.8674
-1310600,-19.8524
-1310700,-19.8504
-1310800,-19.8564
-1310900,-19.8694
-1311000,-19.8914
-1311100,-19.9014
-1311200,-19.9174
-1311300,-19.9264
-1311400,-19.9394
-1311500,-19.9534
-1311600,-19.9724
-1311700,-19.9904
-1311800,-20.0084
-1311900,-20.0274
-1312000,-20.0564
-1312100,-20.0784
-1312200,-20.1114
-1312300,-20.1374
-1312400,-20.1534
-1312500,-20.1674
-1312600,-20.1924
-1312700,-20.2144
-1312800,-20.2344
-1312900,-20.2584
-1313000,-20.2844
-1313100,-20.3094
-1313200,-20.3404
-1313300,-20.3704
-1313400,-20.3994
-1313500,-20.4324
-1313600,-20.4834
-1313700,-20.5424
-1313800,-20.6024
-1313900,-20.6564
-1314000,-20.7174
-1314100,-20.7874
-1314200,-20.8764
-1314300,-20.9424
-1314400,-21.0104
-1314500,-21.1154
-1314600,-21.2314
-1314700,-21.3334
-1314800,-21.4374
-1314900,-21.5414
-1315000,-21.6764
-1315100,-21.8084
-1315200,-21.9364
-1315300,-22.0874
-1315400,-22.2744
-1315500,-22.4864
-1315600,-22.6994
-1315700,-22.9244
-1315800,-23.1654
-1315900,-23.3964
-1316000,-23.5864
-1316100,-23.8314
-1316200,-24.0894
-1316300,-24.3324
-1316400,-24.6134
-1316500,-24.9404
-1316600,-25.2774
-1316700,-25.6384
-1316800,-26.0414
-1316900,-26.4784
-1317000,-26.9224
-1317100,-27.4294
-1317200,-28.0344
-1317300,-28.7064
-1317400,-29.3864
-1317500,-30.1594
-1317600,-30.9854
-1317700,-31.8644
-1317800,-32.7824
-1317900,-33.7154
-1318000,-34.6104
-1318100,-35.5414
-1318200,-36.6324
-1318300,-37.5884
-1318400,-38.5224
-1318500,-39.4444
-1318600,-40.2374
-1318700,-41.0834
-1318800,-41.8664
-1318900,-42.6654
-1319000,-43.3134
-1319100,-43.8714
-1319200,-44.3464
-1319300,-44.7654
-1319400,-45.1284
-1319500,-45.4564
-1319600,-45.8074
-1319700,-46.1014
-1319800,-46.3884
-1319900,-46.7094
-1320000,-47.0394
-1320100,-47.3574
-1320200,-47.6244
-1320300,-47.8454
-1320400,-48.0334
-1320500,-48.1754
-1320600,-48.3114
-1320700,-48.4014
-1320800,-48.5014
-1320900,-48.5824
-1321000,-48.6614
-1321100,-48.7434
-1321200,-48.8204
-1321300,-48.8844
-1321400,-48.9434
-1321500,-49.0034
-1321600,-49.0544
-1321700,-49.1024
-1321800,-49.1544
-1321900,-49.2174
-1322000,-49.2814
-1322100,-49.3384
-1322200,-49.3974
-1322300,-49.4654
-1322400,-49.5344
-1322500,-49.6044
-1322600,-49.6784
-1322700,-49.7524
-1322800,-49.8484
-1322900,-49.9604
-1323000,-50.0554
-1323100,-50.1544
-1323200,-50.2434
-1323300,-50.3604
-1323400,-50.4524
-1323500,-50.5414
-1323600,-50.6444
-1323700,-50.7544
-1323800,-50.8684
-1323900,-50.9834
-1324000,-51.0894
-1324100,-51.2054
-1324200,-51.3094
-1324300,-51.4134
-1324400,-51.5044
-1324500,-51.5984
-1324600,-51.6784
-1324700,-51.7604
-1324800,-51.8384
-1324900,-51.9554
-1325000,-52.0334
-1325100,-52.1134
-1325200,-52.1934
-1325300,-52.2804
-1325400,-52.3394
-1325500,-52.3764
-1325600,-52.4424
-1325700,-52.5004
-1325800,-52.5674
-1325900,-52.6314
-1326000,-52.6764
-1326100,-52.7114
-1326200,-52.7344
-1326300,-52.7684
-1326400,-52.7834
-1326500,-52.8104
-1326600,-52.8334
-1326700,-52.8474
-1326800,-52.8854
-1326900,-52.9314
-1327000,-52.9574
-1327100,-52.9634
-1327200,-52.9524
-1327300,-52.9404
-1327400,-52.9334
-1327500,-52.9344
-1327600,-52.9274
-1327700,-52.9284
-1327800,-52.9024
-1327900,-52.8954
-1328000,-52.8724
-1328100,-52.8514
-1328200,-52.8294
-1328300,-52.8094
-1328400,-52.7774
-1328500,-52.7454
-1328600,-52.7194
-1328700,-52.6864
-1328800,-52.6724
-1328900,-52.6344
-1329000,-52.6014
-1329100,-52.5754
-1329200,-52.5394
-1329300,-52.5014
-1329400,-52.4734
-1329500,-52.4374
-1329600,-52.3894
-1329700,-52.3424
-1329800,-52.3034
-1329900,-52.2644
-1330000,-52.2254
-1330100,-52.1984
-1330200,-52.1524
-1330300,-52.0924
-1330400,-52.0624
-1330500,-52.0154
-1330600,-51.9774
-1330700,-51.9334
-1330800,-51.9044
-1330900,-51.8724
-1331000,-51.8554
-1331100,-51.8454
-1331200,-51.8174
-1331300,-51.8214
-1331400,-51.8344
-1331500,-51.8354
-1331600,-51.8464
-1331700,-51.8494
-1331800,-51.8584
-1331900,-51.8724
-1332000,-51.8954
-1332100,-51.9244
-1332200,-51.9784
-1332300,-52.0654
-1332400,-52.2274
-1332500,-52.3934
-1332600,-52.5444
-1332700,-52.6734
-1332800,-52.7654
-1332900,-52.8214
-1333000,-52.9074
-1333100,-52.9874
-1333200,-53.0064
-1333300,-52.9924
-1333400,-52.9564
-1333500,-52.9004
-1333600,-52.8294
-1333700,-52.7584
-1333800,-52.6724
-1333900,-52.5604
-1334000,-52.4534
-1334100,-52.3534
-1334200,-52.2484
-1334300,-52.1414
-1334400,-52.0174
-1334500,-51.8794
-1334600,-51.7504
-1334700,-51.6264
-1334800,-51.4964
-1334900,-51.3444
-1335000,-51.2034
-1335100,-51.0504
-1335200,-50.9144
-1335300,-50.7534
-1335400,-50.5794
-1335500,-50.4114
-1335600,-50.2214
-1335700,-50.0364
-1335800,-49.8354
-1335900,-49.6344
-1336000,-49.4314
-1336100,-49.2254
-1336200,-49.0264
-1336300,-48.8144
-1336400,-48.6144
-1336500,-48.4014
-1336600,-48.1924
-1336700,-47.9724
-1336800,-47.7584
-1336900,-47.5254
-1337000,-47.3064
-1337100,-47.0674
-1337200,-46.8364
-1337300,-46.6074
-1337400,-46.3554
-1337500,-46.1124
-1337600,-45.8694
-1337700,-45.6294
-1337800,-45.3754
-1337900,-45.1284
-1338000,-44.8634
-1338100,-44.6094
-1338200,-44.3304
-1338300,-44.0524
-1338400,-43.7584
-1338500,-43.4554
-1338600,-43.1634
-1338700,-42.8904
-1338800,-42.6024
-1338900,-42.2954
-1339000,-41.9884
-1339100,-41.6864
-1339200,-41.3844
-1339300,-41.0884
-1339400,-40.7724
-1339500,-40.4404
-1339600,-40.1154
-1339700,-39.7724
-1339800,-39.4514
-1339900,-39.0754
-1340000,-38.7474
-1340100,-38.3914
-1340200,-38.0424
-1340300,-37.6784
-1340400,-37.3294
-1340500,-36.9644
-1340600,-36.6054
-1340700,-36.2684
-1340800,-35.9044
-1340900,-35.5724
-1341000,-35.2324
-1341100,-34.8934
-1341200,-34.5334
-1341300,-34.1904
-1341400,-33.8404
-1341500,-33.4984
-1341600,-33.1394
-1341700,-32.7884
-1341800,-32.4554
-1341900,-32.0784
-1342000,-31.7124
-1342100,-31.3314
-1342200,-30.9654
-1342300,-30.5854
-1342400,-30.2144
-1342500,-29.8634
-1342600,-29.4874
-1342700,-29.1284
-1342800,-28.7884
-1342900,-28.4504
-1343000,-28.1174
-1343100,-27.7684
-1343200,-27.4354
-1343300,-27.0784
-1343400,-26.7424
-1343500,-26.4054
-1343600,-26.0774
-1343700,-25.7484
-1343800,-25.4244
-1343900,-25.1234
-1344000,-24.8024
-1344100,-24.4954
-1344200,-24.1954
-1344300,-23.9024
-1344400,-23.5964
-1344500,-23.3164
-1344600,-23.0124
-1344700,-22.7154
-1344800,-22.4404
-1344900,-22.1544
-1345000,-21.8584
-1345100,-21.5764
-1345200,-21.3014
-1345300,-21.0334
-1345400,-20.7514
-1345500,-20.4884
-1345600,-20.2114
-1345700,-19.9324
-1345800,-19.6164
-1345900,-19.3184
-1346000,-19.0294
-1346100,-18.7704
-1346200,-18.4694
-1346300,-18.2034
-1346400,-17.9494
-1346500,-17.6984
-1346600,-17.4624
-1346700,-17.2534
-1346800,-17.0444
-1346900,-16.8224
-1347000,-16.6024
-1347100,-16.3974
-1347200,-16.2074
-1347300,-16.0404
-1347400,-15.9264
-1347500,-15.7804
-1347600,-15.6454
-1347700,-15.5004
-1347800,-15.3724
-1347900,-15.2534
-1348000,-15.1434
-1348100,-15.0754
-1348200,-15.0044
-1348300,-14.9534
-1348400,-14.9064
-1348500,-14.8664
-1348600,-14.8214
-1348700,-14.7594
-1348800,-14.7244
-1348900,-14.6804
-1349000,-14.6404
-1349100,-14.6044
-1349200,-14.5674
-1349300,-14.5244
-1349400,-14.4904
-1349500,-14.4524
-1349600,-14.4134
-1349700,-14.3814
-1349800,-14.3474
-1349900,-14.3304
-1350000,-14.2984
-1350100,-14.2604
-1350200,-14.2424
-1350300,-14.2244
-1350400,-14.2074
-1350500,-14.1844
-1350600,-14.1724
-1350700,-14.1554
-1350800,-14.1524
-1350900,-14.1324
-1351000,-14.1234
-1351100,-14.1244
-1351200,-14.1134
-1351300,-14.0954
-1351400,-14.0864
-1351500,-14.0854
-1351600,-14.0734
-1351700,-14.0754
-1351800,-14.0714
-1351900,-14.0744
-1352000,-14.0744
-1352100,-14.0864
-1352200,-14.0904
-1352300,-14.1014
-1352400,-14.1144
-1352500,-14.1374
-1352600,-14.1654
-1352700,-14.1894
-1352800,-14.2244
-1352900,-14.2724
-1353000,-14.3084
-1353100,-14.3654
-1353200,-14.4204
-1353300,-14.4704
-1353400,-14.5444
-1353500,-14.6254
-1353600,-14.6994
-1353700,-14.7954
-1353800,-14.8954
-1353900,-14.9624
-1354000,-15.0484
-1354100,-15.1394
-1354200,-15.2264
-1354300,-15.3064
-1354400,-15.3814
-1354500,-15.4644
-1354600,-15.5444
-1354700,-15.6284
-1354800,-15.6954
-1354900,-15.7894
-1355000,-15.8684
-1355100,-15.9474
-1355200,-16.0214
-1355300,-16.0994
-1355400,-16.1714
-1355500,-16.2634
-1355600,-16.3394
-1355700,-16.4374
-1355800,-16.5144
-1355900,-16.5874
-1356000,-16.7064
-1356100,-16.8184
-1356200,-16.9344
-1356300,-17.0584
-1356400,-17.1814
-1356500,-17.3124
-1356600,-17.4144
-1356700,-17.5384
-1356800,-17.6384
-1356900,-17.7684
-1357000,-17.8914
-1357100,-17.9684
-1357200,-18.0984
-1357300,-18.2444
-1357400,-18.3754
-1357500,-18.5114
-1357600,-18.6564
-1357700,-18.8374
-1357800,-18.9964
-1357900,-19.2214
-1358000,-19.5784
-1358100,-19.9204
-1358200,-20.2464
-1358300,-20.5484
-1358400,-20.8774
-1358500,-21.1774
-1358600,-21.4424
-1358700,-21.7554
-1358800,-22.0504
-1358900,-22.3664
-1359000,-22.6724
-1359100,-22.9894
-1359200,-23.3374
-1359300,-23.6654
-1359400,-24.0324
-1359500,-24.3974
-1359600,-24.7564
-1359700,-25.1344
-1359800,-25.4954
-1359900,-25.8894
-1360000,-26.3094
-1360100,-26.7694
-1360200,-27.2844
-1360300,-27.8444
-1360400,-28.4244
-1360500,-28.9944
-1360600,-29.6434
-1360700,-30.3204
-1360800,-31.0324
-1360900,-31.7224
-1361000,-32.4694
-1361100,-33.2834
-1361200,-34.0634
-1361300,-34.7874
-1361400,-35.3604
-1361500,-36.0594
-1361600,-36.7294
-1361700,-37.2404
-1361800,-37.8494
-1361900,-38.4794
-1362000,-39.0224
-1362100,-39.5594
-1362200,-40.0434
-1362300,-40.4944
-1362400,-40.9464
-1362500,-41.4784
-1362600,-42.0024
-1362700,-42.4984
-1362800,-43.0364
-1362900,-43.4594
-1363000,-43.8634
-1363100,-44.2964
-1363200,-44.6964
-1363300,-45.0354
-1363400,-45.3514
-1363500,-45.6404
-1363600,-45.9364
-1363700,-46.2754
-1363800,-46.5874
-1363900,-46.9264
-1364000,-47.2394
-1364100,-47.5654
-1364200,-47.9084
-1364300,-48.2334
-1364400,-48.5344
-1364500,-48.7574
-1364600,-48.9904
-1364700,-49.1964
-1364800,-49.4874
-1364900,-49.7154
-1365000,-49.8534
-1365100,-49.9584
-1365200,-50.0714
-1365300,-50.1464
-1365400,-50.2274
-1365500,-50.3004
-1365600,-50.3944
-1365700,-50.4764
-1365800,-50.5674
-1365900,-50.6504
-1366000,-50.7274
-1366100,-50.8144
-1366200,-50.8984
-1366300,-50.9944
-1366400,-51.1034
-1366500,-51.2354
-1366600,-51.3384
-1366700,-51.4944
-1366800,-51.6244
-1366900,-51.7604
-1367000,-51.8974
-1367100,-52.0384
-1367200,-52.1484
-1367300,-52.2724
-1367400,-52.3974
-1367500,-52.5204
-1367600,-52.6374
-1367700,-52.7644
-1367800,-52.8994
-1367900,-53.0724
-1368000,-53.2554
-1368100,-53.5054
-1368200,-53.7294
-1368300,-53.9624
-1368400,-54.1394
-1368500,-54.3284
-1368600,-54.4724
-1368700,-54.6184
-1368800,-54.7284
-1368900,-54.8174
-1369000,-54.8514
-1369100,-54.8344
-1369200,-54.8354
-1369300,-54.8434
-1369400,-54.8364
-1369500,-54.8054
-1369600,-54.7244
-1369700,-54.6314
-1369800,-54.5034
-1369900,-54.4024
-1370000,-54.2864
-1370100,-54.1574
-1370200,-54.0344
-1370300,-53.9044
-1370400,-53.7664
-1370500,-53.6124
-1370600,-53.4534
-1370700,-53.3004
-1370800,-53.1514
-1370900,-52.9994
-1371000,-52.8154
-1371100,-52.6134
-1371200,-52.4174
-1371300,-52.2114
-1371400,-52.0054
-1371500,-51.8014
-1371600,-51.5694
-1371700,-51.3274
-1371800,-51.1014
-1371900,-50.8604
-1372000,-50.6274
-1372100,-50.3614
-1372200,-50.1154
-1372300,-49.8304
-1372400,-49.5834
-1372500,-49.3094
-1372600,-49.0284
-1372700,-48.7344
-1372800,-48.4724
-1372900,-48.1864
-1373000,-47.9154
-1373100,-47.6304
-1373200,-47.3374
-1373300,-47.0514
-1373400,-46.7674
-1373500,-46.4834
-1373600,-46.1764
-1373700,-45.8454
-1373800,-45.5384
-1373900,-45.2034
-1374000,-44.8864
-1374100,-44.5404
-1374200,-44.2034
-1374300,-43.8564
-1374400,-43.5114
-1374500,-43.1564
-1374600,-42.8064
-1374700,-42.4394
-1374800,-42.0694
-1374900,-41.6804
-1375000,-41.3584
-1375100,-41.0344
-1375200,-40.6984
-1375300,-40.3634
-1375400,-40.0374
-1375500,-39.6944
-1375600,-39.3364
-1375700,-38.9374
-1375800,-38.6094
-1375900,-38.3324
-1376000,-38.0694
-1376100,-37.8554
-1376200,-37.5924
-1376300,-37.3674
-1376400,-37.1104
-1376500,-36.8784
-1376600,-36.6304
-1376700,-36.3834
-1376800,-36.1424
-1376900,-35.9224
-1377000,-35.7094
-1377100,-35.4924
-1377200,-35.2694
-1377300,-35.0564
-1377400,-34.8554
-1377500,-34.6494
-1377600,-34.4234
-1377700,-34.2164
-1377800,-33.9804
-1377900,-33.7784
-1378000,-33.5694
-1378100,-33.3604
-1378200,-33.1814
-1378300,-32.9814
-1378400,-32.7894
-1378500,-32.5924
-1378600,-32.3724
-1378700,-32.1534
-1378800,-31.9604
-1378900,-31.7804
-1379000,-31.5934
-1379100,-31.3954
-1379200,-31.2114
-1379300,-31.0534
-1379400,-30.8744
-1379500,-30.7064
-1379600,-30.5504
-1379700,-30.3854
-1379800,-30.2434
-1379900,-30.0904
-1380000,-29.9484
-1380100,-29.7974
-1380200,-29.6384
-1380300,-29.4914
-1380400,-29.3724
-1380500,-29.2344
-1380600,-29.0964
-1380700,-28.9884
-1380800,-28.8514
-1380900,-28.7104
-1381000,-28.5984
-1381100,-28.4764
-1381200,-28.3534
-1381300,-28.2204
-1381400,-28.1084
-1381500,-27.9714
-1381600,-27.8444
-1381700,-27.7054
-1381800,-27.5904
-1381900,-27.4554
-1382000,-27.3374
-1382100,-27.2014
-1382200,-27.0824
-1382300,-26.9694
-1382400,-26.8644
-1382500,-26.7564
-1382600,-26.6584
-1382700,-26.5584
-1382800,-26.4434
-1382900,-26.3264
-1383000,-26.2234
-1383100,-26.1134
-1383200,-26.0034
-1383300,-25.9124
-1383400,-25.8024
-1383500,-25.7104
-1383600,-25.6074
-1383700,-25.4934
-1383800,-25.3934
-1383900,-25.2834
-1384000,-25.1614
-1384100,-25.0584
-1384200,-24.9234
-1384300,-24.8094
-1384400,-24.6904
-1384500,-24.5714
-1384600,-24.4514
-1384700,-24.3424
-1384800,-24.2244
-1384900,-24.1184
-1385000,-23.9954
-1385100,-23.8504
-1385200,-23.7164
-1385300,-23.5854
-1385400,-23.4494
-1385500,-23.3204
-1385600,-23.1874
-1385700,-23.0594
-1385800,-22.9314
-1385900,-22.8134
-1386000,-22.6744
-1386100,-22.5464
-1386200,-22.4314
-1386300,-22.2944
-1386400,-22.1784
-1386500,-22.0424
-1386600,-21.8954
-1386700,-21.7554
-1386800,-21.6284
-1386900,-21.4864
-1387000,-21.3734
-1387100,-21.2644
-1387200,-21.1624
-1387300,-21.0564
-1387400,-20.9444
-1387500,-20.8584
-1387600,-20.7624
-1387700,-20.6634
-1387800,-20.5714
-1387900,-20.4874
-1388000,-20.3994
-1388100,-20.3194
-1388200,-20.2354
-1388300,-20.1674
-1388400,-20.0954
-1388500,-20.0164
-1388600,-19.9564
-1388700,-19.8814
-1388800,-19.8194
-1388900,-19.7564
-1389000,-19.6874
-1389100,-19.6424
-1389200,-19.5854
-1389300,-19.5184
-1389400,-19.4544
-1389500,-19.4014
-1389600,-19.3324
-1389700,-19.2644
-1389800,-19.1994
-1389900,-19.1374
-1390000,-19.0784
-1390100,-19.0034
-1390200,-18.9414
-1390300,-18.8784
-1390400,-18.8134
-1390500,-18.7464
-1390600,-18.6734
-1390700,-18.6224
-1390800,-18.5684
-1390900,-18.5114
-1391000,-18.4664
-1391100,-18.4144
-1391200,-18.3624
-1391300,-18.3204
-1391400,-18.2554
-1391500,-18.2104
-1391600,-18.1704
-1391700,-18.1244
-1391800,-18.0834
-1391900,-18.0464
-1392000,-18.0054
-1392100,-17.9754
-1392200,-17.9374
-1392300,-17.9124
-1392400,-17.8884
-1392500,-17.8554
-1392600,-17.8334
-1392700,-17.7944
-1392800,-17.7724
-1392900,-17.7424
-1393000,-17.7184
-1393100,-17.7014
-1393200,-17.6794
-1393300,-17.6624
-1393400,-17.6404
-1393500,-17.6404
-1393600,-17.6284
-1393700,-17.6274
-1393800,-17.6214
-1393900,-17.6294
-1394000,-17.6174
-1394100,-17.6204
-1394200,-17.6304
-1394300,-17.6234
-1394400,-17.6314
-1394500,-17.6284
-1394600,-17.6244
-1394700,-17.6344
-1394800,-17.6464
-1394900,-17.6584
-1395000,-17.6714
-1395100,-17.6664
-1395200,-17.6814
-1395300,-17.6884
-1395400,-17.7014
-1395500,-17.7214
-1395600,-17.7374
-1395700,-17.7614
-1395800,-17.7904
-1395900,-17.8084
-1396000,-17.8354
-1396100,-17.8714
-1396200,-17.8884
-1396300,-17.9224
-1396400,-17.9634
-1396500,-17.9914
-1396600,-18.0144
-1396700,-18.0464
-1396800,-18.0734
-1396900,-18.1064
-1397000,-18.1494
-1397100,-18.1914
-1397200,-18.2324
-1397300,-18.2844
-1397400,-18.3414
-1397500,-18.3934
-1397600,-18.4384
-1397700,-18.5104
-1397800,-18.5844
-1397900,-18.6764
-1398000,-18.7534
-1398100,-18.8554
-1398200,-18.9684
-1398300,-19.0764
-1398400,-19.2034
-1398500,-19.3244
-1398600,-19.4434
-1398700,-19.5674
-1398800,-19.7454
-1398900,-19.8684
-1399000,-20.0004
-1399100,-20.1774
-1399200,-20.3664
-1399300,-20.5344
-1399400,-20.7214
-1399500,-20.9134
-1399600,-21.1004
-1399700,-21.2914
-1399800,-21.4734
-1399900,-21.7014
-1400000,-22.0314
-1400100,-22.3434
-1400200,-22.6524
-1400300,-22.9364
-1400400,-23.2074
-1400500,-23.4994
-1400600,-23.7504
-1400700,-23.9974
-1400800,-24.2484
-1400900,-24.5144
-1401000,-24.7654
-1401100,-25.0194
-1401200,-25.2944
-1401300,-25.5874
-1401400,-25.8394
-1401500,-26.0934
-1401600,-26.3504
-1401700,-26.6044
-1401800,-26.8634
-1401900,-27.1314
-1402000,-27.3904
-1402100,-27.6814
-1402200,-27.9684
-1402300,-28.2214
-1402400,-28.5424
-1402500,-28.8444
-1402600,-29.1944
-1402700,-29.5514
-1402800,-29.9724
-1402900,-30.4664
-1403000,-31.0944
-1403100,-31.8144
-1403200,-32.5784
-1403300,-33.2724
-1403400,-34.0944
-1403500,-35.0024
-1403600,-35.8914
-1403700,-36.7394
-1403800,-37.6954
-1403900,-38.6134
-1404000,-39.5604
-1404100,-40.5714
-1404200,-41.4884
-1404300,-42.4194
-1404400,-43.3244
-1404500,-44.0884
-1404600,-44.7334
-1404700,-45.3764
-1404800,-45.9804
-1404900,-46.5274
-1405000,-47.0814
-1405100,-47.6394
-1405200,-48.1274
-1405300,-48.6094
-1405400,-49.1044
-1405500,-49.5744
-1405600,-50.0054
-1405700,-50.3804
-1405800,-50.7574
-1405900,-51.0644
-1406000,-51.3514
-1406100,-51.5984
-1406200,-51.8394
-1406300,-52.1054
-1406400,-52.3404
-1406500,-52.5494
-1406600,-52.7664
-1406700,-52.9584
-1406800,-53.1274
-1406900,-53.2454
-1407000,-53.3984
-1407100,-53.5234
-1407200,-53.6684
-1407300,-53.7774
-1407400,-53.9004
-1407500,-54.0244
-1407600,-54.1734
-1407700,-54.3424
-1407800,-54.5204
-1407900,-54.6964
-1408000,-54.8904
-1408100,-55.1054
-1408200,-55.3094
-1408300,-55.5294
-1408400,-55.7774
-1408500,-56.1584
-1408600,-56.5074
-1408700,-56.8664
-1408800,-57.1684
-1408900,-57.5004
-1409000,-57.7204
-1409100,-57.9604
-1409200,-58.0394
-1409300,-58.0714
-1409400,-58.0434
-1409500,-57.9654
-1409600,-57.8244
-1409700,-57.6374
-1409800,-57.4084
-1409900,-57.2004
-1410000,-56.9774
-1410100,-56.7564
-1410200,-56.5024
-1410300,-56.2324
-1410400,-55.9554
-1410500,-55.6624
-1410600,-55.3804
-1410700,-55.0414
-1410800,-54.7334
-1410900,-54.4064
-1411000,-54.0494
-1411100,-53.7154
-1411200,-53.3284
-1411300,-52.9504
-1411400,-52.5704
-1411500,-52.1824
-1411600,-51.7954
-1411700,-51.3974
-1411800,-50.9904
-1411900,-50.6074
-1412000,-50.1874
-1412100,-49.7494
-1412200,-49.3264
-1412300,-48.8954
-1412400,-48.4724
-1412500,-48.0224
-1412600,-47.5614
-1412700,-47.1344
-1412800,-46.6864
-1412900,-46.2504
-1413000,-45.7774
-1413100,-45.3344
-1413200,-44.8834
-1413300,-44.4194
-1413400,-44.0104
-1413500,-43.5394
-1413600,-43.0904
-1413700,-42.6634
-1413800,-42.2194
-1413900,-41.7784
-1414000,-41.3644
-1414100,-40.9364
-1414200,-40.5144
-1414300,-40.0774
-1414400,-39.6614
-1414500,-39.2464
-1414600,-38.8084
-1414700,-38.4094
-1414800,-38.0004
-1414900,-37.6234
-1415000,-37.2874
-1415100,-36.9414
-1415200,-36.6124
-1415300,-36.3374
-1415400,-36.0644
-1415500,-35.7904
-1415600,-35.5654
-1415700,-35.3464
-1415800,-35.1454
-1415900,-34.9494
-1416000,-34.7504
-1416100,-34.5624
-1416200,-34.3984
-1416300,-34.2264
-1416400,-34.0724
-1416500,-33.8974
-1416600,-33.7514
-1416700,-33.5914
-1416800,-33.4344
-1416900,-33.2714
-1417000,-33.1134
-1417100,-32.9504
-1417200,-32.7704
-1417300,-32.6104
-1417400,-32.4334
-1417500,-32.2694
-1417600,-32.0914
-1417700,-31.9094
-1417800,-31.7344
-1417900,-31.5484
-1418000,-31.3594
-1418100,-31.1614
-1418200,-30.9634
-1418300,-30.7624
-1418400,-30.5624
-1418500,-30.3514
-1418600,-30.1434
-1418700,-29.9314
-1418800,-29.7104
-1418900,-29.4894
-1419000,-29.2734
-1419100,-29.0344
-1419200,-28.8094
-1419300,-28.5704
-1419400,-28.3314
-1419500,-28.0894
-1419600,-27.8534
-1419700,-27.6114
-1419800,-27.3474
-1419900,-27.0804
-1420000,-26.8324
-1420100,-26.5844
-1420200,-26.3324
-1420300,-26.0974
-1420400,-25.8184
-1420500,-25.5644
-1420600,-25.2994
-1420700,-25.0414
-1420800,-24.7714
-1420900,-24.5034
-1421000,-24.2094
-1421100,-23.9284
-1421200,-23.6484
-1421300,-23.3744
-1421400,-23.0974
-1421500,-22.8094
-1421600,-22.5224
-1421700,-22.2364
-1421800,-21.9294
-1421900,-21.6324
-1422000,-21.3534
-1422100,-21.0704
-1422200,-20.7934
-1422300,-20.4994
-1422400,-20.2104
-1422500,-19.9154
-1422600,-19.6194
-1422700,-19.2754
-1422800,-18.9194
-1422900,-18.6104
-1423000,-18.3314
-1423100,-18.0714
-1423200,-17.7904
-1423300,-17.5144
-1423400,-17.2394
-1423500,-16.9704
-1423600,-16.7054
-1423700,-16.4294
-1423800,-16.1624
-1423900,-15.9064
-1424000,-15.6204
-1424100,-15.3424
-1424200,-15.0744
-1424300,-14.8054
-1424400,-14.5094
-1424500,-14.2544
-1424600,-13.9624
-1424700,-13.6854
-1424800,-13.4024
-1424900,-13.1254
-1425000,-12.8484
-1425100,-12.5934
-1425200,-12.3834
-1425300,-12.1774
-1425400,-11.9734
-1425500,-11.8184
-1425600,-11.6384
-1425700,-11.4894
-1425800,-11.3274
-1425900,-11.1964
-1426000,-11.0804
-1426100,-10.9814
-1426200,-10.8724
-1426300,-10.7674
-1426400,-10.6554
-1426500,-10.5564
-1426600,-10.4564
-1426700,-10.3484
-1426800,-10.2484
-1426900,-10.1704
-1427000,-10.0994
-1427100,-10.0354
-1427200,-9.9494
-1427300,-9.8844
-1427400,-9.8144
-1427500,-9.7324
-1427600,-9.6784
-1427700,-9.6264
-1427800,-9.5554
-1427900,-9.5074
-1428000,-9.4764
-1428100,-9.4494
-1428200,-9.4094
-1428300,-9.3794
-1428400,-9.3374
-1428500,-9.3044
-1428600,-9.2864
-1428700,-9.2574
-1428800,-9.2234
-1428900,-9.1894
-1429000,-9.1574
-1429100,-9.1404
-1429200,-9.1044
-1429300,-9.0764
-1429400,-9.0494
-1429500,-9.0214
-1429600,-8.9874
-1429700,-8.9514
-1429800,-8.9204
-1429900,-8.8744
-1430000,-8.8484
-1430100,-8.8264
-1430200,-8.7984
-1430300,-8.7774
-1430400,-8.7524
-1430500,-8.7254
-1430600,-8.6984
-1430700,-8.6804
-1430800,-8.6634
-1430900,-8.6504
-1431000,-8.6244
-1431100,-8.5984
-1431200,-8.5944
-1431300,-8.5754
-1431400,-8.5694
-1431500,-8.5544
-1431600,-8.5514
-1431700,-8.5464
-1431800,-8.5454
-1431900,-8.5504
-1432000,-8.5344
-1432100,-8.5294
-1432200,-8.5154
-1432300,-8.5074
-1432400,-8.4854
-1432500,-8.4674
-1432600,-8.4524
-1432700,-8.4404
-1432800,-8.4324
-1432900,-8.4184
-1433000,-8.4064
-1433100,-8.4014
-1433200,-8.3984
-1433300,-8.3994
-1433400,-8.3944
-1433500,-8.3874
-1433600,-8.3764
-1433700,-8.3544
-1433800,-8.3454
-1433900,-8.3334
-1434000,-8.3094
-1434100,-8.2874
-1434200,-8.2684
-1434300,-8.2544
-1434400,-8.2354
-1434500,-8.2264
-1434600,-8.2014
-1434700,-8.1774
-1434800,-8.1734
-1434900,-8.1794
-1435000,-8.1764
-1435100,-8.1654
-1435200,-8.1544
-1435300,-8.1634
-1435400,-8.1964
-1435500,-8.2324
-1435600,-8.2394
-1435700,-8.2884
-1435800,-8.3124
-1435900,-8.3384
-1436000,-8.3454
-1436100,-8.3534
-1436200,-8.3604
-1436300,-8.3724
-1436400,-8.3844
-1436500,-8.3894
-1436600,-8.4144
-1436700,-8.4314
-1436800,-8.4434
-1436900,-8.4574
-1437000,-8.4634
-1437100,-8.4674
-1437200,-8.4714
-1437300,-8.4764
-1437400,-8.4954
-1437500,-8.5024
-1437600,-8.5154
-1437700,-8.5234
-1437800,-8.5394
-1437900,-8.5584
-1438000,-8.5664
-1438100,-8.5834
-1438200,-8.5904
-1438300,-8.6194
-1438400,-8.6484
-1438500,-8.6644
-1438600,-8.6814
-1438700,-8.7094
-1438800,-8.7554
-1438900,-8.8024
-1439000,-8.8574
-1439100,-8.9064
-1439200,-8.9644
-1439300,-9.0084
-1439400,-9.0614
-1439500,-9.1134
-1439600,-9.1464
-1439700,-9.1914
-1439800,-9.2044
-1439900,-9.2334
-1440000,-9.2714
-1440100,-9.3154
-1440200,-9.3554
-1440300,-9.3924
-1440400,-9.4434
-1440500,-9.4944
-1440600,-9.5554
-1440700,-9.6244
-1440800,-9.6864
-1440900,-9.7624
-1441000,-9.8784
-1441100,-9.9464
-1441200,-10.0294
-1441300,-10.1154
-1441400,-10.1974
-1441500,-10.2764
-1441600,-10.3744
-1441700,-10.4674
-1441800,-10.5524
-1441900,-10.6714
-1442000,-10.7854
-1442100,-10.9014
-1442200,-11.0144
-1442300,-11.1424
-1442400,-11.2404
-1442500,-11.3434
-1442600,-11.4664
-1442700,-11.5914
-1442800,-11.7014
-1442900,-11.7844
-1443000,-11.8664
-1443100,-11.9474
-1443200,-12.0174
-1443300,-12.0854
-1443400,-12.1504
-1443500,-12.2104
-1443600,-12.2554
-1443700,-12.3104
-1443800,-12.3344
-1443900,-12.3504
-1444000,-12.3884
-1444100,-12.4244
-1444200,-12.4724
-1444300,-12.5224
-1444400,-12.5724
-1444500,-12.6334
-1444600,-12.6994
-1444700,-12.7844
-1444800,-12.8934
-1444900,-12.9924
-1445000,-13.0764
-1445100,-13.1504
-1445200,-13.2324
-1445300,-13.3024
-1445400,-13.3704
-1445500,-13.4554
-1445600,-13.5604
-1445700,-13.6484
-1445800,-13.7704
-1445900,-13.8774
-1446000,-13.9984
-1446100,-14.1254
-1446200,-14.2654
-1446300,-14.3764
-1446400,-14.4974
-1446500,-14.6344
-1446600,-14.7884
-1446700,-14.9384
-1446800,-15.0854
-1446900,-15.2614
-1447000,-15.4434
-1447100,-15.6624
-1447200,-15.8514
-1447300,-16.0444
-1447400,-16.2354
-1447500,-16.4174
-1447600,-16.5954
-1447700,-16.7734
-1447800,-16.9564
-1447900,-17.1524
-1448000,-17.3634
-1448100,-17.6184
-1448200,-17.8514
-1448300,-18.1494
-1448400,-18.4344
-1448500,-18.7274
-1448600,-18.9944
-1448700,-19.2604
-1448800,-19.5944
-1448900,-19.8774
-1449000,-20.1904
-1449100,-20.4994
-1449200,-20.8334
-1449300,-21.2494
-1449400,-21.7684
-1449500,-22.2514
-1449600,-22.7474
-1449700,-23.2054
-1449800,-23.6784
-1449900,-24.0994
-1450000,-24.5984
-1450100,-25.0874
-1450200,-25.6044
-1450300,-26.2254
-1450400,-26.8694
-1450500,-27.5474
-1450600,-28.3694
-1450700,-29.3064
-1450800,-30.4744
-1450900,-31.7824
-1451000,-33.1644
-1451100,-34.4054
-1451200,-36.0304
-1451300,-37.8324
-1451400,-39.6674
-1451500,-41.4374
-1451600,-43.0214
-1451700,-44.3814
-1451800,-45.5414
-1451900,-46.6274
-1452000,-47.6214
-1452100,-48.5264
-1452200,-49.3404
-1452300,-50.0934
-1452400,-50.8004
-1452500,-51.5114
-1452600,-52.2404
-1452700,-53.0014
-1452800,-53.6894
-1452900,-54.2824
-1453000,-54.8084
-1453100,-55.2704
-1453200,-55.6274
-1453300,-55.9334
-1453400,-56.2204
-1453500,-56.5134
-1453600,-56.8464
-1453700,-57.2504
-1453800,-57.7324
-1453900,-58.3054
-1454000,-58.9584
-1454100,-59.7294
-1454200,-60.4514
-1454300,-60.9294
-1454400,-61.2294
-1454500,-61.4314
-1454600,-61.5834
-1454700,-61.7614
-1454800,-61.8224
-1454900,-61.8044
-1455000,-61.7434
-1455100,-61.6444
-1455200,-61.5114
-1455300,-61.3844
-1455400,-61.2634
-1455500,-61.0744
-1455600,-60.8984
-1455700,-60.7164
-1455800,-60.5374
-1455900,-60.3424
-1456000,-60.1714
-1456100,-59.9704
-1456200,-59.7654
-1456300,-59.5494
-1456400,-59.3524
-1456500,-59.1284
-1456600,-58.8974
-1456700,-58.6734
-1456800,-58.4464
-1456900,-58.2054
-1457000,-57.9424
-1457100,-57.7234
-1457200,-57.4804
-1457300,-57.2294
-1457400,-56.9914
-1457500,-56.7224
-1457600,-56.4804
-1457700,-56.2144
-1457800,-55.9494
-1457900,-55.6914
-1458000,-55.4434
-1458100,-55.1734
-1458200,-54.9364
-1458300,-54.6794
-1458400,-54.4174
-1458500,-54.1744
-1458600,-53.9264
-1458700,-53.6714
-1458800,-53.4244
-1458900,-53.1554
-1459000,-52.9324
-1459100,-52.6814
-1459200,-52.4404
-1459300,-52.1944
-1459400,-51.9474
-1459500,-51.6924
-1459600,-51.4454
-1459700,-51.2044
-1459800,-50.9554
-1459900,-50.6984
-1460000,-50.4414
-1460100,-50.1934
-1460200,-49.9404
-1460300,-49.6844
-1460400,-49.4354
-1460500,-49.1574
-1460600,-48.8834
-1460700,-48.5904
-1460800,-48.3014
-1460900,-47.9974
-1461000,-47.6834
-1461100,-47.3734
-1461200,-47.0654
-1461300,-46.7374
-1461400,-46.4024
-1461500,-46.0704
-1461600,-45.7274
-1461700,-45.3874
-1461800,-45.0474
-1461900,-44.7034
-1462000,-44.3594
-1462100,-44.0014
-1462200,-43.6544
-1462300,-43.2864
-1462400,-42.9034
-1462500,-42.5114
-1462600,-42.1154
-1462700,-41.7214
-1462800,-41.3164
-1462900,-40.9244
-1463000,-40.5064
-1463100,-40.0684
-1463200,-39.6434
-1463300,-39.2154
-1463400,-38.7794
-1463500,-38.3304
-1463600,-37.8654
-1463700,-37.4114
-1463800,-36.9574
-1463900,-36.5114
-1464000,-36.0334
-1464100,-35.5434
-1464200,-35.0354
-1464300,-34.5554
-1464400,-34.0554
-1464500,-33.5514
-1464600,-33.0324
-1464700,-32.5214
-1464800,-31.9914
-1464900,-31.4834
-1465000,-30.9334
-1465100,-30.4344
-1465200,-29.9064
-1465300,-29.3814
-1465400,-28.8804
-1465500,-28.3894
-1465600,-27.8914
-1465700,-27.3554
-1465800,-26.8444
-1465900,-26.3144
-1466000,-25.8094
-1466100,-25.2624
-1466200,-24.7564
-1466300,-24.2114
-1466400,-23.7034
-1466500,-23.1554
-1466600,-22.6434
-1466700,-22.1594
-1466800,-21.6364
-1466900,-21.1494
-1467000,-20.6984
-1467100,-20.2264
-1467200,-19.7854
-1467300,-19.3344
-1467400,-18.9204
-1467500,-18.5084
-1467600,-18.0844
-1467700,-17.6674
-1467800,-17.2314
-1467900,-16.8044
-1468000,-16.3484
-1468100,-15.8844
-1468200,-15.4084
-1468300,-14.9274
-1468400,-14.3684
-1468500,-13.6544
-1468600,-12.9784
-1468700,-12.5654
-1468800,-12.2374
-1468900,-12.0554
-1469000,-11.9304
-1469100,-11.8204
-1469200,-11.7194
-1469300,-11.6394
-1469400,-11.5574
-1469500,-11.4824
-1469600,-11.4124
-1469700,-11.3524
-1469800,-11.3014
-1469900,-11.2324
-1470000,-11.1944
-1470100,-11.1724
-1470200,-11.1424
-1470300,-11.1104
-1470400,-11.0754
-1470500,-11.0604
-1470600,-11.0414
-1470700,-11.0224
-1470800,-11.0074
-1470900,-10.9944
-1471000,-10.9774
-1471100,-10.9694
-1471200,-10.9574
-1471300,-10.9364
-1471400,-10.9194
-1471500,-10.9084
-1471600,-10.8784
-1471700,-10.8544
-1471800,-10.8234
-1471900,-10.8154
-1472000,-10.7944
-1472100,-10.7734
-1472200,-10.7604
-1472300,-10.7474
-1472400,-10.7594
-1472500,-10.7644
-1472600,-10.7514
-1472700,-10.7534
-1472800,-10.7474
-1472900,-10.7364
-1473000,-10.7384
-1473100,-10.7364
-1473200,-10.7294
-1473300,-10.7374
-1473400,-10.7404
-1473500,-10.7314
-1473600,-10.7224
-1473700,-10.7114
-1473800,-10.6974
-1473900,-10.6824
-1474000,-10.6664
-1474100,-10.6354
-1474200,-10.6294
-1474300,-10.6114
-1474400,-10.6144
-1474500,-10.5984
-1474600,-10.5864
-1474700,-10.5744
-1474800,-10.5734
-1474900,-10.5634
-1475000,-10.5504
-1475100,-10.5414
-1475200,-10.5304
-1475300,-10.5144
-1475400,-10.5114
-1475500,-10.4894
-1475600,-10.4674
-1475700,-10.4474
-1475800,-10.4204
-1475900,-10.4024
-1476000,-10.3684
-1476100,-10.3454
-1476200,-10.3284
-1476300,-10.3094
-1476400,-10.2814
-1476500,-10.2644
-1476600,-10.2334
-1476700,-10.2124
-1476800,-10.1984
-1476900,-10.1814
-1477000,-10.1624
-1477100,-10.1374
-1477200,-10.1414
-1477300,-10.1274
-1477400,-10.1344
-1477500,-10.1504
-1477600,-10.1674
-1477700,-10.1784
-1477800,-10.2294
-1477900,-10.2404
-1478000,-10.2354
-1478100,-10.2404
-1478200,-10.2374
-1478300,-10.2334
-1478400,-10.2374
-1478500,-10.2484
-1478600,-10.2554
-1478700,-10.2614
-1478800,-10.2674
-1478900,-10.2744
-1479000,-10.2714
-1479100,-10.2714
-1479200,-10.2744
-1479300,-10.2854
-1479400,-10.2784
-1479500,-10.2824
-1479600,-10.2854
-1479700,-10.3004
-1479800,-10.3154
-1479900,-10.3294
-1480000,-10.3284
-1480100,-10.3404
-1480200,-10.3534
-1480300,-10.3814
-1480400,-10.4054
-1480500,-10.4424
-1480600,-10.4644
-1480700,-10.4804
-1480800,-10.5074
-1480900,-10.5364
-1481000,-10.5874
-1481100,-10.6014
-1481200,-10.6274
-1481300,-10.6534
-1481400,-10.6704
-1481500,-10.6994
-1481600,-10.7474
-1481700,-10.7764
-1481800,-10.7874
-1481900,-10.8314
-1482000,-10.8714
-1482100,-10.9284
-1482200,-10.9734
-1482300,-11.0544
-1482400,-11.1524
-1482500,-11.2214
-1482600,-11.2904
-1482700,-11.3454
-1482800,-11.4334
-1482900,-11.5114
-1483000,-11.5934
-1483100,-11.6864
-1483200,-11.8054
-1483300,-11.9184
-1483400,-12.0204
-1483500,-12.1344
-1483600,-12.2594
-1483700,-12.4094
-1483800,-12.5554
-1483900,-12.6954
-1484000,-12.8284
-1484100,-12.9754
-1484200,-13.0914
-1484300,-13.2054
-1484400,-13.3504
-1484500,-13.4914
-1484600,-13.5984
-1484700,-13.6744
-1484800,-13.7454
-1484900,-13.7984
-1485000,-13.8494
-1485100,-13.9224
-1485200,-13.9914
-1485300,-14.0434
-1485400,-14.1004
-1485500,-14.1714
-1485600,-14.2544
-1485700,-14.3124
-1485800,-14.3894
-1485900,-14.4634
-1486000,-14.5634
-1486100,-14.6624
-1486200,-14.7454
-1486300,-14.8244
-1486400,-14.9164
-1486500,-15.0194
-1486600,-15.1114
-1486700,-15.2104
-1486800,-15.3144
-1486900,-15.4374
-1487000,-15.5584
-1487100,-15.6874
-1487200,-15.8294
-1487300,-15.9624
-1487400,-16.1314
-1487500,-16.2914
-1487600,-16.4634
-1487700,-16.6674
-1487800,-16.8854
-1487900,-17.1334
-1488000,-17.3964
-1488100,-17.6384
-1488200,-17.8774
-1488300,-18.1164
-1488400,-18.3504
-1488500,-18.6054
-1488600,-18.8764
-1488700,-19.1484
-1488800,-19.4254
-1488900,-19.7054
-1489000,-19.9964
-1489100,-20.2784
-1489200,-20.5684
-1489300,-20.8574
-1489400,-21.1854
-1489500,-21.4864
-1489600,-21.7704
-1489700,-22.0814
-1489800,-22.4844
-1489900,-22.9064
-1490000,-23.3744
-1490100,-23.8394
-1490200,-24.2734
-1490300,-24.6844
-1490400,-25.1004
-1490500,-25.5134
-1490600,-26.0224
-1490700,-26.5384
-1490800,-27.1234
-1490900,-27.7504
-1491000,-28.4454
-1491100,-29.1414
-1491200,-29.8404
-1491300,-30.6044
-1491400,-31.5004
-1491500,-32.4694
-1491600,-33.5834
-1491700,-34.8074
-1491800,-36.3744
-1491900,-38.1154
-1492000,-39.8494
-1492100,-41.5434
-1492200,-43.2254
-1492300,-44.5854
-1492400,-45.8104
-1492500,-46.8434
-1492600,-47.8244
-1492700,-48.8614
-1492800,-49.7274
-1492900,-50.5874
-1493000,-51.3234
-1493100,-51.9624
-1493200,-52.6474
-1493300,-53.2804
-1493400,-53.8344
-1493500,-54.3984
-1493600,-54.8984
-1493700,-55.4044
-1493800,-55.8824
-1493900,-56.3054
-1494000,-56.6894
-1494100,-57.0404
-1494200,-57.3024
-1494300,-57.5044
-1494400,-57.7374
-1494500,-58.0034
-1494600,-58.3104
-1494700,-58.5794
-1494800,-58.9184
-1494900,-59.1934
-1495000,-59.5324
-1495100,-59.8874
-1495200,-60.4474
-1495300,-60.8944
-1495400,-61.2414
-1495500,-61.4984
-1495600,-61.6734
-1495700,-61.8224
-1495800,-61.9494
-1495900,-62.0244
-1496000,-62.0564
-1496100,-62.0704
-1496200,-62.0674
-1496300,-62.0804
-1496400,-62.0784
-1496500,-62.0484
-1496600,-62.0054
-1496700,-61.9394
-1496800,-61.8634
-1496900,-61.7824
-1497000,-61.6954
-1497100,-61.6084
-1497200,-61.4954
-1497300,-61.4274
-1497400,-61.3424
-1497500,-61.2444
-1497600,-61.1254
-1497700,-61.0304
-1497800,-60.9074
-1497900,-60.8154
-1498000,-60.6944
-1498100,-60.5824
-1498200,-60.4914
-1498300,-60.3624
-1498400,-60.2284
-1498500,-60.1314
-1498600,-60.0064
-1498700,-59.8954
-1498800,-59.7744
-1498900,-59.6754
-1499000,-59.5264
-1499100,-59.3854
-1499200,-59.2604
-1499300,-59.1164
-1499400,-58.9784
-1499500,-58.8244
-1499600,-58.6734
-1499700,-58.5414
-1499800,-58.3844
-1499900,-58.2544
-1500000,-58.0844
-1500100,-57.9414
-1500200,-57.7654
-1500300,-57.5824
-1500400,-57.4054
-1500500,-57.2384
-1500600,-57.0454
-1500700,-56.8334
-1500800,-56.6414
-1500900,-56.4454
-1501000,-56.2774
-1501100,-56.0624
-1501200,-55.8684
-1501300,-55.6624
-1501400,-55.4594
-1501500,-55.2424
-1501600,-55.0334
-1501700,-54.8054
-1501800,-54.5884
-1501900,-54.3534
-1502000,-54.0974
-1502100,-53.8484
-1502200,-53.6114
-1502300,-53.3584
-1502400,-53.1104
-1502500,-52.8564
-1502600,-52.6054
-1502700,-52.3514
-1502800,-52.0794
-1502900,-51.8164
-1503000,-51.5744
-1503100,-51.3024
-1503200,-51.0454
-1503300,-50.7814
-1503400,-50.5314
-1503500,-50.2604
-1503600,-49.9964
-1503700,-49.7504
-1503800,-49.4784
-1503900,-49.2154
-1504000,-48.9434
-1504100,-48.6694
-1504200,-48.3964
-1504300,-48.1094
-1504400,-47.8034
-1504500,-47.5014
-1504600,-47.2114
-1504700,-46.9094
-1504800,-46.5974
-1504900,-46.2854
-1505000,-45.9684
-1505100,-45.6504
-1505200,-45.3354
-1505300,-45.0064
-1505400,-44.6864
-1505500,-44.3624
-1505600,-44.0054
-1505700,-43.6744
-1505800,-43.3354
-1505900,-42.9734
-1506000,-42.6234
-1506100,-42.2744
-1506200,-41.9124
-1506300,-41.5374
-1506400,-41.1724
-1506500,-40.8154
-1506600,-40.4374
-1506700,-40.0534
-1506800,-39.6824
-1506900,-39.3154
-1507000,-38.8954
-1507100,-38.5084
-1507200,-38.1324
-1507300,-37.7414
-1507400,-37.3514
-1507500,-36.9604
-1507600,-36.5204
-1507700,-36.1044
-1507800,-35.6664
-1507900,-35.2544
-1508000,-34.8044
-1508100,-34.3714
-1508200,-33.9294
-1508300,-33.4874
-1508400,-33.0444
-1508500,-32.6184
-1508600,-32.1514
-1508700,-31.7274
-1508800,-31.2764
-1508900,-30.8224
-1509000,-30.3934
-1509100,-29.9554
-1509200,-29.5324
-1509300,-29.0984
-1509400,-28.6214
-1509500,-28.1214
-1509600,-27.5354
-1509700,-27.0034
-1509800,-26.6254
-1509900,-26.3604
-1510000,-26.1324
-1510100,-25.9264
-1510200,-25.7304
-1510300,-25.5554
-1510400,-25.3714
-1510500,-25.2024
-1510600,-25.0674
-1510700,-24.9314
-1510800,-24.8164
-1510900,-24.7064
-1511000,-24.6184
-1511100,-24.5454
-1511200,-24.4784
-1511300,-24.3924
-1511400,-24.3524
-1511500,-24.2944
-1511600,-24.2414
-1511700,-24.2034
-1511800,-24.1704
-1511900,-24.1244
-1512000,-24.0844
-1512100,-24.0474
-1512200,-24.0194
-1512300,-24.0004
-1512400,-23.9814
-1512500,-23.9564
-1512600,-23.9274
-1512700,-23.8974
-1512800,-23.8794
-1512900,-23.8574
-1513000,-23.8434
-1513100,-23.8254
-1513200,-23.8134
-1513300,-23.8024
-1513400,-23.7864
-1513500,-23.7704
-1513600,-23.7544
-1513700,-23.7374
-1513800,-23.7264
-1513900,-23.7104
-1514000,-23.6994
-1514100,-23.6674
-1514200,-23.6674
-1514300,-23.6494
-1514400,-23.6344
-1514500,-23.6274
-1514600,-23.6104
-1514700,-23.5974
-1514800,-23.5994
-1514900,-23.5964
-1515000,-23.5844
-1515100,-23.5844
-1515200,-23.5704
-1515300,-23.5554
-1515400,-23.5464
-1515500,-23.5324
-1515600,-23.5234
-1515700,-23.5204
-1515800,-23.5044
-1515900,-23.4984
-1516000,-23.4874
-1516100,-23.4794
-1516200,-23.4724
-1516300,-23.4774
-1516400,-23.4764
-1516500,-23.4714
-1516600,-23.4604
-1516700,-23.4584
-1516800,-23.4484
-1516900,-23.4414
-1517000,-23.4424
-1517100,-23.4304
-1517200,-23.4294
-1517300,-23.4194
-1517400,-23.4114
-1517500,-23.4104
-1517600,-23.4024
-1517700,-23.4064
-1517800,-23.3974
-1517900,-23.3974
-1518000,-23.3934
-1518100,-23.3854
-1518200,-23.3814
-1518300,-23.3754
-1518400,-23.3744
-1518500,-23.3764
-1518600,-23.3674
-1518700,-23.3674
-1518800,-23.3704
-1518900,-23.3744
-1519000,-23.3634
-1519100,-23.3614
-1519200,-23.3684
-1519300,-23.3824
-1519400,-23.3844
-1519500,-23.3954
-1519600,-23.4114
-1519700,-23.4304
-1519800,-23.4464
-1519900,-23.4604
-1520000,-23.4804
-1520100,-23.5074
-1520200,-23.5314
-1520300,-23.5614
-1520400,-23.6044
-1520500,-23.6494
-1520600,-23.6864
-1520700,-23.7374
-1520800,-23.7894
-1520900,-23.8384
-1521000,-23.8884
-1521100,-23.9484
-1521200,-24.0164
-1521300,-24.0694
-1521400,-24.1474
-1521500,-24.2264
-1521600,-24.3084
-1521700,-24.4164
-1521800,-24.5094
-1521900,-24.6234
-1522000,-24.7424
-1522100,-24.8454
-1522200,-24.9644
-1522300,-25.0734
-1522400,-25.2054
-1522500,-25.3314
-1522600,-25.4974
-1522700,-25.6474
-1522800,-25.8064
-1522900,-25.9544
-1523000,-26.1194
-1523100,-26.2924
-1523200,-26.4694
-1523300,-26.6304
-1523400,-26.8174
-1523500,-26.9754
-1523600,-27.1624
-1523700,-27.3474
-1523800,-27.5264
-1523900,-27.7134
-1524000,-27.8924
-1524100,-28.0644
-1524200,-28.2474
-1524300,-28.4194
-1524400,-28.6054
-1524500,-28.7834
-1524600,-28.9934
-1524700,-29.1734
-1524800,-29.3734
-1524900,-29.5564
-1525000,-29.7514
-1525100,-29.9724
-1525200,-30.2184
-1525300,-30.4324
-1525400,-30.6614
-1525500,-30.8954
-1525600,-31.1674
-1525700,-31.4354
-1525800,-31.6964
-1525900,-31.9684
-1526000,-32.2684
-1526100,-32.6354
-1526200,-33.0844
-1526300,-33.5834
-1526400,-34.0634
-1526500,-34.6384
-1526600,-35.1234
-1526700,-35.6704
-1526800,-36.1894
-1526900,-36.7674
-1527000,-37.3414
-1527100,-37.8754
-1527200,-38.3934
-1527300,-38.8824
-1527400,-39.4154
-1527500,-39.9814
-1527600,-40.5784
-1527700,-41.2304
-1527800,-41.8324
-1527900,-42.4984
-1528000,-43.1104
-1528100,-43.7684
-1528200,-44.4334
-1528300,-45.1424
-1528400,-45.8654
-1528500,-46.5394
-1528600,-47.3414
-1528700,-48.0424
-1528800,-48.7714
-1528900,-49.4464
-1529000,-50.0504
-1529100,-50.6414
-1529200,-51.1914
-1529300,-51.7214
-1529400,-52.2454
-1529500,-52.7354
-1529600,-53.2664
-1529700,-53.8324
-1529800,-54.3644
-1529900,-54.9024
-1530000,-55.4374
-1530100,-55.9774
-1530200,-56.6024
-1530300,-57.2304
-1530400,-57.8214
-1530500,-58.4014
-1530600,-58.9724
-1530700,-59.4424
-1530800,-59.9204
-1530900,-60.3424
-1531000,-60.7914
-1531100,-61.2594
-1531200,-61.7404
-1531300,-62.1484
-1531400,-62.4324
-1531500,-62.6994
-1531600,-62.9074
-1531700,-63.1184
-1531800,-63.3554
-1531900,-63.5754
-1532000,-63.7984
-1532100,-64.0454
-1532200,-64.3374
-1532300,-64.7164
-1532400,-65.0474
-1532500,-65.3494
-1532600,-65.6804
-1532700,-66.0014
-1532800,-66.3524
-1532900,-66.6214
-1533000,-66.8904
-1533100,-67.2834
-1533200,-67.6414
-1533300,-68.0054
-1533400,-68.2764
-1533500,-68.5274
-1533600,-68.6924
-1533700,-68.8554
-1533800,-68.9304
-1533900,-69.0024
-1534000,-69.0134
-1534100,-68.9924
-1534200,-68.9684
-1534300,-68.9124
-1534400,-68.8224
-1534500,-68.7004
-1534600,-68.5984
-1534700,-68.4804
-1534800,-68.3614
-1534900,-68.2204
-1535000,-68.0994
-1535100,-67.9454
-1535200,-67.7934
-1535300,-67.6234
-1535400,-67.4414
-1535500,-67.2774
-1535600,-67.0774
-1535700,-66.8834
-1535800,-66.6704
-1535900,-66.4534
-1536000,-66.2334
-1536100,-65.9904
-1536200,-65.8164
-1536300,-65.5434
-1536400,-65.2814
-1536500,-65.0164
-1536600,-64.7564
-1536700,-64.4704
-1536800,-64.2084
-1536900,-63.9164
-1537000,-63.6304
-1537100,-63.3674
-1537200,-63.0774
-1537300,-62.7894
-1537400,-62.4864
-1537500,-62.2064
-1537600,-61.8904
-1537700,-61.6044
-1537800,-61.2984
-1537900,-61.0064
-1538000,-60.7074
-1538100,-60.3854
-1538200,-60.0524
-1538300,-59.7344
-1538400,-59.3774
-1538500,-59.0374
-1538600,-58.6864
-1538700,-58.3414
-1538800,-57.9734
-1538900,-57.6284
-1539000,-57.2544
-1539100,-56.8844
-1539200,-56.5114
-1539300,-56.1234
-1539400,-55.7744
-1539500,-55.3894
-1539600,-55.0114
-1539700,-54.6254
-1539800,-54.2154
-1539900,-53.8274
-1540000,-53.4254
-1540100,-53.0144
-1540200,-52.6044
-1540300,-52.1984
-1540400,-51.7624
-1540500,-51.3534
-1540600,-50.9364
-1540700,-50.5164
-1540800,-50.0944
-1540900,-49.6624
-1541000,-49.2384
-1541100,-48.7604
-1541200,-48.3214
-1541300,-47.8614
-1541400,-47.4484
-1541500,-46.9934
-1541600,-46.5284
-1541700,-46.0704
-1541800,-45.5944
-1541900,-45.1244
-1542000,-44.6394
-1542100,-44.1654
-1542200,-43.6754
-1542300,-43.1584
-1542400,-42.6884
-1542500,-42.2064
-1542600,-41.7114
-1542700,-41.1744
-1542800,-40.6014
-1542900,-40.1094
-1543000,-39.6784
-1543100,-39.2524
-1543200,-38.8534
-1543300,-38.4414
-1543400,-38.0374
-1543500,-37.6254
-1543600,-37.2384
-1543700,-36.8524
-1543800,-36.5094
-1543900,-36.1754
-1544000,-35.9044
-1544100,-35.6084
-1544200,-35.3634
-1544300,-35.0604
-1544400,-34.7914
-1544500,-34.5294
-1544600,-34.2594
-1544700,-34.0034
-1544800,-33.7624
-1544900,-33.5344
-1545000,-33.3234
-1545100,-33.1044
-1545200,-32.8884
-1545300,-32.6844
-1545400,-32.5014
-1545500,-32.3284
-1545600,-32.1624
-1545700,-32.0084
-1545800,-31.8854
-1545900,-31.7744
-1546000,-31.6794
-1546100,-31.5694
-1546200,-31.4594
-1546300,-31.3484
-1546400,-31.2664
-1546500,-31.1574
-1546600,-31.0564
-1546700,-30.9334
-1546800,-30.8344
-1546900,-30.7424
-1547000,-30.6554
-1547100,-30.5674
-1547200,-30.4764
-1547300,-30.4004
-1547400,-30.3394
-1547500,-30.2624
-1547600,-30.1914
-1547700,-30.1424
-1547800,-30.0914
-1547900,-30.0234
-1548000,-29.9934
-1548100,-29.9404
-1548200,-29.8924
-1548300,-29.8314
-1548400,-29.7774
-1548500,-29.7254
-1548600,-29.6854
-1548700,-29.6304
-1548800,-29.5864
-1548900,-29.5454
-1549000,-29.5024
-1549100,-29.4754
-1549200,-29.4304
-1549300,-29.3904
-1549400,-29.3564
-1549500,-29.3104
-1549600,-29.2674
-1549700,-29.2234
-1549800,-29.1794
-1549900,-29.1444
-1550000,-29.1044
-1550100,-29.0554
-1550200,-29.0234
-1550300,-28.9754
-1550400,-28.9344
-1550500,-28.8854
-1550600,-28.8464
-1550700,-28.7864
-1550800,-28.7364
-1550900,-28.6754
-1551000,-28.6204
-1551100,-28.5664
-1551200,-28.5084
-1551300,-28.4424
-1551400,-28.3904
-1551500,-28.3174
-1551600,-28.2584
-1551700,-28.1924
-1551800,-28.1364
-1551900,-28.0614
-1552000,-28.0064
-1552100,-27.9334
-1552200,-27.8714
-1552300,-27.7994
-1552400,-27.7184
-1552500,-27.6504
-1552600,-27.5774
-1552700,-27.4874
-1552800,-27.4024
-1552900,-27.3094
-1553000,-27.2194
-1553100,-27.1384
-1553200,-27.0434
-1553300,-26.9504
-1553400,-26.8524
-1553500,-26.7684
-1553600,-26.6714
-1553700,-26.5764
-1553800,-26.4694
-1553900,-26.3504
-1554000,-26.2284
-1554100,-26.1034
-1554200,-25.9654
-1554300,-25.8314
-1554400,-25.6824
-1554500,-25.5414
-1554600,-25.4144
-1554700,-25.2774
-1554800,-25.1294
-1554900,-24.9984
-1555000,-24.8524
-1555100,-24.7094
-1555200,-24.5754
-1555300,-24.4374
-1555400,-24.2934
-1555500,-24.1654
-1555600,-24.0234
-1555700,-23.9104
-1555800,-23.7894
-1555900,-23.6634
-1556000,-23.5304
-1556100,-23.3884
-1556200,-23.2484
-1556300,-23.0954
-1556400,-22.9454
-1556500,-22.7814
-1556600,-22.6374
-1556700,-22.4914
-1556800,-22.3404
-1556900,-22.2054
-1557000,-22.0514
-1557100,-21.9134
-1557200,-21.7844
-1557300,-21.6474
-1557400,-21.5044
-1557500,-21.3644
-1557600,-21.2274
-1557700,-21.1184
-1557800,-20.9824
-1557900,-20.8604
-1558000,-20.7464
-1558100,-20.6144
-1558200,-20.4954
-1558300,-20.3604
-1558400,-20.2394
-1558500,-20.1344
-1558600,-20.0414
-1558700,-19.9604
-1558800,-19.8694
-1558900,-19.8064
-1559000,-19.7424
-1559100,-19.6754
-1559200,-19.5934
-1559300,-19.5344
-1559400,-19.4824
-1559500,-19.4254
-1559600,-19.3874
-1559700,-19.3374
-1559800,-19.2924
-1559900,-19.2394
-1560000,-19.1954
-1560100,-19.1554
-1560200,-19.1204
-1560300,-19.0974
-1560400,-19.0714
-1560500,-19.0424
-1560600,-19.0404
-1560700,-19.0334
-1560800,-19.0314
-1560900,-19.0434
-1561000,-19.0504
-1561100,-19.0514
-1561200,-19.0594
-1561300,-19.0664
-1561400,-19.0904
-1561500,-19.1044
-1561600,-19.1234
-1561700,-19.1504
-1561800,-19.1834
-1561900,-19.2244
-1562000,-19.2694
-1562100,-19.3184
-1562200,-19.3514
-1562300,-19.3914
-1562400,-19.4414
-1562500,-19.5024
-1562600,-19.5764
-1562700,-19.6604
-1562800,-19.7454
-1562900,-19.8304
-1563000,-19.9384
-1563100,-20.0454
-1563200,-20.1644
-1563300,-20.2914
-1563400,-20.4964
-1563500,-20.6994
-1563600,-20.8824
-1563700,-21.0834
-1563800,-21.3074
-1563900,-21.5124
-1564000,-21.6874
-1564100,-21.9184
-1564200,-22.1124
-1564300,-22.3184
-1564400,-22.5634
-1564500,-22.7574
-1564600,-22.9664
-1564700,-23.1854
-1564800,-23.4464
-1564900,-23.6844
-1565000,-23.9234
-1565100,-24.2094
-1565200,-24.4514
-1565300,-24.7094
-1565400,-25.0034
-1565500,-25.2294
-1565600,-25.5014
-1565700,-25.7934
-1565800,-26.0614
-1565900,-26.3334
-1566000,-26.6514
-1566100,-26.9474
-1566200,-27.2284
-1566300,-27.5214
-1566400,-27.8374
-1566500,-28.0744
-1566600,-28.3174
-1566700,-28.6294
-1566800,-28.8894
-1566900,-29.2004
-1567000,-29.5254
-1567100,-29.8754
-1567200,-30.2624
-1567300,-30.6944
-1567400,-31.1764
-1567500,-31.6424
-1567600,-32.2674
-1567700,-32.9194
-1567800,-33.6634
-1567900,-34.5014
-1568000,-35.2564
-1568100,-36.0144
-1568200,-36.7324
-1568300,-37.5994
-1568400,-38.4474
-1568500,-39.2084
-1568600,-39.9934
-1568700,-40.8714
-1568800,-41.5854
-1568900,-42.2584
-1569000,-42.8734
-1569100,-43.5014
-1569200,-44.1014
-1569300,-44.6824
-1569400,-45.1734
-1569500,-45.6924
-1569600,-46.1704
-1569700,-46.5534
-1569800,-46.9084
-1569900,-47.2814
-1570000,-47.6944
-1570100,-48.0554
-1570200,-48.4334
-1570300,-48.7934
-1570400,-49.1584
-1570500,-49.5164
-1570600,-49.8684
-1570700,-50.1974
-1570800,-50.5034
-1570900,-50.7854
-1571000,-51.0404
-1571100,-51.2814
-1571200,-51.4664
-1571300,-51.7104
-1571400,-51.9544
-1571500,-52.1874
-1571600,-52.4404
-1571700,-52.6864
-1571800,-53.0674
-1571900,-53.4454
-1572000,-53.7014
-1572100,-53.9674
-1572200,-54.1854
-1572300,-54.3554
-1572400,-54.5114
-1572500,-54.5954
-1572600,-54.6514
-1572700,-54.6394
-1572800,-54.5704
-1572900,-54.4824
-1573000,-54.3774
-1573100,-54.2334
-1573200,-54.0624
-1573300,-53.9054
-1573400,-53.7224
-1573500,-53.5544
-1573600,-53.3894
-1573700,-53.1914
-1573800,-52.9884
-1573900,-52.8034
-1574000,-52.5674
-1574100,-52.3504
-1574200,-52.1414
-1574300,-51.9084
-1574400,-51.6724
-1574500,-51.4134
-1574600,-51.1574
-1574700,-50.8964
-1574800,-50.6444
-1574900,-50.3724
-1575000,-50.0974
-1575100,-49.8324
-1575200,-49.5634
-1575300,-49.2874
-1575400,-48.9964
-1575500,-48.7144
-1575600,-48.4174
-1575700,-48.1234
-1575800,-47.8154
-1575900,-47.5184
-1576000,-47.2044
-1576100,-46.9074
-1576200,-46.5804
-1576300,-46.2734
-1576400,-45.9574
-1576500,-45.6454
-1576600,-45.3234
-1576700,-45.0174
-1576800,-44.7014
-1576900,-44.4164
-1577000,-44.0904
-1577100,-43.7874
-1577200,-43.4584
-1577300,-43.1344
-1577400,-42.8224
-1577500,-42.4994
-1577600,-42.1894
-1577700,-41.8644
-1577800,-41.5404
-1577900,-41.2384
-1578000,-40.9574
-1578100,-40.6744
-1578200,-40.3874
-1578300,-40.1194
-1578400,-39.8554
-1578500,-39.5824
-1578600,-39.3364
-1578700,-39.1234
-1578800,-38.8864
-1578900,-38.6634
-1579000,-38.4594
-1579100,-38.2474
-1579200,-38.0454
-1579300,-37.8574
-1579400,-37.6664
-1579500,-37.4804
-1579600,-37.2974
-1579700,-37.1354
-1579800,-36.9584
-1579900,-36.7814
-1580000,-36.6174
-1580100,-36.4624
-1580200,-36.2844
-1580300,-36.1024
-1580400,-35.9594
-1580500,-35.7664
-1580600,-35.6104
-1580700,-35.4164
-1580800,-35.2284
-1580900,-35.0274
-1581000,-34.8624
-1581100,-34.6914
-1581200,-34.5254
-1581300,-34.3554
-1581400,-34.1774
-1581500,-34.0034
-1581600,-33.8404
-1581700,-33.6514
-1581800,-33.4744
-1581900,-33.3074
-1582000,-33.1214
-1582100,-32.9604
-1582200,-32.7894
-1582300,-32.6314
-1582400,-32.4544
-1582500,-32.2884
-1582600,-32.0924
-1582700,-31.8814
-1582800,-31.7014
-1582900,-31.5704
-1583000,-31.4664
-1583100,-31.3664
-1583200,-31.2564
-1583300,-31.1534
-1583400,-31.0334
-1583500,-30.9464
-1583600,-30.8464
-1583700,-30.7444
-1583800,-30.6464
-1583900,-30.5654
-1584000,-30.5084
-1584100,-30.4424
-1584200,-30.3754
-1584300,-30.3054
-1584400,-30.2454
-1584500,-30.1804
-1584600,-30.1324
-1584700,-30.0714
-1584800,-30.0234
-1584900,-29.9754
-1585000,-29.9124
-1585100,-29.8624
-1585200,-29.8204
-1585300,-29.7694
-1585400,-29.7104
-1585500,-29.6744
-1585600,-29.6324
-1585700,-29.5794
-1585800,-29.5374
-1585900,-29.4924
-1586000,-29.4514
-1586100,-29.4094
-1586200,-29.3624
-1586300,-29.3154
-1586400,-29.2574
-1586500,-29.2104
-1586600,-29.1564
-1586700,-29.0944
-1586800,-29.0374
-1586900,-28.9804
-1587000,-28.9184
-1587100,-28.8614
-1587200,-28.7934
-1587300,-28.7364
-1587400,-28.6744
-1587500,-28.6084
-1587600,-28.5404
-1587700,-28.4734
-1587800,-28.4044
-1587900,-28.3464
-1588000,-28.2774
-1588100,-28.1924
-1588200,-28.1234
-1588300,-28.0514
-1588400,-27.9744
-1588500,-27.9094
-1588600,-27.8284
-1588700,-27.7534
-1588800,-27.6674
-1588900,-27.5924
-1589000,-27.5134
-1589100,-27.4294
-1589200,-27.3474
-1589300,-27.2644
-1589400,-27.1754
-1589500,-27.0724
-1589600,-26.9704
-1589700,-26.8694
-1589800,-26.7574
-1589900,-26.6384
-1590000,-26.5244
-1590100,-26.4074
-1590200,-26.2694
-1590300,-26.1374
-1590400,-26.0104
-1590500,-25.8754
-1590600,-25.7394
-1590700,-25.5874
-1590800,-25.4454
-1590900,-25.2884
-1591000,-25.1324
-1591100,-24.9674
-1591200,-24.8154
-1591300,-24.6464
-1591400,-24.4704
-1591500,-24.3104
-1591600,-24.1294
-1591700,-23.9534
-1591800,-23.7694
-1591900,-23.5954
-1592000,-23.3904
-1592100,-23.1824
-1592200,-22.9634
-1592300,-22.7494
-1592400,-22.5084
-1592500,-22.3004
-1592600,-22.0734
-1592700,-21.8234
-1592800,-21.5814
-1592900,-21.3274
-1593000,-21.1004
-1593100,-20.8764
-1593200,-20.6624
-1593300,-20.4484
-1593400,-20.2284
-1593500,-20.0054
-1593600,-19.7844
-1593700,-19.5774
-1593800,-19.3874
-1593900,-19.2064
-1594000,-19.0374
-1594100,-18.8614
-1594200,-18.7174
-1594300,-18.5804
-1594400,-18.4184
-1594500,-18.2874
-1594600,-18.1334
-1594700,-17.9944
-1594800,-17.8614
-1594900,-17.7544
-1595000,-17.6614
-1595100,-17.5934
-1595200,-17.5314
-1595300,-17.4674
-1595400,-17.3834
-1595500,-17.3144
-1595600,-17.2534
-1595700,-17.1754
-1595800,-17.1084
-1595900,-17.0524
-1596000,-16.9954
-1596100,-16.9484
-1596200,-16.9194
-1596300,-16.8934
-1596400,-16.8694
-1596500,-16.8454
-1596600,-16.8274
-1596700,-16.8124
-1596800,-16.7804
-1596900,-16.7764
-1597000,-16.7614
-1597100,-16.7344
-1597200,-16.7234
-1597300,-16.7194
-1597400,-16.7154
-1597500,-16.7104
-1597600,-16.7144
-1597700,-16.7134
-1597800,-16.7084
-1597900,-16.7154
-1598000,-16.7174
-1598100,-16.7234
-1598200,-16.7284
-1598300,-16.7314
-1598400,-16.7434
-1598500,-16.7504
-1598600,-16.7644
-1598700,-16.7604
-1598800,-16.7814
-1598900,-16.7854
-1599000,-16.8004
-1599100,-16.8054
-1599200,-16.8214
-1599300,-16.8504
-1599400,-16.8644
-1599500,-16.8914
-1599600,-16.9324
-1599700,-16.9674
-1599800,-17.0064
-1599900,-17.0574
-1600000,-17.1074
-1600100,-17.1454
-1600200,-17.1914
-1600300,-17.2314
-1600400,-17.2834
-1600500,-17.3384
-1600600,-17.4054
-1600700,-17.4714
-1600800,-17.5414
-1600900,-17.6114
-1601000,-17.6774
-1601100,-17.7534
-1601200,-17.8094
-1601300,-17.8684
-1601400,-17.9384
-1601500,-18.0294
-1601600,-18.1314
-1601700,-18.2514
-1601800,-18.3564
-1601900,-18.4384
-1602000,-18.5494
-1602100,-18.6484
-1602200,-18.7744
-1602300,-18.8804
-1602400,-18.9734
-1602500,-19.0804
-1602600,-19.2004
-1602700,-19.3124
-1602800,-19.4444
-1602900,-19.5404
-1603000,-19.6544
-1603100,-19.7614
-1603200,-19.8714
-1603300,-19.9704
-1603400,-20.0794
-1603500,-20.2114
-1603600,-20.3434
-1603700,-20.4344
-1603800,-20.5604
-1603900,-20.6764
-1604000,-20.8134
-1604100,-20.9474
-1604200,-21.0894
-1604300,-21.2304
-1604400,-21.3314
-1604500,-21.4604
-1604600,-21.5774
-1604700,-21.6774
-1604800,-21.7564
-1604900,-21.8714
-1605000,-21.9364
-1605100,-22.0034
-1605200,-22.0854
-1605300,-22.1764
-1605400,-22.2584
-1605500,-22.3274
-1605600,-22.3944
-1605700,-22.4484
-1605800,-22.5304
-1605900,-22.6074
-1606000,-22.6934
-1606100,-22.7894
-1606200,-22.8894
-1606300,-23.0214
-1606400,-23.1774
-1606500,-23.3774
-1606600,-23.6214
-1606700,-23.9394
-1606800,-24.2984
-1606900,-24.6574
-1607000,-25.0184
-1607100,-25.4804
-1607200,-25.8444
-1607300,-26.2084
-1607400,-26.7464
-1607500,-27.2904
-1607600,-27.8134
-1607700,-28.4594
-1607800,-29.0474
-1607900,-29.5364
-1608000,-29.9554
-1608100,-30.3464
-1608200,-30.7204
-1608300,-31.0804
-1608400,-31.3504
-1608500,-31.6054
-1608600,-31.8264
-1608700,-31.9664
-1608800,-32.1654
-1608900,-32.3074
-1609000,-32.4594
-1609100,-32.6244
-1609200,-32.8364
-1609300,-33.0484
-1609400,-33.2054
-1609500,-33.3154
-1609600,-33.4054
-1609700,-33.4634
-1609800,-33.5224
-1609900,-33.5564
-1610000,-33.5944
-1610100,-33.6274
-1610200,-33.6284
-1610300,-33.6404
-1610400,-33.6464
-1610500,-33.6574
-1610600,-33.6564
-1610700,-33.6414
-1610800,-33.6294
-1610900,-33.6154
-1611000,-33.5934
-1611100,-33.5674
-1611200,-33.5434
-1611300,-33.5224
-1611400,-33.5104
-1611500,-33.4914
-1611600,-33.4694
-1611700,-33.4424
-1611800,-33.4134
-1611900,-33.3784
-1612000,-33.3454
-1612100,-33.2934
-1612200,-33.2334
-1612300,-33.1804
-1612400,-33.1174
-1612500,-33.0724
-1612600,-33.0154
-1612700,-32.9584
-1612800,-32.8874
-1612900,-32.8354
-1613000,-32.7854
-1613100,-32.7194
-1613200,-32.6614
-1613300,-32.6034
-1613400,-32.5344
-1613500,-32.4624
-1613600,-32.3814
-1613700,-32.2974
-1613800,-32.2184
-1613900,-32.1294
-1614000,-32.0374
-1614100,-31.9474
-1614200,-31.8574
-1614300,-31.7564
-1614400,-31.6484
-1614500,-31.5464
-1614600,-31.4544
-1614700,-31.3554
-1614800,-31.2594
-1614900,-31.1594
-1615000,-31.0704
-1615100,-30.9554
-1615200,-30.8574
-1615300,-30.7504
-1615400,-30.6474
-1615500,-30.5274
-1615600,-30.4134
-1615700,-30.3024
-1615800,-30.1824
-1615900,-30.0734
-1616000,-29.9404
-1616100,-29.7964
-1616200,-29.6854
-1616300,-29.5484
-1616400,-29.4334
-1616500,-29.3154
-1616600,-29.1754
-1616700,-29.0574
-1616800,-28.9444
-1616900,-28.7964
-1617000,-28.6804
-1617100,-28.5564
-1617200,-28.4254
-1617300,-28.3054
-1617400,-28.1854
-1617500,-28.0574
-1617600,-27.9324
-1617700,-27.7984
-1617800,-27.6764
-1617900,-27.5284
-1618000,-27.3884
-1618100,-27.2594
-1618200,-27.1434
-1618300,-27.0254
-1618400,-26.9214
-1618500,-26.8244
-1618600,-26.7184
-1618700,-26.6234
-1618800,-26.5134
-1618900,-26.4084
-1619000,-26.2954
-1619100,-26.1744
-1619200,-26.0624
-1619300,-25.9424
-1619400,-25.8314
-1619500,-25.7314
-1619600,-25.6324
-1619700,-25.5564
-1619800,-25.4704
-1619900,-25.3864
-1620000,-25.3244
-1620100,-25.2674
-1620200,-25.1924
-1620300,-25.1144
-1620400,-25.0484
-1620500,-24.9784
-1620600,-24.8954
-1620700,-24.8394
-1620800,-24.7654
-1620900,-24.7294
-1621000,-24.7124
-1621100,-24.6734
-1621200,-24.6404
-1621300,-24.5944
-1621400,-24.5554
-1621500,-24.5174
-1621600,-24.4704
-1621700,-24.4464
-1621800,-24.4274
-1621900,-24.4144
-1622000,-24.3934
-1622100,-24.3664
-1622200,-24.3574
-1622300,-24.3464
-1622400,-24.3254
-1622500,-24.3314
-1622600,-24.3204
-1622700,-24.3114
-1622800,-24.2814
-1622900,-24.2674
-1623000,-24.2624
-1623100,-24.2384
-1623200,-24.2294
-1623300,-24.2214
-1623400,-24.2074
-1623500,-24.1854
-1623600,-24.1614
-1623700,-24.1414
-1623800,-24.1104
-1623900,-24.0704
-1624000,-24.0414
-1624100,-24.0024
-1624200,-23.9664
-1624300,-23.9374
-1624400,-23.8924
-1624500,-23.8594
-1624600,-23.8204
-1624700,-23.7804
-1624800,-23.7214
-1624900,-23.6844
-1625000,-23.6104
-1625100,-23.5574
-1625200,-23.4924
-1625300,-23.4334
-1625400,-23.3594
-1625500,-23.3004
-1625600,-23.2294
-1625700,-23.1564
-1625800,-23.0844
-1625900,-22.9924
-1626000,-22.9204
-1626100,-22.8364
-1626200,-22.7604
-1626300,-22.6824
-1626400,-22.6114
-1626500,-22.5384
-1626600,-22.4724
-1626700,-22.3924
-1626800,-22.3234
-1626900,-22.2494
-1627000,-22.1874
-1627100,-22.1064
-1627200,-22.0334
-1627300,-21.9524
-1627400,-21.8774
-1627500,-21.8084
-1627600,-21.7354
-1627700,-21.6654
-1627800,-21.5854
-1627900,-21.5234
-1628000,-21.4464
-1628100,-21.3574
-1628200,-21.2684
-1628300,-21.2044
-1628400,-21.1434
-1628500,-21.0674
-1628600,-20.9994
-1628700,-20.9024
-1628800,-20.8124
-1628900,-20.7314
-1629000,-20.6394
-1629100,-20.5444
-1629200,-20.4674
-1629300,-20.3984
-1629400,-20.3264
-1629500,-20.2654
-1629600,-20.1964
-1629700,-20.1474
-1629800,-20.0724
-1629900,-19.9924
-1630000,-19.8984
-1630100,-19.8354
-1630200,-19.7574
-1630300,-19.7024
-1630400,-19.6514
-1630500,-19.6044
-1630600,-19.5774
-1630700,-19.5374
-1630800,-19.5094
-1630900,-19.4914
-1631000,-19.4624
-1631100,-19.4374
-1631200,-19.4204
-1631300,-19.4074
-1631400,-19.3954
-1631500,-19.3714
-1631600,-19.3554
-1631700,-19.3444
-1631800,-19.3384
-1631900,-19.3314
-1632000,-19.3104
-1632100,-19.3004
-1632200,-19.3054
-1632300,-19.2874
-1632400,-19.2904
-1632500,-19.2914
-1632600,-19.2824
-1632700,-19.2844
-1632800,-19.2964
-1632900,-19.2914
-1633000,-19.2974
-1633100,-19.2974
-1633200,-19.2994
-1633300,-19.3014
-1633400,-19.2924
-1633500,-19.2974
-1633600,-19.3154
-1633700,-19.3304
-1633800,-19.3574
-1633900,-19.3774
-1634000,-19.3934
-1634100,-19.3974
-1634200,-19.4064
-1634300,-19.4244
-1634400,-19.4494
-1634500,-19.4724
-1634600,-19.4904
-1634700,-19.5254
-1634800,-19.5294
-1634900,-19.5774
-1635000,-19.6394
-1635100,-19.6764
-1635200,-19.7324
-1635300,-19.7854
-1635400,-19.8554
-1635500,-19.9464
-1635600,-20.0084
-1635700,-20.0754
-1635800,-20.1634
-1635900,-20.2364
-1636000,-20.3294
-1636100,-20.4284
-1636200,-20.5554
-1636300,-20.6694
-1636400,-20.8044
-1636500,-20.9254
-1636600,-21.0354
-1636700,-21.1484
-1636800,-21.2754
-1636900,-21.4244
-1637000,-21.5454
-1637100,-21.7064
-1637200,-21.8434
-1637300,-21.9744
-1637400,-22.0974
-1637500,-22.2434
-1637600,-22.3864
-1637700,-22.5674
-1637800,-22.8174
-1637900,-23.0444
-1638000,-23.2694
-1638100,-23.5034
-1638200,-23.7374
-1638300,-23.9424
-1638400,-24.1524
-1638500,-24.3894
-1638600,-24.6284
-1638700,-24.8684
-1638800,-25.1364
-1638900,-25.3794
-1639000,-25.6224
-1639100,-25.9174
-1639200,-26.2134
-1639300,-26.5474
-1639400,-26.8124
-1639500,-27.1654
-1639600,-27.4984
-1639700,-27.8354
-1639800,-28.1944
-1639900,-28.5534
-1640000,-28.9774
-1640100,-29.4204
-1640200,-29.8154
-1640300,-30.2224
-1640400,-30.6704
-1640500,-31.0794
-1640600,-31.5224
-1640700,-32.0124
-1640800,-32.4884
-1640900,-33.0744
-1641000,-33.6714
-1641100,-34.3924
-1641200,-35.2524
-1641300,-36.0704
-1641400,-36.8804
-1641500,-37.7584
-1641600,-38.5944
-1641700,-39.3854
-1641800,-40.1744
-1641900,-41.0634
-1642000,-41.9254
-1642100,-42.6444
-1642200,-43.4544
-1642300,-44.3904
-1642400,-45.2834
-1642500,-46.1014
-1642600,-46.7574
-1642700,-47.3074
-1642800,-47.8164
-1642900,-48.3014
-1643000,-48.7904
-1643100,-49.2154
-1643200,-49.6754
-1643300,-50.1294
-1643400,-50.6174
-1643500,-51.0174
-1643600,-51.4214
-1643700,-51.7814
-1643800,-52.1074
-1643900,-52.4514
-1644000,-52.7074
-1644100,-52.9584
-1644200,-53.1964
-1644300,-53.3954
-1644400,-53.6014
-1644500,-53.7814
-1644600,-53.9744
-1644700,-54.1344
-1644800,-54.2924
-1644900,-54.4324
-1645000,-54.5804
-1645100,-54.7144
-1645200,-54.8214
-1645300,-54.9424
-1645400,-55.0504
-1645500,-55.1214
-1645600,-55.1984
-1645700,-55.2714
-1645800,-55.3374
-1645900,-55.3974
-1646000,-55.4364
-1646100,-55.4754
-1646200,-55.5004
-1646300,-55.5274
-1646400,-55.5514
-1646500,-55.6174
-1646600,-55.6784
-1646700,-55.7394
-1646800,-55.7704
-1646900,-55.7874
-1647000,-55.8074
-1647100,-55.8314
-1647200,-55.8584
-1647300,-55.8974
-1647400,-55.9424
-1647500,-55.9634
-1647600,-56.0264
-1647700,-56.0674
-1647800,-56.1554
-1647900,-56.2114
-1648000,-56.2904
-1648100,-56.3524
-1648200,-56.4564
-1648300,-56.6034
-1648400,-56.7234
-1648500,-56.8694
-1648600,-57.0014
-1648700,-57.1814
-1648800,-57.3754
-1648900,-57.4774
-1649000,-57.6274
-1649100,-57.7244
-1649200,-57.8314
-1649300,-57.9424
-1649400,-58.0464
-1649500,-58.1264
-1649600,-58.1814
-1649700,-58.2334
-1649800,-58.2784
-1649900,-58.3214
-1650000,-58.3894
-1650100,-58.3724
-1650200,-58.3744
-1650300,-58.3644
-1650400,-58.3564
-1650500,-58.3374
-1650600,-58.2874
-1650700,-58.2154
-1650800,-58.1364
-1650900,-58.0604
-1651000,-57.9824
-1651100,-57.8894
-1651200,-57.7754
-1651300,-57.6754
-1651400,-57.5684
-1651500,-57.4564
-1651600,-57.3504
-1651700,-57.2334
-1651800,-57.1094
-1651900,-57.0104
-1652000,-56.8724
-1652100,-56.7384
-1652200,-56.6004
-1652300,-56.4684
-1652400,-56.3444
-1652500,-56.1734
-1652600,-56.0464
-1652700,-55.8874
-1652800,-55.7294
-1652900,-55.5864
-1653000,-55.4194
-1653100,-55.2464
-1653200,-55.0804
-1653300,-54.8974
-1653400,-54.7204
-1653500,-54.5354
-1653600,-54.3514
-1653700,-54.1734
-1653800,-53.9724
-1653900,-53.7774
-1654000,-53.5904
-1654100,-53.3954
-1654200,-53.1984
-1654300,-52.9834
-1654400,-52.7794
-1654500,-52.5644
-1654600,-52.3664
-1654700,-52.1554
-1654800,-51.9414
-1654900,-51.7434
-1655000,-51.5284
-1655100,-51.3234
-1655200,-51.1244
-1655300,-50.9034
-1655400,-50.6884
-1655500,-50.4784
-1655600,-50.2694
-1655700,-50.0624
-1655800,-49.8354
-1655900,-49.6324
-1656000,-49.4204
-1656100,-49.2084
-1656200,-49.0134
-1656300,-48.8014
-1656400,-48.6024
-1656500,-48.4084
-1656600,-48.2134
-1656700,-48.0224
-1656800,-47.8284
-1656900,-47.6304
-1657000,-47.4644
-1657100,-47.2774
-1657200,-47.1024
-1657300,-46.9374
-1657400,-46.7564
-1657500,-46.6074
-1657600,-46.4454
-1657700,-46.2734
-1657800,-46.1144
-1657900,-45.9664
-1658000,-45.8074
-1658100,-45.6474
-1658200,-45.5164
-1658300,-45.3594
-1658400,-45.2014
-1658500,-45.0494
-1658600,-44.9204
-1658700,-44.7624
-1658800,-44.6204
-1658900,-44.4624
-1659000,-44.3244
-1659100,-44.1924
-1659200,-44.0544
-1659300,-43.9094
-1659400,-43.7694
-1659500,-43.6484
-1659600,-43.4954
-1659700,-43.3534
-1659800,-43.2014
-1659900,-43.0634
-1660000,-42.9204
-1660100,-42.7764
-1660200,-42.6184
-1660300,-42.4674
-1660400,-42.3154
-1660500,-42.1684
-1660600,-42.0334
-1660700,-41.8954
-1660800,-41.7534
-1660900,-41.6044
-1661000,-41.4724
-1661100,-41.3164
-1661200,-41.1744
-1661300,-41.0354
-1661400,-40.9004
-1661500,-40.7344
-1661600,-40.5824
-1661700,-40.4384
-1661800,-40.3034
-1661900,-40.1594
-1662000,-40.0024
-1662100,-39.8554
-1662200,-39.7024
-1662300,-39.5624
-1662400,-39.4204
-1662500,-39.2924
-1662600,-39.1444
-1662700,-39.0114
-1662800,-38.8614
-1662900,-38.7154
-1663000,-38.5644
-1663100,-38.4134
-1663200,-38.2544
-1663300,-38.1214
-1663400,-37.9634
-1663500,-37.8404
-1663600,-37.6884
-1663700,-37.5594
-1663800,-37.4464
-1663900,-37.3084
-1664000,-37.1774
-1664100,-37.0494
-1664200,-36.9084
-1664300,-36.7834
-1664400,-36.6564
-1664500,-36.5324
-1664600,-36.4054
-1664700,-36.2794
-1664800,-36.1604
-1664900,-36.0264
-1665000,-35.8984
-1665100,-35.7814
-1665200,-35.6544
-1665300,-35.5344
-1665400,-35.4304
-1665500,-35.3294
-1665600,-35.2084
-1665700,-35.0884
-1665800,-34.9684
-1665900,-34.8544
-1666000,-34.7554
-1666100,-34.6394
-1666200,-34.5314
-1666300,-34.4364
-1666400,-34.3264
-1666500,-34.2224
-1666600,-34.1404
-1666700,-34.0664
-1666800,-33.9724
-1666900,-33.8944
-1667000,-33.8084
-1667100,-33.7534
-1667200,-33.6644
-1667300,-33.6014
-1667400,-33.5224
-1667500,-33.4484
-1667600,-33.3764
-1667700,-33.3044
-1667800,-33.2164
-1667900,-33.1384
-1668000,-33.0734
-1668100,-32.9914
-1668200,-32.9144
-1668300,-32.8354
-1668400,-32.7474
-1668500,-32.6604
-1668600,-32.5654
-1668700,-32.4764
-1668800,-32.3974
-1668900,-32.2884
-1669000,-32.1894
-1669100,-32.1004
-1669200,-31.9974
-1669300,-31.8864
-1669400,-31.7974
-1669500,-31.6794
-1669600,-31.5634
-1669700,-31.4464
-1669800,-31.3464
-1669900,-31.2254
-1670000,-31.1044
-1670100,-30.9734
-1670200,-30.8644
-1670300,-30.7294
-1670400,-30.6044
-1670500,-30.4814
-1670600,-30.3494
-1670700,-30.2234
-1670800,-30.1034
-1670900,-29.9744
-1671000,-29.8324
-1671100,-29.6974
-1671200,-29.5654
-1671300,-29.4224
-1671400,-29.2824
-1671500,-29.1444
-1671600,-29.0104
-1671700,-28.8844
-1671800,-28.7324
-1671900,-28.5954
-1672000,-28.4764
-1672100,-28.3394
-1672200,-28.2214
-1672300,-28.0714
-1672400,-27.9374
-1672500,-27.7934
-1672600,-27.6684
-1672700,-27.5334
-1672800,-27.4224
-1672900,-27.3164
-1673000,-27.2124
-1673100,-27.1414
-1673200,-27.0464
-1673300,-26.9694
-1673400,-26.8824
-1673500,-26.7984
-1673600,-26.7244
-1673700,-26.6454
-1673800,-26.5984
-1673900,-26.5354
-1674000,-26.4734
-1674100,-26.4264
-1674200,-26.3594
-1674300,-26.2894
-1674400,-26.2334
-1674500,-26.1904
-1674600,-26.1284
-1674700,-26.0704
-1674800,-26.0194
-1674900,-25.9754
-1675000,-25.9384
-1675100,-25.8934
-1675200,-25.8444
-1675300,-25.7944
-1675400,-25.7544
-1675500,-25.7224
-1675600,-25.6794
-1675700,-25.6424
-1675800,-25.5884
-1675900,-25.5564
-1676000,-25.5064
-1676100,-25.4684
-1676200,-25.4274
-1676300,-25.3814
-1676400,-25.3424
-1676500,-25.2954
-1676600,-25.2424
-1676700,-25.1894
-1676800,-25.1354
-1676900,-25.0914
-1677000,-25.0424
-1677100,-24.9914
-1677200,-24.9404
-1677300,-24.8964
-1677400,-24.8524
-1677500,-24.8124
-1677600,-24.7644
-1677700,-24.7194
-1677800,-24.6604
-1677900,-24.6174
-1678000,-24.5884
-1678100,-24.5484
-1678200,-24.5204
-1678300,-24.4794
-1678400,-24.4394
-1678500,-24.4034
-1678600,-24.3624
-1678700,-24.3254
-1678800,-24.3084
-1678900,-24.2814
-1679000,-24.2684
-1679100,-24.2434
-1679200,-24.2214
-1679300,-24.2134
-1679400,-24.2024
-1679500,-24.1914
-1679600,-24.1734
-1679700,-24.1734
-1679800,-24.1674
-1679900,-24.1684
-1680000,-24.1744
-1680100,-24.1644
-1680200,-24.1734
-1680300,-24.1684
-1680400,-24.1584
-1680500,-24.1654
-1680600,-24.1794
-1680700,-24.1814
-1680800,-24.1814
-1680900,-24.1934
-1681000,-24.1944
-1681100,-24.1974
-1681200,-24.1984
-1681300,-24.2104
-1681400,-24.2234
-1681500,-24.2334
-1681600,-24.2544
-1681700,-24.2694
-1681800,-24.2894
-1681900,-24.3084
-1682000,-24.3374
-1682100,-24.3734
-1682200,-24.4044
-1682300,-24.4544
-1682400,-24.4884
-1682500,-24.5284
-1682600,-24.5674
-1682700,-24.6034
-1682800,-24.6494
-1682900,-24.7184
-1683000,-24.7714
-1683100,-24.8174
-1683200,-24.8694
-1683300,-24.9554
-1683400,-25.0064
-1683500,-25.0804
-1683600,-25.1504
-1683700,-25.2414
-1683800,-25.3214
-1683900,-25.3764
-1684000,-25.4864
-1684100,-25.5774
-1684200,-25.6714
-1684300,-25.7594
-1684400,-25.8444
-1684500,-25.9134
-1684600,-25.9964
-1684700,-26.0764
-1684800,-26.1414
-1684900,-26.1924
-1685000,-26.2564
-1685100,-26.3034
-1685200,-26.3614
-1685300,-26.4124
-1685400,-26.4624
-1685500,-26.5134
-1685600,-26.5714
-1685700,-26.6294
-1685800,-26.6704
-1685900,-26.7044
-1686000,-26.7494
-1686100,-26.7724
-1686200,-26.7964
-1686300,-26.8374
-1686400,-26.8534
-1686500,-26.8734
-1686600,-26.9084
-1686700,-26.9314
-1686800,-26.9574
-1686900,-26.9734
-1687000,-26.9754
-1687100,-26.9844
-1687200,-26.9954
-1687300,-26.9904
-1687400,-26.9964
-1687500,-27.0074
-1687600,-27.0134
-1687700,-27.0194
-1687800,-27.0124
-1687900,-27.0174
-1688000,-27.0164
-1688100,-27.0184
-1688200,-27.0344
-1688300,-27.0364
-1688400,-27.0254
-1688500,-27.0134
-1688600,-27.0084
-1688700,-27.0034
-1688800,-26.9894
-1688900,-26.9844
-1689000,-26.9754
-1689100,-26.9694
-1689200,-26.9614
-1689300,-26.9584
-1689400,-26.9444
-1689500,-26.9294
-1689600,-26.9144
-1689700,-26.9114
-1689800,-26.9044
-1689900,-26.9014
-1690000,-26.9144
-1690100,-26.9184
-1690200,-26.9284
-1690300,-26.9324
-1690400,-26.9564
-1690500,-26.9704
-1690600,-26.9964
-1690700,-27.0194
-1690800,-27.0394
-1690900,-27.0624
-1691000,-27.0924
-1691100,-27.1274
-1691200,-27.1694
-1691300,-27.2144
-1691400,-27.2604
-1691500,-27.3084
-1691600,-27.3494
-1691700,-27.3994
-1691800,-27.4594
-1691900,-27.5114
-1692000,-27.5904
-1692100,-27.6634
-1692200,-27.7544
-1692300,-27.8234
-1692400,-27.9044
-1692500,-27.9874
-1692600,-28.0704
-1692700,-28.1734
-1692800,-28.2824
-1692900,-28.3854
-1693000,-28.5044
-1693100,-28.6424
-1693200,-28.7634
-1693300,-28.9234
-1693400,-29.0744
-1693500,-29.2544
-1693600,-29.4164
-1693700,-29.6044
-1693800,-29.8424
-1693900,-30.0754
-1694000,-30.3334
-1694100,-30.5634
-1694200,-30.8634
-1694300,-31.1654
-1694400,-31.5034
-1694500,-31.8824
-1694600,-32.2494
-1694700,-32.6404
-1694800,-33.0364
-1694900,-33.4204
-1695000,-33.8104
-1695100,-34.2644
-1695200,-34.7404
-1695300,-35.2294
-1695400,-35.7004
-1695500,-36.1804
-1695600,-36.7294
-1695700,-37.3034
-1695800,-37.9514
-1695900,-38.5274
-1696000,-39.1234
-1696100,-39.7594
-1696200,-40.3044
-1696300,-40.9194
-1696400,-41.4684
-1696500,-41.9884
-1696600,-42.5634
-1696700,-43.1074
-1696800,-43.5744
-1696900,-44.0204
-1697000,-44.4644
-1697100,-44.8934
-1697200,-45.2194
-1697300,-45.5484
-1697400,-45.8574
-1697500,-46.1274
-1697600,-46.4144
-1697700,-46.7424
-1697800,-46.9854
-1697900,-47.2844
-1698000,-47.5964
-1698100,-47.8744
-1698200,-48.1814
-1698300,-48.5574
-1698400,-48.9314
-1698500,-49.2944
-1698600,-49.6384
-1698700,-49.9114
-1698800,-50.1744
-1698900,-50.3894
-1699000,-50.5104
-1699100,-50.6354
-1699200,-50.7314
-1699300,-50.8154
-1699400,-50.9174
-1699500,-51.0424
-1699600,-51.1664
-1699700,-51.2354
-1699800,-51.2874
-1699900,-51.3654
-1700000,-51.4694
-1700100,-51.5684
-1700200,-51.7534
-1700300,-51.9604
-1700400,-52.1854
-1700500,-52.4634
-1700600,-52.6954
-1700700,-52.8684
-1700800,-52.9984
-1700900,-53.1144
-1701000,-53.1904
-1701100,-53.2294
-1701200,-53.2334
-1701300,-53.2414
-1701400,-53.2724
-1701500,-53.2784
-1701600,-53.2774
-1701700,-53.2784
-1701800,-53.2734
-1701900,-53.2364
-1702000,-53.1724
-1702100,-53.0704
-1702200,-52.9624
-1702300,-52.8354
-1702400,-52.7114
-1702500,-52.5784
-1702600,-52.4344
-1702700,-52.2904
-1702800,-52.1544
-1702900,-51.9984
-1703000,-51.8354
-1703100,-51.6514
-1703200,-51.4844
-1703300,-51.3074
-1703400,-51.1224
-1703500,-50.9194
-1703600,-50.7104
-1703700,-50.5034
-1703800,-50.2704
-1703900,-50.0614
-1704000,-49.8284
-1704100,-49.5944
-1704200,-49.3574
-1704300,-49.1134
-1704400,-48.8734
-1704500,-48.6284
-1704600,-48.3744
-1704700,-48.1204
-1704800,-47.8624
-1704900,-47.5654
-1705000,-47.2854
-1705100,-47.0134
-1705200,-46.7284
-1705300,-46.4224
-1705400,-46.1094
-1705500,-45.8174
-1705600,-45.5114
-1705700,-45.1994
-1705800,-44.8734
-1705900,-44.5474
-1706000,-44.2154
-1706100,-43.8764
-1706200,-43.5274
-1706300,-43.2174
-1706400,-42.8474
-1706500,-42.5104
-1706600,-42.1784
-1706700,-41.8394
-1706800,-41.5004
-1706900,-41.1654
-1707000,-40.8184
-1707100,-40.4814
-1707200,-40.1154
-1707300,-39.7464
-1707400,-39.3744
-1707500,-38.9774
-1707600,-38.5894
-1707700,-38.2074
-1707800,-37.8484
-1707900,-37.4744
-1708000,-37.1104
-1708100,-36.7374
-1708200,-36.3884
-1708300,-36.0434
-1708400,-35.7064
-1708500,-35.3844
-1708600,-35.0574
-1708700,-34.7484
-1708800,-34.4594
-1708900,-34.1664
-1709000,-33.9134
-1709100,-33.6374
-1709200,-33.3684
-1709300,-33.1064
-1709400,-32.8534
-1709500,-32.5964
-1709600,-32.3434
-1709700,-32.0854
-1709800,-31.8314
-1709900,-31.5884
-1710000,-31.3464
-1710100,-31.1224
-1710200,-30.8854
-1710300,-30.6634
-1710400,-30.4114
-1710500,-30.1894
-1710600,-29.9544
-1710700,-29.7354
-1710800,-29.4794
-1710900,-29.2504
-1711000,-29.0174
-1711100,-28.7744
-1711200,-28.5364
-1711300,-28.2854
-1711400,-28.0504
-1711500,-27.7864
-1711600,-27.5384
-1711700,-27.2844
-1711800,-27.0124
-1711900,-26.7404
-1712000,-26.4684
-1712100,-26.1954
-1712200,-25.9074
-1712300,-25.6164
-1712400,-25.2754
-1712500,-24.8954
-1712600,-24.5064
-1712700,-24.0934
-1712800,-23.7384
-1712900,-23.5134
-1713000,-23.4024
-1713100,-23.2714
-1713200,-23.1664
-1713300,-23.0964
-1713400,-23.0054
-1713500,-22.9094
-1713600,-22.8274
-1713700,-22.7614
-1713800,-22.6924
-1713900,-22.6104
-1714000,-22.5654
-1714100,-22.5014
-1714200,-22.4534
-1714300,-22.3924
-1714400,-22.3424
-1714500,-22.2854
-1714600,-22.2284
-1714700,-22.1704
-1714800,-22.1124
-1714900,-22.0454
-1715000,-21.9954
-1715100,-21.9414
-1715200,-21.8994
-1715300,-21.8604
-1715400,-21.8234
-1715500,-21.7804
-1715600,-21.7544
-1715700,-21.7174
-1715800,-21.6944
-1715900,-21.6654
-1716000,-21.6474
-1716100,-21.6234
-1716200,-21.5904
-1716300,-21.5554
-1716400,-21.5374
-1716500,-21.5224
-1716600,-21.5114
-1716700,-21.5024
-1716800,-21.4974
-1716900,-21.5204
-1717000,-21.5324
-1717100,-21.5294
-1717200,-21.5304
-1717300,-21.5314
-1717400,-21.5424
-1717500,-21.5234
-1717600,-21.5304
-1717700,-21.5444
-1717800,-21.5564
-1717900,-21.5814
-1718000,-21.6174
-1718100,-21.6684
-1718200,-21.7074
-1718300,-21.7524
-1718400,-21.7904
-1718500,-21.8394
-1718600,-21.9484
-1718700,-22.1014
-1718800,-22.2504
-1718900,-22.3894
-1719000,-22.5084
-1719100,-22.6524
-1719200,-22.8694
-1719300,-23.2174
-1719400,-23.6824
-1719500,-24.1344
-1719600,-24.6854
-1719700,-25.1734
-1719800,-25.6044
-1719900,-25.9674
-1720000,-26.3454
-1720100,-26.6474
-1720200,-26.9414
-1720300,-27.1694
-1720400,-27.3974
-1720500,-27.5254
-1720600,-27.6614
-1720700,-27.8234
-1720800,-27.8764
-1720900,-27.9984
-1721000,-28.0774
-1721100,-28.1674
-1721200,-28.2334
-1721300,-28.2704
-1721400,-28.3554
-1721500,-28.3764
-1721600,-28.3874
-1721700,-28.3854
-1721800,-28.3724
-1721900,-28.3184
-1722000,-28.2764
-1722100,-28.2294
-1722200,-28.1744
-1722300,-28.1294
-1722400,-28.0854
-1722500,-28.0714
-1722600,-28.0494
-1722700,-28.0414
-1722800,-28.0104
-1722900,-27.9674
-1723000,-27.9134
-1723100,-27.8654
-1723200,-27.8214
-1723300,-27.7604
-1723400,-27.7054
-1723500,-27.6534
-1723600,-27.6254
-1723700,-27.5994
-1723800,-27.5494
-1723900,-27.5164
-1724000,-27.4694
-1724100,-27.4174
-1724200,-27.3724
-1724300,-27.3214
-1724400,-27.2764
-1724500,-27.2304
-1724600,-27.1824
-1724700,-27.1484
-1724800,-27.1124
-1724900,-27.0884
-1725000,-27.0554
-1725100,-27.0074
-1725200,-26.9464
-1725300,-26.9154
-1725400,-26.8754
-1725500,-26.8384
-1725600,-26.7964
-1725700,-26.7674
-1725800,-26.7464
-1725900,-26.7344
-1726000,-26.7214
-1726100,-26.7184
-1726200,-26.7514
-1726300,-26.7694
-1726400,-26.7534
-1726500,-26.7834
-1726600,-26.7994
-1726700,-26.8334
-1726800,-26.8394
-1726900,-26.8524
-1727000,-26.8294
-1727100,-26.8534
-1727200,-26.8664
-1727300,-26.8884
-1727400,-26.9024
-1727500,-26.9464
-1727600,-26.9674
-1727700,-26.9254
-1727800,-26.8764
-1727900,-26.8474
-1728000,-26.8024
-1728100,-26.7614
-1728200,-26.7304
-1728300,-26.6994
-1728400,-26.6644
-1728500,-26.6094
-1728600,-26.5614
-1728700,-26.5184
-1728800,-26.4624
-1728900,-26.4194
-1729000,-26.3414
-1729100,-26.2554
-1729200,-26.1794
-1729300,-26.0894
-1729400,-25.9834
-1729500,-25.8834
-1729600,-25.7874
-1729700,-25.6864
-1729800,-25.5714
-1729900,-25.4284
-1730000,-25.2934
-1730100,-25.1494
-1730200,-25.0164
-1730300,-24.8804
-1730400,-24.7754
-1730500,-24.6554
-1730600,-24.5374
-1730700,-24.4054
-1730800,-24.2814
-1730900,-24.1624
-1731000,-24.0294
-1731100,-23.8794
-1731200,-23.7634
-1731300,-23.6494
-1731400,-23.5294
-1731500,-23.4114
-1731600,-23.2694
-1731700,-23.1504
-1731800,-23.0444
-1731900,-22.9444
-1732000,-22.8504
-1732100,-22.7844
-1732200,-22.7054
-1732300,-22.6294
-1732400,-22.5594
-1732500,-22.5234
-1732600,-22.4614
-1732700,-22.3984
-1732800,-22.3364
-1732900,-22.2844
-1733000,-22.2144
-1733100,-22.1404
-1733200,-22.0654
-1733300,-22.0364
-1733400,-21.9644
-1733500,-21.9364
-1733600,-21.9014
-1733700,-21.8994
-1733800,-21.8944
-1733900,-21.8914
-1734000,-21.9034
-1734100,-21.9014
-1734200,-21.8934
-1734300,-21.8874
-1734400,-21.8984
-1734500,-21.9204
-1734600,-21.9484
-1734700,-22.0024
-1734800,-22.0594
-1734900,-22.1124
-1735000,-22.1834
-1735100,-22.2574
-1735200,-22.3604
-1735300,-22.4484
-1735400,-22.5034
-1735500,-22.5664
-1735600,-22.6344
-1735700,-22.7044
-1735800,-22.7784
-1735900,-22.8864
-1736000,-23.0074
-1736100,-23.1344
-1736200,-23.2554
-1736300,-23.3754
-1736400,-23.5024
-1736500,-23.6384
-1736600,-23.7604
-1736700,-23.8994
-1736800,-24.0504
-1736900,-24.1814
-1737000,-24.3154
-1737100,-24.4794
-1737200,-24.6174
-1737300,-24.7504
-1737400,-24.9034
-1737500,-25.0524
-1737600,-25.1904
-1737700,-25.3714
-1737800,-25.5054
-1737900,-25.6364
-1738000,-25.7934
-1738100,-25.9384
-1738200,-26.0734
-1738300,-26.2084
-1738400,-26.3394
-1738500,-26.5054
-1738600,-26.6414
-1738700,-26.7604
-1738800,-26.9094
-1738900,-27.0454
-1739000,-27.1964
-1739100,-27.3274
-1739200,-27.4854
-1739300,-27.6314
-1739400,-27.8004
-1739500,-28.0044
-1739600,-28.1994
-1739700,-28.4434
-1739800,-28.6934
-1739900,-29.0244
-1740000,-29.4274
-1740100,-29.8654
-1740200,-30.4314
-1740300,-31.0464
-1740400,-31.7754
-1740500,-32.4504
-1740600,-33.0694
-1740700,-33.6474
-1740800,-34.3834
-1740900,-35.2154
-1741000,-35.9904
-1741100,-36.9024
-1741200,-37.7784
-1741300,-38.5174
-1741400,-39.2714
-1741500,-39.9874
-1741600,-40.6504
-1741700,-41.2484
-1741800,-41.8164
-1741900,-42.3524
-1742000,-42.7724
-1742100,-43.1734
-1742200,-43.5554
-1742300,-43.8764
-1742400,-44.2494
-1742500,-44.5494
-1742600,-44.8614
-1742700,-45.1794
-1742800,-45.4984
-1742900,-45.8064
-1743000,-46.1464
-1743100,-46.5054
-1743200,-46.8754
-1743300,-47.2044
-1743400,-47.5114
-1743500,-47.7894
-1743600,-48.0774
-1743700,-48.3374
-1743800,-48.5494
-1743900,-48.7314
-1744000,-48.9874
-1744100,-49.2844
-1744200,-49.5814
-1744300,-49.8554
-1744400,-50.1134
-1744500,-50.5114
-1744600,-50.8564
-1744700,-51.1194
-1744800,-51.3134
-1744900,-51.5214
-1745000,-51.6424
-1745100,-51.6534
-1745200,-51.5634
-1745300,-51.5124
-1745400,-51.3684
-1745500,-51.1934
-1745600,-51.0184
-1745700,-50.7934
-1745800,-50.5824
-1745900,-50.3354
-1746000,-50.1114
-1746100,-49.8384
-1746200,-49.5804
-1746300,-49.3044
-1746400,-49.0274
-1746500,-48.7334
-1746600,-48.4304
-1746700,-48.0964
-1746800,-47.7784
-1746900,-47.4294
-1747000,-47.0804
-1747100,-46.7154
-1747200,-46.3624
-1747300,-45.9834
-1747400,-45.6214
-1747500,-45.2354
-1747600,-44.8524
-1747700,-44.4804
-1747800,-44.0654
-1747900,-43.6764
-1748000,-43.2694
-1748100,-42.8474
-1748200,-42.4364
-1748300,-42.0184
-1748400,-41.5964
-1748500,-41.1784
-1748600,-40.7334
-1748700,-40.3074
-1748800,-39.8594
-1748900,-39.4344
-1749000,-38.9954
-1749100,-38.5474
-1749200,-38.1134
-1749300,-37.6644
-1749400,-37.2164
-1749500,-36.7854
-1749600,-36.3544
-1749700,-35.9354
-1749800,-35.4874
-1749900,-35.0684
-1750000,-34.6204
-1750100,-34.1684
-1750200,-33.7264
-1750300,-33.2824
-1750400,-32.8264
-1750500,-32.3864
-1750600,-31.9584
-1750700,-31.5154
-1750800,-31.0894
-1750900,-30.6964
-1751000,-30.2784
-1751100,-29.8794
-1751200,-29.5044
-1751300,-29.1334
-1751400,-28.7594
-1751500,-28.4264
-1751600,-28.1074
-1751700,-27.7674
-1751800,-27.4344
-1751900,-27.1324
-1752000,-26.8134
-1752100,-26.5174
-1752200,-26.2384
-1752300,-25.9854
-1752400,-25.7174
-1752500,-25.4204
-1752600,-25.1304
-1752700,-24.8704
-1752800,-24.6044
-1752900,-24.3714
-1753000,-24.1324
-1753100,-23.9274
-1753200,-23.7144
-1753300,-23.4984
-1753400,-23.2774
-1753500,-23.0504
-1753600,-22.8074
-1753700,-22.5744
-1753800,-22.3524
-1753900,-22.1284
-1754000,-21.9134
-1754100,-21.7104
-1754200,-21.5154
-1754300,-21.2964
-1754400,-21.1014
-1754500,-20.8864
-1754600,-20.6694
-1754700,-20.4884
-1754800,-20.3104
-1754900,-20.1444
-1755000,-20.0074
-1755100,-19.8824
-1755200,-19.7614
-1755300,-19.6404
-1755400,-19.4914
-1755500,-19.3804
-1755600,-19.2574
-1755700,-19.1384
-1755800,-19.0264
-1755900,-18.9324
-1756000,-18.8624
-1756100,-18.7904
-1756200,-18.7304
-1756300,-18.6604
-1756400,-18.5954
-1756500,-18.5344
-1756600,-18.4604
-1756700,-18.3864
-1756800,-18.3114
-1756900,-18.2264
-1757000,-18.1724
-1757100,-18.1274
-1757200,-18.0724
-1757300,-18.0304
-1757400,-17.9754
-1757500,-17.9444
-1757600,-17.8944
-1757700,-17.8594
-1757800,-17.8194
-1757900,-17.7754
-1758000,-17.7334
-1758100,-17.6974
-1758200,-17.6594
-1758300,-17.6254
-1758400,-17.5894
-1758500,-17.5414
-1758600,-17.5064
-1758700,-17.4734
-1758800,-17.4414
-1758900,-17.4034
-1759000,-17.3734
-1759100,-17.3404
-1759200,-17.3024
-1759300,-17.2674
-1759400,-17.2384
-1759500,-17.2094
-1759600,-17.1804
-1759700,-17.1424
-1759800,-17.1154
-1759900,-17.0804
-1760000,-17.0454
-1760100,-17.0104
-1760200,-16.9734
-1760300,-16.9414
-1760400,-16.9114
-1760500,-16.8794
-1760600,-16.8544
-1760700,-16.8224
-1760800,-16.7974
-1760900,-16.7694
-1761000,-16.7394
-1761100,-16.7224
-1761200,-16.6864
-1761300,-16.6654
-1761400,-16.6394
-1761500,-16.6184
-1761600,-16.5904
-1761700,-16.5574
-1761800,-16.5244
-1761900,-16.5014
-1762000,-16.4714
-1762100,-16.4374
-1762200,-16.4214
-1762300,-16.3794
-1762400,-16.3624
-1762500,-16.3244
-1762600,-16.2974
-1762700,-16.2704
-1762800,-16.2494
-1762900,-16.2294
-1763000,-16.1974
-1763100,-16.1774
-1763200,-16.1544
-1763300,-16.1224
-1763400,-16.0984
-1763500,-16.0684
-1763600,-16.0394
-1763700,-16.0004
-1763800,-15.9664
-1763900,-15.9404
-1764000,-15.9034
-1764100,-15.8684
-1764200,-15.8284
-1764300,-15.7904
-1764400,-15.7624
-1764500,-15.7384
-1764600,-15.7144
-1764700,-15.6854
-1764800,-15.6464
-1764900,-15.6284
-1765000,-15.6144
-1765100,-15.6004
-1765200,-15.5984
-1765300,-15.5954
-1765400,-15.5924
-1765500,-15.5804
-1765600,-15.5714
-1765700,-15.5764
-1765800,-15.5644
-1765900,-15.5804
-1766000,-15.5844
-1766100,-15.5874
-1766200,-15.5964
-1766300,-15.6034
-1766400,-15.6084
-1766500,-15.6184
-1766600,-15.6304
-1766700,-15.6464
-1766800,-15.6614
-1766900,-15.6804
-1767000,-15.7014
-1767100,-15.7174
-1767200,-15.7394
-1767300,-15.7664
-1767400,-15.7944
-1767500,-15.8184
-1767600,-15.8434
-1767700,-15.8724
-1767800,-15.9044
-1767900,-15.9474
-1768000,-16.0034
-1768100,-16.0404
-1768200,-16.0734
-1768300,-16.1034
-1768400,-16.1374
-1768500,-16.1674
-1768600,-16.2074
-1768700,-16.2714
-1768800,-16.3224
-1768900,-16.3864
-1769000,-16.4234
-1769100,-16.4684
-1769200,-16.4964
-1769300,-16.5254
-1769400,-16.5594
-1769500,-16.6014
-1769600,-16.6384
-1769700,-16.7114
-1769800,-16.7564
-1769900,-16.8194
-1770000,-16.8814
-1770100,-16.9634
-1770200,-17.0464
-1770300,-17.1354
-1770400,-17.2354
-1770500,-17.3354
-1770600,-17.4244
-1770700,-17.5054
-1770800,-17.5884
-1770900,-17.6644
-1771000,-17.7384
-1771100,-17.8084
-1771200,-17.8894
-1771300,-17.9644
-1771400,-18.0444
-1771500,-18.1014
-1771600,-18.1654
-1771700,-18.2534
-1771800,-18.3084
-1771900,-18.3664
-1772000,-18.4234
-1772100,-18.4924
-1772200,-18.5774
-1772300,-18.6404
-1772400,-18.7074
-1772500,-18.7814
-1772600,-18.8554
-1772700,-18.9334
-1772800,-19.0054
-1772900,-19.0704
-1773000,-19.1184
-1773100,-19.1764
-1773200,-19.2414
-1773300,-19.3034
-1773400,-19.3544
-1773500,-19.4194
-1773600,-19.4624
-1773700,-19.5304
-1773800,-19.5684
-1773900,-19.6214
-1774000,-19.6764
-1774100,-19.7084
-1774200,-19.7474
-1774300,-19.7884
-1774400,-19.8354
-1774500,-19.8854
-1774600,-19.9404
-1774700,-19.9894
-1774800,-20.0174
-1774900,-20.0664
-1775000,-20.0904
-1775100,-20.1174
-1775200,-20.1754
-1775300,-20.2114
-1775400,-20.2484
-1775500,-20.2944
-1775600,-20.3604
-1775700,-20.4234
-1775800,-20.4894
-1775900,-20.5624
-1776000,-20.6394
-1776100,-20.7214
-1776200,-20.8044
-1776300,-20.8904
-1776400,-20.9744
-1776500,-21.0554
-1776600,-21.1384
-1776700,-21.2454
-1776800,-21.3744
-1776900,-21.5104
-1777000,-21.6654
-1777100,-21.7704
-1777200,-21.9304
-1777300,-22.0834
-1777400,-22.2424
-1777500,-22.4004
-1777600,-22.5624
-1777700,-22.7364
-1777800,-22.9004
-1777900,-23.1044
-1778000,-23.2854
-1778100,-23.4804
-1778200,-23.6884
-1778300,-23.8774
-1778400,-24.0404
-1778500,-24.1954
-1778600,-24.3414
-1778700,-24.5174
-1778800,-24.6654
-1778900,-24.8054
-1779000,-24.9774
-1779100,-25.0884
-1779200,-25.2194
-1779300,-25.3514
-1779400,-25.4984
-1779500,-25.6204
-1779600,-25.7204
-1779700,-25.8264
-1779800,-25.9204
-1779900,-26.0444
-1780000,-26.1464
-1780100,-26.2444
-1780200,-26.3594
-1780300,-26.4524
-1780400,-26.5574
-1780500,-26.6884
-1780600,-26.8224
-1780700,-26.9634
-1780800,-27.0874
-1780900,-27.2434
-1781000,-27.4034
-1781100,-27.5664
-1781200,-27.7294
-1781300,-27.9104
-1781400,-28.1454
-1781500,-28.4084
-1781600,-28.6804
-1781700,-28.9814
-1781800,-29.2834
-1781900,-29.5834
-1782000,-29.9024
-1782100,-30.2164
-1782200,-30.5744
-1782300,-30.9894
-1782400,-31.3344
-1782500,-31.6834
-1782600,-32.0104
-1782700,-32.3234
-1782800,-32.6314
-1782900,-32.9814
-1783000,-33.3464
-1783100,-33.6944
-1783200,-34.0764
-1783300,-34.4304
-1783400,-34.8384
-1783500,-35.2014
-1783600,-35.4834
-1783700,-35.8874
-1783800,-36.2244
-1783900,-36.5294
-1784000,-36.8584
-1784100,-37.1854
-1784200,-37.4584
-1784300,-37.7774
-1784400,-38.0484
-1784500,-38.3424
-1784600,-38.6364
-1784700,-38.8354
-1784800,-39.0454
-1784900,-39.2704
-1785000,-39.4734
-1785100,-39.6864
-1785200,-39.8634
-1785300,-40.0644
-1785400,-40.2284
-1785500,-40.3684
-1785600,-40.5214
-1785700,-40.6784
-1785800,-40.8244
-1785900,-40.9814
-1786000,-41.1624
-1786100,-41.3074
-1786200,-41.4394
-1786300,-41.5664
-1786400,-41.7334
-1786500,-41.9004
-1786600,-42.0444
-1786700,-42.2294
-1786800,-42.4324
-1786900,-42.6244
-1787000,-42.7924
-1787100,-42.9974
-1787200,-43.1394
-1787300,-43.3284
-1787400,-43.4784
-1787500,-43.6184
-1787600,-43.7204
-1787700,-43.8244
-1787800,-43.9284
-1787900,-44.0334
-1788000,-44.1234
-1788100,-44.1884
-1788200,-44.2404
-1788300,-44.2844
-1788400,-44.3374
-1788500,-44.3744
-1788600,-44.4084
-1788700,-44.4314
-1788800,-44.4474
-1788900,-44.4534
-1789000,-44.4604
-1789100,-44.4604
-1789200,-44.4784
-1789300,-44.5194
-1789400,-44.5404
-1789500,-44.5834
-1789600,-44.5734
-1789700,-44.5644
-1789800,-44.5554
-1789900,-44.5524
-1790000,-44.5374
-1790100,-44.5104
-1790200,-44.4894
-1790300,-44.4594
-1790400,-44.4424
-1790500,-44.4144
-1790600,-44.3624
-1790700,-44.3254
-1790800,-44.2844
-1790900,-44.2044
-1791000,-44.1504
-1791100,-44.0794
-1791200,-43.9904
-1791300,-43.8984
-1791400,-43.8304
-1791500,-43.7294
-1791600,-43.6284
-1791700,-43.5114
-1791800,-43.3734
-1791900,-43.2594
-1792000,-43.1204
-1792100,-42.9754
-1792200,-42.8274
-1792300,-42.6784
-1792400,-42.5454
-1792500,-42.4004
-1792600,-42.2654
-1792700,-42.1094
-1792800,-41.9704
-1792900,-41.8304
-1793000,-41.6904
-1793100,-41.5254
-1793200,-41.3684
-1793300,-41.1964
-1793400,-41.0234
-1793500,-40.8594
-1793600,-40.7024
-1793700,-40.5774
-1793800,-40.3984
-1793900,-40.2454
-1794000,-40.0924
-1794100,-39.9444
-1794200,-39.8024
-1794300,-39.6534
-1794400,-39.4864
-1794500,-39.3444
-1794600,-39.1914
-1794700,-39.0444
-1794800,-38.8994
-1794900,-38.7484
-1795000,-38.5894
-1795100,-38.4374
-1795200,-38.2764
-1795300,-38.1354
-1795400,-37.9524
-1795500,-37.8044
-1795600,-37.6874
-1795700,-37.5354
-1795800,-37.3764
-1795900,-37.2474
-1796000,-37.1094
-1796100,-36.9664
-1796200,-36.8334
-1796300,-36.7064
-1796400,-36.5334
-1796500,-36.3914
-1796600,-36.2424
-1796700,-36.0914
-1796800,-35.9394
-1796900,-35.7834
-1797000,-35.6324
-1797100,-35.4964
-1797200,-35.3334
-1797300,-35.1864
-1797400,-35.0384
-1797500,-34.8874
-1797600,-34.7364
-1797700,-34.5694
-1797800,-34.4174
-1797900,-34.2564
-1798000,-34.0924
-1798100,-33.9244
-1798200,-33.7574
-1798300,-33.5824
-1798400,-33.4034
-1798500,-33.2204
-1798600,-33.0414
-1798700,-32.8714
-1798800,-32.6824
-1798900,-32.4934
-1799000,-32.3064
-1799100,-32.1224
-1799200,-31.9214
-1799300,-31.7214
-1799400,-31.5204
-1799500,-31.3204
-1799600,-31.1164
-1799700,-30.9094
-1799800,-30.7064
-1799900,-30.4814
-1800000,-30.2644
-1800100,-30.0404
-1800200,-29.8224
-1800300,-29.5944
-1800400,-29.3554
-1800500,-29.1094
-1800600,-28.8594
-1800700,-28.6014
-1800800,-28.3324
-1800900,-28.0604
-1801000,-27.7614
-1801100,-27.4764
-1801200,-27.2004
-1801300,-26.9034
-1801400,-26.6064
-1801500,-26.2974
-1801600,-26.0024
-1801700,-25.7234
-1801800,-25.4744
-1801900,-25.2654
-1802000,-25.0594
-1802100,-24.8314
-1802200,-24.6564
-1802300,-24.4954
-1802400,-24.3684
-1802500,-24.2554
-1802600,-24.1394
-1802700,-24.0014
-1802800,-23.8904
-1802900,-23.7864
-1803000,-23.6724
-1803100,-23.5794
-1803200,-23.4544
-1803300,-23.3524
-1803400,-23.2614
-1803500,-23.1894
-1803600,-23.1054
-1803700,-23.0354
-1803800,-22.9694
-1803900,-22.9084
-1804000,-22.8544
-1804100,-22.8004
-1804200,-22.7524
-1804300,-22.7134
-1804400,-22.6724
-1804500,-22.6194
-1804600,-22.5774
-1804700,-22.5374
-1804800,-22.4884
-1804900,-22.4474
-1805000,-22.4174
-1805100,-22.3864
-1805200,-22.3594
-1805300,-22.3274
-1805400,-22.2914
-1805500,-22.2654
-1805600,-22.2464
-1805700,-22.2184
-1805800,-22.1964
-1805900,-22.1774
-1806000,-22.1604
-1806100,-22.1444
-1806200,-22.1324
-1806300,-22.1154
-1806400,-22.0944
-1806500,-22.0874
-1806600,-22.0684
-1806700,-22.0524
-1806800,-22.0344
-1806900,-22.0244
-1807000,-22.0094
-1807100,-22.0004
-1807200,-21.9914
-1807300,-21.9744
-1807400,-21.9684
-1807500,-21.9474
-1807600,-21.9354
-1807700,-21.9414
-1807800,-21.9314
-1807900,-21.9214
-1808000,-21.9244
-1808100,-21.9154
-1808200,-21.9104
-1808300,-21.9074
-1808400,-21.9254
-1808500,-21.9464
-1808600,-21.9684
-1808700,-22.0034
-1808800,-22.0244
-1808900,-22.0494
-1809000,-22.0614
-1809100,-22.0984
-1809200,-22.2164
-1809300,-22.3624
-1809400,-22.4614
-1809500,-22.5994
-1809600,-22.7344
-1809700,-22.8614
-1809800,-22.9574
-1809900,-23.0434
-1810000,-23.1154
-1810100,-23.1764
-1810200,-23.2584
-1810300,-23.3054
-1810400,-23.3324
-1810500,-23.3714
-1810600,-23.4454
-1810700,-23.4854
-1810800,-23.5424
-1810900,-23.6154
-1811000,-23.6624
-1811100,-23.7464
-1811200,-23.8444
-1811300,-23.9814
-1811400,-24.2574
-1811500,-24.4614
-1811600,-24.7344
-1811700,-25.0184
-1811800,-25.4784
-1811900,-25.8424
-1812000,-26.2604
-1812100,-26.7784
-1812200,-27.2484
-1812300,-27.6944
-1812400,-27.9804
-1812500,-28.3504
-1812600,-28.7024
-1812700,-28.9314
-1812800,-29.2594
-1812900,-29.5024
-1813000,-29.7074
-1813100,-29.8994
-1813200,-30.0294
-1813300,-30.2364
-1813400,-30.3374
-1813500,-30.4494
-1813600,-30.5904
-1813700,-30.6854
-1813800,-30.8004
-1813900,-30.9474
-1814000,-31.0254
-1814100,-31.1134
-1814200,-31.1234
-1814300,-31.1384
-1814400,-31.1694
-1814500,-31.2034
-1814600,-31.2144
-1814700,-31.2224
-1814800,-31.2174
-1814900,-31.1934
-1815000,-31.1604
-1815100,-31.1664
-1815200,-31.1484
-1815300,-31.1364
-1815400,-31.1024
-1815500,-31.0864
-1815600,-31.0474
-1815700,-30.9944
-1815800,-30.9394
-1815900,-30.8704
-1816000,-30.7914
-1816100,-30.6994
-1816200,-30.6044
-1816300,-30.5104
-1816400,-30.4114
-1816500,-30.3114
-1816600,-30.2064
-1816700,-30.0934
-1816800,-29.9784
-1816900,-29.8814
-1817000,-29.7774
-1817100,-29.6664
-1817200,-29.5434
-1817300,-29.4304
-1817400,-29.3154
-1817500,-29.2054
-1817600,-29.0934
-1817700,-28.9784
-1817800,-28.8684
-1817900,-28.7634
-1818000,-28.6484
-1818100,-28.5194
-1818200,-28.4004
-1818300,-28.2854
-1818400,-28.1844
-1818500,-28.0594
-1818600,-27.9584
-1818700,-27.8544
-1818800,-27.7494
-1818900,-27.6554
-1819000,-27.5744
-1819100,-27.4734
-1819200,-27.3724
-1819300,-27.2834
-1819400,-27.2124
-1819500,-27.1554
-1819600,-27.0874
-1819700,-27.0304
-1819800,-26.9824
-1819900,-26.9284
-1820000,-26.8764
-1820100,-26.8274
-1820200,-26.7714
-1820300,-26.7034
-1820400,-26.6494
-1820500,-26.5964
-1820600,-26.5304
-1820700,-26.4734
-1820800,-26.4344
-1820900,-26.3924
-1821000,-26.3454
-1821100,-26.2894
-1821200,-26.2374
-1821300,-26.1874
-1821400,-26.1374
-1821500,-26.0884
-1821600,-26.0264
-1821700,-25.9564
-1821800,-25.8904
-1821900,-25.8294
-1822000,-25.7534
-1822100,-25.6704
-1822200,-25.5774
-1822300,-25.5094
-1822400,-25.4234
-1822500,-25.3374
-1822600,-25.2504
-1822700,-25.1594
-1822800,-25.0614
-1822900,-24.9874
-1823000,-24.8844
-1823100,-24.7934
-1823200,-24.6924
-1823300,-24.5994
-1823400,-24.5004
-1823500,-24.3944
-1823600,-24.3014
-1823700,-24.1804
-1823800,-24.0684
-1823900,-23.9574
-1824000,-23.8414
-1824100,-23.7144
-1824200,-23.5974
-1824300,-23.4914
-1824400,-23.3794
-1824500,-23.2704
-1824600,-23.1444
-1824700,-23.0184
-1824800,-22.9034
-1824900,-22.7724
-1825000,-22.6444
-1825100,-22.5124
-1825200,-22.3674
-1825300,-22.2444
-1825400,-22.1024
-1825500,-21.9784
-1825600,-21.8464
-1825700,-21.7014
-1825800,-21.5734
-1825900,-21.4334
-1826000,-21.3034
-1826100,-21.1454
-1826200,-20.9904
-1826300,-20.8684
-1826400,-20.7104
-1826500,-20.5604
-1826600,-20.4164
-1826700,-20.2634
-1826800,-20.1074
-1826900,-19.9354
-1827000,-19.7734
-1827100,-19.6264
-1827200,-19.4994
-1827300,-19.4134
-1827400,-19.3644
-1827500,-19.3384
-1827600,-19.3214
-1827700,-19.3264
-1827800,-19.3114
-1827900,-19.3124
-1828000,-19.3124
-1828100,-19.3074
-1828200,-19.3144
-1828300,-19.3254
-1828400,-19.3364
-1828500,-19.3504
-1828600,-19.3844
-1828700,-19.4174
-1828800,-19.4614
-1828900,-19.5094
-1829000,-19.5834
-1829100,-19.6984
-1829200,-19.8474
-1829300,-20.0094
-1829400,-20.1294
-1829500,-20.2864
-1829600,-20.4264
-1829700,-20.5624
-1829800,-20.7284
-1829900,-20.9544
-1830000,-21.1484
-1830100,-21.3704
-1830200,-21.5664
-1830300,-21.7364
-1830400,-21.8614
-1830500,-21.9734
-1830600,-22.0854
-1830700,-22.1744
-1830800,-22.2524
-1830900,-22.3364
-1831000,-22.4134
-1831100,-22.4834
-1831200,-22.5444
-1831300,-22.6314
-1831400,-22.7134
-1831500,-22.7734
-1831600,-22.8404
-1831700,-22.8804
-1831800,-22.8944
-1831900,-22.9234
-1832000,-22.9264
-1832100,-22.9074
-1832200,-22.8784
-1832300,-22.8544
-1832400,-22.8144
-1832500,-22.7814
-1832600,-22.7374
-1832700,-22.6954
-1832800,-22.6534
-1832900,-22.6134
-1833000,-22.5714
-1833100,-22.5204
-1833200,-22.4794
-1833300,-22.4324
-1833400,-22.3854
-1833500,-22.3454
-1833600,-22.3054
-1833700,-22.2684
-1833800,-22.2224
-1833900,-22.1834
-1834000,-22.1364
-1834100,-22.0844
-1834200,-22.0404
-1834300,-21.9974
-1834400,-21.9494
-1834500,-21.9034
-1834600,-21.8514
-1834700,-21.8044
-1834800,-21.7484
-1834900,-21.7034
-1835000,-21.6434
-1835100,-21.5834
-1835200,-21.5244
-1835300,-21.4714
-1835400,-21.4084
-1835500,-21.3564
-1835600,-21.3034
-1835700,-21.2334
-1835800,-21.1694
-1835900,-21.1044
-1836000,-21.0484
-1836100,-20.9764
-1836200,-20.9094
-1836300,-20.8434
-1836400,-20.7814
-1836500,-20.7214
-1836600,-20.6414
-1836700,-20.5844
-1836800,-20.5214
-1836900,-20.4544
-1837000,-20.3924
-1837100,-20.3344
-1837200,-20.2644
-1837300,-20.2104
-1837400,-20.1434
-1837500,-20.0984
-1837600,-20.0354
-1837700,-19.9974
-1837800,-19.9424
-1837900,-19.8984
-1838000,-19.8564
-1838100,-19.8104
-1838200,-19.7464
-1838300,-19.6934
-1838400,-19.6544
-1838500,-19.6094
-1838600,-19.5574
-1838700,-19.5214
-1838800,-19.5034
-1838900,-19.4794
-1839000,-19.4424
-1839100,-19.4204
-1839200,-19.3764
-1839300,-19.3584
-1839400,-19.3284
-1839500,-19.3014
-1839600,-19.2814
-1839700,-19.2544
-1839800,-19.2444
-1839900,-19.2414
-1840000,-19.2114
-1840100,-19.1824
-1840200,-19.1674
-1840300,-19.1784
-1840400,-19.1754
-1840500,-19.2094
-1840600,-19.2324
-1840700,-19.2594
-1840800,-19.2774
-1840900,-19.3104
-1841000,-19.3594
-1841100,-19.4234
-1841200,-19.4894
-1841300,-19.5284
-1841400,-19.5674
-1841500,-19.6064
-1841600,-19.6714
-1841700,-19.7804
-1841800,-19.8834
-1841900,-19.9344
-1842000,-19.9894
-1842100,-20.0534
-1842200,-20.1084
-1842300,-20.1364
-1842400,-20.1944
-1842500,-20.2194
-1842600,-20.2834
-1842700,-20.3464
-1842800,-20.3764
-1842900,-20.4084
-1843000,-20.4364
-1843100,-20.4684
-1843200,-20.5094
-1843300,-20.5504
-1843400,-20.5844
-1843500,-20.5904
-1843600,-20.6094
-1843700,-20.6114
-1843800,-20.6004
-1843900,-20.5934
-1844000,-20.5674
-1844100,-20.5344
-1844200,-20.5114
-1844300,-20.4704
-1844400,-20.4294
-1844500,-20.3874
-1844600,-20.3244
-1844700,-20.2864
-1844800,-20.2274
-1844900,-20.1894
-1845000,-20.1384
-1845100,-20.0884
-1845200,-20.0444
-1845300,-19.9794
-1845400,-19.9104
-1845500,-19.8364
-1845600,-19.7724
-1845700,-19.6934
-1845800,-19.6114
-1845900,-19.5514
-1846000,-19.4894
-1846100,-19.4064
-1846200,-19.3464
-1846300,-19.2914
-1846400,-19.2124
-1846500,-19.1464
-1846600,-19.0824
-1846700,-19.0194
-1846800,-18.9524
-1846900,-18.8924
-1847000,-18.8344
-1847100,-18.7544
-1847200,-18.6914
-1847300,-18.6074
-1847400,-18.5384
-1847500,-18.4684
-1847600,-18.4134
-1847700,-18.3704
-1847800,-18.3214
-1847900,-18.2634
-1848000,-18.2314
-1848100,-18.2024
-1848200,-18.1414
-1848300,-18.0984
-1848400,-18.0534
-1848500,-18.0264
-1848600,-17.9964
-1848700,-17.9504
-1848800,-17.9234
-1848900,-17.9024
-1849000,-17.8924
-1849100,-17.8884
-1849200,-17.8814
-1849300,-17.8704
-1849400,-17.8554
-1849500,-17.8544
-1849600,-17.8314
-1849700,-17.8184
-1849800,-17.8174
-1849900,-17.8034
-1850000,-17.7954
-1850100,-17.7834
-1850200,-17.7754
-1850300,-17.7674
-1850400,-17.7554
-1850500,-17.7464
-1850600,-17.7414
-1850700,-17.7224
-1850800,-17.7154
-1850900,-17.7094
-1851000,-17.7024
-1851100,-17.7024
-1851200,-17.6924
-1851300,-17.6914
-1851400,-17.6864
-1851500,-17.6894
-1851600,-17.6804
-1851700,-17.6804
-1851800,-17.6994
-1851900,-17.7084
-1852000,-17.7254
-1852100,-17.7394
-1852200,-17.7734
-1852300,-17.8114
-1852400,-17.8514
-1852500,-17.8964
-1852600,-17.9484
-1852700,-17.9994
-1852800,-18.0424
-1852900,-18.0854
-1853000,-18.1454
-1853100,-18.2464
-1853200,-18.3134
-1853300,-18.4104
-1853400,-18.5094
-1853500,-18.5674
-1853600,-18.6194
-1853700,-18.7274
-1853800,-18.8104
-1853900,-18.9044
-1854000,-19.0054
-1854100,-19.1204
-1854200,-19.2064
-1854300,-19.2724
-1854400,-19.4044
-1854500,-19.4994
-1854600,-19.5924
-1854700,-19.7034
-1854800,-19.8764
-1854900,-20.0124
-1855000,-20.1264
-1855100,-20.2664
-1855200,-20.4264
-1855300,-20.5674
-1855400,-20.6874
-1855500,-20.8604
-1855600,-21.0344
-1855700,-21.2174
-1855800,-21.4544
-1855900,-21.7194
-1856000,-22.0354
-1856100,-22.3704
-1856200,-22.7564
-1856300,-23.2284
-1856400,-23.7444
-1856500,-24.3424
-1856600,-25.0884
-1856700,-25.8474
-1856800,-26.6934
-1856900,-27.4734
-1857000,-28.2664
-1857100,-29.0534
-1857200,-30.0664
-1857300,-31.0134
-1857400,-31.9944
-1857500,-33.0604
-1857600,-33.9044
-1857700,-34.7294
-1857800,-35.4744
-1857900,-36.1654
-1858000,-36.8144
-1858100,-37.4174
-1858200,-38.0054
-1858300,-38.4614
-1858400,-38.8714
-1858500,-39.2704
-1858600,-39.6204
-1858700,-40.0454
-1858800,-40.4464
-1858900,-40.8214
-1859000,-41.2574
-1859100,-41.6754
-1859200,-42.1284
-1859300,-42.5414
-1859400,-42.9264
-1859500,-43.3164
-1859600,-43.6384
-1859700,-43.9794
-1859800,-44.2694
-1859900,-44.5424
-1860000,-44.8154
-1860100,-45.0764
-1860200,-45.3394
-1860300,-45.6634
-1860400,-46.0324
-1860500,-46.4544
-1860600,-46.7544
-1860700,-46.9674
-1860800,-47.1764
-1860900,-47.3864
-1861000,-47.5774
-1861100,-47.6934
-1861200,-47.7944
-1861300,-47.8254
-1861400,-47.8744
-1861500,-47.8854
-1861600,-47.8364
-1861700,-47.8064
-1861800,-47.7514
-1861900,-47.6674
-1862000,-47.5784
-1862100,-47.4994
-1862200,-47.4034
-1862300,-47.2684
-1862400,-47.1064
-1862500,-46.9584
-1862600,-46.7674
-1862700,-46.5744
-1862800,-46.3644
-1862900,-46.1734
-1863000,-45.9384
-1863100,-45.7054
-1863200,-45.4604
-1863300,-45.2074
-1863400,-44.9864
-1863500,-44.7474
-1863600,-44.5074
-1863700,-44.2434
-1863800,-43.9904
-1863900,-43.7004
-1864000,-43.4084
-1864100,-43.1284
-1864200,-42.8454
-1864300,-42.5494
-1864400,-42.2544
-1864500,-41.9684
-1864600,-41.6644
-1864700,-41.3784
-1864800,-41.0994
-1864900,-40.8284
-1865000,-40.5614
-1865100,-40.2804
-1865200,-40.0274
-1865300,-39.7664
-1865400,-39.5434
-1865500,-39.2884
-1865600,-39.0624
-1865700,-38.8464
-1865800,-38.6484
-1865900,-38.4894
-1866000,-38.2664
-1866100,-38.0694
-1866200,-37.8714
-1866300,-37.6654
-1866400,-37.4674
-1866500,-37.2874
-1866600,-37.1134
-1866700,-36.9454
-1866800,-36.7634
-1866900,-36.6074
-1867000,-36.4284
-1867100,-36.2464
-1867200,-36.0654
-1867300,-35.8954
-1867400,-35.7434
-1867500,-35.5754
-1867600,-35.4104
-1867700,-35.2594
-1867800,-35.0824
-1867900,-34.9614
-1868000,-34.8084
-1868100,-34.6514
-1868200,-34.4854
-1868300,-34.3634
-1868400,-34.1914
-1868500,-34.0494
-1868600,-33.9134
-1868700,-33.7624
-1868800,-33.6014
-1868900,-33.4494
-1869000,-33.2844
-1869100,-33.1204
-1869200,-32.9694
-1869300,-32.8164
-1869400,-32.6794
-1869500,-32.5414
-1869600,-32.3924
-1869700,-32.2384
-1869800,-32.0794
-1869900,-31.9604
-1870000,-31.8724
-1870100,-31.7754
-1870200,-31.6924
-1870300,-31.5974
-1870400,-31.5274
-1870500,-31.4354
-1870600,-31.3494
-1870700,-31.2644
-1870800,-31.1734
-1870900,-31.1164
-1871000,-31.0634
-1871100,-31.0124
-1871200,-30.9704
-1871300,-30.9424
-1871400,-30.9094
-1871500,-30.8674
-1871600,-30.8384
-1871700,-30.8044
-1871800,-30.7784
-1871900,-30.7404
-1872000,-30.7254
-1872100,-30.7014
-1872200,-30.6854
-1872300,-30.6534
-1872400,-30.6494
-1872500,-30.6254
-1872600,-30.6184
-1872700,-30.5994
-1872800,-30.5904
-1872900,-30.5724
-1873000,-30.5454
-1873100,-30.5524
-1873200,-30.5394
-1873300,-30.5264
-1873400,-30.5164
-1873500,-30.4974
-1873600,-30.4964
-1873700,-30.4764
-1873800,-30.4634
-1873900,-30.4514
-1874000,-30.4314
-1874100,-30.4174
-1874200,-30.4114
-1874300,-30.3894
-1874400,-30.3864
-1874500,-30.3694
-1874600,-30.3514
-1874700,-30.3344
-1874800,-30.3194
-1874900,-30.3184
-1875000,-30.3024
-1875100,-30.2884
-1875200,-30.2704
-1875300,-30.2554
-1875400,-30.2364
-1875500,-30.2134
-1875600,-30.2084
-1875700,-30.1954
-1875800,-30.1734
-1875900,-30.1644
-1876000,-30.1394
-1876100,-30.1434
-1876200,-30.1254
-1876300,-30.1114
-1876400,-30.0924
-1876500,-30.0794
-1876600,-30.0724
-1876700,-30.0534
-1876800,-30.0434
-1876900,-30.0334
-1877000,-30.0104
-1877100,-30.0044
-1877200,-29.9904
-1877300,-29.9694
-1877400,-29.9614
-1877500,-29.9474
-1877600,-29.9374
-1877700,-29.9194
-1877800,-29.9084
-1877900,-29.8934
-1878000,-29.8794
-1878100,-29.8584
-1878200,-29.8434
-1878300,-29.8344
-1878400,-29.8134
-1878500,-29.7994
-1878600,-29.7964
-1878700,-29.7764
-1878800,-29.7554
-1878900,-29.7324
-1879000,-29.7024
-1879100,-29.6874
-1879200,-29.6764
-1879300,-29.6514
-1879400,-29.6434
-1879500,-29.6234
-1879600,-29.6094
-1879700,-29.5924
-1879800,-29.5724
-1879900,-29.5544
-1880000,-29.5354
-1880100,-29.5064
-1880200,-29.4954
-1880300,-29.4734
-1880400,-29.4474
-1880500,-29.4364
-1880600,-29.4034
-1880700,-29.3804
-1880800,-29.3634
-1880900,-29.3304
-1881000,-29.2994
-1881100,-29.2674
-1881200,-29.2374
-1881300,-29.2104
-1881400,-29.1714
-1881500,-29.1384
-1881600,-29.1004
-1881700,-29.0734
-1881800,-29.0344
-1881900,-28.9944
-1882000,-28.9544
-1882100,-28.9154
-1882200,-28.8804
-1882300,-28.8434
-1882400,-28.7954
-1882500,-28.7624
-1882600,-28.7224
-1882700,-28.6914
-1882800,-28.6324
-1882900,-28.5884
-1883000,-28.5374
-1883100,-28.4814
-1883200,-28.4294
-1883300,-28.3714
-1883400,-28.3214
-1883500,-28.2594
-1883600,-28.2064
-1883700,-28.1484
-1883800,-28.0884
-1883900,-28.0254
-1884000,-27.9644
-1884100,-27.9124
-1884200,-27.8624
-1884300,-27.7984
-1884400,-27.7334
-1884500,-27.6774
-1884600,-27.6254
-1884700,-27.5644
-1884800,-27.5084
-1884900,-27.4384
-1885000,-27.3774
-1885100,-27.3184
-1885200,-27.2654
-1885300,-27.2204
-1885400,-27.1734
-1885500,-27.1134
-1885600,-27.0494
-1885700,-26.9824
-1885800,-26.9054
-1885900,-26.8374
-1886000,-26.7674
-1886100,-26.6854
-1886200,-26.6104
-1886300,-26.5444
-1886400,-26.4854
-1886500,-26.3964
-1886600,-26.3344
-1886700,-26.2644
-1886800,-26.1934
-1886900,-26.1324
-1887000,-26.0494
-1887100,-25.9864
-1887200,-25.9094
-1887300,-25.8334
-1887400,-25.7614
-1887500,-25.6754
-1887600,-25.5894
-1887700,-25.4954
-1887800,-25.3964
-1887900,-25.3194
-1888000,-25.2034
-1888100,-25.0744
-1888200,-24.9714
-1888300,-24.8684
-1888400,-24.7764
-1888500,-24.6984
-1888600,-24.6624
-1888700,-24.6464
-1888800,-24.6374
-1888900,-24.6134
-1889000,-24.6174
-1889100,-24.5934
-1889200,-24.5754
-1889300,-24.5704
-1889400,-24.5464
-1889500,-24.5304
-1889600,-24.5294
-1889700,-24.5204
-1889800,-24.5054
-1889900,-24.4644
-1890000,-24.4314
-1890100,-24.4214
-1890200,-24.4084
-1890300,-24.3984
-1890400,-24.3854
-1890500,-24.3844
-1890600,-24.3844
-1890700,-24.3784
-1890800,-24.3884
-1890900,-24.3964
-1891000,-24.4244
-1891100,-24.4544
-1891200,-24.4744
-1891300,-24.5074
-1891400,-24.5414
-1891500,-24.5764
-1891600,-24.6094
-1891700,-24.6494
-1891800,-24.6824
-1891900,-24.7354
-1892000,-24.8014
-1892100,-24.8744
-1892200,-24.9614
-1892300,-25.0844
-1892400,-25.2064
-1892500,-25.3004
-1892600,-25.4094
-1892700,-25.5484
-1892800,-25.7084
-1892900,-25.8314
-1893000,-26.0014
-1893100,-26.1594
-1893200,-26.3394
-1893300,-26.5414
-1893400,-26.7064
-1893500,-26.8964
-1893600,-27.1324
-1893700,-27.3404
-1893800,-27.5734
-1893900,-27.7654
-1894000,-27.9274
-1894100,-28.1414
-1894200,-28.3794
-1894300,-28.6414
-1894400,-28.9324
-1894500,-29.1744
-1894600,-29.4364
-1894700,-29.7104
-1894800,-30.0024
-1894900,-30.2354
-1895000,-30.5054
-1895100,-30.7524
-1895200,-31.0174
-1895300,-31.2944
-1895400,-31.5754
-1895500,-31.8404
-1895600,-32.0944
-1895700,-32.3134
-1895800,-32.5544
-1895900,-32.7894
-1896000,-32.9734
-1896100,-33.1204
-1896200,-33.2984
-1896300,-33.4294
-1896400,-33.5664
-1896500,-33.7154
-1896600,-33.8354
-1896700,-34.0174
-1896800,-34.1644
-1896900,-34.3194
-1897000,-34.5004
-1897100,-34.6534
-1897200,-34.7964
-1897300,-34.9074
-1897400,-35.0104
-1897500,-35.0764
-1897600,-35.1264
-1897700,-35.1584
-1897800,-35.1824
-1897900,-35.2054
-1898000,-35.2184
-1898100,-35.2234
-1898200,-35.2324
-1898300,-35.2324
-1898400,-35.2404
-1898500,-35.2424
-1898600,-35.2284
-1898700,-35.2224
-1898800,-35.2254
-1898900,-35.2054
-1899000,-35.1904
-1899100,-35.1664
-1899200,-35.1314
-1899300,-35.0994
-1899400,-35.0614
-1899500,-35.0294
-1899600,-34.9924
-1899700,-34.9604
-1899800,-34.9214
-1899900,-34.8744
-1900000,-34.8494
-1900100,-34.7964
-1900200,-34.7484
-1900300,-34.7074
-1900400,-34.6584
-1900500,-34.6204
-1900600,-34.5554
-1900700,-34.5144
-1900800,-34.4654
-1900900,-34.4064
-1901000,-34.3514
-1901100,-34.3134
-1901200,-34.2504
-1901300,-34.1914
-1901400,-34.1404
-1901500,-34.0894
-1901600,-34.0134
-1901700,-33.9784
-1901800,-33.8994
-1901900,-33.8494
-1902000,-33.7834
-1902100,-33.7174
-1902200,-33.6644
-1902300,-33.6164
-1902400,-33.5574
-1902500,-33.4934
-1902600,-33.4484
-1902700,-33.3874
-1902800,-33.3324
-1902900,-33.2764
-1903000,-33.2394
-1903100,-33.1824
-1903200,-33.1194
-1903300,-33.0664
-1903400,-33.0164
-1903500,-32.9694
-1903600,-32.9184
-1903700,-32.8714
-1903800,-32.8254
-1903900,-32.7834
-1904000,-32.7224
-1904100,-32.6804
-1904200,-32.6314
-1904300,-32.5774
-1904400,-32.5124
-1904500,-32.4674
-1904600,-32.4084
-1904700,-32.3534
-1904800,-32.3014
-1904900,-32.2444
-1905000,-32.1954
-1905100,-32.1324
-1905200,-32.0824
-1905300,-32.0274
-1905400,-31.9754
-1905500,-31.9124
-1905600,-31.8454
-1905700,-31.7784
-1905800,-31.7104
-1905900,-31.6354
-1906000,-31.5684
-1906100,-31.5144
-1906200,-31.4434
-1906300,-31.3754
-1906400,-31.2904
-1906500,-31.2384
-1906600,-31.1674
-1906700,-31.1014
-1906800,-31.0454
-1906900,-30.9734
-1907000,-30.9154
-1907100,-30.8454
-1907200,-30.7894
-1907300,-30.7234
-1907400,-30.6674
-1907500,-30.6114
-1907600,-30.5664
-1907700,-30.5134
-1907800,-30.4534
-1907900,-30.4084
-1908000,-30.3444
-1908100,-30.2884
-1908200,-30.2344
-1908300,-30.1784
-1908400,-30.1154
-1908500,-30.0474
-1908600,-29.9904
-1908700,-29.9154
-1908800,-29.8444
-1908900,-29.7774
-1909000,-29.7044
-1909100,-29.6264
-1909200,-29.5544
-1909300,-29.4624
-1909400,-29.3964
-1909500,-29.3024
-1909600,-29.2274
-1909700,-29.1354
-1909800,-29.0414
-1909900,-28.9634
-1910000,-28.8674
-1910100,-28.7694
-1910200,-28.6704
-1910300,-28.5634
-1910400,-28.4624
-1910500,-28.3564
-1910600,-28.2584
-1910700,-28.1484
-1910800,-28.0324
-1910900,-27.9354
-1911000,-27.8104
-1911100,-27.7074
-1911200,-27.6044
-1911300,-27.4824
-1911400,-27.3674
-1911500,-27.2664
-1911600,-27.1514
-1911700,-27.0424
-1911800,-26.9364
-1911900,-26.8194
-1912000,-26.6904
-1912100,-26.5784
-1912200,-26.4704
-1912300,-26.3474
-1912400,-26.2394
-1912500,-26.1134
-1912600,-26.0064
-1912700,-25.8984
-1912800,-25.7824
-1912900,-25.6764
-1913000,-25.5584
-1913100,-25.4374
-1913200,-25.3304
-1913300,-25.2114
-1913400,-25.0884
-1913500,-24.9644
-1913600,-24.8374
-1913700,-24.7154
-1913800,-24.5994
-1913900,-24.4734
-1914000,-24.3494
-1914100,-24.2184
-1914200,-24.1054
-1914300,-23.9924
-1914400,-23.8604
-1914500,-23.7294
-1914600,-23.5974
-1914700,-23.4724
-1914800,-23.3564
-1914900,-23.2404
-1915000,-23.1264
-1915100,-23.0244
-1915200,-22.9344
-1915300,-22.8644
-1915400,-22.7884
-1915500,-22.7184
-1915600,-22.6424
-1915700,-22.5664
-1915800,-22.4834
-1915900,-22.4074
-1916000,-22.3294
-1916100,-22.2444
-1916200,-22.1624
-1916300,-22.0874
-1916400,-22.0124
-1916500,-21.9434
-1916600,-21.8614
-1916700,-21.7844
-1916800,-21.6894
-1916900,-21.6024
-1917000,-21.5134
-1917100,-21.4154
-1917200,-21.3214
-1917300,-21.2284
-1917400,-21.1224
-1917500,-21.0114
-1917600,-20.9024
-1917700,-20.8024
-1917800,-20.6854
-1917900,-20.5714
-1918000,-20.4804
-1918100,-20.3694
-1918200,-20.2574
-1918300,-20.1534
-1918400,-20.0324
-1918500,-19.9144
-1918600,-19.8014
-1918700,-19.6814
-1918800,-19.5544
-1918900,-19.4334
-1919000,-19.3054
-1919100,-19.1644
-1919200,-19.0464
-1919300,-18.9154
-1919400,-18.7964
-1919500,-18.6534
-1919600,-18.5324
-1919700,-18.4084
-1919800,-18.2784
-1919900,-18.1514
-1920000,-18.0304
-1920100,-17.8954
-1920200,-17.7564
-1920300,-17.6394
-1920400,-17.5234
-1920500,-17.4134
-1920600,-17.3154
-1920700,-17.2234
-1920800,-17.1134
-1920900,-17.0254
-1921000,-16.9614
-1921100,-16.8834
-1921200,-16.8224
-1921300,-16.7494
-1921400,-16.6844
-1921500,-16.6144
-1921600,-16.5454
-1921700,-16.4724
-1921800,-16.4074
-1921900,-16.3404
-1922000,-16.2864
-1922100,-16.2494
-1922200,-16.2084
-1922300,-16.1694
-1922400,-16.1474
-1922500,-16.1154
-1922600,-16.0834
-1922700,-16.0484
-1922800,-16.0184
-1922900,-15.9934
-1923000,-15.9704
-1923100,-15.9494
-1923200,-15.9244
-1923300,-15.9034
-1923400,-15.8804
-1923500,-15.8634
-1923600,-15.8374
-1923700,-15.8204
-1923800,-15.8014
-1923900,-15.7884
-1924000,-15.7674
-1924100,-15.7644
-1924200,-15.7404
-1924300,-15.7324
-1924400,-15.7134
-1924500,-15.7014
-1924600,-15.6834
-1924700,-15.6674
-1924800,-15.6444
-1924900,-15.6284
-1925000,-15.6084
-1925100,-15.5864
-1925200,-15.5644
-1925300,-15.5314
-1925400,-15.5064
-1925500,-15.4864
-1925600,-15.4684
-1925700,-15.4584
-1925800,-15.4414
-1925900,-15.4254
-1926000,-15.4124
-1926100,-15.3874
-1926200,-15.3694
-1926300,-15.3484
-1926400,-15.3274
-1926500,-15.3044
-1926600,-15.2824
-1926700,-15.2524
-1926800,-15.2274
-1926900,-15.1964
-1927000,-15.1714
-1927100,-15.1334
-1927200,-15.1024
-1927300,-15.0684
-1927400,-15.0344
-1927500,-14.9984
-1927600,-14.9634
-1927700,-14.9274
-1927800,-14.8854
-1927900,-14.8534
-1928000,-14.8134
-1928100,-14.7804
-1928200,-14.7424
-1928300,-14.7134
-1928400,-14.6804
-1928500,-14.6484
-1928600,-14.6264
-1928700,-14.5974
-1928800,-14.5644
-1928900,-14.5494
-1929000,-14.5194
-1929100,-14.5044
-1929200,-14.4864
-1929300,-14.4724
-1929400,-14.4594
-1929500,-14.4584
-1929600,-14.4504
-1929700,-14.4414
-1929800,-14.4324
-1929900,-14.4054
-1930000,-14.4044
-1930100,-14.4054
-1930200,-14.4004
-1930300,-14.4134
-1930400,-14.4154
-1930500,-14.4154
-1930600,-14.4404
-1930700,-14.4454
-1930800,-14.4524
-1930900,-14.4584
-1931000,-14.4614
-1931100,-14.4594
-1931200,-14.4634
-1931300,-14.4644
-1931400,-14.4684
-1931500,-14.4854
-1931600,-14.4954
-1931700,-14.4994
-1931800,-14.5194
-1931900,-14.5244
-1932000,-14.5214
-1932100,-14.5134
-1932200,-14.5074
-1932300,-14.5184
-1932400,-14.5254
-1932500,-14.5414
-1932600,-14.5574
-1932700,-14.5754
-1932800,-14.5974
-1932900,-14.6364
-1933000,-14.6424
-1933100,-14.6654
-1933200,-14.6834
-1933300,-14.7064
-1933400,-14.7544
-1933500,-14.7924
-1933600,-14.8344
-1933700,-14.9014
-1933800,-14.9734
-1933900,-15.0524
-1934000,-15.1264
-1934100,-15.2194
-1934200,-15.3354
-1934300,-15.4494
-1934400,-15.5804
-1934500,-15.6864
-1934600,-15.8074
-1934700,-15.9094
-1934800,-16.0054
-1934900,-16.0914
-1935000,-16.2064
-1935100,-16.3234
-1935200,-16.4494
-1935300,-16.5914
-1935400,-16.7574
-1935500,-16.9304
-1935600,-17.0884
-1935700,-17.2284
-1935800,-17.3764
-1935900,-17.5244
-1936000,-17.6504
-1936100,-17.7894
-1936200,-17.9254
-1936300,-18.0664
-1936400,-18.2204
-1936500,-18.3854
-1936600,-18.5464
-1936700,-18.6834
-1936800,-18.8224
-1936900,-18.9614
-1937000,-19.1214
-1937100,-19.2524
-1937200,-19.3904
-1937300,-19.5294
-1937400,-19.6514
-1937500,-19.8074
-1937600,-19.9634
-1937700,-20.1354
-1937800,-20.3364
-1937900,-20.5174
-1938000,-20.6764
-1938100,-20.8564
-1938200,-21.0434
-1938300,-21.2544
-1938400,-21.4554
-1938500,-21.6504
-1938600,-21.8714
-1938700,-22.1264
-1938800,-22.3904
-1938900,-22.7574
-1939000,-23.1514
-1939100,-23.5544
-1939200,-24.0214
-1939300,-24.5584
-1939400,-25.1884
-1939500,-25.9164
-1939600,-26.7314
-1939700,-27.5374
-1939800,-28.3154
-1939900,-29.1504
-1940000,-30.1534
-1940100,-31.1314
-1940200,-32.0904
-1940300,-33.1144
-1940400,-34.1734
-1940500,-35.2514
-1940600,-36.2694
-1940700,-37.2214
-1940800,-38.1194
-1940900,-38.9954
-1941000,-39.7334
-1941100,-40.3884
-1941200,-40.9764
-1941300,-41.4554
-1941400,-41.8984
-1941500,-42.3394
-1941600,-42.7514
-1941700,-43.1234
-1941800,-43.5104
-1941900,-43.8654
-1942000,-44.2224
-1942100,-44.5844
-1942200,-44.8934
-1942300,-45.2034
-1942400,-45.4304
-1942500,-45.6164
-1942600,-45.7304
-1942700,-45.8094
-1942800,-45.8684
-1942900,-45.9204
-1943000,-45.9504
-1943100,-45.9784
-1943200,-46.0004
-1943300,-45.9744
-1943400,-45.9674
-1943500,-45.9684
-1943600,-45.9484
-1943700,-45.9444
-1943800,-45.9164
-1943900,-45.8744
-1944000,-45.8354
-1944100,-45.7894
-1944200,-45.7604
-1944300,-45.7124
-1944400,-45.6664
-1944500,-45.6154
-1944600,-45.5474
-1944700,-45.4934
-1944800,-45.4494
-1944900,-45.3744
-1945000,-45.3164
-1945100,-45.2554
-1945200,-45.1894
-1945300,-45.1194
-1945400,-45.0474
-1945500,-44.9854
-1945600,-44.9164
-1945700,-44.8384
-1945800,-44.7564
-1945900,-44.6964
-1946000,-44.6144
-1946100,-44.5284
-1946200,-44.4494
-1946300,-44.3594
-1946400,-44.2824
-1946500,-44.1934
-1946600,-44.1084
-1946700,-44.0364
-1946800,-43.9704
-1946900,-43.8874
-1947000,-43.7984
-1947100,-43.7064
-1947200,-43.6284
-1947300,-43.5184
-1947400,-43.4504
-1947500,-43.3504
-1947600,-43.2674
-1947700,-43.1754
-1947800,-43.1004
-1947900,-43.0004
-1948000,-42.9014
-1948100,-42.8014
-1948200,-42.7134
-1948300,-42.6144
-1948400,-42.4994
-1948500,-42.3934
-1948600,-42.3064
-1948700,-42.1994
-1948800,-42.0924
-1948900,-41.9834
-1949000,-41.8864
-1949100,-41.7654
-1949200,-41.6784
-1949300,-41.5544
-1949400,-41.4384
-1949500,-41.3394
-1949600,-41.2344
-1949700,-41.0924
-1949800,-40.9874
-1949900,-40.8924
-1950000,-40.7774
-1950100,-40.6634
-1950200,-40.5614
-1950300,-40.4394
-1950400,-40.3254
-1950500,-40.2004
-1950600,-40.0764
-1950700,-39.9744
-1950800,-39.8554
-1950900,-39.7384
-1951000,-39.6324
-1951100,-39.5044
-1951200,-39.3844
-1951300,-39.2524
-1951400,-39.1334
-1951500,-39.0344
-1951600,-38.9024
-1951700,-38.7914
-1951800,-38.6654
-1951900,-38.5454
-1952000,-38.4284
-1952100,-38.3044
-1952200,-38.1774
-1952300,-38.0584
-1952400,-37.9304
-1952500,-37.8274
-1952600,-37.6914
-1952700,-37.5724
-1952800,-37.4594
-1952900,-37.3424
-1953000,-37.2584
-1953100,-37.1354
-1953200,-37.0084
-1953300,-36.9214
-1953400,-36.7904
-1953500,-36.6624
-1953600,-36.5714
-1953700,-36.4304
-1953800,-36.3244
-1953900,-36.2214
-1954000,-36.1104
-1954100,-36.0094
-1954200,-35.9094
-1954300,-35.8054
-1954400,-35.7144
-1954500,-35.6144
-1954600,-35.5174
-1954700,-35.4204
-1954800,-35.3304
-1954900,-35.2164
-1955000,-35.1214
-1955100,-35.0244
-1955200,-34.9304
-1955300,-34.8304
-1955400,-34.7254
-1955500,-34.6334
-1955600,-34.5274
-1955700,-34.4204
-1955800,-34.3234
-1955900,-34.2214
-1956000,-34.1114
-1956100,-34.0064
-1956200,-33.8894
-1956300,-33.7804
-1956400,-33.6654
-1956500,-33.5544
-1956600,-33.4304
-1956700,-33.3214
-1956800,-33.1904
-1956900,-33.0744
-1957000,-32.9434
-1957100,-32.8024
-1957200,-32.6794
-1957300,-32.5284
-1957400,-32.3914
-1957500,-32.2474
-1957600,-32.1014
-1957700,-31.9594
-1957800,-31.8094
-1957900,-31.6504
-1958000,-31.4984
-1958100,-31.3304
-1958200,-31.1704
-1958300,-30.9984
-1958400,-30.8294
-1958500,-30.6434
-1958600,-30.4524
-1958700,-30.2704
-1958800,-30.0744
-1958900,-29.8754
-1959000,-29.6774
-1959100,-29.4714
-1959200,-29.2644
-1959300,-29.0554
-1959400,-28.8444
-1959500,-28.6114
-1959600,-28.3874
-1959700,-28.1454
-1959800,-27.9114
-1959900,-27.6724
-1960000,-27.4214
-1960100,-27.1744
-1960200,-26.9274
-1960300,-26.6634
-1960400,-26.4084
-1960500,-26.1404
-1960600,-25.8804
-1960700,-25.5994
-1960800,-25.3304
-1960900,-25.0554
-1961000,-24.7684
-1961100,-24.4834
-1961200,-24.1894
-1961300,-23.8934
-1961400,-23.5774
-1961500,-23.2684
-1961600,-22.9544
-1961700,-22.6384
-1961800,-22.3144
-1961900,-21.9774
-1962000,-21.6664
-1962100,-21.3324
-1962200,-20.9944
-1962300,-20.6314
-1962400,-20.2614
-1962500,-19.7864
-1962600,-19.2114
-1962700,-18.7524
-1962800,-18.4244
-1962900,-18.1804
-1963000,-17.9974
-1963100,-17.8264
-1963200,-17.6514
-1963300,-17.4914
-1963400,-17.3144
-1963500,-17.1744
-1963600,-17.0344
-1963700,-16.9084
-1963800,-16.7854
-1963900,-16.6684
-1964000,-16.6054
-1964100,-16.5374
-1964200,-16.4804
-1964300,-16.4224
-1964400,-16.3754
-1964500,-16.3214
-1964600,-16.2764
-1964700,-16.2194
-1964800,-16.1654
-1964900,-16.1334
-1965000,-16.1054
-1965100,-16.0894
-1965200,-16.0804
-1965300,-16.0584
-1965400,-16.0404
-1965500,-16.0014
-1965600,-15.9884
-1965700,-15.9564
-1965800,-15.9274
-1965900,-15.8964
-1966000,-15.8794
-1966100,-15.8604
-1966200,-15.8464
-1966300,-15.8264
-1966400,-15.8064
-1966500,-15.7874
-1966600,-15.7764
-1966700,-15.7564
-1966800,-15.7304
-1966900,-15.7084
-1967000,-15.6834
-1967100,-15.6664
-1967200,-15.6454
-1967300,-15.6214
-1967400,-15.6094
-1967500,-15.5824
-1967600,-15.5624
-1967700,-15.5484
-1967800,-15.5164
-1967900,-15.4954
-1968000,-15.4714
-1968100,-15.4464
-1968200,-15.4284
-1968300,-15.4124
-1968400,-15.3924
-1968500,-15.3744
-1968600,-15.3504
-1968700,-15.3314
-1968800,-15.2974
-1968900,-15.2774
-1969000,-15.2494
-1969100,-15.2204
-1969200,-15.1984
-1969300,-15.1674
-1969400,-15.1514
-1969500,-15.1194
-1969600,-15.0824
-1969700,-15.0624
-1969800,-15.0294
-1969900,-14.9964
-1970000,-14.9734
-1970100,-14.9354
-1970200,-14.9084
-1970300,-14.8794
-1970400,-14.8484
-1970500,-14.8204
-1970600,-14.7874
-1970700,-14.7544
-1970800,-14.7144
-1970900,-14.6784
-1971000,-14.6414
-1971100,-14.6044
-1971200,-14.5784
-1971300,-14.5614
-1971400,-14.5464
-1971500,-14.5224
-1971600,-14.4934
-1971700,-14.4714
-1971800,-14.4474
-1971900,-14.4184
-1972000,-14.4024
-1972100,-14.3824
-1972200,-14.3684
-1972300,-14.3524
-1972400,-14.3474
-1972500,-14.3364
-1972600,-14.3254
-1972700,-14.3094
-1972800,-14.3014
-1972900,-14.2894
-1973000,-14.2874
-1973100,-14.2874
-1973200,-14.2804
-1973300,-14.2744
-1973400,-14.2734
-1973500,-14.2634
-1973600,-14.2574
-1973700,-14.2444
-1973800,-14.2324
-1973900,-14.2214
-1974000,-14.2104
-1974100,-14.1924
-1974200,-14.1814
-1974300,-14.1704
-1974400,-14.1614
-1974500,-14.1504
-1974600,-14.1354
-1974700,-14.1194
-1974800,-14.1044
-1974900,-14.0824
-1975000,-14.0624
-1975100,-14.0454
-1975200,-14.0274
-1975300,-14.0204
-1975400,-14.0094
-1975500,-13.9994
-1975600,-13.9734
-1975700,-13.9494
-1975800,-13.9394
-1975900,-13.9284
-1976000,-13.9234
-1976100,-13.9154
-1976200,-13.9014
-1976300,-13.8914
-1976400,-13.8914
-1976500,-13.8874
-1976600,-13.8874
-1976700,-13.8814
-1976800,-13.8924
-1976900,-13.9074
-1977000,-13.9084
-1977100,-13.9134
-1977200,-13.9214
-1977300,-13.9264
-1977400,-13.9414
-1977500,-13.9424
-1977600,-13.9544
-1977700,-13.9604
-1977800,-13.9654
-1977900,-13.9724
-1978000,-13.9904
-1978100,-14.0044
-1978200,-14.0164
-1978300,-14.0314
-1978400,-14.0474
-1978500,-14.0694
-1978600,-14.0904
-1978700,-14.1094
-1978800,-14.1144
-1978900,-14.1254
-1979000,-14.1414
-1979100,-14.1574
-1979200,-14.1804
-1979300,-14.1914
-1979400,-14.2114
-1979500,-14.2314
-1979600,-14.2604
-1979700,-14.2894
-1979800,-14.3114
-1979900,-14.3344
-1980000,-14.3604
-1980100,-14.3864
-1980200,-14.4174
-1980300,-14.4454
-1980400,-14.4654
-1980500,-14.4924
-1980600,-14.5264
-1980700,-14.5514
-1980800,-14.5834
-1980900,-14.6094
-1981000,-14.6404
-1981100,-14.6734
-1981200,-14.7074
-1981300,-14.7394
-1981400,-14.7714
-1981500,-14.8044
-1981600,-14.8434
-1981700,-14.8824
-1981800,-14.9344
-1981900,-14.9884
-1982000,-15.0494
-1982100,-15.1104
-1982200,-15.1894
-1982300,-15.2534
-1982400,-15.3284
-1982500,-15.4104
-1982600,-15.4994
-1982700,-15.5894
-1982800,-15.6814
-1982900,-15.7794
-1983000,-15.8574
-1983100,-15.9634
-1983200,-16.0614
-1983300,-16.1714
-1983400,-16.3014
-1983500,-16.4324
-1983600,-16.5614
-1983700,-16.7034
-1983800,-16.8504
-1983900,-17.0134
-1984000,-17.1574
-1984100,-17.3174
-1984200,-17.4924
-1984300,-17.6944
-1984400,-17.8504
-1984500,-18.0314
-1984600,-18.1994
-1984700,-18.4084
-1984800,-18.6074
-1984900,-18.8204
-1985000,-19.0374
-1985100,-19.2404
-1985200,-19.4184
-1985300,-19.6054
-1985400,-19.8344
-1985500,-20.0544
-1985600,-20.2544
-1985700,-20.4174
-1985800,-20.5904
-1985900,-20.7584
-1986000,-20.9354
-1986100,-21.1224
-1986200,-21.2864
-1986300,-21.4184
-1986400,-21.5384
-1986500,-21.6784
-1986600,-21.8024
-1986700,-21.9334
-1986800,-22.0594
-1986900,-22.1834
-1987000,-22.2914
-1987100,-22.4084
-1987200,-22.5194
-1987300,-22.6574
-1987400,-22.7814
-1987500,-22.8924
-1987600,-23.0314
-1987700,-23.1424
-1987800,-23.2584
-1987900,-23.3614
-1988000,-23.4424
-1988100,-23.5214
-1988200,-23.5884
-1988300,-23.6794
-1988400,-23.7364
-1988500,-23.8214
-1988600,-23.8724
-1988700,-23.9524
-1988800,-23.9944
-1988900,-24.0314
-1989000,-24.0594
-1989100,-24.0784
-1989200,-24.1134
-1989300,-24.1114
-1989400,-24.1254
-1989500,-24.1384
-1989600,-24.1564
-1989700,-24.1724
-1989800,-24.1974
-1989900,-24.2354
-1990000,-24.2744
-1990100,-24.3084
-1990200,-24.3694
-1990300,-24.4274
-1990400,-24.5004
-1990500,-24.5714
-1990600,-24.6584
-1990700,-24.7594
-1990800,-24.8144
-1990900,-24.8694
-1991000,-24.8884
-1991100,-24.9194
-1991200,-24.9384
-1991300,-24.9724
-1991400,-24.9934
-1991500,-25.0244
-1991600,-25.0374
-1991700,-25.0364
-1991800,-25.0434
-1991900,-25.0564
-1992000,-25.0394
-1992100,-25.0274
-1992200,-25.0154
-1992300,-25.0264
-1992400,-25.0234
-1992500,-25.0214
-1992600,-25.0384
-1992700,-25.0444
-1992800,-25.0584
-1992900,-25.0854
-1993000,-25.1124
-1993100,-25.1294
-1993200,-25.1674
-1993300,-25.2014
-1993400,-25.2394
-1993500,-25.2964
-1993600,-25.3724
-1993700,-25.4504
-1993800,-25.5224
-1993900,-25.6104
-1994000,-25.7324
-1994100,-25.8884
-1994200,-26.0194
-1994300,-26.1634
-1994400,-26.2984
-1994500,-26.4464
-1994600,-26.5884
-1994700,-26.7244
-1994800,-26.8774
-1994900,-27.0874
-1995000,-27.3264
-1995100,-27.6044
-1995200,-27.8454
-1995300,-28.1334
-1995400,-28.4254
-1995500,-28.6784
-1995600,-28.9444
-1995700,-29.2064
-1995800,-29.4644
-1995900,-29.7534
-1996000,-30.0404
-1996100,-30.3334
-1996200,-30.5884
-1996300,-30.8264
-1996400,-31.0244
-1996500,-31.2114
-1996600,-31.3024
-1996700,-31.4414
-1996800,-31.5734
-1996900,-31.7174
-1997000,-31.7994
-1997100,-31.9474
-1997200,-32.0664
-1997300,-32.1854
-1997400,-32.3034
-1997500,-32.4004
-1997600,-32.4734
-1997700,-32.5414
-1997800,-32.5684
-1997900,-32.5984
-1998000,-32.5934
-1998100,-32.5584
-1998200,-32.5374
-1998300,-32.5174
-1998400,-32.4914
-1998500,-32.4614
-1998600,-32.4294
-1998700,-32.3934
-1998800,-32.3544
-1998900,-32.3084
-1999000,-32.2854
-1999100,-32.2544
-1999200,-32.2214
-1999300,-32.1814
-1999400,-32.1434
-1999500,-32.1094
-1999600,-32.0514
-1999700,-32.0124
-1999800,-31.9574
-1999900,-31.9054
-2000000,-31.6404
-2000100,-31.5844
-2000200,-31.5324
-2000300,-31.4634
-2000400,-31.4134
-2000500,-31.3764
-2000600,-31.3134
-2000700,-31.2644
-2000800,-31.2144
-2000900,-31.1724
-2001000,-31.1354
-2001100,-31.0774
-2001200,-31.0384
-2001300,-30.9884
-2001400,-30.9354
-2001500,-30.8794
-2001600,-30.8294
-2001700,-30.7594
-2001800,-30.7024
-2001900,-30.6354
-2002000,-30.5714
-2002100,-30.5054
-2002200,-30.4344
-2002300,-30.3644
-2002400,-30.2904
-2002500,-30.2184
-2002600,-30.1404
-2002700,-30.0584
-2002800,-29.9904
-2002900,-29.8964
-2003000,-29.8174
-2003100,-29.7344
-2003200,-29.6594
-2003300,-29.5724
-2003400,-29.4774
-2003500,-29.3944
-2003600,-29.2874
-2003700,-29.2004
-2003800,-29.1044
-2003900,-29.0034
-2004000,-28.9014
-2004100,-28.8064
-2004200,-28.6904
-2004300,-28.5844
-2004400,-28.4664
-2004500,-28.3764
-2004600,-28.2464
-2004700,-28.1344
-2004800,-28.0134
-2004900,-27.8914
-2005000,-27.7654
-2005100,-27.6334
-2005200,-27.5114
-2005300,-27.3764
-2005400,-27.2494
-2005500,-27.1214
-2005600,-26.9914
-2005700,-26.8484
-2005800,-26.7064
-2005900,-26.5744
-2006000,-26.4414
-2006100,-26.3204
-2006200,-26.1854
-2006300,-26.0604
-2006400,-25.9234
-2006500,-25.7954
-2006600,-25.6774
-2006700,-25.5534
-2006800,-25.4214
-2006900,-25.3074
-2007000,-25.1764
-2007100,-25.0344
-2007200,-24.9174
-2007300,-24.7744
-2007400,-24.6594
-2007500,-24.5374
-2007600,-24.4094
-2007700,-24.2744
-2007800,-24.1654
-2007900,-24.0594
-2008000,-23.9514
-2008100,-23.8274
-2008200,-23.7184
-2008300,-23.6294
-2008400,-23.5214
-2008500,-23.4244
-2008600,-23.3184
-2008700,-23.2194
-2008800,-23.1074
-2008900,-23.0044
-2009000,-22.9094
-2009100,-22.8214
-2009200,-22.7414
-2009300,-22.6694
-2009400,-22.6004
-2009500,-22.5414
-2009600,-22.4784
-2009700,-22.4124
-2009800,-22.3554
-2009900,-22.2954
-2010000,-22.2214
-2010100,-22.1594
-2010200,-22.0804
-2010300,-22.0124
-2010400,-21.9334
-2010500,-21.8564
-2010600,-21.7704
-2010700,-21.6884
-2010800,-21.6024
-2010900,-21.5094
-2011000,-21.4244
-2011100,-21.3304
-2011200,-21.2324
-2011300,-21.1294
-2011400,-21.0214
-2011500,-20.9054
-2011600,-20.7874
-2011700,-20.6664
-2011800,-20.5224
-2011900,-20.3714
-2012000,-20.2384
-2012100,-20.0694
-2012200,-19.8874
-2012300,-19.7254
-2012400,-19.5454
-2012500,-19.3814
-2012600,-19.2204
-2012700,-19.0634
-2012800,-18.8844
-2012900,-18.7054
-2013000,-18.5094
-2013100,-18.3124
-2013200,-18.1124
-2013300,-17.9094
-2013400,-17.7184
-2013500,-17.5034
-2013600,-17.2904
-2013700,-17.0404
-2013800,-16.8224
-2013900,-16.6154
-2014000,-16.3844
-2014100,-16.1504
-2014200,-15.9414
-2014300,-15.7234
-2014400,-15.5594
-2014500,-15.3804
-2014600,-15.2424
-2014700,-15.1074
-2014800,-14.9904
-2014900,-14.8764
-2015000,-14.7594
-2015100,-14.6374
-2015200,-14.5184
-2015300,-14.4154
-2015400,-14.3204
-2015500,-14.2224
-2015600,-14.1204
-2015700,-14.0234
-2015800,-13.9314
-2015900,-13.8574
-2016000,-13.7914
-2016100,-13.7084
-2016200,-13.6514
-2016300,-13.5844
-2016400,-13.5164
-2016500,-13.4634
-2016600,-13.4244
-2016700,-13.3714
-2016800,-13.3184
-2016900,-13.2824
-2017000,-13.2354
-2017100,-13.1894
-2017200,-13.1444
-2017300,-13.1204
-2017400,-13.0914
-2017500,-13.0814
-2017600,-13.0544
-2017700,-13.0314
-2017800,-13.0104
-2017900,-12.9804
-2018000,-12.9654
-2018100,-12.9534
-2018200,-12.9354
-2018300,-12.9174
-2018400,-12.9064
-2018500,-12.8904
-2018600,-12.8764
-2018700,-12.8594
-2018800,-12.8374
-2018900,-12.8164
-2019000,-12.8084
-2019100,-12.7994
-2019200,-12.7784
-2019300,-12.7614
-2019400,-12.7404
-2019500,-12.7294
-2019600,-12.7044
-2019700,-12.6744
-2019800,-12.6664
-2019900,-12.6454
-2020000,-12.6324
-2020100,-12.6154
-2020200,-12.5954
-2020300,-12.5724
-2020400,-12.5544
-2020500,-12.5294
-2020600,-12.5174
-2020700,-12.4954
-2020800,-12.4824
-2020900,-12.4664
-2021000,-12.4594
-2021100,-12.4484
-2021200,-12.4504
-2021300,-12.4434
-2021400,-12.4324
-2021500,-12.4364
-2021600,-12.4294
-2021700,-12.4274
-2021800,-12.4284
-2021900,-12.4274
-2022000,-12.4204
-2022100,-12.4124
-2022200,-12.4174
-2022300,-12.4214
-2022400,-12.4264
-2022500,-12.4404
-2022600,-12.4534
-2022700,-12.4694
-2022800,-12.4824
-2022900,-12.4924
-2023000,-12.5084
-2023100,-12.5254
-2023200,-12.5344
-2023300,-12.5514
-2023400,-12.5664
-2023500,-12.5884
-2023600,-12.5984
-2023700,-12.6104
-2023800,-12.6244
-2023900,-12.6324
-2024000,-12.6414
-2024100,-12.6564
-2024200,-12.6644
-2024300,-12.6774
-2024400,-12.6814
-2024500,-12.6934
-2024600,-12.7084
-2024700,-12.7204
-2024800,-12.7244
-2024900,-12.7414
-2025000,-12.7504
-2025100,-12.7614
-2025200,-12.7694
-2025300,-12.7844
-2025400,-12.8034
-2025500,-12.8134
-2025600,-12.8224
-2025700,-12.8354
-2025800,-12.8484
-2025900,-12.8684
-2026000,-12.8874
-2026100,-12.9164
-2026200,-12.9314
-2026300,-12.9594
-2026400,-12.9904
-2026500,-13.0074
-2026600,-13.0274
-2026700,-13.0524
-2026800,-13.0674
-2026900,-13.0894
-2027000,-13.1084
-2027100,-13.1314
-2027200,-13.1454
-2027300,-13.1644
-2027400,-13.1834
-2027500,-13.2124
-2027600,-13.2464
-2027700,-13.2854
-2027800,-13.3354
-2027900,-13.4004
-2028000,-13.4744
-2028100,-13.5524
-2028200,-13.6324
-2028300,-13.7234
-2028400,-13.8074
-2028500,-13.9084
-2028600,-13.9914
-2028700,-14.1004
-2028800,-14.2014
-2028900,-14.3084
-2029000,-14.4194
-2029100,-14.5504
-2029200,-14.6944
-2029300,-14.8324
-2029400,-14.9844
-2029500,-15.1194
-2029600,-15.2674
-2029700,-15.4104
-2029800,-15.5814
-2029900,-15.7404
-2030000,-15.8894
-2030100,-16.0634
-2030200,-16.2384
-2030300,-16.4344
-2030400,-16.6144
-2030500,-16.8154
-2030600,-17.0064
-2030700,-17.2024
-2030800,-17.3964
-2030900,-17.5794
-2031000,-17.7564
-2031100,-17.9054
-2031200,-18.0684
-2031300,-18.2424
-2031400,-18.4084
-2031500,-18.5934
-2031600,-18.7734
-2031700,-18.9474
-2031800,-19.1164
-2031900,-19.2824
-2032000,-19.4524
-2032100,-19.5974
-2032200,-19.7474
-2032300,-19.9154
-2032400,-20.0904
-2032500,-20.2604
-2032600,-20.4184
-2032700,-20.5854
-2032800,-20.7544
-2032900,-20.9234
-2033000,-21.0834
-2033100,-21.2324
-2033200,-21.4334
-2033300,-21.6454
-2033400,-21.8324
-2033500,-22.0144
-2033600,-22.2054
-2033700,-22.3684
-2033800,-22.5544
-2033900,-22.7194
-2034000,-22.9404
-2034100,-23.1384
-2034200,-23.3594
-2034300,-23.5804
-2034400,-23.8674
-2034500,-24.0984
-2034600,-24.3594
-2034700,-24.6674
-2034800,-24.9464
-2034900,-25.2714
-2035000,-25.6224
-2035100,-25.9034
-2035200,-26.2144
-2035300,-26.4754
-2035400,-26.7554
-2035500,-26.9414
-2035600,-27.0684
-2035700,-27.1604
-2035800,-27.2264
-2035900,-27.2624
-2036000,-27.2844
-2036100,-27.3114
-2036200,-27.3274
-2036300,-27.3374
-2036400,-27.3564
-2036500,-27.3594
-2036600,-27.3574
-2036700,-27.3394
-2036800,-27.3094
-2036900,-27.2884
-2037000,-27.2564
-2037100,-27.2174
-2037200,-27.1814
-2037300,-27.1424
-2037400,-27.1124
-2037500,-27.0604
-2037600,-27.0184
-2037700,-26.9664
-2037800,-26.9304
-2037900,-26.8664
-2038000,-26.8114
-2038100,-26.7544
-2038200,-26.6954
-2038300,-26.6264
-2038400,-26.5894
-2038500,-26.5464
-2038600,-26.5224
-2038700,-26.4984
-2038800,-26.4744
-2038900,-26.4514
-2039000,-26.4354
-2039100,-26.4044
-2039200,-26.3854
-2039300,-26.3584
-2039400,-26.3374
-2039500,-26.3084
-2039600,-26.2904
-2039700,-26.2684
-2039800,-26.2484
-2039900,-26.2304
-2040000,-26.2254
-2040100,-26.2134
-2040200,-26.2294
-2040300,-26.2224
-2040400,-26.2304
-2040500,-26.2244
-2040600,-26.2254
-2040700,-26.2294
-2040800,-26.2184
-2040900,-26.2264
-2041000,-26.2354
-2041100,-26.2564
-2041200,-26.2814
-2041300,-26.2954
-2041400,-26.3114
-2041500,-26.3244
-2041600,-26.3274
-2041700,-26.3304
-2041800,-26.3434
-2041900,-26.3304
-2042000,-26.3314
-2042100,-26.3184
-2042200,-26.2904
-2042300,-26.2674
-2042400,-26.2484
-2042500,-26.2234
-2042600,-26.1944
-2042700,-26.1824
-2042800,-26.1484
-2042900,-26.1394
-2043000,-26.1124
-2043100,-26.1024
-2043200,-26.0674
-2043300,-26.0364
-2043400,-26.0074
-2043500,-25.9714
-2043600,-25.9464
-2043700,-25.8974
-2043800,-25.8494
-2043900,-25.8084
-2044000,-25.7564
-2044100,-25.7084
-2044200,-25.6454
-2044300,-25.5844
-2044400,-25.5424
-2044500,-25.5064
-2044600,-25.4494
-2044700,-25.3864
-2044800,-25.3364
-2044900,-25.2674
-2045000,-25.2174
-2045100,-25.1514
-2045200,-25.0904
-2045300,-25.0324
-2045400,-24.9814
-2045500,-24.9074
-2045600,-24.8434
-2045700,-24.7744
-2045800,-24.7024
-2045900,-24.6314
-2046000,-24.5724
-2046100,-24.4924
-2046200,-24.4284
-2046300,-24.3634
-2046400,-24.2904
-2046500,-24.2224
-2046600,-24.1534
-2046700,-24.0714
-2046800,-24.0084
-2046900,-23.9304
-2047000,-23.8394
-2047100,-23.7424
-2047200,-23.6724
-2047300,-23.5744
-2047400,-23.5124
-2047500,-23.4444
-2047600,-23.3814
-2047700,-23.3194
-2047800,-23.2654
-2047900,-23.2044
-2048000,-23.1474
-2048100,-23.0784
-2048200,-23.0224
-2048300,-22.9494
-2048400,-22.9064
-2048500,-22.8524
-2048600,-22.8034
-2048700,-22.7564
-2048800,-22.7174
-2048900,-22.6674
-2049000,-22.6184
-2049100,-22.5664
-2049200,-22.4984
-2049300,-22.4464
-2049400,-22.3954
-2049500,-22.3424
-2049600,-22.2884
-2049700,-22.2414
-2049800,-22.2024
-2049900,-22.1674
-2050000,-22.1274
-2050100,-22.0994
-2050200,-22.0614
-2050300,-22.0404
-2050400,-22.0294
-2050500,-21.9864
-2050600,-21.9714
-2050700,-21.9484
-2050800,-21.9234
-2050900,-21.8964
-2051000,-21.8844
-2051100,-21.8614
-2051200,-21.8464
-2051300,-21.8324
-2051400,-21.8134
-2051500,-21.7864
-2051600,-21.7734
-2051700,-21.7544
-2051800,-21.7524
-2051900,-21.7384
-2052000,-21.7344
-2052100,-21.7104
-2052200,-21.7104
-2052300,-21.6854
-2052400,-21.6884
-2052500,-21.6824
-2052600,-21.6884
-2052700,-21.6844
-2052800,-21.6834
-2052900,-21.6994
-2053000,-21.7274
-2053100,-21.7504
-2053200,-21.7694
-2053300,-21.7814
-2053400,-21.8134
-2053500,-21.8294
-2053600,-21.8564
-2053700,-21.9014
-2053800,-21.9394
-2053900,-21.9924
-2054000,-22.0214
-2054100,-22.0594
-2054200,-22.1124
-2054300,-22.1594
-2054400,-22.2244
-2054500,-22.2784
-2054600,-22.3334
-2054700,-22.4104
-2054800,-22.4824
-2054900,-22.5704
-2055000,-22.6654
-2055100,-22.7794
-2055200,-22.8754
-2055300,-22.9724
-2055400,-23.0794
-2055500,-23.1784
-2055600,-23.2824
-2055700,-23.4074
-2055800,-23.5354
-2055900,-23.6584
-2056000,-23.7584
-2056100,-23.8814
-2056200,-23.9764
-2056300,-24.0924
-2056400,-24.2184
-2056500,-24.3274
-2056600,-24.4584
-2056700,-24.5704
-2056800,-24.7074
-2056900,-24.8294
-2057000,-24.9534
-2057100,-25.0944
-2057200,-25.2244
-2057300,-25.3314
-2057400,-25.4584
-2057500,-25.6034
-2057600,-25.7404
-2057700,-25.8744
-2057800,-26.0014
-2057900,-26.1394
-2058000,-26.2934
-2058100,-26.4704
-2058200,-26.6584
-2058300,-26.8124
-2058400,-27.0164
-2058500,-27.1954
-2058600,-27.3994
-2058700,-27.6054
-2058800,-27.8484
-2058900,-28.1124
-2059000,-28.3974
-2059100,-28.7014
-2059200,-29.0504
-2059300,-29.4304
-2059400,-29.8444
-2059500,-30.2564
-2059600,-30.7854
-2059700,-31.4054
-2059800,-32.0024
-2059900,-32.6584
-2060000,-33.2984
-2060100,-34.0374
-2060200,-34.8514
-2060300,-35.7464
-2060400,-36.5884
-2060500,-37.4764
-2060600,-38.4224
-2060700,-39.3464
-2060800,-40.2554
-2060900,-41.2454
-2061000,-42.2194
-2061100,-43.1904
-2061200,-44.0704
-2061300,-44.9014
-2061400,-45.6644
-2061500,-46.4154
-2061600,-47.0444
-2061700,-47.6704
-2061800,-48.2234
-2061900,-48.7574
-2062000,-49.2494
-2062100,-49.7514
-2062200,-50.2904
-2062300,-50.7684
-2062400,-51.2854
-2062500,-51.8164
-2062600,-52.2874
-2062700,-52.7524
-2062800,-53.1994
-2062900,-53.5724
-2063000,-53.8564
-2063100,-54.1574
-2063200,-54.4294
-2063300,-54.7074
-2063400,-54.9384
-2063500,-55.1384
-2063600,-55.3264
-2063700,-55.5074
-2063800,-55.6704
-2063900,-55.8284
-2064000,-55.9524
-2064100,-56.0794
-2064200,-56.1844
-2064300,-56.2914
-2064400,-56.4034
-2064500,-56.4994
-2064600,-56.5814
-2064700,-56.6394
-2064800,-56.7144
-2064900,-56.7754
-2065000,-56.8334
-2065100,-56.8784
-2065200,-56.9684
-2065300,-57.0294
-2065400,-57.0854
-2065500,-57.1454
-2065600,-57.2014
-2065700,-57.2774
-2065800,-57.3304
-2065900,-57.3794
-2066000,-57.4324
-2066100,-57.5104
-2066200,-57.6204
-2066300,-57.7554
-2066400,-57.8574
-2066500,-58.0434
-2066600,-58.2214
-2066700,-58.3884
-2066800,-58.4764
-2066900,-58.6114
-2067000,-58.7314
-2067100,-58.8574
-2067200,-58.9774
-2067300,-59.0444
-2067400,-59.0984
-2067500,-59.1394
-2067600,-59.1754
-2067700,-59.1994
-2067800,-59.2104
-2067900,-59.2354
-2068000,-59.2804
-2068100,-59.2614
-2068200,-59.2584
-2068300,-59.2214
-2068400,-59.1864
-2068500,-59.1364
-2068600,-59.0814
-2068700,-59.0204
-2068800,-58.9414
-2068900,-58.8464
-2069000,-58.7544
-2069100,-58.6394
-2069200,-58.5234
-2069300,-58.3964
-2069400,-58.2724
-2069500,-58.1564
-2069600,-58.0274
-2069700,-57.8764
-2069800,-57.7434
-2069900,-57.5774
-2070000,-57.3934
-2070100,-57.2314
-2070200,-57.0634
-2070300,-56.9014
-2070400,-56.7434
-2070500,-56.5834
-2070600,-56.3914
-2070700,-56.2364
-2070800,-56.0544
-2070900,-55.8604
-2071000,-55.6904
-2071100,-55.5074
-2071200,-55.3264
-2071300,-55.1374
-2071400,-54.9544
-2071500,-54.7654
-2071600,-54.5874
-2071700,-54.3964
-2071800,-54.1984
-2071900,-54.0004
-2072000,-53.7934
-2072100,-53.5914
-2072200,-53.3904
-2072300,-53.1744
-2072400,-52.9494
-2072500,-52.7394
-2072600,-52.5214
-2072700,-52.3014
-2072800,-52.0694
-2072900,-51.8254
-2073000,-51.6024
-2073100,-51.3694
-2073200,-51.1224
-2073300,-50.8674
-2073400,-50.6294
-2073500,-50.3624
-2073600,-50.0954
-2073700,-49.8324
-2073800,-49.5634
-2073900,-49.3024
-2074000,-49.0364
-2074100,-48.7644
-2074200,-48.4854
-2074300,-48.2074
-2074400,-47.9384
-2074500,-47.6694
-2074600,-47.4154
-2074700,-47.1344
-2074800,-46.8684
-2074900,-46.5924
-2075000,-46.3444
-2075100,-46.0854
-2075200,-45.8104
-2075300,-45.5694
-2075400,-45.3074
-2075500,-45.0434
-2075600,-44.7904
-2075700,-44.5204
-2075800,-44.2594
-2075900,-43.9874
-2076000,-43.7514
-2076100,-43.4964
-2076200,-43.2454
-2076300,-42.9954
-2076400,-42.7604
-2076500,-42.5244
-2076600,-42.2944
-2076700,-42.0584
-2076800,-41.8474
-2076900,-41.6334
-2077000,-41.4154
-2077100,-41.2084
-2077200,-41.0224
-2077300,-40.8284
-2077400,-40.6284
-2077500,-40.4314
-2077600,-40.2644
-2077700,-40.0964
-2077800,-39.9244
-2077900,-39.7404
-2078000,-39.5584
-2078100,-39.3934
-2078200,-39.2304
-2078300,-39.0704
-2078400,-38.9134
-2078500,-38.7474
-2078600,-38.6054
-2078700,-38.4614
-2078800,-38.3124
-2078900,-38.1644
-2079000,-38.0094
-2079100,-37.8574
-2079200,-37.7294
-2079300,-37.5934
-2079400,-37.4384
-2079500,-37.2944
-2079600,-37.1664
-2079700,-37.0264
-2079800,-36.8934
-2079900,-36.7534
-2080000,-36.6244
-2080100,-36.4874
-2080200,-36.3174
-2080300,-36.1734
-2080400,-36.0454
-2080500,-35.8894
-2080600,-35.7334
-2080700,-35.5854
-2080800,-35.4424
-2080900,-35.2964
-2081000,-35.1324
-2081100,-34.9914
-2081200,-34.8344
-2081300,-34.6934
-2081400,-34.5484
-2081500,-34.3914
-2081600,-34.2454
-2081700,-34.0894
-2081800,-33.9374
-2081900,-33.7664
-2082000,-33.6134
-2082100,-33.4484
-2082200,-33.2774
-2082300,-33.1134
-2082400,-32.9584
-2082500,-32.7884
-2082600,-32.6124
-2082700,-32.4464
-2082800,-32.2714
-2082900,-32.1164
-2083000,-31.9414
-2083100,-31.7744
-2083200,-31.5964
-2083300,-31.4374
-2083400,-31.2464
-2083500,-31.0864
-2083600,-30.9054
-2083700,-30.7224
-2083800,-30.5564
-2083900,-30.3594
-2084000,-30.1694
-2084100,-29.9864
-2084200,-29.7844
-2084300,-29.5824
-2084400,-29.3974
-2084500,-29.1964
-2084600,-28.9914
-2084700,-28.7824
-2084800,-28.5824
-2084900,-28.3604
-2085000,-28.1424
-2085100,-27.9304
-2085200,-27.7274
-2085300,-27.4824
-2085400,-27.2704
-2085500,-27.0284
-2085600,-26.7954
-2085700,-26.5524
-2085800,-26.3204
-2085900,-26.0824
-2086000,-25.8344
-2086100,-25.5794
-2086200,-25.3354
-2086300,-25.0744
-2086400,-24.8194
-2086500,-24.5804
-2086600,-24.3294
-2086700,-24.0924
-2086800,-23.8374
-2086900,-23.5884
-2087000,-23.3464
-2087100,-23.1034
-2087200,-22.8604
-2087300,-22.6144
-2087400,-22.3584
-2087500,-22.1154
-2087600,-21.8554
-2087700,-21.6034
-2087800,-21.3454
-2087900,-21.0714
-2088000,-20.7864
-2088100,-20.5004
-2088200,-20.2584
-2088300,-19.9994
-2088400,-19.7424
-2088500,-19.4834
-2088600,-19.2424
-2088700,-18.9714
-2088800,-18.7224
-2088900,-18.4654
-2089000,-18.2414
-2089100,-17.9844
-2089200,-17.7504
-2089300,-17.5094
-2089400,-17.2664
-2089500,-17.0634
-2089600,-16.8454
-2089700,-16.6344
-2089800,-16.4334
-2089900,-16.2554
-2090000,-16.1024
-2090100,-15.9444
-2090200,-15.8094
-2090300,-15.6724
-2090400,-15.5474
-2090500,-15.4284
-2090600,-15.3144
-2090700,-15.1854
-2090800,-15.0814
-2090900,-14.9844
-2091000,-14.8794
-2091100,-14.8114
-2091200,-14.7304
-2091300,-14.6454
-2091400,-14.5714
-2091500,-14.5064
-2091600,-14.4424
-2091700,-14.3934
-2091800,-14.3444
-2091900,-14.2984
-2092000,-14.2604
-2092100,-14.2164
-2092200,-14.1804
-2092300,-14.1434
-2092400,-14.1014
-2092500,-14.0634
-2092600,-14.0224
-2092700,-13.9734
-2092800,-13.9394
-2092900,-13.9134
-2093000,-13.8834
-2093100,-13.8544
-2093200,-13.8244
-2093300,-13.7964
-2093400,-13.7644
-2093500,-13.7334
-2093600,-13.6974
-2093700,-13.6714
-2093800,-13.6344
-2093900,-13.6134
-2094000,-13.5864
-2094100,-13.5634
-2094200,-13.5454
-2094300,-13.5184
-2094400,-13.5034
-2094500,-13.4764
-2094600,-13.4554
-2094700,-13.4364
-2094800,-13.4134
-2094900,-13.3924
-2095000,-13.3764
-2095100,-13.3554
-2095200,-13.3434
-2095300,-13.3194
-2095400,-13.3044
-2095500,-13.2884
-2095600,-13.2714
-2095700,-13.2534
-2095800,-13.2304
-2095900,-13.2164
-2096000,-13.1934
-2096100,-13.1804
-2096200,-13.1594
-2096300,-13.1414
-2096400,-13.1184
-2096500,-13.1054
-2096600,-13.1014
-2096700,-13.1034
-2096800,-13.1034
-2096900,-13.1024
-2097000,-13.1034
-2097100,-13.1204
-2097200,-13.1284
-2097300,-13.1384
-2097400,-13.1524
-2097500,-13.1784
-2097600,-13.2044
-2097700,-13.2264
-2097800,-13.2584
-2097900,-13.2984
-2098000,-13.3514
-2098100,-13.3994
-2098200,-13.4444
-2098300,-13.5204
-2098400,-13.5804
-2098500,-13.6334
-2098600,-13.6974
-2098700,-13.7544
-2098800,-13.8024
-2098900,-13.8644
-2099000,-13.9064
-2099100,-13.9234
-2099200,-13.9404
-2099300,-13.9784
-2099400,-14.0344
-2099500,-14.1244
-2099600,-14.2134
-2099700,-14.2904
-2099800,-14.3554
-2099900,-14.4094
-2100000,-14.5224
-2100100,-14.7104
-2100200,-14.9294
-2100300,-15.1734
-2100400,-15.6024
-2100500,-15.9544
-2100600,-16.4134
-2100700,-16.6934
-2100800,-16.9704
-2100900,-17.1644
-2101000,-17.2864
-2101100,-17.3054
-2101200,-17.3254
-2101300,-17.3644
-2101400,-17.3914
-2101500,-17.4014
-2101600,-17.4194
-2101700,-17.4324
-2101800,-17.4234
-2101900,-17.4114
-2102000,-17.3934
-2102100,-17.3674
-2102200,-17.3524
-2102300,-17.3294
-2102400,-17.3214
-2102500,-17.2964
-2102600,-17.2884
-2102700,-17.2764
-2102800,-17.2714
-2102900,-17.2764
-2103000,-17.2704
-2103100,-17.2584
-2103200,-17.2434
-2103300,-17.2134
-2103400,-17.1874
-2103500,-17.1584
-2103600,-17.1264
-2103700,-17.1074
-2103800,-17.1024
-2103900,-17.0884
-2104000,-17.0744
-2104100,-17.0574
-2104200,-17.0514
-2104300,-17.0404
-2104400,-17.0424
-2104500,-17.0264
-2104600,-17.0334
-2104700,-17.0064
-2104800,-17.0034
-2104900,-17.0034
-2105000,-17.0044
-2105100,-17.0204
-2105200,-17.0454
-2105300,-17.0444
-2105400,-17.0154
-2105500,-16.9814
-2105600,-16.9484
-2105700,-16.8954
-2105800,-16.8474
-2105900,-16.8094
-2106000,-16.7914
-2106100,-16.7894
-2106200,-16.7844
-2106300,-16.7774
-2106400,-16.7744
-2106500,-16.7804
-2106600,-16.7724
-2106700,-16.7544
-2106800,-16.7214
-2106900,-16.7074
-2107000,-16.6764
-2107100,-16.6564
-2107200,-16.6004
-2107300,-16.5634
-2107400,-16.5284
-2107500,-16.4994
-2107600,-16.4414
-2107700,-16.3694
-2107800,-16.2944
-2107900,-16.2144
-2108000,-16.1424
-2108100,-16.0774
-2108200,-16.0224
-2108300,-15.9474
-2108400,-15.9034
-2108500,-15.8524
-2108600,-15.8034
-2108700,-15.7604
-2108800,-15.7104
-2108900,-15.6644
-2109000,-15.6114
-2109100,-15.5544
-2109200,-15.4904
-2109300,-15.4314
-2109400,-15.3634
-2109500,-15.3084
-2109600,-15.2404
-2109700,-15.1904
-2109800,-15.1384
-2109900,-15.0874
-2110000,-15.0404
-2110100,-14.9884
-2110200,-14.9594
-2110300,-14.9164
-2110400,-14.8814
-2110500,-14.8774
-2110600,-14.8444
-2110700,-14.8224
-2110800,-14.7974
-2110900,-14.7704
-2111000,-14.7664
-2111100,-14.7524
-2111200,-14.7444
-2111300,-14.7284
-2111400,-14.7024
-2111500,-14.6944
-2111600,-14.6844
-2111700,-14.6664
-2111800,-14.6454
-2111900,-14.6494
-2112000,-14.6434
-2112100,-14.6494
-2112200,-14.6544
-2112300,-14.6454
-2112400,-14.6564
-2112500,-14.6594
-2112600,-14.6624
-2112700,-14.6684
-2112800,-14.6674
-2112900,-14.6704
-2113000,-14.6934
-2113100,-14.6974
-2113200,-14.7094
-2113300,-14.7194
-2113400,-14.7394
-2113500,-14.7554
-2113600,-14.7634
-2113700,-14.7794
-2113800,-14.8274
-2113900,-14.8834
-2114000,-14.9244
-2114100,-14.9824
-2114200,-15.0504
-2114300,-15.1514
-2114400,-15.2964
-2114500,-15.5144
-2114600,-15.6844
-2114700,-15.8634
-2114800,-16.0324
-2114900,-16.2214
-2115000,-16.3564
-2115100,-16.4454
-2115200,-16.4734
-2115300,-16.5204
-2115400,-16.5434
-2115500,-16.5734
-2115600,-16.5594
-2115700,-16.5434
-2115800,-16.5274
-2115900,-16.5144
-2116000,-16.5034
-2116100,-16.4944
-2116200,-16.4634
-2116300,-16.4434
-2116400,-16.4214
-2116500,-16.3854
-2116600,-16.3594
-2116700,-16.3174
-2116800,-16.2924
-2116900,-16.2584
-2117000,-16.2184
-2117100,-16.1784
-2117200,-16.1454
-2117300,-16.1174
-2117400,-16.0764
-2117500,-16.0434
-2117600,-16.0114
-2117700,-15.9714
-2117800,-15.9424
-2117900,-15.9054
-2118000,-15.8494
-2118100,-15.8044
-2118200,-15.7754
-2118300,-15.7244
-2118400,-15.6854
-2118500,-15.6404
-2118600,-15.5924
-2118700,-15.5424
-2118800,-15.5174
-2118900,-15.4514
-2119000,-15.4074
-2119100,-15.3594
-2119200,-15.3004
-2119300,-15.2474
-2119400,-15.2014
-2119500,-15.1464
-2119600,-15.0924
-2119700,-15.0404
-2119800,-14.9694
-2119900,-14.9164
-2120000,-14.8514
-2120100,-14.7814
-2120200,-14.7214
-2120300,-14.6554
-2120400,-14.5624
-2120500,-14.4944
-2120600,-14.4184
-2120700,-14.3314
-2120800,-14.2544
-2120900,-14.1824
-2121000,-14.0974
-2121100,-14.0044
-2121200,-13.9314
-2121300,-13.8354
-2121400,-13.7384
-2121500,-13.6484
-2121600,-13.5534
-2121700,-13.4684
-2121800,-13.3794
-2121900,-13.2714
-2122000,-13.1804
-2122100,-13.0834
-2122200,-12.9744
-2122300,-12.8684
-2122400,-12.7784
-2122500,-12.6814
-2122600,-12.5784
-2122700,-12.4804
-2122800,-12.3684
-2122900,-12.2554
-2123000,-12.1464
-2123100,-12.0344
-2123200,-11.9274
-2123300,-11.8204
-2123400,-11.7054
-2123500,-11.5904
-2123600,-11.4564
-2123700,-11.3364
-2123800,-11.2254
-2123900,-11.1084
-2124000,-10.9934
-2124100,-10.8724
-2124200,-10.7694
-2124300,-10.6734
-2124400,-10.5684
-2124500,-10.4764
-2124600,-10.3984
-2124700,-10.3144
-2124800,-10.2354
-2124900,-10.1724
-2125000,-10.1224
-2125100,-10.0734
-2125200,-10.0314
-2125300,-9.9874
-2125400,-9.9634
-2125500,-9.9264
-2125600,-9.9024
-2125700,-9.8714
-2125800,-9.8484
-2125900,-9.8224
-2126000,-9.8034
-2126100,-9.7874
-2126200,-9.7674
-2126300,-9.7424
-2126400,-9.7274
-2126500,-9.7064
-2126600,-9.6774
-2126700,-9.6584
-2126800,-9.6424
-2126900,-9.6244
-2127000,-9.6074
-2127100,-9.5954
-2127200,-9.5914
-2127300,-9.5804
-2127400,-9.5764
-2127500,-9.5654
-2127600,-9.5514
-2127700,-9.5334
-2127800,-9.5144
-2127900,-9.4924
-2128000,-9.4864
-2128100,-9.4824
-2128200,-9.4654
-2128300,-9.4574
-2128400,-9.4464
-2128500,-9.4404
-2128600,-9.4334
-2128700,-9.4244
-2128800,-9.4174
-2128900,-9.4114
-2129000,-9.4184
-2129100,-9.4114
-2129200,-9.4104
-2129300,-9.4164
-2129400,-9.4124
-2129500,-9.4244
-2129600,-9.4244
-2129700,-9.4324
-2129800,-9.4324
-2129900,-9.4354
-2130000,-9.4374
-2130100,-9.4424
-2130200,-9.4434
-2130300,-9.4434
-2130400,-9.4464
-2130500,-9.4634
-2130600,-9.4614
-2130700,-9.4674
-2130800,-9.4784
-2130900,-9.4814
-2131000,-9.4914
-2131100,-9.5094
-2131200,-9.5134
-2131300,-9.5234
-2131400,-9.5304
-2131500,-9.5474
-2131600,-9.5574
-2131700,-9.5714
-2131800,-9.5724
-2131900,-9.5904
-2132000,-9.5954
-2132100,-9.6154
-2132200,-9.6224
-2132300,-9.6334
-2132400,-9.6464
-2132500,-9.6624
-2132600,-9.6674
-2132700,-9.6824
-2132800,-9.6944
-2132900,-9.7064
-2133000,-9.7204
-2133100,-9.7354
-2133200,-9.7524
-2133300,-9.7664
-2133400,-9.7844
-2133500,-9.8004
-2133600,-9.8114
-2133700,-9.8314
-2133800,-9.8504
-2133900,-9.8674
-2134000,-9.8824
-2134100,-9.9004
-2134200,-9.9084
-2134300,-9.9284
-2134400,-9.9394
-2134500,-9.9544
-2134600,-9.9624
-2134700,-9.9794
-2134800,-9.9924
-2134900,-10.0034
-2135000,-10.0234
-2135100,-10.0374
-2135200,-10.0524
-2135300,-10.0664
-2135400,-10.0824
-2135500,-10.1004
-2135600,-10.1174
-2135700,-10.1284
-2135800,-10.1384
-2135900,-10.1564
-2136000,-10.1684
-2136100,-10.1924
-2136200,-10.2004
-2136300,-10.2164
-2136400,-10.2284
-2136500,-10.2434
-2136600,-10.2554
-2136700,-10.2694
-2136800,-10.2804
-2136900,-10.2954
-2137000,-10.3034
-2137100,-10.3214
-2137200,-10.3354
-2137300,-10.3504
-2137400,-10.3644
-2137500,-10.3764
-2137600,-10.3904
-2137700,-10.4114
-2137800,-10.4214
-2137900,-10.4374
-2138000,-10.4504
-2138100,-10.4644
-2138200,-10.4794
-2138300,-10.5134
-2138400,-10.5284
-2138500,-10.5454
-2138600,-10.5774
-2138700,-10.6104
-2138800,-10.6364
-2138900,-10.6504
-2139000,-10.6664
-2139100,-10.6964
-2139200,-10.7314
-2139300,-10.7724
-2139400,-10.8044
-2139500,-10.8594
-2139600,-10.9114
-2139700,-10.9874
-2139800,-11.0864
-2139900,-11.2314
-2140000,-11.4334
-2140100,-11.5884
-2140200,-11.7184
-2140300,-11.8734
-2140400,-12.0224
-2140500,-12.1864
-2140600,-12.3684
-2140700,-12.5304
-2140800,-12.7084
-2140900,-12.8644
-2141000,-13.0934
-2141100,-13.3374
-2141200,-13.6024
-2141300,-13.8404
-2141400,-14.0494
-2141500,-14.2844
-2141600,-14.5194
-2141700,-14.7554
-2141800,-15.0074
-2141900,-15.2464
-2142000,-15.4784
-2142100,-15.7264
-2142200,-15.9684
-2142300,-16.2604
-2142400,-16.5474
-2142500,-16.8704
-2142600,-17.1614
-2142700,-17.5154
-2142800,-18.0324
-2142900,-18.4924
-2143000,-18.8844
-2143100,-19.3154
-2143200,-19.7034
-2143300,-20.0954
-2143400,-20.4614
-2143500,-20.9054
-2143600,-21.3174
-2143700,-21.7664
-2143800,-22.2324
-2143900,-22.6864
-2144000,-23.1714
-2144100,-23.6624
-2144200,-24.2004
-2144300,-24.7454
-2144400,-25.3074
-2144500,-25.9234
-2144600,-26.6124
-2144700,-27.3764
-2144800,-28.3214
-2144900,-29.5414
-2145000,-30.7414
-2145100,-31.9534
-2145200,-33.1634
-2145300,-34.2154
-2145400,-35.4174
-2145500,-36.4154
-2145600,-37.4694
-2145700,-38.4954
-2145800,-39.6364
-2145900,-40.6154
-2146000,-41.5064
-2146100,-42.3944
-2146200,-43.2454
-2146300,-44.1044
-2146400,-44.8084
-2146500,-45.5324
-2146600,-46.2184
-2146700,-46.7684
-2146800,-47.3494
-2146900,-47.9164
-2147000,-48.4104
-2147100,-48.9494
-2147200,-49.4484
-2147300,-49.9354
-2147400,-50.4254
-2147500,-50.9044
-2147600,-51.3544
-2147700,-51.6834
-2147800,-51.9874
-2147900,-52.2784
-2148000,-52.4694
-2148100,-52.6774
-2148200,-52.8704
-2148300,-53.1044
-2148400,-53.3004
-2148500,-53.5274
-2148600,-53.7394
-2148700,-53.9444
-2148800,-54.1374
-2148900,-54.2914
-2149000,-54.4464
-2149100,-54.6284
-2149200,-54.8834
-2149300,-55.0334
-2149400,-55.2324
-2149500,-55.4304
-2149600,-55.6714
-2149700,-55.9544
-2149800,-56.2234
-2149900,-56.4534
-2150000,-56.6394
-2150100,-56.7704
-2150200,-56.8804
-2150300,-56.9994
-2150400,-57.0404
-2150500,-57.0944
-2150600,-57.1134
-2150700,-57.0924
-2150800,-57.0424
-2150900,-56.9994
-2151000,-56.9184
-2151100,-56.8334
-2151200,-56.7334
-2151300,-56.6534
-2151400,-56.5564
-2151500,-56.4304
-2151600,-56.3044
-2151700,-56.1754
-2151800,-56.0294
-2151900,-55.9054
-2152000,-55.7544
-2152100,-55.5834
-2152200,-55.4144
-2152300,-55.2394
-2152400,-55.0674
-2152500,-54.8934
-2152600,-54.7144
-2152700,-54.5404
-2152800,-54.3374
-2152900,-54.1434
-2153000,-53.9424
-2153100,-53.7314
-2153200,-53.5294
-2153300,-53.3194
-2153400,-53.1224
-2153500,-52.9134
-2153600,-52.7184
-2153700,-52.5084
-2153800,-52.3144
-2153900,-52.1014
-2154000,-51.8864
-2154100,-51.6674
-2154200,-51.4344
-2154300,-51.2284
-2154400,-50.9924
-2154500,-50.7464
-2154600,-50.5324
-2154700,-50.2934
-2154800,-50.0664
-2154900,-49.8264
-2155000,-49.5844
-2155100,-49.3464
-2155200,-49.1074
-2155300,-48.8564
-2155400,-48.5974
-2155500,-48.3564
-2155600,-48.1224
-2155700,-47.8584
-2155800,-47.6064
-2155900,-47.3434
-2156000,-47.0814
-2156100,-46.8204
-2156200,-46.5484
-2156300,-46.2884
-2156400,-46.0254
-2156500,-45.7544
-2156600,-45.4734
-2156700,-45.1794
-2156800,-44.9054
-2156900,-44.5994
-2157000,-44.2764
-2157100,-43.9764
-2157200,-43.6624
-2157300,-43.3474
-2157400,-43.0234
-2157500,-42.6984
-2157600,-42.3654
-2157700,-42.0414
-2157800,-41.7074
-2157900,-41.3594
-2158000,-41.0624
-2158100,-40.7294
-2158200,-40.4074
-2158300,-40.0724
-2158400,-39.7204
-2158500,-39.3724
-2158600,-39.0144
-2158700,-38.6584
-2158800,-38.2994
-2158900,-37.9204
-2159000,-37.5224
-2159100,-37.1524
-2159200,-36.7824
-2159300,-36.4044
-2159400,-36.0164
-2159500,-35.6354
-2159600,-35.2594
-2159700,-34.8224
-2159800,-34.4294
-2159900,-34.0864
-2160000,-33.7694
-2160100,-33.4454
-2160200,-33.1394
-2160300,-32.8064
-2160400,-32.4874
-2160500,-32.1884
-2160600,-31.9034
-2160700,-31.6164
-2160800,-31.3164
-2160900,-31.0384
-2161000,-30.7734
-2161100,-30.5074
-2161200,-30.2334
-2161300,-29.9654
-2161400,-29.7334
-2161500,-29.5154
-2161600,-29.2904
-2161700,-29.1034
-2161800,-28.8944
-2161900,-28.6964
-2162000,-28.5354
-2162100,-28.3504
-2162200,-28.1644
-2162300,-27.9884
-2162400,-27.8444
-2162500,-27.6934
-2162600,-27.5624
-2162700,-27.4354
-2162800,-27.3284
-2162900,-27.2004
-2163000,-27.0974
-2163100,-26.9664
-2163200,-26.8514
-2163300,-26.7224
-2163400,-26.5874
-2163500,-26.4644
-2163600,-26.3314
-2163700,-26.1954
-2163800,-26.0834
-2163900,-25.9634
-2164000,-25.8384
-2164100,-25.7174
-2164200,-25.5894
-2164300,-25.4754
-2164400,-25.3674
-2164500,-25.2384
-2164600,-25.1224
-2164700,-25.0134
-2164800,-24.9154
-2164900,-24.7904
-2165000,-24.6824
-2165100,-24.5664
-2165200,-24.4564
-2165300,-24.3454
-2165400,-24.2384
-2165500,-24.1484
-2165600,-24.0434
-2165700,-23.9174
-2165800,-23.8014
-2165900,-23.7004
-2166000,-23.5954
-2166100,-23.4964
-2166200,-23.3954
-2166300,-23.3004
-2166400,-23.1894
-2166500,-23.1054
-2166600,-23.0044
-2166700,-22.9194
-2166800,-22.8344
-2166900,-22.7464
-2167000,-22.6724
-2167100,-22.5764
-2167200,-22.4824
-2167300,-22.4074
-2167400,-22.3104
-2167500,-22.2094
-2167600,-22.1114
-2167700,-22.0194
-2167800,-21.9204
-2167900,-21.8144
-2168000,-21.7174
-2168100,-21.6024
-2168200,-21.4844
-2168300,-21.3694
-2168400,-21.2474
-2168500,-21.1274
-2168600,-21.0074
-2168700,-20.8814
-2168800,-20.7574
-2168900,-20.6454
-2169000,-20.4964
-2169100,-20.3594
-2169200,-20.2304
-2169300,-20.0884
-2169400,-19.9634
-2169500,-19.8354
-2169600,-19.7014
-2169700,-19.5744
-2169800,-19.4364
-2169900,-19.2884
-2170000,-19.1524
-2170100,-19.0224
-2170200,-18.8864
-2170300,-18.7874
-2170400,-18.6644
-2170500,-18.5284
-2170600,-18.4224
-2170700,-18.2984
-2170800,-18.1754
-2170900,-18.0614
-2171000,-17.9374
-2171100,-17.8304
-2171200,-17.7244
-2171300,-17.6144
-2171400,-17.5134
-2171500,-17.4084
-2171600,-17.3164
-2171700,-17.1984
-2171800,-17.1084
-2171900,-16.9944
-2172000,-16.8954
-2172100,-16.7844
-2172200,-16.6914
-2172300,-16.5794
-2172400,-16.4594
-2172500,-16.3544
-2172600,-16.2354
-2172700,-16.1164
-2172800,-16.0084
-2172900,-15.9024
-2173000,-15.8044
-2173100,-15.7194
-2173200,-15.6254
-2173300,-15.5234
-2173400,-15.4314
-2173500,-15.3574
-2173600,-15.2804
-2173700,-15.2094
-2173800,-15.1444
-2173900,-15.0854
-2174000,-15.0344
-2174100,-14.9774
-2174200,-14.9244
-2174300,-14.8794
-2174400,-14.8404
-2174500,-14.7954
-2174600,-14.7714
-2174700,-14.7454
-2174800,-14.7184
-2174900,-14.6954
-2175000,-14.6624
-2175100,-14.6384
-2175200,-14.6224
-2175300,-14.6004
-2175400,-14.5834
-2175500,-14.5714
-2175600,-14.5624
-2175700,-14.5554
-2175800,-14.5424
-2175900,-14.5384
-2176000,-14.5364
-2176100,-14.5354
-2176200,-14.5264
-2176300,-14.5204
-2176400,-14.5224
-2176500,-14.5314
-2176600,-14.5284
-2176700,-14.5364
-2176800,-14.5344
-2176900,-14.5414
-2177000,-14.5414
-2177100,-14.5534
-2177200,-14.5524
-2177300,-14.5474
-2177400,-14.5514
-2177500,-14.5584
-2177600,-14.5614
-2177700,-14.5694
-2177800,-14.5734
-2177900,-14.5704
-2178000,-14.5794
-2178100,-14.5924
-2178200,-14.5984
-2178300,-14.6054
-2178400,-14.6214
-2178500,-14.6164
-2178600,-14.6154
-2178700,-14.6214
-2178800,-14.6294
-2178900,-14.6314
-2179000,-14.6454
-2179100,-14.6434
-2179200,-14.6514
-2179300,-14.6614
-2179400,-14.6654
-2179500,-14.6704
-2179600,-14.6674
-2179700,-14.6774
-2179800,-14.6894
-2179900,-14.6984
-2180000,-14.6984
-2180100,-14.7134
-2180200,-14.7214
-2180300,-14.7274
-2180400,-14.7344
-2180500,-14.7504
-2180600,-14.7664
-2180700,-14.7764
-2180800,-14.7814
-2180900,-14.7894
-2181000,-14.7964
-2181100,-14.8054
-2181200,-14.8154
-2181300,-14.8254
-2181400,-14.8414
-2181500,-14.8524
-2181600,-14.8594
-2181700,-14.8724
-2181800,-14.8794
-2181900,-14.8934
-2182000,-14.9074
-2182100,-14.9054
-2182200,-14.9104
-2182300,-14.9174
-2182400,-14.9234
-2182500,-14.9334
-2182600,-14.9354
-2182700,-14.9474
-2182800,-14.9664
-2182900,-14.9834
-2183000,-14.9994
-2183100,-15.0164
-2183200,-15.0224
-2183300,-15.0384
-2183400,-15.0544
-2183500,-15.0734
-2183600,-15.1004
-2183700,-15.1144
-2183800,-15.1324
-2183900,-15.1564
-2184000,-15.1914
-2184100,-15.2174
-2184200,-15.2484
-2184300,-15.2774
-2184400,-15.3064
-2184500,-15.3424
-2184600,-15.3754
-2184700,-15.4114
-2184800,-15.4544
-2184900,-15.4944
-2185000,-15.5404
-2185100,-15.5904
-2185200,-15.6544
-2185300,-15.7104
-2185400,-15.7854
-2185500,-15.8644
-2185600,-15.9524
-2185700,-16.0344
-2185800,-16.1464
-2185900,-16.2634
-2186000,-16.3694
-2186100,-16.4794
-2186200,-16.5954
-2186300,-16.7304
-2186400,-16.8254
-2186500,-16.9524
-2186600,-17.0674
-2186700,-17.1654
-2186800,-17.2704
-2186900,-17.3974
-2187000,-17.5244
-2187100,-17.6604
-2187200,-17.8434
-2187300,-18.0084
-2187400,-18.1914
-2187500,-18.4034
-2187600,-18.6214
-2187700,-18.8174
-2187800,-19.0084
-2187900,-19.2074
-2188000,-19.4154
-2188100,-19.5964
-2188200,-19.7914
-2188300,-19.9764
-2188400,-20.1634
-2188500,-20.3544
-2188600,-20.5474
-2188700,-20.7054
-2188800,-20.8634
-2188900,-21.0114
-2189000,-21.1844
-2189100,-21.3704
-2189200,-21.5414
-2189300,-21.7484
-2189400,-21.9424
-2189500,-22.2254
-2189600,-22.5464
-2189700,-22.9644
-2189800,-23.3744
-2189900,-23.7164
-2190000,-24.0124
-2190100,-24.2704
-2190200,-24.4084
-2190300,-24.6044
-2190400,-24.8044
-2190500,-25.0344
-2190600,-25.3274
-2190700,-25.6114
-2190800,-25.8904
-2190900,-26.2084
-2191000,-26.5874
-2191100,-27.1164
-2191200,-27.5994
-2191300,-28.0374
-2191400,-28.6214
-2191500,-29.1104
-2191600,-29.5164
-2191700,-29.8714
-2191800,-30.2564
-2191900,-30.6064
-2192000,-30.8054
-2192100,-31.0484
-2192200,-31.3134
-2192300,-31.4504
-2192400,-31.6194
-2192500,-31.7264
-2192600,-31.8974
-2192700,-31.9564
-2192800,-32.0404
-2192900,-32.1744
-2193000,-32.2524
-2193100,-32.3124
-2193200,-32.4294
-2193300,-32.5254
-2193400,-32.6234
-2193500,-32.7594
-2193600,-32.8634
-2193700,-32.9514
-2193800,-32.9924
-2193900,-33.0394
-2194000,-33.0484
-2194100,-33.0534
-2194200,-33.0684
-2194300,-33.0394
-2194400,-33.0194
-2194500,-32.9814
-2194600,-32.9554
-2194700,-32.9214
-2194800,-32.8884
-2194900,-32.8364
-2195000,-32.7934
-2195100,-32.7504
-2195200,-32.6964
-2195300,-32.6644
-2195400,-32.6184
-2195500,-32.5594
-2195600,-32.4974
-2195700,-32.4544
-2195800,-32.4014
-2195900,-32.3554
-2196000,-32.2934
-2196100,-32.2354
-2196200,-32.1614
-2196300,-32.0924
-2196400,-32.0244
-2196500,-31.9454
-2196600,-31.8734
-2196700,-31.7924
-2196800,-31.7144
-2196900,-31.6314
-2197000,-31.5474
-2197100,-31.4694
-2197200,-31.3584
-2197300,-31.2674
-2197400,-31.1744
-2197500,-31.0804
-2197600,-30.9804
-2197700,-30.8964
-2197800,-30.8094
-2197900,-30.7204
-2198000,-30.6274
-2198100,-30.5174
-2198200,-30.4014
-2198300,-30.2994
-2198400,-30.1794
-2198500,-30.0614
-2198600,-29.9504
-2198700,-29.8204
-2198800,-29.6954
-2198900,-29.5694
-2199000,-29.4464
-2199100,-29.3194
-2199200,-29.1894
-2199300,-29.0554
-2199400,-28.9084
-2199500,-28.7804
-2199600,-28.6214
-2199700,-28.4674
-2199800,-28.3274
-2199900,-28.1824
-2200000,-28.0314
-2200100,-27.8804
-2200200,-27.7234
-2200300,-27.5744
-2200400,-27.4224
-2200500,-27.2694
-2200600,-27.1064
-2200700,-26.9474
-2200800,-26.7874
-2200900,-26.6484
-2201000,-26.4684
-2201100,-26.3044
-2201200,-26.1374
-2201300,-25.9814
-2201400,-25.7974
-2201500,-25.6344
-2201600,-25.4504
-2201700,-25.2684
-2201800,-25.0974
-2201900,-24.9054
-2202000,-24.7124
-2202100,-24.5274
-2202200,-24.3184
-2202300,-24.1104
-2202400,-23.9214
-2202500,-23.7274
-2202600,-23.5354
-2202700,-23.3144
-2202800,-23.1364
-2202900,-22.9104
-2203000,-22.7114
-2203100,-22.5054
-2203200,-22.2924
-2203300,-22.0914
-2203400,-21.8654
-2203500,-21.6514
-2203600,-21.4354
-2203700,-21.2174
-2203800,-20.9914
-2203900,-20.7674
-2204000,-20.5434
-2204100,-20.3244
-2204200,-20.0964
-2204300,-19.8714
-2204400,-19.6324
-2204500,-19.3694
-2204600,-19.1424
-2204700,-18.9044
-2204800,-18.6664
-2204900,-18.4174
-2205000,-18.1684
-2205100,-17.9504
-2205200,-17.7314
-2205300,-17.5544
-2205400,-17.3274
-2205500,-17.1394
-2205600,-16.9374
-2205700,-16.7414
-2205800,-16.5784
-2205900,-16.4694
-2206000,-16.3994
-2206100,-16.3124
-2206200,-16.2014
-2206300,-16.1144
-2206400,-16.0414
-2206500,-15.9344
-2206600,-15.8564
-2206700,-15.7794
-2206800,-15.7064
-2206900,-15.6544
-2207000,-15.6164
-2207100,-15.5784
-2207200,-15.5384
-2207300,-15.5004
-2207400,-15.4554
-2207500,-15.4284
-2207600,-15.3894
-2207700,-15.3554
-2207800,-15.3274
-2207900,-15.3004
-2208000,-15.2794
-2208100,-15.2554
-2208200,-15.2394
-2208300,-15.2104
-2208400,-15.1834
-2208500,-15.1684
-2208600,-15.1424
-2208700,-15.1224
-2208800,-15.0974
-2208900,-15.0684
-2209000,-15.0464
-2209100,-15.0334
-2209200,-15.0304
-2209300,-15.0194
-2209400,-14.9984
-2209500,-14.9834
-2209600,-14.9804
-2209700,-14.9674
-2209800,-14.9714
-2209900,-14.9734
-2210000,-14.9774
-2210100,-14.9864
-2210200,-15.0104
-2210300,-15.0164
-2210400,-15.0314
-2210500,-15.0464
-2210600,-15.0864
-2210700,-15.1544
-2210800,-15.2924
-2210900,-15.4584
-2211000,-15.5754
-2211100,-15.7224
-2211200,-15.8534
-2211300,-15.9844
-2211400,-16.0964
-2211500,-16.1624
-2211600,-16.1814
-2211700,-16.1824
-2211800,-16.1544
-2211900,-16.1174
-2212000,-16.0844
-2212100,-16.0484
-2212200,-16.0184
-2212300,-15.9834
-2212400,-15.9584
-2212500,-15.9434
-2212600,-15.9384
-2212700,-15.9254
-2212800,-15.8974
-2212900,-15.8754
-2213000,-15.8364
-2213100,-15.8274
-2213200,-15.7834
-2213300,-15.7484
-2213400,-15.7144
-2213500,-15.6894
-2213600,-15.6574
-2213700,-15.6304
-2213800,-15.6164
-2213900,-15.5824
-2214000,-15.5434
-2214100,-15.4964
-2214200,-15.4604
-2214300,-15.4054
-2214400,-15.3784
-2214500,-15.3474
-2214600,-15.3104
-2214700,-15.2924
-2214800,-15.2734
-2214900,-15.2334
-2215000,-15.1944
-2215100,-15.1584
-2215200,-15.1224
-2215300,-15.0854
-2215400,-15.0524
-2215500,-15.0134
-2215600,-14.9634
-2215700,-14.9264
-2215800,-14.8754
-2215900,-14.8244
-2216000,-14.7634
-2216100,-14.6914
-2216200,-14.6394
-2216300,-14.5754
-2216400,-14.5134
-2216500,-14.4454
-2216600,-14.3804
-2216700,-14.3024
-2216800,-14.2354
-2216900,-14.1844
-2217000,-14.0874
-2217100,-13.9954
-2217200,-13.9064
-2217300,-13.8164
-2217400,-13.7364
-2217500,-13.6644
-2217600,-13.5954
-2217700,-13.5274
-2217800,-13.4664
-2217900,-13.4024
-2218000,-13.3214
-2218100,-13.2404
-2218200,-13.1714
-2218300,-13.0954
-2218400,-13.0304
-2218500,-12.9634
-2218600,-12.8984
-2218700,-12.8484
-2218800,-12.7904
-2218900,-12.7314
-2219000,-12.7014
-2219100,-12.6634
-2219200,-12.6194
-2219300,-12.6074
-2219400,-12.6064
-2219500,-12.5844
-2219600,-12.5794
-2219700,-12.5774
-2219800,-12.5924
-2219900,-12.6414
-2220000,-12.6754
-2220100,-12.7114
-2220200,-12.7484
-2220300,-12.7804
-2220400,-12.8394
-2220500,-12.8944
-2220600,-12.9484
-2220700,-13.0154
-2220800,-13.0874
-2220900,-13.1734
-2221000,-13.2884
-2221100,-13.3884
-2221200,-13.4904
-2221300,-13.5854
-2221400,-13.6814
-2221500,-13.7954
-2221600,-13.9104
-2221700,-14.0614
-2221800,-14.1894
-2221900,-14.3064
-2222000,-14.4414
-2222100,-14.5584
-2222200,-14.6494
-2222300,-14.7444
-2222400,-14.8444
-2222500,-14.9334
-2222600,-15.0204
-2222700,-15.1164
-2222800,-15.1724
-2222900,-15.2394
-2223000,-15.2894
-2223100,-15.3564
-2223200,-15.4184
-2223300,-15.4764
-2223400,-15.5154
-2223500,-15.5524
-2223600,-15.5934
-2223700,-15.6104
-2223800,-15.6344
-2223900,-15.6664
-2224000,-15.6734
-2224100,-15.6794
-2224200,-15.6834
-2224300,-15.7024
-2224400,-15.7174
-2224500,-15.7294
-2224600,-15.7344
-2224700,-15.7494
-2224800,-15.7684
-2224900,-15.7924
-2225000,-15.8034
-2225100,-15.8124
-2225200,-15.8264
-2225300,-15.8644
-2225400,-15.8814
-2225500,-15.9024
-2225600,-15.9244
-2225700,-15.9344
-2225800,-15.9534
-2225900,-15.9854
-2226000,-15.9974
-2226100,-16.0214
-2226200,-16.0514
-2226300,-16.0894
-2226400,-16.1154
-2226500,-16.1324
-2226600,-16.1544
-2226700,-16.1974
-2226800,-16.2114
-2226900,-16.2504
-2227000,-16.2774
-2227100,-16.3114
-2227200,-16.3394
-2227300,-16.3654
-2227400,-16.4104
-2227500,-16.4514
-2227600,-16.4824
-2227700,-16.5304
-2227800,-16.5744
-2227900,-16.6254
-2228000,-16.6854
-2228100,-16.7144
-2228200,-16.7484
-2228300,-16.8024
-2228400,-16.8614
-2228500,-16.9124
-2228600,-16.9704
-2228700,-17.0464
-2228800,-17.1114
-2228900,-17.1684
-2229000,-17.2414
-2229100,-17.3104
-2229200,-17.3824
-2229300,-17.4584
-2229400,-17.5204
-2229500,-17.6024
-2229600,-17.6694
-2229700,-17.7504
-2229800,-17.8344
-2229900,-17.8884
-2230000,-17.9624
-2230100,-18.0324
-2230200,-18.1174
-2230300,-18.1794
-2230400,-18.2394
-2230500,-18.3114
-2230600,-18.3834
-2230700,-18.4474
-2230800,-18.5404
-2230900,-18.6444
-2231000,-18.7504
-2231100,-18.8494
-2231200,-18.9964
-2231300,-19.1034
-2231400,-19.2204
-2231500,-19.3484
-2231600,-19.4564
-2231700,-19.5714
-2231800,-19.6704
-2231900,-19.7764
-2232000,-19.8794
-2232100,-20.0004
-2232200,-20.0954
-2232300,-20.2074
-2232400,-20.3054
-2232500,-20.4364
-2232600,-20.5334
-2232700,-20.6534
-2232800,-20.7614
-2232900,-20.8924
-2233000,-21.0234
-2233100,-21.1624
-2233200,-21.3374
-2233300,-21.4914
-2233400,-21.6854
-2233500,-21.8654
-2233600,-22.0964
-2233700,-22.2914
-2233800,-22.5944
-2233900,-22.9724
-2234000,-23.4574
-2234100,-23.9924
-2234200,-24.4814
-2234300,-25.0324
-2234400,-25.6014
-2234500,-26.0804
-2234600,-26.4714
-2234700,-26.8594
-2234800,-27.3414
-2234900,-27.9444
-2235000,-28.6214
-2235100,-29.3024
-2235200,-30.0424
-2235300,-30.6934
-2235400,-31.2944
-2235500,-31.8094
-2235600,-32.2654
-2235700,-32.6684
-2235800,-33.0694
-2235900,-33.4194
-2236000,-33.7114
-2236100,-33.9204
-2236200,-34.1564
-2236300,-34.3684
-2236400,-34.5804
-2236500,-34.8184
-2236600,-35.0354
-2236700,-35.2714
-2236800,-35.4804
-2236900,-35.6714
-2237000,-35.8134
-2237100,-35.9164
-2237200,-36.0014
-2237300,-36.0314
-2237400,-36.0184
-2237500,-35.9954
-2237600,-35.9224
-2237700,-35.8434
-2237800,-35.7604
-2237900,-35.6694
-2238000,-35.5564
-2238100,-35.4544
-2238200,-35.3554
-2238300,-35.2394
-2238400,-35.1214
-2238500,-35.0114
-2238600,-34.8784
-2238700,-34.7434
-2238800,-34.6024
-2238900,-34.4554
-2239000,-34.3194
-2239100,-34.1704
-2239200,-34.0084
-2239300,-33.8524
-2239400,-33.6824
-2239500,-33.5184
-2239600,-33.3494
-2239700,-33.1694
-2239800,-32.9884
-2239900,-32.8084
-2240000,-32.6204
-2240100,-32.4344
-2240200,-32.2504
-2240300,-32.0574
-2240400,-31.8634
-2240500,-31.6774
-2240600,-31.4794
-2240700,-31.2954
-2240800,-31.0964
-2240900,-30.8954
-2241000,-30.6954
-2241100,-30.4894
-2241200,-30.2754
-2241300,-30.0694
-2241400,-29.8614
-2241500,-29.6594
-2241600,-29.4594
-2241700,-29.2504
-2241800,-29.0344
-2241900,-28.8174
-2242000,-28.5994
-2242100,-28.3774
-2242200,-28.1614
-2242300,-27.9274
-2242400,-27.7054
-2242500,-27.4714
-2242600,-27.2534
-2242700,-27.0264
-2242800,-26.7854
-2242900,-26.5354
-2243000,-26.2934
-2243100,-26.0334
-2243200,-25.7894
-2243300,-25.5554
-2243400,-25.3364
-2243500,-25.1134
-2243600,-24.8814
-2243700,-24.6664
-2243800,-24.4454
-2243900,-24.2314
-2244000,-24.0144
-2244100,-23.8054
-2244200,-23.6034
-2244300,-23.4014
-2244400,-23.2034
-2244500,-22.9934
-2244600,-22.7804
-2244700,-22.5724
-2244800,-22.3394
-2244900,-22.1014
-2245000,-21.8744
-2245100,-21.6334
-2245200,-21.3904
-2245300,-21.1654
-2245400,-20.9134
-2245500,-20.6794
-2245600,-20.4244
-2245700,-20.1774
-2245800,-19.9254
-2245900,-19.6534
-2246000,-19.4014
-2246100,-19.1344
-2246200,-18.8734
-2246300,-18.6084
-2246400,-18.3274
-2246500,-18.0364
-2246600,-17.7344
-2246700,-17.4674
-2246800,-17.1644
-2246900,-16.8614
-2247000,-16.5744
-2247100,-16.2844
-2247200,-15.9714
-2247300,-15.6644
-2247400,-15.3754
-2247500,-15.0944
-2247600,-14.7894
-2247700,-14.5394
-2247800,-14.2794
-2247900,-14.0194
-2248000,-13.7764
-2248100,-13.5384
-2248200,-13.3144
-2248300,-13.1154
-2248400,-12.9254
-2248500,-12.7284
-2248600,-12.5434
-2248700,-12.3834
-2248800,-12.2034
-2248900,-12.0494
-2249000,-11.8944
-2249100,-11.7344
-2249200,-11.5844
-2249300,-11.4594
-2249400,-11.3264
-2249500,-11.1874
-2249600,-11.0624
-2249700,-10.9654
-2249800,-10.8574
-2249900,-10.7784
-2250000,-10.7234
-2250100,-10.6604
-2250200,-10.6084
-2250300,-10.5514
-2250400,-10.4954
-2250500,-10.4444
-2250600,-10.3964
-2250700,-10.3504
-2250800,-10.3044
-2250900,-10.2474
-2251000,-10.2154
-2251100,-10.1844
-2251200,-10.1484
-2251300,-10.1124
-2251400,-10.0714
-2251500,-10.0314
-2251600,-10.0024
-2251700,-9.9794
-2251800,-9.9524
-2251900,-9.9254
-2252000,-9.8954
-2252100,-9.8714
-2252200,-9.8394
-2252300,-9.8044
-2252400,-9.7774
-2252500,-9.7654
-2252600,-9.7534
-2252700,-9.7274
-2252800,-9.7054
-2252900,-9.6864
-2253000,-9.6604
-2253100,-9.6404
-2253200,-9.6094
-2253300,-9.5914
-2253400,-9.5594
-2253500,-9.5364
-2253600,-9.5014
-2253700,-9.4764
-2253800,-9.4514
-2253900,-9.4294
-2254000,-9.4074
-2254100,-9.3834
-2254200,-9.3634
-2254300,-9.3444
-2254400,-9.3284
-2254500,-9.3024
-2254600,-9.2854
-2254700,-9.2544
-2254800,-9.2364
-2254900,-9.2134
-2255000,-9.1924
-2255100,-9.1664
-2255200,-9.1484
-2255300,-9.1264
-2255400,-9.1104
-2255500,-9.0994
-2255600,-9.0794
-2255700,-9.0694
-2255800,-9.0684
-2255900,-9.0614
-2256000,-9.0504
-2256100,-9.0364
-2256200,-9.0254
-2256300,-9.0204
-2256400,-9.0074
-2256500,-9.0114
-2256600,-9.0064
-2256700,-9.0234
-2256800,-9.0304
-2256900,-9.0544
-2257000,-9.0654
-2257100,-9.0624
-2257200,-9.0604
-2257300,-9.0754
-2257400,-9.0804
-2257500,-9.0774
-2257600,-9.0894
-2257700,-9.1084
-2257800,-9.1304
-2257900,-9.1494
-2258000,-9.1904
-2258100,-9.2244
-2258200,-9.2634
-2258300,-9.3004
-2258400,-9.3314
-2258500,-9.3904
-2258600,-9.4394
-2258700,-9.4934
-2258800,-9.5444
-2258900,-9.6074
-2259000,-9.6624
-2259100,-9.7184
-2259200,-9.7834
-2259300,-9.8374
-2259400,-9.9144
-2259500,-9.9844
-2259600,-10.0534
-2259700,-10.1154
-2259800,-10.1874
-2259900,-10.2664
-2260000,-10.3274
-2260100,-10.3874
-2260200,-10.4574
-2260300,-10.5344
-2260400,-10.6094
-2260500,-10.6974
-2260600,-10.7954
-2260700,-10.8824
-2260800,-10.9694
-2260900,-11.0494
-2261000,-11.1144
-2261100,-11.1944
-2261200,-11.2684
-2261300,-11.3314
-2261400,-11.3904
-2261500,-11.4714
-2261600,-11.5394
-2261700,-11.6254
-2261800,-11.6984
-2261900,-11.7794
-2262000,-11.8474
-2262100,-11.9354
-2262200,-11.9964
-2262300,-12.0744
-2262400,-12.1534
-2262500,-12.2264
-2262600,-12.3004
-2262700,-12.3804
-2262800,-12.4584
-2262900,-12.5354
-2263000,-12.6204
-2263100,-12.7034
-2263200,-12.7964
-2263300,-12.8714
-2263400,-12.9484
-2263500,-13.0334
-2263600,-13.1114
-2263700,-13.2114
-2263800,-13.3164
-2263900,-13.4254
-2264000,-13.5494
-2264100,-13.6714
-2264200,-13.7814
-2264300,-13.9204
-2264400,-14.0694
-2264500,-14.1984
-2264600,-14.3084
-2264700,-14.4394
-2264800,-14.5934
-2264900,-14.7244
-2265000,-14.8434
-2265100,-14.9714
-2265200,-15.0714
-2265300,-15.1684
-2265400,-15.2814
-2265500,-15.4044
-2265600,-15.5464
-2265700,-15.6864
-2265800,-15.8284
-2265900,-15.9504
-2266000,-16.0654
-2266100,-16.1974
-2266200,-16.3134
-2266300,-16.4244
-2266400,-16.5474
-2266500,-16.6524
-2266600,-16.7474
-2266700,-16.8394
-2266800,-16.9584
-2266900,-17.0534
-2267000,-17.1584
-2267100,-17.2814
-2267200,-17.3984
-2267300,-17.4874
-2267400,-17.6074
-2267500,-17.7244
-2267600,-17.8464
-2267700,-17.9584
-2267800,-18.0444
-2267900,-18.1304
-2268000,-18.2254
-2268100,-18.3044
-2268200,-18.4024
-2268300,-18.4974
-2268400,-18.5784
-2268500,-18.6404
-2268600,-18.7084
-2268700,-18.7714
-2268800,-18.8334
-2268900,-18.9104
-2269000,-18.9624
-2269100,-19.0134
-2269200,-19.0604
-2269300,-19.1464
-2269400,-19.2034
-2269500,-19.2664
-2269600,-19.3224
-2269700,-19.3874
-2269800,-19.4414
-2269900,-19.4984
-2270000,-19.5824
-2270100,-19.6384
-2270200,-19.7134
-2270300,-19.7704
-2270400,-19.8704
-2270500,-20.0034
-2270600,-20.0994
-2270700,-20.2124
-2270800,-20.3494
-2270900,-20.5234
-2271000,-20.7094
-2271100,-20.9444
-2271200,-21.2084
-2271300,-21.5624
-2271400,-21.9264
-2271500,-22.3514
-2271600,-22.8534
-2271700,-23.4114
-2271800,-23.8624
-2271900,-24.2084
-2272000,-24.7434
-2272100,-25.2464
-2272200,-25.6824
-2272300,-26.2494
-2272400,-26.8764
-2272500,-27.4094
-2272600,-27.8834
-2272700,-28.3014
-2272800,-28.7424
-2272900,-29.1614
-2273000,-29.5484
-2273100,-29.8544
-2273200,-30.1224
-2273300,-30.3094
-2273400,-30.4894
-2273500,-30.7084
-2273600,-30.8564
-2273700,-31.0264
-2273800,-31.1764
-2273900,-31.3454
-2274000,-31.4904
-2274100,-31.6124
-2274200,-31.6654
-2274300,-31.7254
-2274400,-31.7454
-2274500,-31.7734
-2274600,-31.7584
-2274700,-31.7284
-2274800,-31.7084
-2274900,-31.6874
-2275000,-31.6434
-2275100,-31.5994
-2275200,-31.5464
-2275300,-31.4994
-2275400,-31.4384
-2275500,-31.3814
-2275600,-31.3304
-2275700,-31.2864
-2275800,-31.2504
-2275900,-31.2054
-2276000,-31.1714
-2276100,-31.1284
-2276200,-31.0934
-2276300,-31.0574
-2276400,-31.0134
-2276500,-30.9844
-2276600,-30.9434
-2276700,-30.8964
-2276800,-30.8604
-2276900,-30.8234
-2277000,-30.7734
-2277100,-30.7484
-2277200,-30.7124
-2277300,-30.6984
-2277400,-30.6574
-2277500,-30.6104
-2277600,-30.5744
-2277700,-30.5444
-2277800,-30.4984
-2277900,-30.4574
-2278000,-30.4144
-2278100,-30.3704
-2278200,-30.3124
-2278300,-30.2474
-2278400,-30.1884
-2278500,-30.1414
-2278600,-30.0764
-2278700,-30.0064
-2278800,-29.9404
-2278900,-29.8784
-2279000,-29.8054
-2279100,-29.7354
-2279200,-29.6494
-2279300,-29.5834
-2279400,-29.5014
-2279500,-29.4324
-2279600,-29.3644
-2279700,-29.2894
-2279800,-29.2084
-2279900,-29.1344
-2280000,-29.0484
-2280100,-28.9704
-2280200,-28.8884
-2280300,-28.8114
-2280400,-28.7404
-2280500,-28.6554
-2280600,-28.5654
-2280700,-28.4774
-2280800,-28.3824
-2280900,-28.2974
-2281000,-28.2074
-2281100,-28.1104
-2281200,-28.0214
-2281300,-27.9124
-2281400,-27.8134
-2281500,-27.7104
-2281600,-27.6064
-2281700,-27.5114
-2281800,-27.4004
-2281900,-27.2924
-2282000,-27.1754
-2282100,-27.0774
-2282200,-26.9584
-2282300,-26.8514
-2282400,-26.7324
-2282500,-26.6254
-2282600,-26.5034
-2282700,-26.3964
-2282800,-26.2724
-2282900,-26.1644
-2283000,-26.0424
-2283100,-25.9254
-2283200,-25.8054
-2283300,-25.6984
-2283400,-25.5704
-2283500,-25.4404
-2283600,-25.3084
-2283700,-25.1854
-2283800,-25.0394
-2283900,-24.8974
-2284000,-24.7524
-2284100,-24.6174
-2284200,-24.4854
-2284300,-24.3454
-2284400,-24.2064
-2284500,-24.0634
-2284600,-23.9234
-2284700,-23.7894
-2284800,-23.6414
-2284900,-23.4974
-2285000,-23.3464
-2285100,-23.1984
-2285200,-23.0504
-2285300,-22.8954
-2285400,-22.7474
-2285500,-22.6034
-2285600,-22.4264
-2285700,-22.2684
-2285800,-22.1124
-2285900,-21.9464
-2286000,-21.7744
-2286100,-21.5964
-2286200,-21.4234
-2286300,-21.2414
-2286400,-21.0404
-2286500,-20.8544
-2286600,-20.6584
-2286700,-20.4774
-2286800,-20.2714
-2286900,-20.0834
-2287000,-19.8614
-2287100,-19.6664
-2287200,-19.4584
-2287300,-19.2364
-2287400,-19.0114
-2287500,-18.7724
-2287600,-18.5194
-2287700,-18.2704
-2287800,-18.0164
-2287900,-17.7204
-2288000,-17.4304
-2288100,-17.1754
-2288200,-16.9234
-2288300,-16.7054
-2288400,-16.4924
-2288500,-16.2754
-2288600,-16.0664
-2288700,-15.8664
-2288800,-15.6764
-2288900,-15.4944
-2289000,-15.3304
-2289100,-15.1554
-2289200,-15.0114
-2289300,-14.8474
-2289400,-14.6914
-2289500,-14.5454
-2289600,-14.3934
-2289700,-14.2434
-2289800,-14.0984
-2289900,-13.9624
-2290000,-13.8414
-2290100,-13.7114
-2290200,-13.6054
-2290300,-13.4964
-2290400,-13.3934
-2290500,-13.2864
-2290600,-13.1964
-2290700,-13.1254
-2290800,-13.0534
-2290900,-12.9774
-2291000,-12.9034
-2291100,-12.8344
-2291200,-12.7664
-2291300,-12.7034
-2291400,-12.6484
-2291500,-12.5694
-2291600,-12.5214
-2291700,-12.4654
-2291800,-12.4214
-2291900,-12.3804
-2292000,-12.3424
-2292100,-12.2974
-2292200,-12.2384
-2292300,-12.1874
-2292400,-12.1354
-2292500,-12.0834
-2292600,-12.0374
-2292700,-11.9954
-2292800,-11.9554
-2292900,-11.9094
-2293000,-11.8664
-2293100,-11.8254
-2293200,-11.7984
-2293300,-11.7524
-2293400,-11.7094
-2293500,-11.6644
-2293600,-11.6234
-2293700,-11.5774
-2293800,-11.5444
-2293900,-11.5234
-2294000,-11.4954
-2294100,-11.4834
-2294200,-11.4574
-2294300,-11.4424
-2294400,-11.4304
-2294500,-11.4234
-2294600,-11.4214
-2294700,-11.4074
-2294800,-11.4044
-2294900,-11.3984
-2295000,-11.4024
-2295100,-11.4064
-2295200,-11.4094
-2295300,-11.4134
-2295400,-11.4164
-2295500,-11.4144
-2295600,-11.4094
-2295700,-11.4154
-2295800,-11.4164
-2295900,-11.4224
-2296000,-11.4284
-2296100,-11.4324
-2296200,-11.4434
-2296300,-11.4494
-2296400,-11.4614
-2296500,-11.4724
-2296600,-11.4804
-2296700,-11.4954
-2296800,-11.5054
-2296900,-11.5164
-2297000,-11.5354
-2297100,-11.5524
-2297200,-11.5654
-2297300,-11.5874
-2297400,-11.6044
-2297500,-11.6184
-2297600,-11.6394
-2297700,-11.6534
-2297800,-11.6664
-2297900,-11.6814
-2298000,-11.7054
-2298100,-11.7224
-2298200,-11.7404
-2298300,-11.7624
-2298400,-11.7914
-2298500,-11.8144
-2298600,-11.8414
-2298700,-11.8794
-2298800,-11.9064
-2298900,-11.9454
-2299000,-11.9914
-2299100,-12.0414
-2299200,-12.0824
-2299300,-12.1294
-2299400,-12.1884
-2299500,-12.2394
-2299600,-12.2844
-2299700,-12.3294
-2299800,-12.3694
-2299900,-12.4144
-2300000,-12.4644
-2300100,-12.5004
-2300200,-12.5434
-2300300,-12.5864
-2300400,-12.6204
-2300500,-12.6604
-2300600,-12.6964
-2300700,-12.7264
-2300800,-12.7614
-2300900,-12.7864
-2301000,-12.8104
-2301100,-12.8424
-2301200,-12.8744
-2301300,-12.9044
-2301400,-12.9434
-2301500,-12.9684
-2301600,-12.9844
-2301700,-13.0114
-2301800,-13.0314
-2301900,-13.0474
-2302000,-13.0694
-2302100,-13.0954
-2302200,-13.1044
-2302300,-13.1164
-2302400,-13.1234
-2302500,-13.1474
-2302600,-13.1634
-2302700,-13.1854
-2302800,-13.2034
-2302900,-13.2174
-2303000,-13.2384
-2303100,-13.2674
-2303200,-13.3044
-2303300,-13.3444
-2303400,-13.3704
-2303500,-13.4254
-2303600,-13.4714
-2303700,-13.5364
-2303800,-13.6054
-2303900,-13.6634
-2304000,-13.7194
-2304100,-13.7904
-2304200,-13.8544
-2304300,-13.9244
-2304400,-13.9984
-2304500,-14.0664
-2304600,-14.1604
-2304700,-14.2504
-2304800,-14.3334
-2304900,-14.4274
-2305000,-14.5314
-2305100,-14.6214
-2305200,-14.7054
-2305300,-14.7734
-2305400,-14.8404
-2305500,-14.9104
-2305600,-14.9994
-2305700,-15.0624
-2305800,-15.1494
-2305900,-15.2374
-2306000,-15.3084
-2306100,-15.3714
-2306200,-15.4764
-2306300,-15.5324
-2306400,-15.5864
-2306500,-15.6584
-2306600,-15.7324
-2306700,-15.8114
-2306800,-15.8914
-2306900,-15.9634
-2307000,-16.0424
-2307100,-16.1374
-2307200,-16.2374
-2307300,-16.3604
-2307400,-16.5164
-2307500,-16.7354
-2307600,-17.0004
-2307700,-17.2734
-2307800,-17.5804
-2307900,-17.9044
-2308000,-18.2354
-2308100,-18.5964
-2308200,-18.9494
-2308300,-19.3714
-2308400,-19.9614
-2308500,-20.3864
-2308600,-21.0044
-2308700,-21.6424
-2308800,-22.1914
-2308900,-22.6444
-2309000,-23.0204
-2309100,-23.4334
-2309200,-23.6884
-2309300,-23.9544
-2309400,-24.1724
-2309500,-24.3894
-2309600,-24.5694
-2309700,-24.7114
-2309800,-24.8484
-2309900,-25.0584
-2310000,-25.1594
-2310100,-25.2764
-2310200,-25.4014
-2310300,-25.5294
-2310400,-25.6324
-2310500,-25.7204
-2310600,-25.8134
-2310700,-25.9524
-2310800,-26.0494
-2310900,-26.1334
-2311000,-26.2154
-2311100,-26.3024
-2311200,-26.3634
-2311300,-26.4124
-2311400,-26.4544
-2311500,-26.5024
-2311600,-26.5524
-2311700,-26.5914
-2311800,-26.6214
-2311900,-26.6514
-2312000,-26.6664
-2312100,-26.6834
-2312200,-26.7124
-2312300,-26.7184
-2312400,-26.7164
-2312500,-26.7184
-2312600,-26.7024
-2312700,-26.6894
-2312800,-26.6794
-2312900,-26.6564
-2313000,-26.6394
-2313100,-26.6164
-2313200,-26.6034
-2313300,-26.5734
-2313400,-26.5384
-2313500,-26.5094
-2313600,-26.4804
-2313700,-26.4384
-2313800,-26.3904
-2313900,-26.3404
-2314000,-26.2584
-2314100,-26.1864
-2314200,-26.0924
-2314300,-26.0034
-2314400,-25.9034
-2314500,-25.8094
-2314600,-25.7064
-2314700,-25.6194
-2314800,-25.5144
-2314900,-25.4224
-2315000,-25.3214
-2315100,-25.2114
-2315200,-25.0954
-2315300,-24.9814
-2315400,-24.8604
-2315500,-24.7474
-2315600,-24.6174
-2315700,-24.5004
-2315800,-24.3714
-2315900,-24.2554
-2316000,-24.1264
-2316100,-24.0164
-2316200,-23.8754
-2316300,-23.7434
-2316400,-23.6084
-2316500,-23.4754
-2316600,-23.3374
-2316700,-23.1964
-2316800,-23.0324
-2316900,-22.8934
-2317000,-22.7294
-2317100,-22.5784
-2317200,-22.4204
-2317300,-22.2494
-2317400,-22.0824
-2317500,-21.9034
-2317600,-21.7284
-2317700,-21.5444
-2317800,-21.3804
-2317900,-21.1884
-2318000,-21.0204
-2318100,-20.8354
-2318200,-20.6514
-2318300,-20.4634
-2318400,-20.2744
-2318500,-20.0754
-2318600,-19.8664
-2318700,-19.6754
-2318800,-19.4734
-2318900,-19.2744
-2319000,-19.0634
-2319100,-18.8594
-2319200,-18.6284
-2319300,-18.4154
-2319400,-18.1794
-2319500,-17.9554
-2319600,-17.7204
-2319700,-17.4824
-2319800,-17.2294
-2319900,-16.9884
-2320000,-16.7344
-2320100,-16.4904
-2320200,-16.2644
-2320300,-16.0554
-2320400,-15.8674
-2320500,-15.6784
-2320600,-15.4624
-2320700,-15.2764
-2320800,-15.0764
-2320900,-14.9224
-2321000,-14.8084
-2321100,-14.7064
-2321200,-14.5834
-2321300,-14.4724
-2321400,-14.3624
-2321500,-14.2594
-2321600,-14.1874
-2321700,-14.1434
-2321800,-14.0874
-2321900,-14.0594
-2322000,-14.0574
-2322100,-14.0484
-2322200,-14.0344
-2322300,-14.0284
-2322400,-14.0154
-2322500,-14.0064
-2322600,-14.0044
-2322700,-14.0004
-2322800,-13.9944
-2322900,-13.9844
-2323000,-13.9724
-2323100,-13.9664
-2323200,-13.9624
-2323300,-13.9544
-2323400,-13.9514
-2323500,-13.9364
-2323600,-13.9344
-2323700,-13.9274
-2323800,-13.9084
-2323900,-13.9084
-2324000,-13.8994
-2324100,-13.9014
-2324200,-13.8814
-2324300,-13.8664
-2324400,-13.8584
-2324500,-13.8504
-2324600,-13.8404
-2324700,-13.8264
-2324800,-13.8284
-2324900,-13.8114
-2325000,-13.8094
-2325100,-13.8044
-2325200,-13.7994
-2325300,-13.7934
-2325400,-13.7894
-2325500,-13.7854
-2325600,-13.7854
-2325700,-13.7664
-2325800,-13.7594
-2325900,-13.7494
-2326000,-13.7434
-2326100,-13.7204
-2326200,-13.6904
-2326300,-13.6844
-2326400,-13.6504
-2326500,-13.6274
-2326600,-13.5874
-2326700,-13.5654
-2326800,-13.5314
-2326900,-13.4954
-2327000,-13.4644
-2327100,-13.4144
-2327200,-13.3694
-2327300,-13.3264
-2327400,-13.2854
-2327500,-13.2374
-2327600,-13.1824
-2327700,-13.1284
-2327800,-13.0724
-2327900,-13.0114
-2328000,-12.9544
-2328100,-12.8944
-2328200,-12.8364
-2328300,-12.7634
-2328400,-12.7144
-2328500,-12.6444
-2328600,-12.5774
-2328700,-12.5124
-2328800,-12.4354
-2328900,-12.3674
-2329000,-12.2994
-2329100,-12.2284
-2329200,-12.1594
-2329300,-12.0864
-2329400,-12.0194
-2329500,-11.9464
-2329600,-11.8664
-2329700,-11.7944
-2329800,-11.7094
-2329900,-11.6264
-2330000,-11.5364
-2330100,-11.4554
-2330200,-11.3834
-2330300,-11.2944
-2330400,-11.1964
-2330500,-11.1094
-2330600,-11.0284
-2330700,-10.9324
-2330800,-10.8384
-2330900,-10.7444
-2331000,-10.6444
-2331100,-10.5474
-2331200,-10.4524
-2331300,-10.3684
-2331400,-10.2804
-2331500,-10.1854
-2331600,-10.1074
-2331700,-10.0254
-2331800,-9.9624
-2331900,-9.9004
-2332000,-9.8224
-2332100,-9.7544
-2332200,-9.6924
-2332300,-9.6234
-2332400,-9.5664
-2332500,-9.5154
-2332600,-9.4714
-2332700,-9.4264
-2332800,-9.3994
-2332900,-9.3734
-2333000,-9.3424
-2333100,-9.3144
-2333200,-9.2884
-2333300,-9.2664
-2333400,-9.2544
-2333500,-9.2454
-2333600,-9.2394
-2333700,-9.2354
-2333800,-9.2334
-2333900,-9.2374
-2334000,-9.2334
-2334100,-9.2384
-2334200,-9.2414
-2334300,-9.2464
-2334400,-9.2494
-2334500,-9.2564
-2334600,-9.2654
-2334700,-9.2794
-2334800,-9.2914
-2334900,-9.3024
-2335000,-9.3144
-2335100,-9.3314
-2335200,-9.3434
-2335300,-9.3574
-2335400,-9.3784
-2335500,-9.3924
-2335600,-9.4074
-2335700,-9.4284
-2335800,-9.4494
-2335900,-9.4704
-2336000,-9.4934
-2336100,-9.5184
-2336200,-9.5394
-2336300,-9.5704
-2336400,-9.5884
-2336500,-9.6154
-2336600,-9.6314
-2336700,-9.6464
-2336800,-9.6634
-2336900,-9.6814
-2337000,-9.7024
-2337100,-9.7194
-2337200,-9.7354
-2337300,-9.7524
-2337400,-9.7824
-2337500,-9.7984
-2337600,-9.8294
-2337700,-9.8574
-2337800,-9.8814
-2337900,-9.9064
-2338000,-9.9394
-2338100,-9.9624
-2338200,-9.9914
-2338300,-10.0384
-2338400,-10.0624
-2338500,-10.1044
-2338600,-10.1374
-2338700,-10.1674
-2338800,-10.1894
-2338900,-10.2254
-2339000,-10.2524
-2339100,-10.2854
-2339200,-10.3304
-2339300,-10.3624
-2339400,-10.3974
-2339500,-10.4274
-2339600,-10.4654
-2339700,-10.4984
-2339800,-10.5414
-2339900,-10.5714
-2340000,-10.6214
-2340100,-10.6664
-2340200,-10.7044
-2340300,-10.7424
-2340400,-10.7944
-2340500,-10.8304
-2340600,-10.8644
-2340700,-10.9104
-2340800,-10.9494
-2340900,-10.9814
-2341000,-11.0254
-2341100,-11.0614
-2341200,-11.1144
-2341300,-11.1594
-2341400,-11.1944
-2341500,-11.2284
-2341600,-11.2774
-2341700,-11.3084
-2341800,-11.3264
-2341900,-11.3764
-2342000,-11.4464
-2342100,-11.5064
-2342200,-11.5574
-2342300,-11.5914
-2342400,-11.6304
-2342500,-11.6654
-2342600,-11.7014
-2342700,-11.7214
-2342800,-11.7394
-2342900,-11.7644
-2343000,-11.8014
-2343100,-11.8214
-2343200,-11.8454
-2343300,-11.8684
-2343400,-11.8884
-2343500,-11.9104
-2343600,-11.9444
-2343700,-11.9654
-2343800,-11.9844
-2343900,-12.0034
-2344000,-12.0394
-2344100,-12.0624
-2344200,-12.0894
-2344300,-12.1244
-2344400,-12.1524
-2344500,-12.1874
-2344600,-12.2244
-2344700,-12.2544
-2344800,-12.2974
-2344900,-12.3434
-2345000,-12.4054
-2345100,-12.4744
-2345200,-12.5474
-2345300,-12.6224
-2345400,-12.7084
-2345500,-12.7924
-2345600,-12.8714
-2345700,-12.9724
-2345800,-13.0664
-2345900,-13.1884
-2346000,-13.2914
-2346100,-13.3914
-2346200,-13.5024
-2346300,-13.6384
-2346400,-13.7794
-2346500,-13.9484
-2346600,-14.0954
-2346700,-14.2554
-2346800,-14.4144
-2346900,-14.5824
-2347000,-14.7634
-2347100,-14.9524
-2347200,-15.1504
-2347300,-15.3604
-2347400,-15.5834
-2347500,-15.7634
-2347600,-15.9814
-2347700,-16.1534
-2347800,-16.3794
-2347900,-16.5874
-2348000,-16.8144
-2348100,-17.0674
-2348200,-17.3204
-2348300,-17.6384
-2348400,-17.9574
-2348500,-18.2394
-2348600,-18.5314
-2348700,-18.7874
-2348800,-19.0864
-2348900,-19.3944
-2349000,-19.6654
-2349100,-19.9364
-2349200,-20.2464
-2349300,-20.5854
-2349400,-20.9234
-2349500,-21.2844
-2349600,-21.6794
-2349700,-22.1054
-2349800,-22.5344
-2349900,-22.9304
-2350000,-23.3044
-2350100,-23.7014
-2350200,-24.1394
-2350300,-24.6514
-2350400,-25.2604
-2350500,-25.9074
-2350600,-26.4684
-2350700,-26.9474
-2350800,-27.4114
-2350900,-28.0944
-2351000,-28.6204
-2351100,-29.2104
-2351200,-29.8844
-2351300,-30.4254
-2351400,-30.8844
-2351500,-31.2954
-2351600,-31.7514
-2351700,-32.1294
-2351800,-32.4554
-2351900,-32.7574
-2352000,-33.0304
-2352100,-33.2454
-2352200,-33.3554
-2352300,-33.5094
-2352400,-33.6554
-2352500,-33.7624
-2352600,-33.9304
-2352700,-34.0374
-2352800,-34.1844
-2352900,-34.3664
-2353000,-34.5074
-2353100,-34.6704
-2353200,-34.8364
-2353300,-34.9954
-2353400,-35.1464
-2353500,-35.2954
-2353600,-35.4014
-2353700,-35.4814
-2353800,-35.5714
-2353900,-35.6244
-2354000,-35.6524
-2354100,-35.6614
-2354200,-35.6594
-2354300,-35.6384
-2354400,-35.6144
-2354500,-35.5884
-2354600,-35.5684
-2354700,-35.5224
-2354800,-35.4814
-2354900,-35.4444
-2355000,-35.3764
-2355100,-35.3094
-2355200,-35.2574
-2355300,-35.2014
-2355400,-35.1494
-2355500,-35.0944
-2355600,-35.0254
-2355700,-34.9474
-2355800,-34.8644
-2355900,-34.7784
-2356000,-34.6854
-2356100,-34.5714
-2356200,-34.4594
-2356300,-34.3354
-2356400,-34.2234
-2356500,-34.0844
-2356600,-33.9424
-2356700,-33.8084
-2356800,-33.6614
-2356900,-33.5244
-2357000,-33.3654
-2357100,-33.2134
-2357200,-33.0584
-2357300,-32.9024
-2357400,-32.7504
-2357500,-32.5784
-2357600,-32.4114
-2357700,-32.2404
-2357800,-32.0804
-2357900,-31.9154
-2358000,-31.7534
-2358100,-31.5774
-2358200,-31.3984
-2358300,-31.2074
-2358400,-31.0284
-2358500,-30.8354
-2358600,-30.6504
-2358700,-30.4594
-2358800,-30.2644
-2358900,-30.0854
-2359000,-29.8754
-2359100,-29.7024
-2359200,-29.5084
-2359300,-29.3124
-2359400,-29.1084
-2359500,-28.9044
-2359600,-28.6994
-2359700,-28.5084
-2359800,-28.3274
-2359900,-28.1504
-2360000,-27.9894
-2360100,-27.8174
-2360200,-27.6594
-2360300,-27.5094
-2360400,-27.3464
-2360500,-27.1814
-2360600,-27.0524
-2360700,-26.9124
-2360800,-26.7744
-2360900,-26.6314
-2361000,-26.5004
-2361100,-26.3434
-2361200,-26.1994
-2361300,-26.0624
-2361400,-25.9044
-2361500,-25.7564
-2361600,-25.6034
-2361700,-25.4434
-2361800,-25.2924
-2361900,-25.1294
-2362000,-24.9524
-2362100,-24.7984
-2362200,-24.6314
-2362300,-24.4714
-2362400,-24.2854
-2362500,-24.0984
-2362600,-23.8984
-2362700,-23.7004
-2362800,-23.4994
-2362900,-23.3054
-2363000,-23.1144
-2363100,-22.9044
-2363200,-22.7094
-2363300,-22.4994
-2363400,-22.2884
-2363500,-22.0864
-2363600,-21.8874
-2363700,-21.6874
-2363800,-21.4774
-2363900,-21.2494
-2364000,-21.0224
-2364100,-20.7674
-2364200,-20.5464
-2364300,-20.3364
-2364400,-20.1444
-2364500,-19.9544
-2364600,-19.7904
-2364700,-19.6394
-2364800,-19.5014
-2364900,-19.3824
-2365000,-19.2424
-2365100,-19.1224
-2365200,-18.9884
-2365300,-18.8554
-2365400,-18.7444
-2365500,-18.6114
-2365600,-18.4854
-2365700,-18.3554
-2365800,-18.2304
-2365900,-18.1224
-2366000,-18.0324
-2366100,-17.9284
-2366200,-17.8394
-2366300,-17.7424
-2366400,-17.6424
-2366500,-17.5564
-2366600,-17.4704
-2366700,-17.3704
-2366800,-17.2844
-2366900,-17.2044
-2367000,-17.1334
-2367100,-17.0544
-2367200,-16.9764
-2367300,-16.9004
-2367400,-16.8384
-2367500,-16.7674
-2367600,-16.7244
-2367700,-16.6664
-2367800,-16.6094
-2367900,-16.5564
-2368000,-16.4944
-2368100,-16.4384
-2368200,-16.3914
-2368300,-16.3254
-2368400,-16.2654
-2368500,-16.1984
-2368600,-16.1504
-2368700,-16.0664
-2368800,-15.9984
-2368900,-15.9284
-2369000,-15.8494
-2369100,-15.7824
-2369200,-15.7214
-2369300,-15.6554
-2369400,-15.5894
-2369500,-15.5224
-2369600,-15.4514
-2369700,-15.3724
-2369800,-15.2894
-2369900,-15.2104
-2370000,-15.1334
-2370100,-15.0584
-2370200,-14.9764
-2370300,-14.8984
-2370400,-14.8214
-2370500,-14.7204
-2370600,-14.6494
-2370700,-14.5674
-2370800,-14.4844
-2370900,-14.3954
-2371000,-14.3144
-2371100,-14.2154
-2371200,-14.1304
-2371300,-14.0394
-2371400,-13.9514
-2371500,-13.8584
-2371600,-13.7864
-2371700,-13.7014
-2371800,-13.6224
-2371900,-13.5584
-2372000,-13.4794
-2372100,-13.4074
-2372200,-13.3314
-2372300,-13.2644
-2372400,-13.1954
-2372500,-13.1174
-2372600,-13.0634
-2372700,-13.0054
-2372800,-12.9544
-2372900,-12.9004
-2373000,-12.8504
-2373100,-12.8064
-2373200,-12.7554
-2373300,-12.7074
-2373400,-12.6634
-2373500,-12.6294
-2373600,-12.5924
-2373700,-12.5594
-2373800,-12.5344
-2373900,-12.5094
-2374000,-12.4844
-2374100,-12.4554
-2374200,-12.4314
-2374300,-12.4154
-2374400,-12.4004
-2374500,-12.3814
-2374600,-12.3544
-2374700,-12.3344
-2374800,-12.3334
-2374900,-12.3304
-2375000,-12.3274
-2375100,-12.3284
-2375200,-12.3294
-2375300,-12.3294
-2375400,-12.3294
-2375500,-12.3314
-2375600,-12.3334
-2375700,-12.3294
-2375800,-12.3324
-2375900,-12.3334
-2376000,-12.3354
-2376100,-12.3354
-2376200,-12.3364
-2376300,-12.3354
-2376400,-12.3364
-2376500,-12.3384
-2376600,-12.3424
-2376700,-12.3434
-2376800,-12.3484
-2376900,-12.3464
-2377000,-12.3484
-2377100,-12.3534
-2377200,-12.3584
-2377300,-12.3594
-2377400,-12.3614
-2377500,-12.3714
-2377600,-12.3734
-2377700,-12.3744
-2377800,-12.3844
-2377900,-12.3884
-2378000,-12.3964
-2378100,-12.3994
-2378200,-12.4034
-2378300,-12.4134
-2378400,-12.4194
-2378500,-12.4264
-2378600,-12.4364
-2378700,-12.4444
-2378800,-12.4524
-2378900,-12.4584
-2379000,-12.4754
-2379100,-12.4804
-2379200,-12.4884
-2379300,-12.4944
-2379400,-12.5074
-2379500,-12.5174
-2379600,-12.5234
-2379700,-12.5364
-2379800,-12.5584
-2379900,-12.5694
-2380000,-12.5894
-2380100,-12.6094
-2380200,-12.6254
-2380300,-12.6454
-2380400,-12.6624
-2380500,-12.6924
-2380600,-12.7164
-2380700,-12.7364
-2380800,-12.7644
-2380900,-12.7944
-2381000,-12.8204
-2381100,-12.8544
-2381200,-12.8844
-2381300,-12.9234
-2381400,-12.9534
-2381500,-12.9884
-2381600,-13.0244
-2381700,-13.0494
-2381800,-13.0814
-2381900,-13.1364
-2382000,-13.1794
-2382100,-13.2234
-2382200,-13.2754
-2382300,-13.3334
-2382400,-13.3824
-2382500,-13.4424
-2382600,-13.5164
-2382700,-13.5894
-2382800,-13.6504
-2382900,-13.7244
-2383000,-13.8184
-2383100,-13.8864
-2383200,-13.9644
-2383300,-14.0504
-2383400,-14.1414
-2383500,-14.2264
-2383600,-14.3434
-2383700,-14.4024
-2383800,-14.4774
-2383900,-14.5424
-2384000,-14.6284
-2384100,-14.7254
-2384200,-14.8524
-2384300,-14.9784
-2384400,-15.1204
-2384500,-15.2744
-2384600,-15.4074
-2384700,-15.5544
-2384800,-15.7034
-2384900,-15.8884
-2385000,-16.0324
-2385100,-16.1574
-2385200,-16.2664
-2385300,-16.3644
-2385400,-16.4454
-2385500,-16.5214
-2385600,-16.6294
-2385700,-16.7364
-2385800,-16.8334
-2385900,-16.8694
-2386000,-16.9254
-2386100,-16.9684
-2386200,-17.0094
-2386300,-17.0384
-2386400,-17.0824
-2386500,-17.1294
-2386600,-17.1624
-2386700,-17.2034
-2386800,-17.2384
-2386900,-17.2674
-2387000,-17.2974
-2387100,-17.3044
-2387200,-17.3194
-2387300,-17.3314
-2387400,-17.3274
-2387500,-17.3204
-2387600,-17.3124
-2387700,-17.3184
-2387800,-17.3104
-2387900,-17.3044
-2388000,-17.2984
-2388100,-17.2924
-2388200,-17.2924
-2388300,-17.2744
-2388400,-17.2674
-2388500,-17.2614
-2388600,-17.2464
-2388700,-17.2364
-2388800,-17.2264
-2388900,-17.2134
-2389000,-17.2004
-2389100,-17.1914
-2389200,-17.1834
-2389300,-17.1694
-2389400,-17.1584
-2389500,-17.1464
-2389600,-17.1324
-2389700,-17.1234
-2389800,-17.1134
-2389900,-17.1064
-2390000,-17.0944
-2390100,-17.0874
-2390200,-17.0784
-2390300,-17.0674
-2390400,-17.0624
-2390500,-17.0554
-2390600,-17.0514
-2390700,-17.0434
-2390800,-17.0524
-2390900,-17.0464
-2391000,-17.0384
-2391100,-17.0404
-2391200,-17.0344
-2391300,-17.0354
-2391400,-17.0264
-2391500,-17.0114
-2391600,-17.0114
-2391700,-17.0094
-2391800,-17.0024
-2391900,-16.9954
-2392000,-16.9954
-2392100,-16.9824
-2392200,-16.9864
-2392300,-16.9804
-2392400,-16.9764
-2392500,-16.9764
-2392600,-16.9754
-2392700,-16.9714
-2392800,-16.9784
-2392900,-16.9804
-2393000,-16.9824
-2393100,-16.9864
-2393200,-16.9894
-2393300,-16.9734
-2393400,-16.9754
-2393500,-16.9744
-2393600,-16.9694
-2393700,-16.9684
-2393800,-16.9654
-2393900,-16.9634
-2394000,-16.9654
-2394100,-16.9614
-2394200,-16.9534
-2394300,-16.9544
-2394400,-16.9514
-2394500,-16.9504
-2394600,-16.9524
-2394700,-16.9634
-2394800,-16.9614
-2394900,-16.9574
-2395000,-16.9684
-2395100,-16.9764
-2395200,-16.9834
-2395300,-16.9924
-2395400,-17.0124
-2395500,-17.0264
-2395600,-17.0554
-2395700,-17.0724
-2395800,-17.1014
-2395900,-17.1414
-2396000,-17.1724
-2396100,-17.2164
-2396200,-17.2404
-2396300,-17.2644
-2396400,-17.2934
-2396500,-17.3244
-2396600,-17.3524
-2396700,-17.3574
-2396800,-17.3794
-2396900,-17.3984
-2397000,-17.4204
-2397100,-17.4614
-2397200,-17.4834
-2397300,-17.5304
-2397400,-17.5594
-2397500,-17.5994
-2397600,-17.6654
-2397700,-17.7354
-2397800,-17.8144
-2397900,-17.9404
-2398000,-18.1354
-2398100,-18.3244
-2398200,-18.4914
-2398300,-18.5624
-2398400,-18.6514
-2398500,-18.7754
-2398600,-18.8994
-2398700,-18.9734
-2398800,-19.0924
-2398900,-19.1744
-2399000,-19.2064
-2399100,-19.1984
-2399200,-19.1754
-2399300,-19.1474
-2399400,-19.1134
-2399500,-19.0954
-2399600,-19.0814
-2399700,-19.0394
-2399800,-18.9964
-2399900,-18.9284
-2400000,-18.8614
-2400100,-18.8124
-2400200,-18.7414
-2400300,-18.6754
-2400400,-18.5964
-2400500,-18.5404
-2400600,-18.4704
-2400700,-18.3984
-2400800,-18.3374
-2400900,-18.2504
-2401000,-18.1734
-2401100,-18.0974
-2401200,-18.0124
-2401300,-17.9254
-2401400,-17.8334
-2401500,-17.7394
-2401600,-17.6284
-2401700,-17.5104
-2401800,-17.4044
-2401900,-17.2984
-2402000,-17.1984
-2402100,-17.0814
-2402200,-16.9784
-2402300,-16.8644
-2402400,-16.7464
-2402500,-16.6154
-2402600,-16.4974
-2402700,-16.3834
-2402800,-16.2464
-2402900,-16.1124
-2403000,-15.9744
-2403100,-15.8384
-2403200,-15.6844
-2403300,-15.5414
-2403400,-15.3904
-2403500,-15.2494
-2403600,-15.0944
-2403700,-14.9664
-2403800,-14.8274
-2403900,-14.6894
-2404000,-14.5454
-2404100,-14.4174
-2404200,-14.2714
-2404300,-14.1414
-2404400,-14.0114
-2404500,-13.8914
-2404600,-13.7724
-2404700,-13.6734
-2404800,-13.5614
-2404900,-13.4594
-2405000,-13.3564
-2405100,-13.2474
-2405200,-13.1284
-2405300,-13.0364
-2405400,-12.9404
-2405500,-12.8484
-2405600,-12.7674
-2405700,-12.6864
-2405800,-12.6304
-2405900,-12.5584
-2406000,-12.5074
-2406100,-12.4524
-2406200,-12.3964
-2406300,-12.3504
-2406400,-12.3094
-2406500,-12.2694
-2406600,-12.2334
-2406700,-12.1904
-2406800,-12.1474
-2406900,-12.1004
-2407000,-12.0654
-2407100,-12.0304
-2407200,-12.0044
-2407300,-11.9734
-2407400,-11.9514
-2407500,-11.9364
-2407600,-11.9274
-2407700,-11.9214
-2407800,-11.9234
-2407900,-11.9194
-2408000,-11.9224
-2408100,-11.9174
-2408200,-11.9204
-2408300,-11.9264
-2408400,-11.9344
-2408500,-11.9354
-2408600,-11.9374
-2408700,-11.9484
-2408800,-11.9494
-2408900,-11.9634
-2409000,-11.9614
-2409100,-11.9624
-2409200,-11.9624
-2409300,-11.9674
-2409400,-11.9674
-2409500,-11.9754
-2409600,-11.9734
-2409700,-11.9804
-2409800,-11.9794
-2409900,-11.9814
-2410000,-11.9784
-2410100,-11.9834
-2410200,-11.9814
-2410300,-11.9854
-2410400,-11.9774
-2410500,-11.9784
-2410600,-11.9734
-2410700,-11.9754
-2410800,-11.9774
-2410900,-11.9794
-2411000,-11.9704
-2411100,-11.9694
-2411200,-11.9674
-2411300,-11.9674
-2411400,-11.9654
-2411500,-11.9684
-2411600,-11.9614
-2411700,-11.9594
-2411800,-11.9524
-2411900,-11.9464
-2412000,-11.9434
-2412100,-11.9524
-2412200,-11.9514
-2412300,-11.9484
-2412400,-11.9474
-2412500,-11.9534
-2412600,-11.9474
-2412700,-11.9504
-2412800,-11.9534
-2412900,-11.9594
-2413000,-11.9574
-2413100,-11.9614
-2413200,-11.9664
-2413300,-11.9754
-2413400,-11.9764
-2413500,-11.9884
-2413600,-11.9934
-2413700,-11.9994
-2413800,-12.0054
-2413900,-12.0194
-2414000,-12.0284
-2414100,-12.0444
-2414200,-12.0494
-2414300,-12.0714
-2414400,-12.0874
-2414500,-12.1104
-2414600,-12.1314
-2414700,-12.1494
-2414800,-12.1704
-2414900,-12.1914
-2415000,-12.2124
-2415100,-12.2414
-2415200,-12.2674
-2415300,-12.2894
-2415400,-12.3154
-2415500,-12.3454
-2415600,-12.3694
-2415700,-12.3884
-2415800,-12.4084
-2415900,-12.4374
-2416000,-12.4614
-2416100,-12.4974
-2416200,-12.5264
-2416300,-12.5584
-2416400,-12.5784
-2416500,-12.6104
-2416600,-12.6404
-2416700,-12.6754
-2416800,-12.7124
-2416900,-12.7484
-2417000,-12.7854
-2417100,-12.8384
-2417200,-12.8804
-2417300,-12.9404
-2417400,-12.9994
-2417500,-13.0674
-2417600,-13.1504
-2417700,-13.2574
-2417800,-13.3664
-2417900,-13.4884
-2418000,-13.6104
-2418100,-13.7204
-2418200,-13.8184
-2418300,-13.9034
-2418400,-13.9844
-2418500,-14.0704
-2418600,-14.1554
-2418700,-14.2454
-2418800,-14.3544
-2418900,-14.4624
-2419000,-14.5404
-2419100,-14.6444
-2419200,-14.7484
-2419300,-14.8594
-2419400,-14.9744
-2419500,-15.0874
-2419600,-15.2224
-2419700,-15.3374
-2419800,-15.4414
-2419900,-15.5394
-2420000,-15.6264
-2420100,-15.7034
-2420200,-15.7684
-2420300,-15.8364
-2420400,-15.9284
-2420500,-15.9894
-2420600,-16.0554
-2420700,-16.1154
-2420800,-16.2014
-2420900,-16.2834
-2421000,-16.3534
-2421100,-16.4254
-2421200,-16.5014
-2421300,-16.5724
-2421400,-16.6634
-2421500,-16.7404
-2421600,-16.8104
-2421700,-16.8764
-2421800,-16.9404
-2421900,-17.0064
-2422000,-17.0834
-2422100,-17.1564
-2422200,-17.2214
-2422300,-17.2974
-2422400,-17.3744
-2422500,-17.4774
-2422600,-17.5794
-2422700,-17.6754
-2422800,-17.7594
-2422900,-17.8744
-2423000,-17.9954
-2423100,-18.1104
-2423200,-18.2494
-2423300,-18.3634
-2423400,-18.4774
-2423500,-18.5744
-2423600,-18.6954
-2423700,-18.8454
-2423800,-18.9504
-2423900,-19.0784
-2424000,-19.2214
-2424100,-19.3834
-2424200,-19.5034
-2424300,-19.6774
-2424400,-19.9184
-2424500,-20.1554
-2424600,-20.4294
-2424700,-20.6834
-2424800,-20.9504
-2424900,-21.1474
-2425000,-21.3594
-2425100,-21.5854
-2425200,-21.8024
-2425300,-22.0464
-2425400,-22.2894
-2425500,-22.5384
-2425600,-22.7854
-2425700,-23.0514
-2425800,-23.3314
-2425900,-23.6024
-2426000,-23.8854
-2426100,-24.1634
-2426200,-24.4764
-2426300,-24.8254
-2426400,-25.2074
-2426500,-25.6064
-2426600,-26.1074
-2426700,-26.6174
-2426800,-27.1944
-2426900,-27.9064
-2427000,-28.8744
-2427100,-29.8964
-2427200,-31.0074
-2427300,-32.0884
-2427400,-33.3254
-2427500,-34.3934
-2427600,-35.3834
-2427700,-36.5254
-2427800,-37.6784
-2427900,-38.7034
-2428000,-39.7334
-2428100,-40.6554
-2428200,-41.5384
-2428300,-42.3614
-2428400,-43.0854
-2428500,-43.7374
-2428600,-44.3114
-2428700,-44.7894
-2428800,-45.2384
-2428900,-45.6904
-2429000,-46.1384
-2429100,-46.5744
-2429200,-47.0024
-2429300,-47.3934
-2429400,-47.7254
-2429500,-48.1004
-2429600,-48.3994
-2429700,-48.7114
-2429800,-48.9194
-2429900,-49.1114
-2430000,-49.2784
-2430100,-49.4084
-2430200,-49.4924
-2430300,-49.5494
-2430400,-49.5914
-2430500,-49.6184
-2430600,-49.6474
-2430700,-49.6594
-2430800,-49.6644
-2430900,-49.6524
-2431000,-49.6564
-2431100,-49.6444
-2431200,-49.6324
-2431300,-49.6384
-2431400,-49.6494
-2431500,-49.6264
-2431600,-49.6074
-2431700,-49.5724
-2431800,-49.5204
-2431900,-49.4964
-2432000,-49.4704
-2432100,-49.4234
-2432200,-49.3684
-2432300,-49.3294
-2432400,-49.2654
-2432500,-49.1894
-2432600,-49.1144
-2432700,-49.0434
-2432800,-48.9724
-2432900,-48.8894
-2433000,-48.8084
-2433100,-48.7264
-2433200,-48.6314
-2433300,-48.5414
-2433400,-48.4434
-2433500,-48.3274
-2433600,-48.2224
-2433700,-48.1164
-2433800,-48.0104
-2433900,-47.9014
-2434000,-47.7914
-2434100,-47.6854
-2434200,-47.5754
-2434300,-47.4664
-2434400,-47.3624
-2434500,-47.2384
-2434600,-47.1284
-2434700,-47.0084
-2434800,-46.8924
-2434900,-46.7714
-2435000,-46.6614
-2435100,-46.5374
-2435200,-46.4184
-2435300,-46.2964
-2435400,-46.1664
-2435500,-46.0464
-2435600,-45.9084
-2435700,-45.7904
-2435800,-45.6524
-2435900,-45.5374
-2436000,-45.4064
-2436100,-45.2924
-2436200,-45.1534
-2436300,-45.0134
-2436400,-44.8884
-2436500,-44.7544
-2436600,-44.6304
-2436700,-44.4994
-2436800,-44.3554
-2436900,-44.2134
-2437000,-44.0774
-2437100,-43.9344
-2437200,-43.8024
-2437300,-43.6724
-2437400,-43.5264
-2437500,-43.3934
-2437600,-43.2554
-2437700,-43.1254
-2437800,-42.9844
-2437900,-42.8524
-2438000,-42.7124
-2438100,-42.5704
-2438200,-42.4184
-2438300,-42.2754
-2438400,-42.1514
-2438500,-42.0244
-2438600,-41.8794
-2438700,-41.7424
-2438800,-41.6054
-2438900,-41.4834
-2439000,-41.3494
-2439100,-41.2034
-2439200,-41.0784
-2439300,-40.9244
-2439400,-40.7634
-2439500,-40.6234
-2439600,-40.4854
-2439700,-40.3434
-2439800,-40.1824
-2439900,-40.0454
-2440000,-39.8984
-2440100,-39.7744
-2440200,-39.6124
-2440300,-39.4834
-2440400,-39.3304
-2440500,-39.1754
-2440600,-39.0094
-2440700,-38.8714
-2440800,-38.7174
-2440900,-38.5414
-2441000,-38.4044
-2441100,-38.2364
-2441200,-38.0894
-2441300,-37.9244
-2441400,-37.7804
-2441500,-37.6184
-2441600,-37.4714
-2441700,-37.3094
-2441800,-37.1734
-2441900,-37.0064
-2442000,-36.8674
-2442100,-36.6924
-2442200,-36.5354
-2442300,-36.3884
-2442400,-36.2224
-2442500,-36.0514
-2442600,-35.8814
-2442700,-35.6964
-2442800,-35.5084
-2442900,-35.3184
-2443000,-35.1314
-2443100,-34.9364
-2443200,-34.7224
-2443300,-34.5214
-2443400,-34.3314
-2443500,-34.1194
-2443600,-33.9184
-2443700,-33.7064
-2443800,-33.5124
-2443900,-33.3234
-2444000,-33.1024
-2444100,-32.8994
-2444200,-32.6714
-2444300,-32.4404
-2444400,-32.2334
-2444500,-32.0054
-2444600,-31.7974
-2444700,-31.5884
-2444800,-31.3404
-2444900,-31.1244
-2445000,-30.8984
-2445100,-30.6594
-2445200,-30.4234
-2445300,-30.1844
-2445400,-29.9354
-2445500,-29.7094
-2445600,-29.4594
-2445700,-29.2314
-2445800,-28.9794
-2445900,-28.7434
-2446000,-28.5064
-2446100,-28.2554
-2446200,-28.0084
-2446300,-27.7694
-2446400,-27.5244
-2446500,-27.2614
-2446600,-27.0204
-2446700,-26.7474
-2446800,-26.5034
-2446900,-26.2424
-2447000,-25.9764
-2447100,-25.7144
-2447200,-25.4574
-2447300,-25.1924
-2447400,-24.9434
-2447500,-24.6604
-2447600,-24.3944
-2447700,-24.1194
-2447800,-23.8564
-2447900,-23.5804
-2448000,-23.3134
-2448100,-23.0254
-2448200,-22.7264
-2448300,-22.4394
-2448400,-22.1574
-2448500,-21.8864
-2448600,-21.5834
-2448700,-21.2904
-2448800,-20.9874
-2448900,-20.7184
-2449000,-20.4354
-2449100,-20.1654
-2449200,-19.8814
-2449300,-19.6084
-2449400,-19.3304
-2449500,-19.0394
-2449600,-18.7314
-2449700,-18.4474
-2449800,-18.1624
-2449900,-17.8704
-2450000,-17.5544
-2450100,-17.2634
-2450200,-16.9774
-2450300,-16.6624
-2450400,-16.3694
-2450500,-16.0714
-2450600,-15.7624
-2450700,-15.4624
-2450800,-15.1634
-2450900,-14.8664
-2451000,-14.6074
-2451100,-14.3264
-2451200,-14.0614
-2451300,-13.8124
-2451400,-13.5934
-2451500,-13.3844
-2451600,-13.2054
-2451700,-13.0294
-2451800,-12.8714
-2451900,-12.6994
-2452000,-12.5544
-2452100,-12.4084
-2452200,-12.2684
-2452300,-12.1154
-2452400,-11.9694
-2452500,-11.8334
-2452600,-11.7084
-2452700,-11.5684
-2452800,-11.4484
-2452900,-11.3394
-2453000,-11.2414
-2453100,-11.1384
-2453200,-11.0544
-2453300,-10.9624
-2453400,-10.8944
-2453500,-10.8164
-2453600,-10.7404
-2453700,-10.6634
-2453800,-10.5884
-2453900,-10.5184
-2454000,-10.4554
-2454100,-10.4074
-2454200,-10.3644
-2454300,-10.3184
-2454400,-10.2734
-2454500,-10.2384
-2454600,-10.1974
-2454700,-10.1534
-2454800,-10.1174
-2454900,-10.0784
-2455000,-10.0494
-2455100,-10.0194
-2455200,-9.9764
-2455300,-9.9454
-2455400,-9.9244
-2455500,-9.9034
-2455600,-9.8844
-2455700,-9.8694
-2455800,-9.8504
-2455900,-9.8244
-2456000,-9.8114
-2456100,-9.7904
-2456200,-9.7744
-2456300,-9.7614
-2456400,-9.7504
-2456500,-9.7314
-2456600,-9.7214
-2456700,-9.7084
-2456800,-9.6944
-2456900,-9.6794
-2457000,-9.6624
-2457100,-9.6484
-2457200,-9.6274
-2457300,-9.6164
-2457400,-9.6014
-2457500,-9.5924
-2457600,-9.5674
-2457700,-9.5484
-2457800,-9.5284
-2457900,-9.5064
-2458000,-9.4884
-2458100,-9.4654
-2458200,-9.4504
-2458300,-9.4324
-2458400,-9.4234
-2458500,-9.4054
-2458600,-9.3884
-2458700,-9.3794
-2458800,-9.3694
-2458900,-9.3554
-2459000,-9.3454
-2459100,-9.3294
-2459200,-9.3134
-2459300,-9.2964
-2459400,-9.2864
-2459500,-9.2694
-2459600,-9.2524
-2459700,-9.2404
-2459800,-9.2194
-2459900,-9.2024
-2460000,-9.1904
-2460100,-9.1864
-2460200,-9.1714
-2460300,-9.1734
-2460400,-9.1704
-2460500,-9.1644
-2460600,-9.1584
-2460700,-9.1514
-2460800,-9.1444
-2460900,-9.1424
-2461000,-9.1544
-2461100,-9.1554
-2461200,-9.1584
-2461300,-9.1744
-2461400,-9.1854
-2461500,-9.1954
-2461600,-9.2084
-2461700,-9.2334
-2461800,-9.2614
-2461900,-9.2874
-2462000,-9.3164
-2462100,-9.3504
-2462200,-9.3814
-2462300,-9.4094
-2462400,-9.4404
-2462500,-9.4764
-2462600,-9.5094
-2462700,-9.5474
-2462800,-9.5844
-2462900,-9.6234
-2463000,-9.6634
-2463100,-9.7104
-2463200,-9.7534
-2463300,-9.7974
-2463400,-9.8524
-2463500,-9.9074
-2463600,-9.9514
-2463700,-10.0004
-2463800,-10.0404
-2463900,-10.0894
-2464000,-10.1294
-2464100,-10.1874
-2464200,-10.2534
-2464300,-10.3204
-2464400,-10.3934
-2464500,-10.4714
-2464600,-10.5404
-2464700,-10.6154
-2464800,-10.7064
-2464900,-10.7964
-2465000,-10.8924
-2465100,-10.9674
-2465200,-11.0164
-2465300,-11.0714
-2465400,-11.1444
-2465500,-11.2074
-2465600,-11.2704
-2465700,-11.3314
-2465800,-11.3904
-2465900,-11.4554
-2466000,-11.5274
-2466100,-11.5884
-2466200,-11.6574
-2466300,-11.7404
-2466400,-11.8144
-2466500,-11.8864
-2466600,-11.9554
-2466700,-12.0554
-2466800,-12.1274
-2466900,-12.2054
-2467000,-12.2644
-2467100,-12.3464
-2467200,-12.4134
-2467300,-12.4864
-2467400,-12.5664
-2467500,-12.6364
-2467600,-12.7034
-2467700,-12.7604
-2467800,-12.8144
-2467900,-12.8704
-2468000,-12.9454
-2468100,-13.0104
-2468200,-13.0884
-2468300,-13.1964
-2468400,-13.2944
-2468500,-13.4234
-2468600,-13.5274
-2468700,-13.6424
-2468800,-13.7314
-2468900,-13.8264
-2469000,-13.9294
-2469100,-14.0454
-2469200,-14.1604
-2469300,-14.2714
-2469400,-14.3844
-2469500,-14.5074
-2469600,-14.6254
-2469700,-14.7454
-2469800,-14.9004
-2469900,-15.0224
-2470000,-15.1544
-2470100,-15.2604
-2470200,-15.3924
-2470300,-15.5204
-2470400,-15.6734
-2470500,-15.8164
-2470600,-15.9784
-2470700,-16.1674
-2470800,-16.3334
-2470900,-16.4924
-2471000,-16.6444
-2471100,-16.7814
-2471200,-16.9334
-2471300,-17.0764
-2471400,-17.1924
-2471500,-17.3404
-2471600,-17.4924
-2471700,-17.6344
-2471800,-17.7914
-2471900,-17.9464
-2472000,-18.1134
-2472100,-18.2494
-2472200,-18.4344
-2472300,-18.5714
-2472400,-18.7104
-2472500,-18.8774
-2472600,-19.0244
-2472700,-19.1784
-2472800,-19.3274
-2472900,-19.5234
-2473000,-19.6944
-2473100,-19.8854
-2473200,-20.0764
-2473300,-20.3104
-2473400,-20.4824
-2473500,-20.7094
-2473600,-20.9784
-2473700,-21.3074
-2473800,-21.6094
-2473900,-21.8754
-2474000,-22.0864
-2474100,-22.3134
-2474200,-22.5224
-2474300,-22.7264
-2474400,-22.9254
-2474500,-23.1564
-2474600,-23.3304
-2474700,-23.5474
-2474800,-23.7454
-2474900,-23.9074
-2475000,-24.0744
-2475100,-24.2184
-2475200,-24.3744
-2475300,-24.5394
-2475400,-24.6854
-2475500,-24.8454
-2475600,-24.9684
-2475700,-25.1234
-2475800,-25.2864
-2475900,-25.4574
-2476000,-25.6314
-2476100,-25.8164
-2476200,-25.9954
-2476300,-26.1754
-2476400,-26.3904
-2476500,-26.6414
-2476600,-26.8854
-2476700,-27.1914
-2476800,-27.5334
-2476900,-27.9034
-2477000,-28.2874
-2477100,-28.7204
-2477200,-29.1424
-2477300,-29.5724
-2477400,-30.0084
-2477500,-30.4864
-2477600,-30.9984
-2477700,-31.5714
-2477800,-32.1024
-2477900,-32.8164
-2478000,-33.5434
-2478100,-34.1714
-2478200,-34.9224
-2478300,-35.5884
-2478400,-36.2374
-2478500,-36.8524
-2478600,-37.3884
-2478700,-37.9034
-2478800,-38.3464
-2478900,-38.7524
-2479000,-39.0744
-2479100,-39.3464
-2479200,-39.6204
-2479300,-39.9104
-2479400,-40.1414
-2479500,-40.3424
-2479600,-40.5434
-2479700,-40.7404
-2479800,-40.9434
-2479900,-41.1774
-2480000,-41.3644
-2480100,-41.5674
-2480200,-41.7784
-2480300,-41.9944
-2480400,-42.1924
-2480500,-42.3914
-2480600,-42.5374
-2480700,-42.7194
-2480800,-42.9094
-2480900,-43.0694
-2481000,-43.1844
-2481100,-43.2654
-2481200,-43.3474
-2481300,-43.4144
-2481400,-43.4684
-2481500,-43.5074
-2481600,-43.5524
-2481700,-43.5734
-2481800,-43.5804
-2481900,-43.6304
-2482000,-43.6514
-2482100,-43.6754
-2482200,-43.7144
-2482300,-43.7494
-2482400,-43.8134
-2482500,-43.8924
-2482600,-43.9584
-2482700,-43.9884
-2482800,-44.0094
-2482900,-44.0054
-2483000,-44.0524
-2483100,-44.1624
-2483200,-44.2444
-2483300,-44.2774
-2483400,-44.3374
-2483500,-44.3304
-2483600,-44.3524
-2483700,-44.3714
-2483800,-44.3124
-2483900,-44.2384
-2484000,-44.0734
-2484100,-43.9114
-2484200,-43.7424
-2484300,-43.5224
-2484400,-43.3084
-2484500,-43.0624
-2484600,-42.7944
-2484700,-42.5004
-2484800,-42.2144
-2484900,-41.9054
-2485000,-41.6234
-2485100,-41.2994
-2485200,-40.9814
-2485300,-40.6474
-2485400,-40.3194
-2485500,-39.9514
-2485600,-39.5854
-2485700,-39.2034
-2485800,-38.8424
-2485900,-38.4484
-2486000,-38.0524
-2486100,-37.6474
-2486200,-37.2464
-2486300,-36.8304
-2486400,-36.4024
-2486500,-35.9874
-2486600,-35.5584
-2486700,-35.1344
-2486800,-34.7044
-2486900,-34.2524
-2487000,-33.8124
-2487100,-33.3694
-2487200,-32.9274
-2487300,-32.4654
-2487400,-32.0474
-2487500,-31.5944
-2487600,-31.1594
-2487700,-30.6954
-2487800,-30.2244
-2487900,-29.7574
-2488000,-29.2874
-2488100,-28.7974
-2488200,-28.2944
-2488300,-27.8084
-2488400,-27.3094
-2488500,-26.8274
-2488600,-26.3394
-2488700,-25.8644
-2488800,-25.4064
-2488900,-24.9404
-2489000,-24.4764
-2489100,-24.0384
-2489200,-23.6024
-2489300,-23.2084
-2489400,-22.7944
-2489500,-22.4094
-2489600,-22.0174
-2489700,-21.6134
-2489800,-21.2134
-2489900,-20.8244
-2490000,-20.4374
-2490100,-20.0634
-2490200,-19.7004
-2490300,-19.3114
-2490400,-18.9354
-2490500,-18.5414
-2490600,-18.1064
-2490700,-17.6894
-2490800,-17.3074
-2490900,-16.9394
-2491000,-16.5544
-2491100,-16.2424
-2491200,-15.9084
-2491300,-15.6414
-2491400,-15.3524
-2491500,-15.0784
-2491600,-14.8244
-2491700,-14.5794
-2491800,-14.3604
-2491900,-14.1404
-2492000,-13.9544
-2492100,-13.7864
-2492200,-13.6144
-2492300,-13.4494
-2492400,-13.2784
-2492500,-13.1394
-2492600,-13.0004
-2492700,-12.8804
-2492800,-12.7644
-2492900,-12.6474
-2493000,-12.5624
-2493100,-12.4514
-2493200,-12.3614
-2493300,-12.2814
-2493400,-12.1904
-2493500,-12.1004
-2493600,-11.9974
-2493700,-11.9014
-2493800,-11.8114
-2493900,-11.7274
-2494000,-11.6604
-2494100,-11.6014
-2494200,-11.5524
-2494300,-11.5024
-2494400,-11.4484
-2494500,-11.4004
-2494600,-11.3464
-2494700,-11.2924
-2494800,-11.2494
-2494900,-11.1954
-2495000,-11.1574
-2495100,-11.1234
-2495200,-11.0884
-2495300,-11.0474
-2495400,-11.0134
-2495500,-10.9724
-2495600,-10.9414
-2495700,-10.9074
-2495800,-10.8714
-2495900,-10.8454
-2496000,-10.8154
-2496100,-10.7934
-2496200,-10.7674
-2496300,-10.7434
-2496400,-10.7324
-2496500,-10.7124
-2496600,-10.6954
-2496700,-10.6834
-2496800,-10.6594
-2496900,-10.6354
-2497000,-10.6044
-2497100,-10.5854
-2497200,-10.5694
-2497300,-10.5544
-2497400,-10.5464
-2497500,-10.5304
-2497600,-10.5194
-2497700,-10.5124
-2497800,-10.5134
-2497900,-10.5074
-2498000,-10.5024
-2498100,-10.4964
-2498200,-10.4914
-2498300,-10.4864
-2498400,-10.4764
-2498500,-10.4674
-2498600,-10.4584
-2498700,-10.4504
-2498800,-10.4414
-2498900,-10.4434
-2499000,-10.4444
-2499100,-10.4414
-2499200,-10.4394
-2499300,-10.4454
-2499400,-10.4494
-2499500,-10.4584
-2499600,-10.4774
-2499700,-10.4854
-2499800,-10.5374
-2499900,-10.5624
-2500000,-10.6254
-2500100,-10.7014
-2500200,-10.7884
-2500300,-10.8694
-2500400,-10.9344
-2500500,-11.0094
-2500600,-11.0754
-2500700,-11.1434
-2500800,-11.2094
-2500900,-11.2664
-2501000,-11.3074
-2501100,-11.3604
-2501200,-11.4124
-2501300,-11.4594
-2501400,-11.5284
-2501500,-11.6064
-2501600,-11.6644
-2501700,-11.7254
-2501800,-11.7804
-2501900,-11.8444
-2502000,-11.8974
-2502100,-11.9504
-2502200,-11.9994
-2502300,-12.0514
-2502400,-12.0934
-2502500,-12.1504
-2502600,-12.2034
-2502700,-12.2584
-2502800,-12.3354
-2502900,-12.3934
-2503000,-12.4494
-2503100,-12.5094
-2503200,-12.5614
-2503300,-12.6214
-2503400,-12.6904
-2503500,-12.7404
-2503600,-12.8034
-2503700,-12.8884
-2503800,-12.9434
-2503900,-13.0124
-2504000,-13.1024
-2504100,-13.1744
-2504200,-13.2444
-2504300,-13.3184
-2504400,-13.4004
-2504500,-13.4704
-2504600,-13.5524
-2504700,-13.6494
-2504800,-13.7544
-2504900,-13.8454
-2505000,-13.9564
-2505100,-14.0584
-2505200,-14.1754
-2505300,-14.2914
-2505400,-14.3934
-2505500,-14.5094
-2505600,-14.6224
-2505700,-14.7544
-2505800,-14.8764
-2505900,-15.0074
-2506000,-15.1374
-2506100,-15.2964
-2506200,-15.4244
-2506300,-15.5554
-2506400,-15.7054
-2506500,-15.8684
-2506600,-16.0484
-2506700,-16.1974
-2506800,-16.3884
-2506900,-16.6104
-2507000,-16.8034
-2507100,-17.0514
-2507200,-17.2774
-2507300,-17.5404
-2507400,-17.8084
-2507500,-18.0504
-2507600,-18.3074
-2507700,-18.5714
-2507800,-18.9384
-2507900,-19.3664
-2508000,-19.6894
-2508100,-20.0704
-2508200,-20.3804
-2508300,-20.7294
-2508400,-21.1104
-2508500,-21.4864
-2508600,-21.8474
-2508700,-22.2304
-2508800,-22.5914
-2508900,-22.9814
-2509000,-23.3544
-2509100,-23.7064
-2509200,-24.0684
-2509300,-24.4264
-2509400,-24.8274
-2509500,-25.1994
-2509600,-25.6144
-2509700,-26.0114
-2509800,-26.4264
-2509900,-26.8974
-2510000,-27.2934
-2510100,-27.7004
-2510200,-28.0964
-2510300,-28.5084
-2510400,-28.8844
-2510500,-29.3144
-2510600,-29.7434
-2510700,-30.1874
-2510800,-30.6154
-2510900,-31.0664
-2511000,-31.5134
-2511100,-31.9224
-2511200,-32.3584
-2511300,-32.8434
-2511400,-33.3724
-2511500,-33.8874
-2511600,-34.3474
-2511700,-34.8704
-2511800,-35.3974
-2511900,-35.9874
-2512000,-36.6144
-2512100,-37.2344
-2512200,-37.8674
-2512300,-38.4694
-2512400,-39.1824
-2512500,-39.9194
-2512600,-40.5454
-2512700,-41.1934
-2512800,-41.7684
-2512900,-42.3504
-2513000,-42.8744
-2513100,-43.3114
-2513200,-43.7774
-2513300,-44.1494
-2513400,-44.5294
-2513500,-44.8674
-2513600,-45.2264
-2513700,-45.5814
-2513800,-45.9164
-2513900,-46.2234
-2514000,-46.6234
-2514100,-46.9664
-2514200,-47.2954
-2514300,-47.6044
-2514400,-47.8954
-2514500,-48.1574
-2514600,-48.4484
-2514700,-48.6974
-2514800,-48.9334
-2514900,-49.1144
-2515000,-49.2884
-2515100,-49.4564
-2515200,-49.5674
-2515300,-49.6834
-2515400,-49.7744
-2515500,-49.8554
-2515600,-49.9354
-2515700,-50.0044
-2515800,-50.0354
-2515900,-50.0744
-2516000,-50.0914
-2516100,-50.1264
-2516200,-50.1224
-2516300,-50.1504
-2516400,-50.1724
-2516500,-50.2354
-2516600,-50.2954
-2516700,-50.3494
-2516800,-50.3814
-2516900,-50.4384
-2517000,-50.5124
-2517100,-50.5954
-2517200,-50.7184
-2517300,-50.8504
-2517400,-50.9374
-2517500,-51.0254
-2517600,-51.0864
-2517700,-51.1294
-2517800,-51.1604
-2517900,-51.1764
-2518000,-51.2074
-2518100,-51.1904
-2518200,-51.1714
-2518300,-51.1524
-2518400,-51.1264
-2518500,-51.0934
-2518600,-51.0554
-2518700,-51.0214
-2518800,-50.9464
-2518900,-50.8774
-2519000,-50.8224
-2519100,-50.7694
-2519200,-50.6954
-2519300,-50.6274
-2519400,-50.5714
-2519500,-50.5014
-2519600,-50.4204
-2519700,-50.3584
-2519800,-50.2714
-2519900,-50.1964
-2520000,-50.1294
-2520100,-50.0584
-2520200,-49.9994
-2520300,-49.9324
-2520400,-49.8494
-2520500,-49.7654
-2520600,-49.6784
-2520700,-49.5664
-2520800,-49.4664
-2520900,-49.3664
-2521000,-49.2534
-2521100,-49.1314
-2521200,-49.0174
-2521300,-48.8694
-2521400,-48.7674
-2521500,-48.6304
-2521600,-48.4874
-2521700,-48.3494
-2521800,-48.1914
-2521900,-48.0494
-2522000,-47.8894
-2522100,-47.7384
-2522200,-47.5854
-2522300,-47.4244
-2522400,-47.2724
-2522500,-47.1064
-2522600,-46.9354
-2522700,-46.7614
-2522800,-46.5944
-2522900,-46.4474
-2523000,-46.2574
-2523100,-46.0914
-2523200,-45.9194
-2523300,-45.7254
-2523400,-45.5384
-2523500,-45.3614
-2523600,-45.1684
-2523700,-44.9634
-2523800,-44.7654
-2523900,-44.5514
-2524000,-44.3274
-2524100,-44.0884
-2524200,-43.8544
-2524300,-43.5934
-2524400,-43.3604
-2524500,-43.1184
-2524600,-42.8624
-2524700,-42.6254
-2524800,-42.3834
-2524900,-42.1454
-2525000,-41.9024
-2525100,-41.6554
-2525200,-41.4144
-2525300,-41.1454
-2525400,-40.8864
-2525500,-40.6084
-2525600,-40.3644
-2525700,-40.1004
-2525800,-39.8194
-2525900,-39.5774
-2526000,-39.3014
-2526100,-39.0274
-2526200,-38.7584
-2526300,-38.5084
-2526400,-38.2514
-2526500,-38.0174
-2526600,-37.7674
-2526700,-37.5464
-2526800,-37.3194
-2526900,-37.1034
-2527000,-36.8784
-2527100,-36.6594
-2527200,-36.4454
-2527300,-36.2174
-2527400,-36.0194
-2527500,-35.7964
-2527600,-35.5954
-2527700,-35.3754
-2527800,-35.1944
-2527900,-34.9994
-2528000,-34.8304
-2528100,-34.6244
-2528200,-34.4374
-2528300,-34.2584
-2528400,-34.0454
-2528500,-33.8814
-2528600,-33.7024
-2528700,-33.5384
-2528800,-33.3674
-2528900,-33.1794
-2529000,-33.0194
-2529100,-32.8414
-2529200,-32.6644
-2529300,-32.4744
-2529400,-32.3014
-2529500,-32.1064
-2529600,-31.9164
-2529700,-31.7354
-2529800,-31.5454
-2529900,-31.3564
-2530000,-31.1444
-2530100,-30.9594
-2530200,-30.7534
-2530300,-30.5474
-2530400,-30.3494
-2530500,-30.1364
-2530600,-29.9304
-2530700,-29.7224
-2530800,-29.5064
-2530900,-29.2934
-2531000,-29.0684
-2531100,-28.8354
-2531200,-28.6254
-2531300,-28.3994
-2531400,-28.1844
-2531500,-27.9674
-2531600,-27.7414
-2531700,-27.5124
-2531800,-27.2894
-2531900,-27.0604
-2532000,-26.8234
-2532100,-26.5924
-2532200,-26.3374
-2532300,-26.0964
-2532400,-25.8514
-2532500,-25.6104
-2532600,-25.3554
-2532700,-25.1004
-2532800,-24.8684
-2532900,-24.6274
-2533000,-24.3764
-2533100,-24.1214
-2533200,-23.8624
-2533300,-23.6004
-2533400,-23.3164
-2533500,-23.0684
-2533600,-22.8074
-2533700,-22.5694
-2533800,-22.3334
-2533900,-22.0794
-2534000,-21.8324
-2534100,-21.5914
-2534200,-21.3444
-2534300,-21.0974
-2534400,-20.8904
-2534500,-20.6604
-2534600,-20.4264
-2534700,-20.1904
-2534800,-19.9434
-2534900,-19.6714
-2535000,-19.4304
-2535100,-19.1574
-2535200,-18.8794
-2535300,-18.6134
-2535400,-18.3284
-2535500,-18.0714
-2535600,-17.7904
-2535700,-17.5074
-2535800,-17.2324
-2535900,-16.9474
-2536000,-16.6724
-2536100,-16.3974
-2536200,-16.0814
-2536300,-15.8054
-2536400,-15.4874
-2536500,-15.1624
-2536600,-14.8614
-2536700,-14.5464
-2536800,-14.2384
-2536900,-13.8954
-2537000,-13.5594
-2537100,-13.2204
-2537200,-12.8804
-2537300,-12.5734
-2537400,-12.2164
-2537500,-11.8874
-2537600,-11.5584
-2537700,-11.2714
-2537800,-11.0474
-2537900,-10.8494
-2538000,-10.6804
-2538100,-10.5154
-2538200,-10.3484
-2538300,-10.1884
-2538400,-10.0274
-2538500,-9.8564
-2538600,-9.6984
-2538700,-9.5434
-2538800,-9.4164
-2538900,-9.2924
-2539000,-9.1684
-2539100,-9.0504
-2539200,-8.9374
-2539300,-8.8294
-2539400,-8.7294
-2539500,-8.6344
-2539600,-8.5444
-2539700,-8.4464
-2539800,-8.3674
-2539900,-8.2984
-2540000,-8.2414
-2540100,-8.1794
-2540200,-8.1144
-2540300,-8.0454
-2540400,-7.9954
-2540500,-7.9414
-2540600,-7.8914
-2540700,-7.8464
-2540800,-7.7984
-2540900,-7.7484
-2541000,-7.7164
-2541100,-7.6814
-2541200,-7.6534
-2541300,-7.6064
-2541400,-7.5764
-2541500,-7.5474
-2541600,-7.5054
-2541700,-7.4704
-2541800,-7.4394
-2541900,-7.4134
-2542000,-7.3844
-2542100,-7.3664
-2542200,-7.3444
-2542300,-7.3254
-2542400,-7.3074
-2542500,-7.2924
-2542600,-7.2764
-2542700,-7.2654
-2542800,-7.2484
-2542900,-7.2334
-2543000,-7.2124
-2543100,-7.1984
-2543200,-7.1854
-2543300,-7.1674
-2543400,-7.1594
-2543500,-7.1444
-2543600,-7.1494
-2543700,-7.1404
-2543800,-7.1394
-2543900,-7.1424
-2544000,-7.1434
-2544100,-7.1454
-2544200,-7.1494
-2544300,-7.1484
-2544400,-7.1484
-2544500,-7.1484
-2544600,-7.1474
-2544700,-7.1494
-2544800,-7.1534
-2544900,-7.1614
-2545000,-7.1594
-2545100,-7.1654
-2545200,-7.1624
-2545300,-7.1664
-2545400,-7.1664
-2545500,-7.1704
-2545600,-7.1704
-2545700,-7.1774
-2545800,-7.1814
-2545900,-7.1864
-2546000,-7.1894
-2546100,-7.1984
-2546200,-7.1994
-2546300,-7.2064
-2546400,-7.2174
-2546500,-7.2284
-2546600,-7.2344
-2546700,-7.2474
-2546800,-7.2544
-2546900,-7.2674
-2547000,-7.2794
-2547100,-7.2964
-2547200,-7.3114
-2547300,-7.3254
-2547400,-7.3444
-2547500,-7.3584
-2547600,-7.3764
-2547700,-7.3974
-2547800,-7.4194
-2547900,-7.4414
-2548000,-7.4624
-2548100,-7.4864
-2548200,-7.5174
-2548300,-7.5384
-2548400,-7.5734
-2548500,-7.6004
-2548600,-7.6264
-2548700,-7.6584
-2548800,-7.6954
-2548900,-7.7404
-2549000,-7.7904
-2549100,-7.8244
-2549200,-7.8574
-2549300,-7.8964
-2549400,-7.9354
-2549500,-7.9734
-2549600,-8.0184
-2549700,-8.0924
-2549800,-8.1374
-2549900,-8.1994
-2550000,-8.2614
-2550100,-8.3284
-2550200,-8.3744
-2550300,-8.4224
-2550400,-8.4674
-2550500,-8.5264
-2550600,-8.5884
-2550700,-8.6514
-2550800,-8.7474
-2550900,-8.8444
-2551000,-8.9444
-2551100,-9.0234
-2551200,-9.1214
-2551300,-9.2054
-2551400,-9.2794
-2551500,-9.3554
-2551600,-9.4294
-2551700,-9.5114
-2551800,-9.5724
-2551900,-9.6454
-2552000,-9.7294
-2552100,-9.7794
-2552200,-9.8174
-2552300,-9.8614
-2552400,-9.9174
-2552500,-9.9824
-2552600,-10.0264
-2552700,-10.0824
-2552800,-10.1314
-2552900,-10.1864
-2553000,-10.2484
-2553100,-10.3044
-2553200,-10.3694
-2553300,-10.4284
-2553400,-10.4804
-2553500,-10.5274
-2553600,-10.5634
-2553700,-10.5954
-2553800,-10.6304
-2553900,-10.6584
-2554000,-10.6904
-2554100,-10.7184
-2554200,-10.7444
-2554300,-10.7664
-2554400,-10.7804
-2554500,-10.8024
-2554600,-10.8224
-2554700,-10.8394
-2554800,-10.8474
-2554900,-10.8644
-2555000,-10.8874
-2555100,-10.9004
-2555200,-10.8954
-2555300,-10.8984
-2555400,-10.8884
-2555500,-10.8834
-2555600,-10.8754
-2555700,-10.8644
-2555800,-10.8584
-2555900,-10.8554
-2556000,-10.8494
-2556100,-10.8504
-2556200,-10.8384
-2556300,-10.8344
-2556400,-10.8254
-2556500,-10.8314
-2556600,-10.8154
-2556700,-10.8074
-2556800,-10.7994
-2556900,-10.7914
-2557000,-10.7814
-2557100,-10.7574
-2557200,-10.7394
-2557300,-10.7214
-2557400,-10.7084
-2557500,-10.6964
-2557600,-10.6844
-2557700,-10.6784
-2557800,-10.6764
-2557900,-10.6764
-2558000,-10.6694
-2558100,-10.6634
-2558200,-10.6614
-2558300,-10.6594
-2558400,-10.6584
-2558500,-10.6584
-2558600,-10.6564
-2558700,-10.6554
-2558800,-10.6564
-2558900,-10.6504
-2559000,-10.6414
-2559100,-10.6444
-2559200,-10.6424
-2559300,-10.6464
-2559400,-10.6494
-2559500,-10.6524
-2559600,-10.6594
-2559700,-10.6724
-2559800,-10.6724
-2559900,-10.6794
-2560000,-10.6824
-2560100,-10.6864
-2560200,-10.6914
-2560300,-10.6984
-2560400,-10.7064
-2560500,-10.7164
-2560600,-10.7194
-2560700,-10.7244
-2560800,-10.7304
-2560900,-10.7344
-2561000,-10.7384
-2561100,-10.7444
-2561200,-10.7504
-2561300,-10.7514
-2561400,-10.7504
-2561500,-10.7504
-2561600,-10.7504
-2561700,-10.7504
-2561800,-10.7524
-2561900,-10.7494
-2562000,-10.7454
-2562100,-10.7504
-2562200,-10.7524
-2562300,-10.7464
-2562400,-10.7404
-2562500,-10.7414
-2562600,-10.7194
-2562700,-10.7144
-2562800,-10.6924
-2562900,-10.6794
-2563000,-10.6554
-2563100,-10.6354
-2563200,-10.6094
-2563300,-10.5774
-2563400,-10.5534
-2563500,-10.5264
-2563600,-10.4904
-2563700,-10.4694
-2563800,-10.4404
-2563900,-10.4034
-2564000,-10.3754
-2564100,-10.3364
-2564200,-10.2954
-2564300,-10.2554
-2564400,-10.2164
-2564500,-10.1754
-2564600,-10.1334
-2564700,-10.0854
-2564800,-10.0424
-2564900,-9.9874
-2565000,-9.9414
-2565100,-9.8934
-2565200,-9.8484
-2565300,-9.8024
-2565400,-9.7644
-2565500,-9.7184
-2565600,-9.6734
-2565700,-9.6244
-2565800,-9.5804
-2565900,-9.5344
-2566000,-9.4814
-2566100,-9.4384
-2566200,-9.3914
-2566300,-9.3394
-2566400,-9.2924
-2566500,-9.2434
-2566600,-9.2014
-2566700,-9.1454
-2566800,-9.0904
-2566900,-9.0504
-2567000,-9.0054
-2567100,-8.9584
-2567200,-8.9154
-2567300,-8.8874
-2567400,-8.8404
-2567500,-8.8094
-2567600,-8.7654
-2567700,-8.7254
-2567800,-8.6944
-2567900,-8.6634
-2568000,-8.6224
-2568100,-8.5924
-2568200,-8.5644
-2568300,-8.5294
-2568400,-8.5024
-2568500,-8.4694
-2568600,-8.4444
-2568700,-8.4214
-2568800,-8.3914
-2568900,-8.3694
-2569000,-8.3404
-2569100,-8.3104
-2569200,-8.2924
-2569300,-8.2594
-2569400,-8.2354
-2569500,-8.1994
-2569600,-8.1564
-2569700,-8.1224
-2569800,-8.1024
-2569900,-8.0734
-2570000,-8.0524
-2570100,-8.0314
-2570200,-8.0134
-2570300,-7.9994
-2570400,-7.9724
-2570500,-7.9554
-2570600,-7.9294
-2570700,-7.9064
-2570800,-7.8884
-2570900,-7.8624
-2571000,-7.8444
-2571100,-7.8204
-2571200,-7.7984
-2571300,-7.7744
-2571400,-7.7504
-2571500,-7.7244
-2571600,-7.6944
-2571700,-7.6694
-2571800,-7.6434
-2571900,-7.6134
-2572000,-7.5874
-2572100,-7.5494
-2572200,-7.5164
-2572300,-7.4894
-2572400,-7.4544
-2572500,-7.4224
-2572600,-7.3874
-2572700,-7.3534
-2572800,-7.3234
-2572900,-7.2894
-2573000,-7.2584
-2573100,-7.2254
-2573200,-7.1854
-2573300,-7.1534
-2573400,-7.1174
-2573500,-7.0824
-2573600,-7.0424
-2573700,-7.0144
-2573800,-6.9714
-2573900,-6.9254
-2574000,-6.8924
-2574100,-6.8514
-2574200,-6.8084
-2574300,-6.7754
-2574400,-6.7334
-2574500,-6.6944
-2574600,-6.6614
-2574700,-6.6294
-2574800,-6.5994
-2574900,-6.5694
-2575000,-6.5384
-2575100,-6.4994
-2575200,-6.4694
-2575300,-6.4284
-2575400,-6.3914
-2575500,-6.3634
-2575600,-6.3464
-2575700,-6.3304
-2575800,-6.3224
-2575900,-6.3074
-2576000,-6.3034
-2576100,-6.2924
-2576200,-6.2854
-2576300,-6.2834
-2576400,-6.2824
-2576500,-6.2854
-2576600,-6.2894
-2576700,-6.3024
-2576800,-6.3164
-2576900,-6.3374
-2577000,-6.3604
-2577100,-6.3824
-2577200,-6.4134
-2577300,-6.4354
-2577400,-6.4664
-2577500,-6.5044
-2577600,-6.5334
-2577700,-6.5784
-2577800,-6.6204
-2577900,-6.6604
-2578000,-6.7024
-2578100,-6.7324
-2578200,-6.7674
-2578300,-6.8024
-2578400,-6.8414
-2578500,-6.8884
-2578600,-6.9394
-2578700,-6.9814
-2578800,-7.0324
-2578900,-7.0784
-2579000,-7.1174
-2579100,-7.1514
-2579200,-7.1834
-2579300,-7.2074
-2579400,-7.2444
-2579500,-7.2774
-2579600,-7.3084
-2579700,-7.3314
-2579800,-7.3494
-2579900,-7.3674
-2580000,-7.3774
-2580100,-7.3884
-2580200,-7.3964
-2580300,-7.4034
-2580400,-7.4144
-2580500,-7.4174
-2580600,-7.4254
-2580700,-7.4304
-2580800,-7.4364
-2580900,-7.4474
-2581000,-7.4544
-2581100,-7.4704
-2581200,-7.4784
-2581300,-7.4864
-2581400,-7.5014
-2581500,-7.5194
-2581600,-7.5374
-2581700,-7.5574
-2581800,-7.5744
-2581900,-7.6114
-2582000,-7.6444
-2582100,-7.6774
-2582200,-7.7034
-2582300,-7.7244
-2582400,-7.7684
-2582500,-7.8034
-2582600,-7.8434
-2582700,-7.8874
-2582800,-7.9394
-2582900,-7.9794
-2583000,-8.0264
-2583100,-8.0864
-2583200,-8.1324
-2583300,-8.1834
-2583400,-8.2344
-2583500,-8.2784
-2583600,-8.3244
-2583700,-8.3754
-2583800,-8.4294
-2583900,-8.4874
-2584000,-8.5574
-2584100,-8.6424
-2584200,-8.7034
-2584300,-8.7634
-2584400,-8.8364
-2584500,-8.9054
-2584600,-8.9844
-2584700,-9.0594
-2584800,-9.1394
-2584900,-9.2084
-2585000,-9.3034
-2585100,-9.3984
-2585200,-9.4824
-2585300,-9.5804
-2585400,-9.6914
-2585500,-9.8034
-2585600,-9.9694
-2585700,-10.1124
-2585800,-10.2624
-2585900,-10.4064
-2586000,-10.5604
-2586100,-10.7104
-2586200,-10.8534
-2586300,-10.9804
-2586400,-11.1274
-2586500,-11.2834
-2586600,-11.4344
-2586700,-11.5964
-2586800,-11.7414
-2586900,-11.8754
-2587000,-12.0264
-2587100,-12.1714
-2587200,-12.3284
-2587300,-12.4614
-2587400,-12.6014
-2587500,-12.7514
-2587600,-12.8964
-2587700,-13.0554
-2587800,-13.2034
-2587900,-13.3564
-2588000,-13.5034
-2588100,-13.6394
-2588200,-13.7744
-2588300,-13.9104
-2588400,-14.0484
-2588500,-14.1864
-2588600,-14.3024
-2588700,-14.4054
-2588800,-14.4994
-2588900,-14.5964
-2589000,-14.6794
-2589100,-14.7524
-2589200,-14.8344
-2589300,-14.9004
-2589400,-14.9804
-2589500,-15.0634
-2589600,-15.1514
-2589700,-15.2264
-2589800,-15.3264
-2589900,-15.4014
-2590000,-15.4664
-2590100,-15.5604
-2590200,-15.6664
-2590300,-15.7344
-2590400,-15.8224
-2590500,-15.9194
-2590600,-16.0014
-2590700,-16.0864
-2590800,-16.1644
-2590900,-16.2674
-2591000,-16.3454
-2591100,-16.4334
-2591200,-16.5194
-2591300,-16.6094
-2591400,-16.6974
-2591500,-16.7904
-2591600,-16.8704
-2591700,-16.9484
-2591800,-17.0224
-2591900,-17.1034
-2592000,-17.1804
-2592100,-17.2734
-2592200,-17.3874
-2592300,-17.4824
-2592400,-17.5724
-2592500,-17.6834
-2592600,-17.8204
-2592700,-17.9494
-2592800,-18.0674
-2592900,-18.1974
-2593000,-18.3194
-2593100,-18.4254
-2593200,-18.5844
-2593300,-18.7134
-2593400,-18.8324
-2593500,-18.9434
-2593600,-19.0584
-2593700,-19.1884
-2593800,-19.3044
-2593900,-19.4064
-2594000,-19.5064
-2594100,-19.6494
-2594200,-19.7864
-2594300,-19.9834
-2594400,-20.1754
-2594500,-20.3854
-2594600,-20.6454
-2594700,-21.0024
-2594800,-21.5244
-2594900,-22.1514
-2595000,-22.7374
-2595100,-23.3924
-2595200,-24.0314
-2595300,-24.7944
-2595400,-25.6394
-2595500,-26.5064
-2595600,-27.6264
-2595700,-28.6394
-2595800,-29.6014
-2595900,-30.4124
-2596000,-31.1084
-2596100,-31.6474
-2596200,-32.0924
-2596300,-32.5134
-2596400,-32.8284
-2596500,-33.1334
-2596600,-33.4504
-2596700,-33.7134
-2596800,-33.9934
-2596900,-34.2314
-2597000,-34.4684
-2597100,-34.7234
-2597200,-34.9154
-2597300,-35.0564
-2597400,-35.1774
-2597500,-35.2804
-2597600,-35.3364
-2597700,-35.3744
-2597800,-35.3904
-2597900,-35.3934
-2598000,-35.4074
-2598100,-35.3944
-2598200,-35.3654
-2598300,-35.3314
-2598400,-35.2744
-2598500,-35.1944
-2598600,-35.1304
-2598700,-35.0624
-2598800,-34.9624
-2598900,-34.8624
-2599000,-34.7504
-2599100,-34.6434
-2599200,-34.5294
-2599300,-34.4284
-2599400,-34.3184
-2599500,-34.2024
-2599600,-34.0884
-2599700,-33.9774
-2599800,-33.8554
-2599900,-33.7304
-2600000,-33.6064
-2600100,-33.4714
-2600200,-33.3434
-2600300,-33.1964
-2600400,-33.0624
-2600500,-32.9144
-2600600,-32.7714
-2600700,-32.6134
-2600800,-32.4634
-2600900,-32.3154
-2601000,-32.1574
-2601100,-31.9984
-2601200,-31.8374
-2601300,-31.6684
-2601400,-31.5164
-2601500,-31.3444
-2601600,-31.1754
-2601700,-30.9934
-2601800,-30.8244
-2601900,-30.6544
-2602000,-30.4664
-2602100,-30.2804
-2602200,-30.0994
-2602300,-29.9054
-2602400,-29.7394
-2602500,-29.5484
-2602600,-29.3654
-2602700,-29.1594
-2602800,-28.9804
-2602900,-28.7794
-2603000,-28.5944
-2603100,-28.3854
-2603200,-28.1914
-2603300,-27.9784
-2603400,-27.7674
-2603500,-27.5544
-2603600,-27.3304
-2603700,-27.1194
-2603800,-26.8814
-2603900,-26.6524
-2604000,-26.4264
-2604100,-26.2014
-2604200,-25.9484
-2604300,-25.7094
-2604400,-25.4744
-2604500,-25.2204
-2604600,-24.9674
-2604700,-24.7004
-2604800,-24.4484
-2604900,-24.1824
-2605000,-23.9144
-2605100,-23.6474
-2605200,-23.3704
-2605300,-23.0984
-2605400,-22.8074
-2605500,-22.5484
-2605600,-22.2414
-2605700,-21.9394
-2605800,-21.6284
-2605900,-21.3224
-2606000,-21.0164
-2606100,-20.6894
-2606200,-20.3674
-2606300,-20.0214
-2606400,-19.6784
-2606500,-19.3454
-2606600,-18.9774
-2606700,-18.6274
-2606800,-18.2644
-2606900,-17.8834
-2607000,-17.5264
-2607100,-17.1464
-2607200,-16.7744
-2607300,-16.3494
-2607400,-15.8964
-2607500,-15.3824
-2607600,-14.7794
-2607700,-14.2964
-2607800,-13.8924
-2607900,-13.6194
-2608000,-13.3764
-2608100,-13.1164
-2608200,-12.8874
-2608300,-12.6814
-2608400,-12.4394
-2608500,-12.2174
-2608600,-12.0144
-2608700,-11.8284
-2608800,-11.6584
-2608900,-11.5004
-2609000,-11.3864
-2609100,-11.2794
-2609200,-11.1734
-2609300,-11.0774
-2609400,-10.9604
-2609500,-10.8304
-2609600,-10.7264
-2609700,-10.6224
-2609800,-10.5064
-2609900,-10.3974
-2610000,-10.3014
-2610100,-10.1804
-2610200,-10.0844
-2610300,-9.9654
-2610400,-9.8544
-2610500,-9.7714
-2610600,-9.6574
-2610700,-9.5654
-2610800,-9.4774
-2610900,-9.3974
-2611000,-9.3214
-2611100,-9.2584
-2611200,-9.1884
-2611300,-9.1204
-2611400,-9.0574
-2611500,-8.9954
-2611600,-8.9494
-2611700,-8.8844
-2611800,-8.8284
-2611900,-8.7814
-2612000,-8.7224
-2612100,-8.6674
-2612200,-8.6164
-2612300,-8.5624
-2612400,-8.5094
-2612500,-8.4554
-2612600,-8.4074
-2612700,-8.3624
-2612800,-8.3144
-2612900,-8.2654
-2613000,-8.2234
-2613100,-8.1774
-2613200,-8.1294
-2613300,-8.0774
-2613400,-8.0294
-2613500,-7.9804
-2613600,-7.9434
-2613700,-7.8944
-2613800,-7.8584
-2613900,-7.8084
-2614000,-7.7734
-2614100,-7.7174
-2614200,-7.6584
-2614300,-7.6174
-2614400,-7.5594
-2614500,-7.5064
-2614600,-7.4624
-2614700,-7.4194
-2614800,-7.3894
-2614900,-7.3514
-2615000,-7.3214
-2615100,-7.2884
-2615200,-7.2554
-2615300,-7.2244
-2615400,-7.2014
-2615500,-7.1564
-2615600,-7.1264
-2615700,-7.1034
-2615800,-7.0794
-2615900,-7.0644
-2616000,-7.0304
-2616100,-7.0074
-2616200,-6.9914
-2616300,-6.9604
-2616400,-6.9394
-2616500,-6.9144
-2616600,-6.9144
-2616700,-6.9064
-2616800,-6.9204
-2616900,-6.8854
-2617000,-6.8714
-2617100,-6.8564
-2617200,-6.8524
-2617300,-6.8304
-2617400,-6.8334
-2617500,-6.8174
-2617600,-6.8124
-2617700,-6.8074
-2617800,-6.8014
-2617900,-6.7894
-2618000,-6.7724
-2618100,-6.7614
-2618200,-6.7554
-2618300,-6.7424
-2618400,-6.7284
-2618500,-6.7184
-2618600,-6.7154
-2618700,-6.7184
-2618800,-6.7334
-2618900,-6.7354
-2619000,-6.7414
-2619100,-6.7374
-2619200,-6.7484
-2619300,-6.7564
-2619400,-6.7664
-2619500,-6.7804
-2619600,-6.7934
-2619700,-6.8184
-2619800,-6.8434
-2619900,-6.8674
-2620000,-6.8804
-2620100,-6.8924
-2620200,-6.9104
-2620300,-6.9304
-2620400,-6.9534
-2620500,-6.9814
-2620600,-7.0064
-2620700,-7.0194
-2620800,-7.0384
-2620900,-7.0714
-2621000,-7.1024
-2621100,-7.1164
-2621200,-7.1414
-2621300,-7.1754
-2621400,-7.2094
-2621500,-7.2454
-2621600,-7.2834
-2621700,-7.3224
-2621800,-7.3534
-2621900,-7.3964
-2622000,-7.4494
-2622100,-7.4914
-2622200,-7.5384
-2622300,-7.5824
-2622400,-7.6404
-2622500,-7.7174
-2622600,-7.7604
-2622700,-7.8234
-2622800,-7.8824
-2622900,-7.9584
-2623000,-8.0164
-2623100,-8.0714
-2623200,-8.1404
-2623300,-8.2184
-2623400,-8.2984
-2623500,-8.3824
-2623600,-8.4684
-2623700,-8.5524
-2623800,-8.6444
-2623900,-8.7524
-2624000,-8.8494
-2624100,-8.9484
-2624200,-9.0464
-2624300,-9.1544
-2624400,-9.2604
-2624500,-9.3524
-2624600,-9.4594
-2624700,-9.5454
-2624800,-9.6314
-2624900,-9.7484
-2625000,-9.8654
-2625100,-9.9964
-2625200,-10.1074
-2625300,-10.1894
-2625400,-10.2574
-2625500,-10.3364
-2625600,-10.3984
-2625700,-10.4694
-2625800,-10.5364
-2625900,-10.5824
-2626000,-10.6394
-2626100,-10.6764
-2626200,-10.7144
-2626300,-10.7534
-2626400,-10.7974
-2626500,-10.8304
-2626600,-10.8884
-2626700,-10.9264
-2626800,-10.9604
-2626900,-10.9954
-2627000,-11.0294
-2627100,-11.0584
-2627200,-11.1054
-2627300,-11.1564
-2627400,-11.1914
-2627500,-11.2264
-2627600,-11.2854
-2627700,-11.3424
-2627800,-11.3964
-2627900,-11.4504
-2628000,-11.5054
-2628100,-11.5634
-2628200,-11.6224
-2628300,-11.6854
-2628400,-11.7684
-2628500,-11.8424
-2628600,-11.9124
-2628700,-11.9894
-2628800,-12.0784
-2628900,-12.1694
-2629000,-12.2504
-2629100,-12.3344
-2629200,-12.4354
-2629300,-12.5454
-2629400,-12.6564
-2629500,-12.7744
-2629600,-12.8934
-2629700,-13.0234
-2629800,-13.1624
-2629900,-13.2734
-2630000,-13.3864
-2630100,-13.4994
-2630200,-13.6094
-2630300,-13.7194
-2630400,-13.8384
-2630500,-13.9564
-2630600,-14.0854
-2630700,-14.2204
-2630800,-14.3604
-2630900,-14.4854
-2631000,-14.6204
-2631100,-14.7434
-2631200,-14.8834
-2631300,-15.0284
-2631400,-15.1814
-2631500,-15.3254
-2631600,-15.4744
-2631700,-15.5794
-2631800,-15.6984
-2631900,-15.7914
-2632000,-15.9234
-2632100,-16.0184
-2632200,-16.1014
-2632300,-16.2124
-2632400,-16.3424
-2632500,-16.4794
-2632600,-16.6124
-2632700,-16.7294
-2632800,-16.8544
-2632900,-16.9424
-2633000,-17.0214
-2633100,-17.1024
-2633200,-17.1754
-2633300,-17.2604
-2633400,-17.3254
-2633500,-17.4104
-2633600,-17.4984
-2633700,-17.5724
-2633800,-17.6444
-2633900,-17.7204
-2634000,-17.7874
-2634100,-17.8674
-2634200,-17.9034
-2634300,-17.9474
-2634400,-18.0174
-2634500,-18.0684
-2634600,-18.1034
-2634700,-18.1544
-2634800,-18.1924
-2634900,-18.2514
-2635000,-18.3044
-2635100,-18.3654
-2635200,-18.4054
-2635300,-18.4564
-2635400,-18.5144
-2635500,-18.5644
-2635600,-18.6314
-2635700,-18.6884
-2635800,-18.7684
-2635900,-18.8594
-2636000,-18.9704
-2636100,-19.0864
-2636200,-19.2634
-2636300,-19.4454
-2636400,-19.6304
-2636500,-19.8584
-2636600,-20.0814
-2636700,-20.2984
-2636800,-20.5284
-2636900,-20.7634
-2637000,-20.9854
-2637100,-21.2354
-2637200,-21.5414
-2637300,-21.8154
-2637400,-22.1324
-2637500,-22.4674
-2637600,-22.8704
-2637700,-23.4354
-2637800,-24.0204
-2637900,-24.6814
-2638000,-25.3764
-2638100,-25.9234
-2638200,-26.3724
-2638300,-26.8204
-2638400,-27.1994
-2638500,-27.5464
-2638600,-27.7964
-2638700,-28.0224
-2638800,-28.2584
-2638900,-28.3714
-2639000,-28.4964
-2639100,-28.6054
-2639200,-28.6884
-2639300,-28.7874
-2639400,-28.9034
-2639500,-28.9914
-2639600,-29.1334
-2639700,-29.2564
-2639800,-29.3374
-2639900,-29.3614
-2640000,-29.3794
-2640100,-29.3504
-2640200,-29.3294
-2640300,-29.3004
-2640400,-29.2484
-2640500,-29.1644
-2640600,-29.0814
-2640700,-28.9784
-2640800,-28.8904
-2640900,-28.7954
-2641000,-28.6954
-2641100,-28.5784
-2641200,-28.4624
-2641300,-28.3374
-2641400,-28.2254
-2641500,-28.0874
-2641600,-27.9534
-2641700,-27.8214
-2641800,-27.6714
-2641900,-27.5124
-2642000,-27.3464
-2642100,-27.1784
-2642200,-26.9994
-2642300,-26.8654
-2642400,-26.6754
-2642500,-26.4814
-2642600,-26.2894
-2642700,-26.0864
-2642800,-25.8764
-2642900,-25.6794
-2643000,-25.4554
-2643100,-25.2334
-2643200,-24.9974
-2643300,-24.7654
-2643400,-24.5374
-2643500,-24.3014
-2643600,-24.0584
-2643700,-23.8254
-2643800,-23.5824
-2643900,-23.3424
-2644000,-23.1084
-2644100,-22.8464
-2644200,-22.6014
-2644300,-22.3434
-2644400,-22.0834
-2644500,-21.8124
-2644600,-21.5514
-2644700,-21.2724
-2644800,-21.0114
-2644900,-20.7194
-2645000,-20.4414
-2645100,-20.1444
-2645200,-19.8604
-2645300,-19.5504
-2645400,-19.2394
-2645500,-18.9164
-2645600,-18.5984
-2645700,-18.2644
-2645800,-17.9404
-2645900,-17.6214
-2646000,-17.3034
-2646100,-16.9794
-2646200,-16.6364
-2646300,-16.3064
-2646400,-15.9524
-2646500,-15.6034
-2646600,-15.2704
-2646700,-14.9274
-2646800,-14.6004
-2646900,-14.3034
-2647000,-13.9924
-2647100,-13.6674
-2647200,-13.3364
-2647300,-13.0054
-2647400,-12.6714
-2647500,-12.2894
-2647600,-11.9314
-2647700,-11.6004
-2647800,-11.2734
-2647900,-10.9974
-2648000,-10.6984
-2648100,-10.4554
-2648200,-10.1934
-2648300,-9.9764
-2648400,-9.7514
-2648500,-9.5344
-2648600,-9.3374
-2648700,-9.1394
-2648800,-8.9544
-2648900,-8.7874
-2649000,-8.6134
-2649100,-8.4434
-2649200,-8.2874
-2649300,-8.1414
-2649400,-7.9954
-2649500,-7.8474
-2649600,-7.7144
-2649700,-7.5694
-2649800,-7.4334
-2649900,-7.3304
-2650000,-7.2214
-2650100,-7.1254
-2650200,-7.0364
-2650300,-6.9434
-2650400,-6.8674
-2650500,-6.7794
-2650600,-6.6984
-2650700,-6.6114
-2650800,-6.5384
-2650900,-6.4574
-2651000,-6.3704
-2651100,-6.3024
-2651200,-6.2454
-2651300,-6.1904
-2651400,-6.1104
-2651500,-6.0534
-2651600,-5.9704
-2651700,-5.9194
-2651800,-5.8504
-2651900,-5.7874
-2652000,-5.7214
-2652100,-5.6584
-2652200,-5.6024
-2652300,-5.5444
-2652400,-5.4764
-2652500,-5.4124
-2652600,-5.3454
-2652700,-5.2854
-2652800,-5.2284
-2652900,-5.1654
-2653000,-5.1144
-2653100,-5.0594
-2653200,-5.0154
-2653300,-4.9684
-2653400,-4.9324
-2653500,-4.8834
-2653600,-4.8524
-2653700,-4.8064
-2653800,-4.7624
-2653900,-4.7274
-2654000,-4.6824
-2654100,-4.6494
-2654200,-4.6024
-2654300,-4.5794
-2654400,-4.5414
-2654500,-4.5184
-2654600,-4.4804
-2654700,-4.4554
-2654800,-4.4274
-2654900,-4.3974
-2655000,-4.3864
-2655100,-4.3624
-2655200,-4.3604
-2655300,-4.3514
-2655400,-4.3304
-2655500,-4.3074
-2655600,-4.2864
-2655700,-4.2684
-2655800,-4.2494
-2655900,-4.2334
-2656000,-4.2114
-2656100,-4.1994
-2656200,-4.1894
-2656300,-4.1794
-2656400,-4.1654
-2656500,-4.1584
-2656600,-4.1474
-2656700,-4.1424
-2656800,-4.1354
-2656900,-4.1254
-2657000,-4.1034
-2657100,-4.0954
-2657200,-4.0934
-2657300,-4.0954
-2657400,-4.0804
-2657500,-4.0704
-2657600,-4.0654
-2657700,-4.0514
-2657800,-4.0454
-2657900,-4.0424
-2658000,-4.0304
-2658100,-4.0354
-2658200,-4.0284
-2658300,-4.0314
-2658400,-4.0264
-2658500,-4.0274
-2658600,-4.0304
-2658700,-4.0324
-2658800,-4.0354
-2658900,-4.0374
-2659000,-4.0314
-2659100,-4.0424
-2659200,-4.0334
-2659300,-4.0364
-2659400,-4.0334
-2659500,-4.0374
-2659600,-4.0324
-2659700,-4.0324
-2659800,-4.0314
-2659900,-4.0284
-2660000,-4.0264
-2660100,-4.0284
-2660200,-4.0274
-2660300,-4.0264
-2660400,-4.0264
-2660500,-4.0264
-2660600,-4.0304
-2660700,-4.0324
-2660800,-4.0434
-2660900,-4.0464
-2661000,-4.0514
-2661100,-4.0524
-2661200,-4.0534
-2661300,-4.0624
-2661400,-4.0694
-2661500,-4.0794
-2661600,-4.0894
-2661700,-4.0964
-2661800,-4.1054
-2661900,-4.1134
-2662000,-4.1194
-2662100,-4.1294
-2662200,-4.1364
-2662300,-4.1394
-2662400,-4.1424
-2662500,-4.1664
-2662600,-4.1694
-2662700,-4.1704
-2662800,-4.1704
-2662900,-4.1814
-2663000,-4.1844
-2663100,-4.1844
-2663200,-4.1834
-2663300,-4.1824
-2663400,-4.1804
-2663500,-4.1894
-2663600,-4.1984
-2663700,-4.1954
-2663800,-4.2024
-2663900,-4.2074
-2664000,-4.2064
-2664100,-4.2194
-2664200,-4.2464
-2664300,-4.2374
-2664400,-4.2474
-2664500,-4.2704
-2664600,-4.2594
-2664700,-4.3044
-2664800,-4.3194
-2664900,-4.3364
-2665000,-4.3374
-2665100,-4.3394
-2665200,-4.3414
-2665300,-4.3484
-2665400,-4.3514
-2665500,-4.3544
-2665600,-4.3594
-2665700,-4.3654
-2665800,-4.3734
-2665900,-4.3824
-2666000,-4.3894
-2666100,-4.3954
-2666200,-4.3964
-2666300,-4.4034
-2666400,-4.4124
-2666500,-4.4204
-2666600,-4.4334
-2666700,-4.4474
-2666800,-4.4644
-2666900,-4.4834
-2667000,-4.4984
-2667100,-4.5234
-2667200,-4.5414
-2667300,-4.5684
-2667400,-4.6034
-2667500,-4.6414
-2667600,-4.6864
-2667700,-4.7204
-2667800,-4.7754
-2667900,-4.8114
-2668000,-4.8394
-2668100,-4.8814
-2668200,-4.9514
-2668300,-4.9884
-2668400,-5.0144
-2668500,-5.0384
-2668600,-5.0864
-2668700,-5.1194
-2668800,-5.1594
-2668900,-5.2084
-2669000,-5.2484
-2669100,-5.2994
-2669200,-5.3574
-2669300,-5.4094
-2669400,-5.4784
-2669500,-5.5494
-2669600,-5.6144
-2669700,-5.6684
-2669800,-5.7444
-2669900,-5.8244
-2670000,-5.8964
-2670100,-5.9844
-2670200,-6.0734
-2670300,-6.1584
-2670400,-6.2344
-2670500,-6.3274
-2670600,-6.4274
-2670700,-6.5304
-2670800,-6.6424
-2670900,-6.7514
-2671000,-6.8714
-2671100,-7.0254
-2671200,-7.1664
-2671300,-7.2914
-2671400,-7.4274
-2671500,-7.5664
-2671600,-7.7114
-2671700,-7.8354
-2671800,-7.9814
-2671900,-8.1214
-2672000,-8.2264
-2672100,-8.3384
-2672200,-8.4584
-2672300,-8.5614
-2672400,-8.6914
-2672500,-8.7994
-2672600,-8.9084
-2672700,-8.9894
-2672800,-9.0664
-2672900,-9.1434
-2673000,-9.2144
-2673100,-9.3014
-2673200,-9.3794
-2673300,-9.4634
-2673400,-9.5654
-2673500,-9.6714
-2673600,-9.7784
-2673700,-9.8584
-2673800,-9.9634
-2673900,-10.0624
-2674000,-10.1894
-2674100,-10.3074
-2674200,-10.4454
-2674300,-10.5614
-2674400,-10.6744
-2674500,-10.7874
-2674600,-10.8914
-2674700,-10.9934
-2674800,-11.1094
-2674900,-11.2164
-2675000,-11.3264
-2675100,-11.4344
-2675200,-11.5514
-2675300,-11.6734
-2675400,-11.7784
-2675500,-11.8794
-2675600,-11.9874
-2675700,-12.0944
-2675800,-12.2034
-2675900,-12.3234
-2676000,-12.4554
-2676100,-12.5954
-2676200,-12.7574
-2676300,-12.9084
-2676400,-13.0444
-2676500,-13.1994
-2676600,-13.3444
-2676700,-13.5094
-2676800,-13.6844
-2676900,-13.8424
-2677000,-14.0424
-2677100,-14.2104
-2677200,-14.4004
-2677300,-14.5664
-2677400,-14.7544
-2677500,-14.9374
-2677600,-15.1184
-2677700,-15.2824
-2677800,-15.4694
-2677900,-15.6274
-2678000,-15.7824
-2678100,-15.9454
-2678200,-16.1134
-2678300,-16.2804
-2678400,-16.4354
-2678500,-16.6094
-2678600,-16.7924
-2678700,-16.9844
-2678800,-17.1604
-2678900,-17.3074
-2679000,-17.4804
-2679100,-17.6534
-2679200,-17.8304
-2679300,-17.9884
-2679400,-18.1344
-2679500,-18.2784
-2679600,-18.3944
-2679700,-18.5114
-2679800,-18.6644
-2679900,-18.8124
-2680000,-18.9944
-2680100,-19.1524
-2680200,-19.3074
-2680300,-19.4734
-2680400,-19.6204
-2680500,-19.8374
-2680600,-20.0764
-2680700,-20.3334
-2680800,-20.5384
-2680900,-20.7484
-2681000,-20.9584
-2681100,-21.1124
-2681200,-21.2484
-2681300,-21.3694
-2681400,-21.5214
-2681500,-21.6234
-2681600,-21.7384
-2681700,-21.8574
-2681800,-21.9904
-2681900,-22.1414
-2682000,-22.2954
-2682100,-22.4574
-2682200,-22.7014
-2682300,-22.9824
-2682400,-23.3194
-2682500,-23.7124
-2682600,-24.2194
-2682700,-24.5734
-2682800,-25.0024
-2682900,-25.3754
-2683000,-25.7854
-2683100,-26.0544
-2683200,-26.3014
-2683300,-26.4524
-2683400,-26.5994
-2683500,-26.6844
-2683600,-26.7614
-2683700,-26.7914
-2683800,-26.8144
-2683900,-26.8404
-2684000,-26.8394
-2684100,-26.8474
-2684200,-26.8474
-2684300,-26.8384
-2684400,-26.8384
-2684500,-26.8324
-2684600,-26.8324
-2684700,-26.8164
-2684800,-26.8054
-2684900,-26.7894
-2685000,-26.7744
-2685100,-26.7434
-2685200,-26.7254
-2685300,-26.7104
-2685400,-26.6804
-2685500,-26.6564
-2685600,-26.6294
-2685700,-26.5894
-2685800,-26.5714
-2685900,-26.5364
-2686000,-26.4994
-2686100,-26.4644
-2686200,-26.4394
-2686300,-26.3834
-2686400,-26.3594
-2686500,-26.3244
-2686600,-26.2824
-2686700,-26.2434
-2686800,-26.1884
-2686900,-26.1494
-2687000,-26.1144
-2687100,-26.0654
-2687200,-26.0074
-2687300,-25.9714
-2687400,-25.9184
-2687500,-25.8704
-2687600,-25.8194
-2687700,-25.7674
-2687800,-25.7084
-2687900,-25.6614
-2688000,-25.5924
-2688100,-25.5274
-2688200,-25.4634
-2688300,-25.4084
-2688400,-25.3304
-2688500,-25.2754
-2688600,-25.2004
-2688700,-25.1294
-2688800,-25.0534
-2688900,-24.9874
-2689000,-24.9084
-2689100,-24.8404
-2689200,-24.7434
-2689300,-24.6494
-2689400,-24.5874
-2689500,-24.5154
-2689600,-24.4504
-2689700,-24.3844
-2689800,-24.3114
-2689900,-24.2394
-2690000,-24.1914
-2690100,-24.1304
-2690200,-24.0594
-2690300,-24.0114
-2690400,-23.9654
-2690500,-23.9154
-2690600,-23.8704
-2690700,-23.8264
-2690800,-23.7734
-2690900,-23.7354
-2691000,-23.6884
-2691100,-23.6464
-2691200,-23.6054
-2691300,-23.5544
-2691400,-23.5024
-2691500,-23.4524
-2691600,-23.4014
-2691700,-23.3614
-2691800,-23.3184
-2691900,-23.2824
-2692000,-23.2374
-2692100,-23.1984
-2692200,-23.1604
-2692300,-23.1134
-2692400,-23.0624
-2692500,-23.0224
-2692600,-22.9734
-2692700,-22.9164
-2692800,-22.8744
-2692900,-22.8194
-2693000,-22.7684
-2693100,-22.7214
-2693200,-22.6524
-2693300,-22.6044
-2693400,-22.5484
-2693500,-22.4874
-2693600,-22.4324
-2693700,-22.3794
-2693800,-22.3214
-2693900,-22.2574
-2694000,-22.1984
-2694100,-22.1374
-2694200,-22.0854
-2694300,-22.0124
-2694400,-21.9494
-2694500,-21.8814
-2694600,-21.8204
-2694700,-21.7524
-2694800,-21.6844
-2694900,-21.6214
-2695000,-21.5444
-2695100,-21.4744
-2695200,-21.4044
-2695300,-21.3294
-2695400,-21.2614
-2695500,-21.1834
-2695600,-21.0914
-2695700,-21.0054
-2695800,-20.9064
-2695900,-20.7984
-2696000,-20.7144
-2696100,-20.5914
-2696200,-20.4674
-2696300,-20.3554
-2696400,-20.2294
-2696500,-20.1084
-2696600,-20.0074
-2696700,-19.9034
-2696800,-19.8154
-2696900,-19.7324
-2697000,-19.6484
-2697100,-19.5674
-2697200,-19.4964
-2697300,-19.4354
-2697400,-19.3904
-2697500,-19.3434
-2697600,-19.3024
-2697700,-19.2534
-2697800,-19.2174
-2697900,-19.1864
-2698000,-19.1824
-2698100,-19.1554
-2698200,-19.1464
-2698300,-19.1444
-2698400,-19.1174
-2698500,-19.1164
-2698600,-19.1054
-2698700,-19.1044
-2698800,-19.1214
-2698900,-19.1254
-2699000,-19.1284
-2699100,-19.1454
-2699200,-19.1644
-2699300,-19.1744
-2699400,-19.1894
-2699500,-19.2174
-2699600,-19.2404
-2699700,-19.2734
-2699800,-19.2954
-2699900,-19.3264
-2700000,-19.3504
-2700100,-19.3824
-2700200,-19.4164
-2700300,-19.4544
-2700400,-19.4934
-2700500,-19.5334
-2700600,-19.5834
-2700700,-19.6404
-2700800,-19.6974
-2700900,-19.7854
-2701000,-19.8874
-2701100,-19.9944
-2701200,-20.1194
-2701300,-20.2584
-2701400,-20.3804
-2701500,-20.5294
-2701600,-20.7064
-2701700,-20.8734
-2701800,-21.0514
-2701900,-21.3044
-2702000,-21.6424
-2702100,-21.9904
-2702200,-22.3334
-2702300,-22.6844
-2702400,-23.0744
-2702500,-23.4974
-2702600,-23.9434
-2702700,-24.4244
-2702800,-24.9634
-2702900,-25.5404
-2703000,-26.2554
-2703100,-26.9134
-2703200,-27.7314
-2703300,-28.4044
-2703400,-28.9814
-2703500,-29.6164
-2703600,-30.2134
-2703700,-30.6864
-2703800,-31.0734
-2703900,-31.4724
-2704000,-31.7744
-2704100,-32.0804
-2704200,-32.3184
-2704300,-32.4874
-2704400,-32.6154
-2704500,-32.7364
-2704600,-32.8344
-2704700,-32.8814
-2704800,-32.9044
-2704900,-32.9344
-2705000,-32.9674
-2705100,-32.9764
-2705200,-32.9864
-2705300,-32.9994
-2705400,-32.9834
-2705500,-32.9654
-2705600,-32.9574
-2705700,-32.9534
-2705800,-32.9374
-2705900,-32.9194
-2706000,-32.8984
-2706100,-32.8914
-2706200,-32.8694
-2706300,-32.8564
-2706400,-32.8384
-2706500,-32.8184
-2706600,-32.8114
-2706700,-32.7954
-2706800,-32.7794
-2706900,-32.7574
-2707000,-32.7424
-2707100,-32.7194
-2707200,-32.6994
-2707300,-32.6884
-2707400,-32.6784
-2707500,-32.6584
-2707600,-32.6474
-2707700,-32.6404
-2707800,-32.6394
-2707900,-32.6334
-2708000,-32.6194
-2708100,-32.6164
-2708200,-32.6094
-2708300,-32.6174
-2708400,-32.6214
-2708500,-32.6834
-2708600,-32.7024
-2708700,-32.7024
-2708800,-32.7004
-2708900,-32.6944
-2709000,-32.6904
-2709100,-32.6654
-2709200,-32.6654
-2709300,-32.6684
-2709400,-32.6834
-2709500,-32.7214
-2709600,-32.7374
-2709700,-32.7584
-2709800,-32.7854
-2709900,-32.8104
-2710000,-32.8214
-2710100,-32.8904
-2710200,-32.9384
-2710300,-32.9804
-2710400,-33.0454
-2710500,-33.1354
-2710600,-33.2294
-2710700,-33.3204
-2710800,-33.3694
-2710900,-33.4224
-2711000,-33.4634
-2711100,-33.4674
-2711200,-33.4904
-2711300,-33.4734
-2711400,-33.4484
-2711500,-33.4094
-2711600,-33.3684
-2711700,-33.3384
-2711800,-33.3074
-2711900,-33.2614
-2712000,-33.2224
-2712100,-33.1904
-2712200,-33.1594
-2712300,-33.1034
-2712400,-33.0754
-2712500,-33.0274
-2712600,-32.9734
-2712700,-32.9164
-2712800,-32.8624
-2712900,-32.7944
-2713000,-32.7154
-2713100,-32.6384
-2713200,-32.5794
-2713300,-32.4984
-2713400,-32.4234
-2713500,-32.3334
-2713600,-32.2464
-2713700,-32.1534
-2713800,-32.0604
-2713900,-31.9734
-2714000,-31.8744
-2714100,-31.7764
-2714200,-31.6704
-2714300,-31.5564
-2714400,-31.4524
-2714500,-31.3374
-2714600,-31.2224
-2714700,-31.1054
-2714800,-30.9854
-2714900,-30.8814
-2715000,-30.7494
-2715100,-30.6364
-2715200,-30.5114
-2715300,-30.3814
-2715400,-30.2544
-2715500,-30.1344
-2715600,-29.9954
-2715700,-29.8504
-2715800,-29.7204
-2715900,-29.5834
-2716000,-29.4454
-2716100,-29.3024
-2716200,-29.1554
-2716300,-29.0054
-2716400,-28.8504
-2716500,-28.7054
-2716600,-28.5354
-2716700,-28.3774
-2716800,-28.2264
-2716900,-28.0644
-2717000,-27.8924
-2717100,-27.7194
-2717200,-27.5444
-2717300,-27.3614
-2717400,-27.1794
-2717500,-27.0154
-2717600,-26.8254
-2717700,-26.6344
-2717800,-26.4454
-2717900,-26.2604
-2718000,-26.0684
-2718100,-25.8754
-2718200,-25.6844
-2718300,-25.4754
-2718400,-25.2644
-2718500,-25.0684
-2718600,-24.8384
-2718700,-24.6234
-2718800,-24.4124
-2718900,-24.1834
-2719000,-23.9504
-2719100,-23.7304
-2719200,-23.4864
-2719300,-23.2404
-2719400,-22.9884
-2719500,-22.7274
-2719600,-22.4754
-2719700,-22.2204
-2719800,-21.9464
-2719900,-21.6834
-2720000,-21.3904
-2720100,-21.1104
-2720200,-20.8214
-2720300,-20.5224
-2720400,-20.2244
-2720500,-19.9134
-2720600,-19.5884
-2720700,-19.2754
-2720800,-18.9414
-2720900,-18.6094
-2721000,-18.2654
-2721100,-17.9324
-2721200,-17.5684
-2721300,-17.2054
-2721400,-16.8144
-2721500,-16.4374
-2721600,-16.0454
-2721700,-15.6514
-2721800,-15.2584
-2721900,-14.8694
-2722000,-14.4684
-2722100,-14.1114
-2722200,-13.7464
-2722300,-13.3604
-2722400,-12.9704
-2722500,-12.5464
-2722600,-12.1664
-2722700,-11.8504
-2722800,-11.5244
-2722900,-11.3174
-2723000,-11.1654
-2723100,-11.0344
-2723200,-10.9004
-2723300,-10.7714
-2723400,-10.6594
-2723500,-10.5244
-2723600,-10.3984
-2723700,-10.2704
-2723800,-10.1514
-2723900,-10.0284
-2724000,-9.9264
-2724100,-9.8144
-2724200,-9.7094
-2724300,-9.6194
-2724400,-9.5174
-2724500,-9.4194
-2724600,-9.3204
-2724700,-9.2274
-2724800,-9.1424
-2724900,-9.0334
-2725000,-8.9674
-2725100,-8.8694
-2725200,-8.7784
-2725300,-8.6824
-2725400,-8.5894
-2725500,-8.5124
-2725600,-8.4234
-2725700,-8.3404
-2725800,-8.2594
-2725900,-8.1714
-2726000,-8.1044
-2726100,-8.0314
-2726200,-7.9684
-2726300,-7.8854
-2726400,-7.8234
-2726500,-7.7444
-2726600,-7.6894
-2726700,-7.6164
-2726800,-7.5374
-2726900,-7.4644
-2727000,-7.3944
-2727100,-7.3414
-2727200,-7.2694
-2727300,-7.2134
-2727400,-7.1684
-2727500,-7.1084
-2727600,-7.0534
-2727700,-7.0044
-2727800,-6.9524
-2727900,-6.9064
-2728000,-6.8504
-2728100,-6.7944
-2728200,-6.7314
-2728300,-6.6834
-2728400,-6.6204
-2728500,-6.5684
-2728600,-6.5164
-2728700,-6.4674
-2728800,-6.4064
-2728900,-6.3454
-2729000,-6.2854
-2729100,-6.2274
-2729200,-6.1634
-2729300,-6.1104
-2729400,-6.0614
-2729500,-6.0164
-2729600,-5.9704
-2729700,-5.9324
-2729800,-5.8964
-2729900,-5.8524
-2730000,-5.8134
-2730100,-5.7714
-2730200,-5.7354
-2730300,-5.6924
-2730400,-5.6404
-2730500,-5.5884
-2730600,-5.5484
-2730700,-5.5084
-2730800,-5.4784
-2730900,-5.4424
-2731000,-5.4154
-2731100,-5.3734
-2731200,-5.3394
-2731300,-5.3054
-2731400,-5.2634
-2731500,-5.2274
-2731600,-5.1854
-2731700,-5.1544
-2731800,-5.1204
-2731900,-5.0754
-2732000,-5.0394
-2732100,-4.9954
-2732200,-4.9564
-2732300,-4.9214
-2732400,-4.8844
-2732500,-4.8504
-2732600,-4.8164
-2732700,-4.7814
-2732800,-4.7404
-2732900,-4.7114
-2733000,-4.6734
-2733100,-4.6564
-2733200,-4.6234
-2733300,-4.5894
-2733400,-4.5564
-2733500,-4.5214
-2733600,-4.4904
-2733700,-4.4574
-2733800,-4.4264
-2733900,-4.3974
-2734000,-4.3764
-2734100,-4.3624
-2734200,-4.3324
-2734300,-4.3224
-2734400,-4.2994
-2734500,-4.2854
-2734600,-4.2674
-2734700,-4.2564
-2734800,-4.2424
-2734900,-4.2304
-2735000,-4.2164
-2735100,-4.2044
-2735200,-4.1884
-2735300,-4.1804
-2735400,-4.1764
-2735500,-4.1634
-2735600,-4.1564
-2735700,-4.1534
-2735800,-4.1424
-2735900,-4.1384
-2736000,-4.1324
-2736100,-4.1334
-2736200,-4.1254
-2736300,-4.1294
-2736400,-4.1184
-2736500,-4.1144
-2736600,-4.1084
-2736700,-4.1064
-2736800,-4.1084
-2736900,-4.1064
-2737000,-4.1024
-2737100,-4.1044
-2737200,-4.1004
-2737300,-4.1054
-2737400,-4.0984
-2737500,-4.0984
-2737600,-4.1014
-2737700,-4.1014
-2737800,-4.1014
-2737900,-4.1044
-2738000,-4.1014
-2738100,-4.1064
-2738200,-4.1064
-2738300,-4.1044
-2738400,-4.1044
-2738500,-4.1094
-2738600,-4.1074
-2738700,-4.1084
-2738800,-4.1154
-2738900,-4.1134
-2739000,-4.1164
-2739100,-4.1214
-2739200,-4.1194
-2739300,-4.1224
-2739400,-4.1334
-2739500,-4.1294
-2739600,-4.1344
-2739700,-4.1374
-2739800,-4.1404
-2739900,-4.1474
-2740000,-4.1454
-2740100,-4.1514
-2740200,-4.1594
-2740300,-4.1634
-2740400,-4.1604
-2740500,-4.1704
-2740600,-4.1734
-2740700,-4.1744
-2740800,-4.1834
-2740900,-4.1884
-2741000,-4.1894
-2741100,-4.2004
-2741200,-4.2084
-2741300,-4.2174
-2741400,-4.2224
-2741500,-4.2324
-2741600,-4.2394
-2741700,-4.2494
-2741800,-4.2534
-2741900,-4.2664
-2742000,-4.2714
-2742100,-4.2834
-2742200,-4.2914
-2742300,-4.3034
-2742400,-4.3154
-2742500,-4.3284
-2742600,-4.3444
-2742700,-4.3544
-2742800,-4.3704
-2742900,-4.3834
-2743000,-4.3964
-2743100,-4.4124
-2743200,-4.4274
-2743300,-4.4394
-2743400,-4.4614
-2743500,-4.4764
-2743600,-4.4944
-2743700,-4.5104
-2743800,-4.5284
-2743900,-4.5474
-2744000,-4.5694
-2744100,-4.5854
-2744200,-4.6114
-2744300,-4.6314
-2744400,-4.6494
-2744500,-4.6634
-2744600,-4.6814
-2744700,-4.7024
-2744800,-4.7254
-2744900,-4.7464
-2745000,-4.7654
-2745100,-4.7854
-2745200,-4.8084
-2745300,-4.8224
-2745400,-4.8474
-2745500,-4.8714
-2745600,-4.8884
-2745700,-4.9154
-2745800,-4.9344
-2745900,-4.9524
-2746000,-4.9694
-2746100,-4.9894
-2746200,-5.0114
-2746300,-5.0254
-2746400,-5.0444
-2746500,-5.0704
-2746600,-5.0924
-2746700,-5.1124
-2746800,-5.1464
-2746900,-5.1724
-2747000,-5.1934
-2747100,-5.2264
-2747200,-5.2564
-2747300,-5.2894
-2747400,-5.3124
-2747500,-5.3564
-2747600,-5.3884
-2747700,-5.4174
-2747800,-5.4574
-2747900,-5.4954
-2748000,-5.5244
-2748100,-5.5634
-2748200,-5.5984
-2748300,-5.6374
-2748400,-5.6774
-2748500,-5.7214
-2748600,-5.7534
-2748700,-5.8044
-2748800,-5.8424
-2748900,-5.8744
-2749000,-5.9104
-2749100,-5.9504
-2749200,-5.9904
-2749300,-6.0234
-2749400,-6.0584
-2749500,-6.0934
-2749600,-6.1224
-2749700,-6.1604
-2749800,-6.1954
-2749900,-6.2214
-2750000,-6.2424
-2750100,-6.2734
-2750200,-6.2934
-2750300,-6.3134
-2750400,-6.3334
-2750500,-6.3454
-2750600,-6.3514
-2750700,-6.3584
-2750800,-6.3674
-2750900,-6.3704
-2751000,-6.3724
-2751100,-6.3754
-2751200,-6.3774
-2751300,-6.3864
-2751400,-6.3874
-2751500,-6.3934
-2751600,-6.3954
-2751700,-6.4014
-2751800,-6.3984
-2751900,-6.4024
-2752000,-6.4014
-2752100,-6.4014
-2752200,-6.3994
-2752300,-6.4004
-2752400,-6.3984
-2752500,-6.4044
-2752600,-6.4034
-2752700,-6.4074
-2752800,-6.4094
-2752900,-6.4124
-2753000,-6.4114
-2753100,-6.4144
-2753200,-6.4154
-2753300,-6.4174
-2753400,-6.4154
-2753500,-6.4224
-2753600,-6.4254
-2753700,-6.4324
-2753800,-6.4264
-2753900,-6.4334
-2754000,-6.4344
-2754100,-6.4384
-2754200,-6.4404
-2754300,-6.4414
-2754400,-6.4444
-2754500,-6.4534
-2754600,-6.4524
-2754700,-6.4604
-2754800,-6.4604
-2754900,-6.4674
-2755000,-6.4644
-2755100,-6.4704
-2755200,-6.4684
-2755300,-6.4734
-2755400,-6.4744
-2755500,-6.4824
-2755600,-6.4824
-2755700,-6.4864
-2755800,-6.4884
-2755900,-6.4924
-2756000,-6.4984
-2756100,-6.4984
-2756200,-6.4964
-2756300,-6.4994
-2756400,-6.5014
-2756500,-6.5024
-2756600,-6.5034
-2756700,-6.5104
-2756800,-6.5044
-2756900,-6.5124
-2757000,-6.5104
-2757100,-6.5094
-2757200,-6.5114
-2757300,-6.5134
-2757400,-6.5124
-2757500,-6.5144
-2757600,-6.5134
-2757700,-6.5124
-2757800,-6.5094
-2757900,-6.5134
-2758000,-6.5104
-2758100,-6.5084
-2758200,-6.5034
-2758300,-6.5034
-2758400,-6.4974
-2758500,-6.4964
-2758600,-6.4924
-2758700,-6.4914
-2758800,-6.4814
-2758900,-6.4854
-2759000,-6.4804
-2759100,-6.4774
-2759200,-6.4724
-2759300,-6.4684
-2759400,-6.4644
-2759500,-6.4634
-2759600,-6.4554
-2759700,-6.4594
-2759800,-6.4514
-2759900,-6.4514
-2760000,-6.4454
-2760100,-6.4474
-2760200,-6.4444
-2760300,-6.4454
-2760400,-6.4404
-2760500,-6.4424
-2760600,-6.4344
-2760700,-6.4354
-2760800,-6.4314
-2760900,-6.4304
-2761000,-6.4254
-2761100,-6.4244
-2761200,-6.4224
-2761300,-6.4184
-2761400,-6.4154
-2761500,-6.4164
-2761600,-6.4094
-2761700,-6.4124
-2761800,-6.4064
-2761900,-6.4094
-2762000,-6.4014
-2762100,-6.4024
-2762200,-6.3964
-2762300,-6.3924
-2762400,-6.3884
-2762500,-6.3894
-2762600,-6.3844
-2762700,-6.3834
-2762800,-6.3784
-2762900,-6.3714
-2763000,-6.3704
-2763100,-6.3714
-2763200,-6.3634
-2763300,-6.3664
-2763400,-6.3594
-2763500,-6.3594
-2763600,-6.3534
-2763700,-6.3534
-2763800,-6.3504
-2763900,-6.3414
-2764000,-6.3394
-2764100,-6.3344
-2764200,-6.3284
-2764300,-6.3244
-2764400,-6.3234
-2764500,-6.3254
-2764600,-6.3184
-2764700,-6.3154
-2764800,-6.3104
-2764900,-6.3124
-2765000,-6.3114
-2765100,-6.3124
-2765200,-6.3084
-2765300,-6.3054
-2765400,-6.3024
-2765500,-6.3104
-2765600,-6.3084
-2765700,-6.3134
-2765800,-6.3164
-2765900,-6.3184
-2766000,-6.3204
-2766100,-6.3234
-2766200,-6.3234
-2766300,-6.3294
-2766400,-6.3274
-2766500,-6.3414
-2766600,-6.3394
-2766700,-6.3464
-2766800,-6.3514
-2766900,-6.3524
-2767000,-6.3574
-2767100,-6.3614
-2767200,-6.3624
-2767300,-6.3724
-2767400,-6.3734
-2767500,-6.3824
-2767600,-6.3874
-2767700,-6.3894
-2767800,-6.3964
-2767900,-6.4074
-2768000,-6.4114
-2768100,-6.4224
-2768200,-6.4314
-2768300,-6.4384
-2768400,-6.4394
-2768500,-6.4514
-2768600,-6.4604
-2768700,-6.4644
-2768800,-6.4764
-2768900,-6.4854
-2769000,-6.4884
-2769100,-6.5054
-2769200,-6.5084
-2769300,-6.5144
-2769400,-6.5214
-2769500,-6.5344
-2769600,-6.5354
-2769700,-6.5394
-2769800,-6.5444
-2769900,-6.5444
-2770000,-6.5494
-2770100,-6.5634
-2770200,-6.5604
-2770300,-6.5734
-2770400,-6.5784
-2770500,-6.5814
-2770600,-6.5724
-2770700,-6.5744
-2770800,-6.5684
-2770900,-6.5654
-2771000,-6.5604
-2771100,-6.5484
-2771200,-6.5474
-2771300,-6.5384
-2771400,-6.5254
-2771500,-6.5204
-2771600,-6.5064
-2771700,-6.5004
-2771800,-6.4934
-2771900,-6.4784
-2772000,-6.4674
-2772100,-6.4624
-2772200,-6.4444
-2772300,-6.4304
-2772400,-6.4164
-2772500,-6.4084
-2772600,-6.3904
-2772700,-6.3864
-2772800,-6.3714
-2772900,-6.3664
-2773000,-6.3544
-2773100,-6.3424
-2773200,-6.3314
-2773300,-6.3174
-2773400,-6.3064
-2773500,-6.2944
-2773600,-6.2874
-2773700,-6.2764
-2773800,-6.2684
-2773900,-6.2604
-2774000,-6.2504
-2774100,-6.2474
-2774200,-6.2384
-2774300,-6.2224
-2774400,-6.2104
-2774500,-6.2014
-2774600,-6.1964
-2774700,-6.1824
-2774800,-6.1654
-2774900,-6.1554
-2775000,-6.1434
-2775100,-6.1304
-2775200,-6.1264
-2775300,-6.1084
-2775400,-6.0944
-2775500,-6.0844
-2775600,-6.0724
-2775700,-6.0564
-2775800,-6.0424
-2775900,-6.0364
-2776000,-6.0224
-2776100,-6.0094
-2776200,-6.0004
-2776300,-5.9914
-2776400,-5.9744
-2776500,-5.9604
-2776600,-5.9434
-2776700,-5.9274
-2776800,-5.9184
-2776900,-5.9014
-2777000,-5.8834
-2777100,-5.8644
-2777200,-5.8454
-2777300,-5.8244
-2777400,-5.8104
-2777500,-5.7884
-2777600,-5.7714
-2777700,-5.7554
-2777800,-5.7414
-2777900,-5.7244
-2778000,-5.7154
-2778100,-5.7014
-2778200,-5.6934
-2778300,-5.6934
-2778400,-5.6824
-2778500,-5.6784
-2778600,-5.6834
-2778700,-5.6764
-2778800,-5.6794
-2778900,-5.6754
-2779000,-5.6784
-2779100,-5.6754
-2779200,-5.6744
-2779300,-5.6804
-2779400,-5.6814
-2779500,-5.6804
-2779600,-5.6904
-2779700,-5.6904
-2779800,-5.6934
-2779900,-5.6934
-2780000,-5.6974
-2780100,-5.7014
-2780200,-5.7094
-2780300,-5.7034
-2780400,-5.7194
-2780500,-5.7204
-2780600,-5.7414
-2780700,-5.7644
-2780800,-5.7874
-2780900,-5.8124
-2781000,-5.8324
-2781100,-5.8554
-2781200,-5.8784
-2781300,-5.9034
-2781400,-5.9424
-2781500,-5.9724
-2781600,-6.0004
-2781700,-6.0334
-2781800,-6.0724
-2781900,-6.1034
-2782000,-6.1424
-2782100,-6.1794
-2782200,-6.2154
-2782300,-6.2644
-2782400,-6.3064
-2782500,-6.3624
-2782600,-6.4214
-2782700,-6.4654
-2782800,-6.5304
-2782900,-6.5834
-2783000,-6.6404
-2783100,-6.7034
-2783200,-6.7704
-2783300,-6.8464
-2783400,-6.9104
-2783500,-6.9764
-2783600,-7.0254
-2783700,-7.0774
-2783800,-7.1294
-2783900,-7.1854
-2784000,-7.2454
-2784100,-7.3194
-2784200,-7.3714
-2784300,-7.4234
-2784400,-7.4894
-2784500,-7.5554
-2784600,-7.6264
-2784700,-7.6824
-2784800,-7.7274
-2784900,-7.7714
-2785000,-7.8074
-2785100,-7.8534
-2785200,-7.8974
-2785300,-7.9484
-2785400,-7.9904
-2785500,-8.0444
-2785600,-8.1004
-2785700,-8.1434
-2785800,-8.1764
-2785900,-8.2174
-2786000,-8.2524
-2786100,-8.2774
-2786200,-8.2934
-2786300,-8.3084
-2786400,-8.3294
-2786500,-8.3424
-2786600,-8.3544
-2786700,-8.3724
-2786800,-8.3924
-2786900,-8.4064
-2787000,-8.4214
-2787100,-8.4394
-2787200,-8.4564
-2787300,-8.4754
-2787400,-8.4974
-2787500,-8.5134
-2787600,-8.5384
-2787700,-8.5574
-2787800,-8.5834
-2787900,-8.6094
-2788000,-8.6304
-2788100,-8.6624
-2788200,-8.6854
-2788300,-8.7074
-2788400,-8.7374
-2788500,-8.7654
-2788600,-8.7994
-2788700,-8.8224
-2788800,-8.8644
-2788900,-8.8964
-2789000,-8.9434
-2789100,-8.9804
-2789200,-9.0294
-2789300,-9.0714
-2789400,-9.1384
-2789500,-9.1904
-2789600,-9.2414
-2789700,-9.2964
-2789800,-9.3574
-2789900,-9.4204
-2790000,-9.4794
-2790100,-9.5424
-2790200,-9.6064
-2790300,-9.6784
-2790400,-9.7564
-2790500,-9.8224
-2790600,-9.8994
-2790700,-9.9834
-2790800,-10.0754
-2790900,-10.1584
-2791000,-10.2604
-2791100,-10.3544
-2791200,-10.4594
-2791300,-10.5584
-2791400,-10.6594
-2791500,-10.7604
-2791600,-10.8814
-2791700,-10.9844
-2791800,-11.1064
-2791900,-11.2254
-2792000,-11.3624
-2792100,-11.4954
-2792200,-11.6134
-2792300,-11.7424
-2792400,-11.8634
-2792500,-11.9894
-2792600,-12.1174
-2792700,-12.2544
-2792800,-12.3884
-2792900,-12.5244
-2793000,-12.6534
-2793100,-12.7944
-2793200,-12.9514
-2793300,-13.0944
-2793400,-13.2324
-2793500,-13.3614
-2793600,-13.4884
-2793700,-13.6164
-2793800,-13.7474
-2793900,-13.8814
-2794000,-14.0184
-2794100,-14.1544
-2794200,-14.2904
-2794300,-14.4184
-2794400,-14.5414
-2794500,-14.6724
-2794600,-14.7694
-2794700,-14.9064
-2794800,-15.0264
-2794900,-15.1184
-2795000,-15.2104
-2795100,-15.3064
-2795200,-15.3964
-2795300,-15.4764
-2795400,-15.5494
-2795500,-15.6194
-2795600,-15.6884
-2795700,-15.7614
-2795800,-15.8314
-2795900,-15.8854
-2796000,-15.9424
-2796100,-15.9804
-2796200,-16.0444
-2796300,-16.0834
-2796400,-16.1264
-2796500,-16.1684
-2796600,-16.2124
-2796700,-16.2454
-2796800,-16.2774
-2796900,-16.3104
-2797000,-16.3394
-2797100,-16.3784
-2797200,-16.4464
-2797300,-16.4974
-2797400,-16.5404
-2797500,-16.5684
-2797600,-16.5974
-2797700,-16.6384
-2797800,-16.7024
-2797900,-16.7644
-2798000,-16.8364
-2798100,-16.9124
-2798200,-17.0414
-2798300,-17.2164
-2798400,-17.4544
-2798500,-17.7614
-2798600,-18.0634
-2798700,-18.4204
-2798800,-18.8904
-2798900,-19.4724
-2799000,-20.0564
-2799100,-20.4974
-2799200,-20.9894
-2799300,-21.6664
-2799400,-22.2804
-2799500,-22.8144
-2799600,-23.3524
-2799700,-23.7734
-2799800,-24.1454
-2799900,-24.4454
-2800000,-24.5834
-2800100,-24.7654
-2800200,-24.9084
-2800300,-25.0364
-2800400,-25.1754
-2800500,-25.3414
-2800600,-25.4854
-2800700,-25.6104
-2800800,-25.6894
-2800900,-25.7574
-2801000,-25.7964
-2801100,-25.8184
-2801200,-25.8174
-2801300,-25.7864
-2801400,-25.7714
-2801500,-25.7314
-2801600,-25.6554
-2801700,-25.5804
-2801800,-25.5114
-2801900,-25.4354
-2802000,-25.3464
-2802100,-25.2704
-2802200,-25.1834
-2802300,-25.1024
-2802400,-25.0054
-2802500,-24.9164
-2802600,-24.8194
-2802700,-24.7194
-2802800,-24.6134
-2802900,-24.5174
-2803000,-24.4014
-2803100,-24.2814
-2803200,-24.1964
-2803300,-24.0774
-2803400,-23.9524
-2803500,-23.8434
-2803600,-23.7134
-2803700,-23.6044
-2803800,-23.4774
-2803900,-23.3654
-2804000,-23.2304
-2804100,-23.0934
-2804200,-22.9624
-2804300,-22.8164
-2804400,-22.6834
-2804500,-22.5304
-2804600,-22.3804
-2804700,-22.2384
-2804800,-22.0804
-2804900,-21.9144
-2805000,-21.7644
-2805100,-21.5964
-2805200,-21.4154
-2805300,-21.2374
-2805400,-21.0564
-2805500,-20.8834
-2805600,-20.7184
-2805700,-20.5624
-2805800,-20.4034
-2805900,-20.2364
-2806000,-20.0724
-2806100,-19.9044
-2806200,-19.7374
-2806300,-19.5444
-2806400,-19.3474
-2806500,-19.1434
-2806600,-18.9624
-2806700,-18.7684
-2806800,-18.5564
-2806900,-18.3584
-2807000,-18.1554
-2807100,-17.9724
-2807200,-17.7704
-2807300,-17.5734
-2807400,-17.3924
-2807500,-17.2054
-2807600,-17.0184
-2807700,-16.8264
-2807800,-16.6484
-2807900,-16.4574
-2808000,-16.2654
-2808100,-16.0864
-2808200,-15.8974
-2808300,-15.7254
-2808400,-15.5344
-2808500,-15.3484
-2808600,-15.1694
-2808700,-14.9994
-2808800,-14.8254
-2808900,-14.6474
-2809000,-14.4704
-2809100,-14.2904
-2809200,-14.1284
-2809300,-13.9534
-2809400,-13.7814
-2809500,-13.6204
-2809600,-13.4734
-2809700,-13.3344
-2809800,-13.1874
-2809900,-13.0444
-2810000,-12.8984
-2810100,-12.7534
-2810200,-12.6074
-2810300,-12.4664
-2810400,-12.3234
-2810500,-12.1864
-2810600,-12.0524
-2810700,-11.9154
-2810800,-11.7724
-2810900,-11.6274
-2811000,-11.4904
-2811100,-11.3404
-2811200,-11.2104
-2811300,-11.0744
-2811400,-10.9424
-2811500,-10.7994
-2811600,-10.6564
-2811700,-10.5004
-2811800,-10.3634
-2811900,-10.2034
-2812000,-10.0564
-2812100,-9.9014
-2812200,-9.7634
-2812300,-9.6144
-2812400,-9.4664
-2812500,-9.3254
-2812600,-9.1734
-2812700,-9.0374
-2812800,-8.9004
-2812900,-8.7664
-2813000,-8.6274
-2813100,-8.5104
-2813200,-8.3804
-2813300,-8.2594
-2813400,-8.1404
-2813500,-8.0214
-2813600,-7.9214
-2813700,-7.8224
-2813800,-7.7254
-2813900,-7.6494
-2814000,-7.5654
-2814100,-7.4844
-2814200,-7.3964
-2814300,-7.3204
-2814400,-7.2204
-2814500,-7.1464
-2814600,-7.0484
-2814700,-6.9774
-2814800,-6.9034
-2814900,-6.8284
-2815000,-6.7654
-2815100,-6.6834
-2815200,-6.6114
-2815300,-6.5524
-2815400,-6.4814
-2815500,-6.4174
-2815600,-6.3574
-2815700,-6.2964
-2815800,-6.2494
-2815900,-6.1994
-2816000,-6.1474
-2816100,-6.0904
-2816200,-6.0334
-2816300,-5.9874
-2816400,-5.9404
-2816500,-5.8854
-2816600,-5.8434
-2816700,-5.8014
-2816800,-5.7574
-2816900,-5.7144
-2817000,-5.6734
-2817100,-5.6384
-2817200,-5.6024
-2817300,-5.5644
-2817400,-5.5244
-2817500,-5.4904
-2817600,-5.4534
-2817700,-5.4374
-2817800,-5.4104
-2817900,-5.3854
-2818000,-5.3724
-2818100,-5.3474
-2818200,-5.3224
-2818300,-5.2954
-2818400,-5.2674
-2818500,-5.2354
-2818600,-5.2094
-2818700,-5.1784
-2818800,-5.1534
-2818900,-5.1264
-2819000,-5.0974
-2819100,-5.0744
-2819200,-5.0534
-2819300,-5.0304
-2819400,-5.0134
-2819500,-4.9934
-2819600,-4.9714
-2819700,-4.9574
-2819800,-4.9404
-2819900,-4.9224
-2820000,-4.9014
-2820100,-4.8864
-2820200,-4.8664
-2820300,-4.8534
-2820400,-4.8364
-2820500,-4.8184
-2820600,-4.8024
-2820700,-4.7854
-2820800,-4.7624
-2820900,-4.7504
-2821000,-4.7394
-2821100,-4.7244
-2821200,-4.7154
-2821300,-4.7044
-2821400,-4.6954
-2821500,-4.6864
-2821600,-4.6814
-2821700,-4.6704
-2821800,-4.6644
-2821900,-4.6574
-2822000,-4.6574
-2822100,-4.6544
-2822200,-4.6574
-2822300,-4.6564
-2822400,-4.6564
-2822500,-4.6594
-2822600,-4.6634
-2822700,-4.6634
-2822800,-4.6684
-2822900,-4.6754
-2823000,-4.6844
-2823100,-4.6874
-2823200,-4.6984
-2823300,-4.7044
-2823400,-4.7134
-2823500,-4.7164
-2823600,-4.7154
-2823700,-4.7194
-2823800,-4.7204
-2823900,-4.7214
-2824000,-4.7224
-2824100,-4.7254
-2824200,-4.7294
-2824300,-4.7304
-2824400,-4.7334
-2824500,-4.7334
-2824600,-4.7334
-2824700,-4.7404
-2824800,-4.7444
-2824900,-4.7494
-2825000,-4.7544
-2825100,-4.7674
-2825200,-4.7724
-2825300,-4.7824
-2825400,-4.7904
-2825500,-4.7984
-2825600,-4.8074
-2825700,-4.8154
-2825800,-4.8254
-2825900,-4.8324
-2826000,-4.8434
-2826100,-4.8534
-2826200,-4.8664
-2826300,-4.8814
-2826400,-4.8864
-2826500,-4.9024
-2826600,-4.9114
-2826700,-4.9244
-2826800,-4.9344
-2826900,-4.9464
-2827000,-4.9564
-2827100,-4.9654
-2827200,-4.9744
-2827300,-4.9854
-2827400,-4.9954
-2827500,-5.0074
-2827600,-5.0204
-2827700,-5.0334
-2827800,-5.0434
-2827900,-5.0534
-2828000,-5.0694
-2828100,-5.0774
-2828200,-5.0914
-2828300,-5.1034
-2828400,-5.1104
-2828500,-5.1334
-2828600,-5.1484
-2828700,-5.1634
-2828800,-5.1804
-2828900,-5.1994
-2829000,-5.2134
-2829100,-5.2314
-2829200,-5.2504
-2829300,-5.2724
-2829400,-5.2824
-2829500,-5.3104
-2829600,-5.3264
-2829700,-5.3484
-2829800,-5.3694
-2829900,-5.3844
-2830000,-5.4064
-2830100,-5.4214
-2830200,-5.4464
-2830300,-5.4624
-2830400,-5.4814
-2830500,-5.5004
-2830600,-5.5234
-2830700,-5.5404
-2830800,-5.5644
-2830900,-5.5824
-2831000,-5.5924
-2831100,-5.6154
-2831200,-5.6414
-2831300,-5.6614
-2831400,-5.6824
-2831500,-5.7034
-2831600,-5.7304
-2831700,-5.7524
-2831800,-5.7844
-2831900,-5.8074
-2832000,-5.8304
-2832100,-5.8594
-2832200,-5.8844
-2832300,-5.9044
-2832400,-5.9354
-2832500,-5.9574
-2832600,-5.9864
-2832700,-6.0124
-2832800,-6.0424
-2832900,-6.0704
-2833000,-6.0914
-2833100,-6.1194
-2833200,-6.1394
-2833300,-6.1714
-2833400,-6.1984
-2833500,-6.2264
-2833600,-6.2554
-2833700,-6.2834
-2833800,-6.3074
-2833900,-6.3364
-2834000,-6.3634
-2834100,-6.3834
-2834200,-6.4124
-2834300,-6.4344
-2834400,-6.4584
-2834500,-6.4784
-2834600,-6.4984
-2834700,-6.5294
-2834800,-6.5514
-2834900,-6.5774
-2835000,-6.5964
-2835100,-6.6234
-2835200,-6.6524
-2835300,-6.6764
-2835400,-6.7014
-2835500,-6.7234
-2835600,-6.7514
-2835700,-6.7784
-2835800,-6.8024
-2835900,-6.8374
-2836000,-6.8644
-2836100,-6.8854
-2836200,-6.9144
-2836300,-6.9364
-2836400,-6.9624
-2836500,-6.9894
-2836600,-7.0084
-2836700,-7.0334
-2836800,-7.0494
-2836900,-7.0804
-2837000,-7.1024
-2837100,-7.1224
-2837200,-7.1334
-2837300,-7.1454
-2837400,-7.1484
-2837500,-7.1554
-2837600,-7.1564
-2837700,-7.1644
-2837800,-7.1704
-2837900,-7.1694
-2838000,-7.1664
-2838100,-7.1684
-2838200,-7.1634
-2838300,-7.1644
-2838400,-7.1634
-2838500,-7.1644
-2838600,-7.1674
-2838700,-7.1664
-2838800,-7.1644
-2838900,-7.1704
-2839000,-7.1674
-2839100,-7.1704
-2839200,-7.1734
-2839300,-7.1634
-2839400,-7.1714
-2839500,-7.1774
-2839600,-7.1814
-2839700,-7.1834
-2839800,-7.1834
-2839900,-7.1924
-2840000,-7.1864
-2840100,-7.1894
-2840200,-7.1864
-2840300,-7.1834
-2840400,-7.1754
-2840500,-7.1744
-2840600,-7.1664
-2840700,-7.1634
-2840800,-7.1584
-2840900,-7.1574
-2841000,-7.1544
-2841100,-7.1604
-2841200,-7.1524
-2841300,-7.1464
-2841400,-7.1424
-2841500,-7.1454
-2841600,-7.1434
-2841700,-7.1414
-2841800,-7.1414
-2841900,-7.1344
-2842000,-7.1304
-2842100,-7.1294
-2842200,-7.1314
-2842300,-7.1264
-2842400,-7.1204
-2842500,-7.1154
-2842600,-7.1124
-2842700,-7.1094
-2842800,-7.1064
-2842900,-7.1064
-2843000,-7.0944
-2843100,-7.0894
-2843200,-7.0854
-2843300,-7.0794
-2843400,-7.0724
-2843500,-7.0714
-2843600,-7.0574
-2843700,-7.0584
-2843800,-7.0514
-2843900,-7.0484
-2844000,-7.0414
-2844100,-7.0344
-2844200,-7.0304
-2844300,-7.0204
-2844400,-7.0204
-2844500,-7.0124
-2844600,-7.0074
-2844700,-6.9974
-2844800,-6.9954
-2844900,-6.9834
-2845000,-6.9784
-2845100,-6.9664
-2845200,-6.9624
-2845300,-6.9514
-2845400,-6.9444
-2845500,-6.9434
-2845600,-6.9384
-2845700,-6.9274
-2845800,-6.9184
-2845900,-6.9094
-2846000,-6.9004
-2846100,-6.8944
-2846200,-6.8854
-2846300,-6.8774
-2846400,-6.8734
-2846500,-6.8694
-2846600,-6.8584
-2846700,-6.8554
-2846800,-6.8454
-2846900,-6.8424
-2847000,-6.8264
-2847100,-6.8244
-2847200,-6.8114
-2847300,-6.8084
-2847400,-6.8064
-2847500,-6.8004
-2847600,-6.7924
-2847700,-6.7904
-2847800,-6.7824
-2847900,-6.7824
-2848000,-6.7754
-2848100,-6.7734
-2848200,-6.7674
-2848300,-6.7654
-2848400,-6.7574
-2848500,-6.7494
-2848600,-6.7464
-2848700,-6.7454
-2848800,-6.7404
-2848900,-6.7234
-2849000,-6.7174
-2849100,-6.7114
-2849200,-6.7134
-2849300,-6.7114
-2849400,-6.7044
-2849500,-6.7104
-2849600,-6.7104
-2849700,-6.7034
-2849800,-6.7064
-2849900,-6.7044
-2850000,-6.7034
-2850100,-6.7004
-2850200,-6.6914
-2850300,-6.6944
-2850400,-6.6954
-2850500,-6.6864
-2850600,-6.6834
-2850700,-6.6864
-2850800,-6.6804
-2850900,-6.6814
-2851000,-6.6724
-2851100,-6.6674
-2851200,-6.6654
-2851300,-6.6584
-2851400,-6.6604
-2851500,-6.6464
-2851600,-6.6474
-2851700,-6.6414
-2851800,-6.6364
-2851900,-6.6284
-2852000,-6.6204
-2852100,-6.6194
-2852200,-6.6104
-2852300,-6.6004
-2852400,-6.5964
-2852500,-6.5914
-2852600,-6.5794
-2852700,-6.5754
-2852800,-6.5674
-2852900,-6.5574
-2853000,-6.5534
-2853100,-6.5464
-2853200,-6.5404
-2853300,-6.5264
-2853400,-6.5204
-2853500,-6.5054
-2853600,-6.4954
-2853700,-6.4874
-2853800,-6.4744
-2853900,-6.4684
-2854000,-6.4464
-2854100,-6.4474
-2854200,-6.4364
-2854300,-6.4314
-2854400,-6.4204
-2854500,-6.4144
-2854600,-6.4084
-2854700,-6.3914
-2854800,-6.3864
-2854900,-6.3794
-2855000,-6.3664
-2855100,-6.3554
-2855200,-6.3524
-2855300,-6.3404
-2855400,-6.3344
-2855500,-6.3224
-2855600,-6.3054
-2855700,-6.2954
-2855800,-6.2854
-2855900,-6.2784
-2856000,-6.2644
-2856100,-6.2544
-2856200,-6.2474
-2856300,-6.2384
-2856400,-6.2354
-2856500,-6.2274
-2856600,-6.2224
-2856700,-6.2214
-2856800,-6.2204
-2856900,-6.2174
-2857000,-6.2184
-2857100,-6.2124
-2857200,-6.2124
-2857300,-6.2154
-2857400,-6.2134
-2857500,-6.2134
-2857600,-6.2114
-2857700,-6.2134
-2857800,-6.2124
-2857900,-6.2214
-2858000,-6.2324
-2858100,-6.2384
-2858200,-6.2454
-2858300,-6.2534
-2858400,-6.2654
-2858500,-6.2734
-2858600,-6.2854
-2858700,-6.2984
-2858800,-6.3074
-2858900,-6.3204
-2859000,-6.3404
-2859100,-6.3554
-2859200,-6.3664
-2859300,-6.3744
-2859400,-6.3874
-2859500,-6.3914
-2859600,-6.4004
-2859700,-6.4124
-2859800,-6.4254
-2859900,-6.4414
-2860000,-6.4474
-2860100,-6.4624
-2860200,-6.4754
-2860300,-6.4924
-2860400,-6.5054
-2860500,-6.5174
-2860600,-6.5264
-2860700,-6.5334
-2860800,-6.5444
-2860900,-6.5494
-2861000,-6.5554
-2861100,-6.5684
-2861200,-6.5714
-2861300,-6.5844
-2861400,-6.5934
-2861500,-6.5974
-2861600,-6.6054
-2861700,-6.6124
-2861800,-6.6124
-2861900,-6.6104
-2862000,-6.6064
-2862100,-6.6034
-2862200,-6.5954
-2862300,-6.5954
-2862400,-6.5894
-2862500,-6.5774
-2862600,-6.5764
-2862700,-6.5714
-2862800,-6.5664
-2862900,-6.5644
-2863000,-6.5584
-2863100,-6.5534
-2863200,-6.5444
-2863300,-6.5424
-2863400,-6.5384
-2863500,-6.5294
-2863600,-6.5234
-2863700,-6.5214
-2863800,-6.5144
-2863900,-6.5164
-2864000,-6.5134
-2864100,-6.5054
-2864200,-6.5014
-2864300,-6.4964
-2864400,-6.4894
-2864500,-6.4924
-2864600,-6.4874
-2864700,-6.4894
-2864800,-6.4804
-2864900,-6.4854
-2865000,-6.4804
-2865100,-6.4814
-2865200,-6.4724
-2865300,-6.4764
-2865400,-6.4734
-2865500,-6.4774
-2865600,-6.4704
-2865700,-6.4724
-2865800,-6.4714
-2865900,-6.4734
-2866000,-6.4744
-2866100,-6.4744
-2866200,-6.4734
-2866300,-6.4744
-2866400,-6.4724
-2866500,-6.4764
-2866600,-6.4734
-2866700,-6.4764
-2866800,-6.4774
-2866900,-6.4784
-2867000,-6.4744
-2867100,-6.4804
-2867200,-6.4814
-2867300,-6.4884
-2867400,-6.4874
-2867500,-6.4864
-2867600,-6.4904
-2867700,-6.4934
-2867800,-6.4994
-2867900,-6.4994
-2868000,-6.5014
-2868100,-6.5084
-2868200,-6.5074
-2868300,-6.5144
-2868400,-6.5174
-2868500,-6.5194
-2868600,-6.5244
-2868700,-6.5294
-2868800,-6.5334
-2868900,-6.5354
-2869000,-6.5384
-2869100,-6.5444
-2869200,-6.5454
-2869300,-6.5544
-2869400,-6.5584
-2869500,-6.5674
-2869600,-6.5744
-2869700,-6.5814
-2869800,-6.5864
-2869900,-6.5924
-2870000,-6.6014
-2870100,-6.6114
-2870200,-6.6214
-2870300,-6.6314
-2870400,-6.6354
-2870500,-6.6504
-2870600,-6.6524
-2870700,-6.6754
-2870800,-6.6804
-2870900,-6.6924
-2871000,-6.7034
-2871100,-6.7144
-2871200,-6.7234
-2871300,-6.7334
-2871400,-6.7484
-2871500,-6.7704
-2871600,-6.7794
-2871700,-6.7984
-2871800,-6.8114
-2871900,-6.8284
-2872000,-6.8354
-2872100,-6.8554
-2872200,-6.8724
-2872300,-6.8894
-2872400,-6.9124
-2872500,-6.9324
-2872600,-6.9554
-2872700,-6.9774
-2872800,-6.9974
-2872900,-7.0204
-2873000,-7.0504
-2873100,-7.0734
-2873200,-7.1014
-2873300,-7.1414
-2873400,-7.1684
-2873500,-7.1974
-2873600,-7.2264
-2873700,-7.2654
-2873800,-7.3064
-2873900,-7.3484
-2874000,-7.3834
-2874100,-7.4194
-2874200,-7.4454
-2874300,-7.4834
-2874400,-7.5194
-2874500,-7.5534
-2874600,-7.5924
-2874700,-7.6384
-2874800,-7.6664
-2874900,-7.6894
-2875000,-7.7164
-2875100,-7.7484
-2875200,-7.7744
-2875300,-7.8004
-2875400,-7.8324
-2875500,-7.8614
-2875600,-7.8974
-2875700,-7.9234
-2875800,-7.9534
-2875900,-7.9784
-2876000,-8.0034
-2876100,-8.0224
-2876200,-8.0354
-2876300,-8.0484
-2876400,-8.0594
-2876500,-8.0644
-2876600,-8.0734
-2876700,-8.0694
-2876800,-8.0834
-2876900,-8.0834
-2877000,-8.0974
-2877100,-8.1054
-2877200,-8.1114
-2877300,-8.1154
-2877400,-8.1274
-2877500,-8.1164
-2877600,-8.1124
-2877700,-8.1084
-2877800,-8.1084
-2877900,-8.1184
-2878000,-8.1214
-2878100,-8.1254
-2878200,-8.1194
-2878300,-8.1294
-2878400,-8.1314
-2878500,-8.1174
-2878600,-8.1204
-2878700,-8.1114
-2878800,-8.1074
-2878900,-8.0944
-2879000,-8.0924
-2879100,-8.0914
-2879200,-8.0784
-2879300,-8.0724
-2879400,-8.0644
-2879500,-8.0624
-2879600,-8.0524
-2879700,-8.0444
-2879800,-8.0424
-2879900,-8.0464
-2880000,-8.0364
-2880100,-8.0314
-2880200,-8.0264
-2880300,-8.0214
-2880400,-8.0074
-2880500,-8.0024
-2880600,-7.9964
-2880700,-7.9854
-2880800,-7.9704
-2880900,-7.9644
-2881000,-7.9534
-2881100,-7.9344
-2881200,-7.9304
-2881300,-7.9264
-2881400,-7.9164
-2881500,-7.9014
-2881600,-7.8954
-2881700,-7.8764
-2881800,-7.8674
-2881900,-7.8534
-2882000,-7.8354
-2882100,-7.8164
-2882200,-7.7964
-2882300,-7.7844
-2882400,-7.7714
-2882500,-7.7584
-2882600,-7.7464
-2882700,-7.7304
-2882800,-7.7204
-2882900,-7.6974
-2883000,-7.6834
-2883100,-7.6694
-2883200,-7.6554
-2883300,-7.6574
-2883400,-7.6364
-2883500,-7.6284
-2883600,-7.6104
-2883700,-7.6054
-2883800,-7.5984
-2883900,-7.5784
-2884000,-7.5714
-2884100,-7.5554
-2884200,-7.5484
-2884300,-7.5244
-2884400,-7.5264
-2884500,-7.4984
-2884600,-7.4914
-2884700,-7.4774
-2884800,-7.4514
-2884900,-7.4474
-2885000,-7.4304
-2885100,-7.4084
-2885200,-7.3864
-2885300,-7.3734
-2885400,-7.3614
-2885500,-7.3434
-2885600,-7.3354
-2885700,-7.3124
-2885800,-7.2914
-2885900,-7.2684
-2886000,-7.2524
-2886100,-7.2344
-2886200,-7.2244
-2886300,-7.2044
-2886400,-7.1904
-2886500,-7.1674
-2886600,-7.1524
-2886700,-7.1364
-2886800,-7.1124
-2886900,-7.1004
-2887000,-7.0814
-2887100,-7.0704
-2887200,-7.0524
-2887300,-7.0234
-2887400,-6.9954
-2887500,-6.9744
-2887600,-6.9524
-2887700,-6.9374
-2887800,-6.9154
-2887900,-6.8944
-2888000,-6.8714
-2888100,-6.8544
-2888200,-6.8234
-2888300,-6.8074
-2888400,-6.7794
-2888500,-6.7564
-2888600,-6.7404
-2888700,-6.7234
-2888800,-6.6964
-2888900,-6.6744
-2889000,-6.6464
-2889100,-6.6284
-2889200,-6.6064
-2889300,-6.5884
-2889400,-6.5744
-2889500,-6.5494
-2889600,-6.5344
-2889700,-6.5134
-2889800,-6.4924
-2889900,-6.4624
-2890000,-6.4464
-2890100,-6.4254
-2890200,-6.4054
-2890300,-6.3764
-2890400,-6.3564
-2890500,-6.3384
-2890600,-6.3144
-2890700,-6.3024
-2890800,-6.2844
-2890900,-6.2654
-2891000,-6.2404
-2891100,-6.2254
-2891200,-6.2114
-2891300,-6.1884
-2891400,-6.1804
-2891500,-6.1584
-2891600,-6.1464
-2891700,-6.1244
-2891800,-6.1124
-2891900,-6.0974
-2892000,-6.0724
-2892100,-6.0574
-2892200,-6.0464
-2892300,-6.0294
-2892400,-6.0204
-2892500,-6.0084
-2892600,-5.9994
-2892700,-5.9884
-2892800,-5.9834
-2892900,-5.9684
-2893000,-5.9664
-2893100,-5.9604
-2893200,-5.9474
-2893300,-5.9424
-2893400,-5.9344
-2893500,-5.9294
-2893600,-5.9234
-2893700,-5.9204
-2893800,-5.9104
-2893900,-5.9094
-2894000,-5.9074
-2894100,-5.8984
-2894200,-5.9044
-2894300,-5.9054
-2894400,-5.9114
-2894500,-5.9114
-2894600,-5.9164
-2894700,-5.9194
-2894800,-5.9174
-2894900,-5.9274
-2895000,-5.9334
-2895100,-5.9374
-2895200,-5.9454
-2895300,-5.9474
-2895400,-5.9514
-2895500,-5.9654
-2895600,-5.9704
-2895700,-5.9754
-2895800,-5.9804
-2895900,-5.9814
-2896000,-5.9934
-2896100,-5.9934
-2896200,-6.0044
-2896300,-6.0094
-2896400,-6.0114
-2896500,-6.0184
-2896600,-6.0254
-2896700,-6.0284
-2896800,-6.0324
-2896900,-6.0344
-2897000,-6.0404
-2897100,-6.0474
-2897200,-6.0554
-2897300,-6.0634
-2897400,-6.0684
-2897500,-6.0754
-2897600,-6.0814
-2897700,-6.0864
-2897800,-6.0964
-2897900,-6.1044
-2898000,-6.1174
-2898100,-6.1254
-2898200,-6.1374
-2898300,-6.1444
-2898400,-6.1534
-2898500,-6.1644
-2898600,-6.1754
-2898700,-6.1884
-2898800,-6.1994
-2898900,-6.2154
-2899000,-6.2224
-2899100,-6.2314
-2899200,-6.2454
-2899300,-6.2574
-2899400,-6.2764
-2899500,-6.2834
-2899600,-6.2964
-2899700,-6.3214
-2899800,-6.3394
-2899900,-6.3514
-2900000,-6.3624
-2900100,-6.3834
-2900200,-6.4004
-2900300,-6.4204
-2900400,-6.4394
-2900500,-6.4554
-2900600,-6.4684
-2900700,-6.4884
-2900800,-6.5074
-2900900,-6.5154
-2901000,-6.5314
-2901100,-6.5424
-2901200,-6.5614
-2901300,-6.5784
-2901400,-6.5914
-2901500,-6.6064
-2901600,-6.6204
-2901700,-6.6364
-2901800,-6.6414
-2901900,-6.6564
-2902000,-6.6684
-2902100,-6.6854
-2902200,-6.7014
-2902300,-6.7124
-2902400,-6.7184
-2902500,-6.7234
-2902600,-6.7324
-2902700,-6.7434
-2902800,-6.7524
-2902900,-6.7554
-2903000,-6.7644
-2903100,-6.7754
-2903200,-6.7814
-2903300,-6.7884
-2903400,-6.7964
-2903500,-6.8044
-2903600,-6.8104
-2903700,-6.8204
-2903800,-6.8214
-2903900,-6.8294
-2904000,-6.8334
-2904100,-6.8334
-2904200,-6.8404
-2904300,-6.8444
-2904400,-6.8424
-2904500,-6.8464
-2904600,-6.8454
-2904700,-6.8514
-2904800,-6.8534
-2904900,-6.8544
-2905000,-6.8584
-2905100,-6.8624
-2905200,-6.8624
-2905300,-6.8674
-2905400,-6.8654
-2905500,-6.8734
-2905600,-6.8744
-2905700,-6.8744
-2905800,-6.8804
-2905900,-6.8854
-2906000,-6.8864
-2906100,-6.8914
-2906200,-6.8984
-2906300,-6.9024
-2906400,-6.9094
-2906500,-6.9184
-2906600,-6.9204
-2906700,-6.9234
-2906800,-6.9314
-2906900,-6.9404
-2907000,-6.9484
-2907100,-6.9514
-2907200,-6.9614
-2907300,-6.9724
-2907400,-6.9794
-2907500,-6.9904
-2907600,-6.9974
-2907700,-7.0044
-2907800,-7.0164
-2907900,-7.0274
-2908000,-7.0344
-2908100,-7.0464
-2908200,-7.0544
-2908300,-7.0634
-2908400,-7.0674
-2908500,-7.0774
-2908600,-7.0854
-2908700,-7.0994
-2908800,-7.1144
-2908900,-7.1264
-2909000,-7.1384
-2909100,-7.1614
-2909200,-7.1784
-2909300,-7.1924
-2909400,-7.2204
-2909500,-7.2354
-2909600,-7.2614
-2909700,-7.2844
-2909800,-7.3094
-2909900,-7.3434
-2910000,-7.3624
-2910100,-7.3904
-2910200,-7.4174
-2910300,-7.4454
-2910400,-7.4684
-2910500,-7.4874
-2910600,-7.5024
-2910700,-7.5244
-2910800,-7.5324
-2910900,-7.5524
-2911000,-7.5704
-2911100,-7.5934
-2911200,-7.6134
-2911300,-7.6424
-2911400,-7.6684
-2911500,-7.6894
-2911600,-7.7174
-2911700,-7.7444
-2911800,-7.7764
-2911900,-7.7994
-2912000,-7.8174
-2912100,-7.8364
-2912200,-7.8624
-2912300,-7.8804
-2912400,-7.8914
-2912500,-7.9004
-2912600,-7.9064
-2912700,-7.9094
-2912800,-7.9194
-2912900,-7.9344
-2913000,-7.9374
-2913100,-7.9354
-2913200,-7.9374
-2913300,-7.9404
-2913400,-7.9444
-2913500,-7.9514
-2913600,-7.9584
-2913700,-7.9674
-2913800,-7.9854
-2913900,-7.9994
-2914000,-7.9974
-2914100,-7.9944
-2914200,-7.9954
-2914300,-7.9894
-2914400,-7.9854
-2914500,-7.9894
-2914600,-7.9754
-2914700,-7.9694
-2914800,-7.9554
-2914900,-7.9594
-2915000,-7.9454
-2915100,-7.9394
-2915200,-7.9384
-2915300,-7.9294
-2915400,-7.9144
-2915500,-7.9114
-2915600,-7.9064
-2915700,-7.9024
-2915800,-7.8924
-2915900,-7.8794
-2916000,-7.8744
-2916100,-7.8624
-2916200,-7.8574
-2916300,-7.8464
-2916400,-7.8324
-2916500,-7.8204
-2916600,-7.8184
-2916700,-7.8044
-2916800,-7.7904
-2916900,-7.7834
-2917000,-7.7724
-2917100,-7.7574
-2917200,-7.7464
-2917300,-7.7354
-2917400,-7.7244
-2917500,-7.7104
-2917600,-7.6914
-2917700,-7.6814
-2917800,-7.6654
-2917900,-7.6604
-2918000,-7.6384
-2918100,-7.6234
-2918200,-7.6114
-2918300,-7.5884
-2918400,-7.5784
-2918500,-7.5584
-2918600,-7.5434
-2918700,-7.5304
-2918800,-7.5054
-2918900,-7.4884
-2919000,-7.4734
-2919100,-7.4564
-2919200,-7.4434
-2919300,-7.4284
-2919400,-7.4074
-2919500,-7.3844
-2919600,-7.3664
-2919700,-7.3434
-2919800,-7.3214
-2919900,-7.3014
-2920000,-7.2924
-2920100,-7.2794
-2920200,-7.2464
-2920300,-7.2204
-2920400,-7.2014
-2920500,-7.1784
-2920600,-7.1524
-2920700,-7.1324
-2920800,-7.1094
-2920900,-7.0904
-2921000,-7.0694
-2921100,-7.0354
-2921200,-7.0044
-2921300,-6.9824
-2921400,-6.9634
-2921500,-6.9354
-2921600,-6.9034
-2921700,-6.8694
-2921800,-6.8464
-2921900,-6.8204
-2922000,-6.7954
-2922100,-6.7614
-2922200,-6.7304
-2922300,-6.7074
-2922400,-6.6754
-2922500,-6.6444
-2922600,-6.6074
-2922700,-6.5764
-2922800,-6.5484
-2922900,-6.5154
-2923000,-6.4834
-2923100,-6.4524
-2923200,-6.4154
-2923300,-6.3824
-2923400,-6.3514
-2923500,-6.3194
-2923600,-6.2884
-2923700,-6.2614
-2923800,-6.2194
-2923900,-6.1844
-2924000,-6.1524
-2924100,-6.1214
-2924200,-6.0934
-2924300,-6.0574
-2924400,-6.0324
-2924500,-5.9944
-2924600,-5.9624
-2924700,-5.9384
-2924800,-5.9044
-2924900,-5.8804
-2925000,-5.8604
-2925100,-5.8454
-2925200,-5.8194
-2925300,-5.7994
-2925400,-5.7794
-2925500,-5.7694
-2925600,-5.7484
-2925700,-5.7264
-2925800,-5.7084
-2925900,-5.6964
-2926000,-5.6754
-2926100,-5.6504
-2926200,-5.6294
-2926300,-5.6094
-2926400,-5.5884
-2926500,-5.5614
-2926600,-5.5464
-2926700,-5.5314
-2926800,-5.5074
-2926900,-5.4924
-2927000,-5.4674
-2927100,-5.4474
-2927200,-5.4204
-2927300,-5.4074
-2927400,-5.3844
-2927500,-5.3594
-2927600,-5.3284
-2927700,-5.3104
-2927800,-5.2834
-2927900,-5.2534
-2928000,-5.2224
-2928100,-5.2004
-2928200,-5.1644
-2928300,-5.1384
-2928400,-5.0974
-2928500,-5.0604
-2928600,-5.0224
-2928700,-4.9854
-2928800,-4.9504
-2928900,-4.9044
-2929000,-4.8584
-2929100,-4.8204
-2929200,-4.7694
-2929300,-4.7244
-2929400,-4.6764
-2929500,-4.6284
-2929600,-4.5764
-2929700,-4.5374
-2929800,-4.4844
-2929900,-4.4284
-2930000,-4.3734
-2930100,-4.3124
-2930200,-4.2554
-2930300,-4.1934
-2930400,-4.1404
-2930500,-4.0874
-2930600,-4.0214
-2930700,-3.9694
-2930800,-3.9034
-2930900,-3.8404
-2931000,-3.7864
-2931100,-3.7214
-2931200,-3.6574
-2931300,-3.5944
-2931400,-3.5314
-2931500,-3.4764
-2931600,-3.4094
-2931700,-3.3594
-2931800,-3.3214
-2931900,-3.2934
-2932000,-3.2504
-2932100,-3.1984
-2932200,-3.1404
-2932300,-3.0784
-2932400,-3.0294
-2932500,-2.9784
-2932600,-2.9194
-2932700,-2.8564
-2932800,-2.7954
-2932900,-2.7254
-2933000,-2.6624
-2933100,-2.5934
-2933200,-2.5254
-2933300,-2.4574
-2933400,-2.3874
-2933500,-2.3144
-2933600,-2.2544
-2933700,-2.1874
-2933800,-2.1074
-2933900,-2.0424
-2934000,-1.9794
-2934100,-1.9064
-2934200,-1.8364
-2934300,-1.7544
-2934400,-1.6744
-2934500,-1.6104
-2934600,-1.5434
-2934700,-1.4644
-2934800,-1.3954
-2934900,-1.3304
-2935000,-1.2674
-2935100,-1.2114
-2935200,-1.1424
-2935300,-1.0814
-2935400,-1.0114
-2935500,-0.9634
-2935600,-0.8824
-2935700,-0.8084
-2935800,-0.7434
-2935900,-0.6704
-2936000,-0.6204
-2936100,-0.5794
-2936200,-0.5314
-2936300,-0.4844
-2936400,-0.4394
-2936500,-0.3944
-2936600,-0.3534
-2936700,-0.3224
-2936800,-0.2814
-2936900,-0.2494
-2937000,-0.2164
-2937100,-0.1734
-2937200,-0.1374
-2937300,-0.0914
-2937400,-0.0524
-2937500,-0.0344
-2937600,-0.0084
-2937700,0.0186
-2937800,0.0306
-2937900,0.0576
-2938000,0.0756
-2938100,0.0946
-2938200,0.1156
-2938300,0.1226
-2938400,0.1386
-2938500,0.1556
-2938600,0.1706
-2938700,0.1866
-2938800,0.2006
-2938900,0.2086
-2939000,0.2206
-2939100,0.2336
-2939200,0.2396
-2939300,0.2536
-2939400,0.2616
-2939500,0.2776
-2939600,0.2846
-2939700,0.2856
-2939800,0.2926
-2939900,0.2966
-2940000,0.3026
-2940100,0.3016
-2940200,0.3046
-2940300,0.3066
-2940400,0.3096
-2940500,0.3116
-2940600,0.3156
-2940700,0.3136
-2940800,0.3156
-2940900,0.3176
-2941000,0.3236
-2941100,0.3316
-2941200,0.3316
-2941300,0.3376
-2941400,0.3386
-2941500,0.3426
-2941600,0.3366
-2941700,0.3306
-2941800,0.3286
-2941900,0.3266
-2942000,0.3246
-2942100,0.3256
-2942200,0.3226
-2942300,0.3166
-2942400,0.3146
-2942500,0.3136
-2942600,0.3136
-2942700,0.3136
-2942800,0.3146
-2942900,0.3156
-2943000,0.3166
-2943100,0.3176
-2943200,0.3186
-2943300,0.3206
-2943400,0.3226
-2943500,0.3256
-2943600,0.3286
-2943700,0.3326
-2943800,0.3366
-2943900,0.3406
-2944000,0.3446
-2944100,0.3496
-2944200,0.3476
-2944300,0.3506
-2944400,0.3556
-2944500,0.3586
-2944600,0.3616
-2944700,0.3666
-2944800,0.3706
-2944900,0.3746
-2945000,0.3796
-2945100,0.3846
-2945200,0.3886
-2945300,0.3936
-2945400,0.3986
-2945500,0.4056
-2945600,0.4136
-2945700,0.4206
-2945800,0.4276
-2945900,0.4346
-2946000,0.4446
-2946100,0.4526
-2946200,0.4566
-2946300,0.4606
-2946400,0.4616
-2946500,0.4626
-2946600,0.4706
-2946700,0.4716
-2946800,0.4786
-2946900,0.4846
-2947000,0.4896
-2947100,0.4976
-2947200,0.5036
-2947300,0.5146
-2947400,0.5166
-2947500,0.5216
-2947600,0.5296
-2947700,0.5206
-2947800,0.5216
-2947900,0.5246
-2948000,0.5296
-2948100,0.5356
-2948200,0.5426
-2948300,0.5516
-2948400,0.5546
-2948500,0.5636
-2948600,0.5746
-2948700,0.5786
-2948800,0.5746
-2948900,0.5746
-2949000,0.5696
-2949100,0.5766
-2949200,0.5806
-2949300,0.5716
-2949400,0.5316
-2949500,0.4676
-2949600,0.4376
-2949700,0.3806
-2949800,0.3286
-2949900,0.2826
-2950000,0.2386
-2950100,0.1956
-2950200,0.1426
-2950300,0.0856
-2950400,0.0316
-2950500,-0.0384
-2950600,-0.1214
-2950700,-0.2064
-2950800,-0.3184
-2950900,-0.4014
-2951000,-0.4774
-2951100,-0.5584
-2951200,-0.6294
-2951300,-0.7144
-2951400,-0.7964
-2951500,-0.8704
-2951600,-0.9684
-2951700,-1.0804
-2951800,-1.1924
-2951900,-1.2954
-2952000,-1.4014
-2952100,-1.4894
-2952200,-1.5724
-2952300,-1.6634
-2952400,-1.7534
-2952500,-1.8464
-2952600,-1.9294
-2952700,-2.0194
-2952800,-2.1084
-2952900,-2.2034
-2953000,-2.2824
-2953100,-2.3374
-2953200,-2.4414
-2953300,-2.5144
-2953400,-2.6034
-2953500,-2.6874
-2953600,-2.7974
-2953700,-2.8774
-2953800,-2.9344
-2953900,-2.9994
-2954000,-3.0654
-2954100,-3.1354
-2954200,-3.2164
-2954300,-3.2664
-2954400,-3.3214
-2954500,-3.3624
-2954600,-3.4004
-2954700,-3.4504
-2954800,-3.4724
-2954900,-3.5284
-2955000,-3.5784
-2955100,-3.6284
-2955200,-3.6874
-2955300,-3.7444
-2955400,-3.8144
-2955500,-3.8814
-2955600,-3.9394
-2955700,-3.9984
-2955800,-4.0704
-2955900,-4.1444
-2956000,-4.2134
-2956100,-4.2754
-2956200,-4.3444
-2956300,-4.4234
-2956400,-4.4904
-2956500,-4.5564
-2956600,-4.6364
-2956700,-4.6874
-2956800,-4.7424
-2956900,-4.7954
-2957000,-4.8524
-2957100,-4.9164
-2957200,-4.9994
-2957300,-5.0804
-2957400,-5.1554
-2957500,-5.2184
-2957600,-5.2774
-2957700,-5.3264
-2957800,-5.3624
-2957900,-5.3824
-2958000,-5.4094
-2958100,-5.4324
-2958200,-5.4584
-2958300,-5.4844
-2958400,-5.5144
-2958500,-5.5354
-2958600,-5.5534
-2958700,-5.5574
-2958800,-5.5574
-2958900,-5.5574
-2959000,-5.5644
-2959100,-5.5684
-2959200,-5.5704
-2959300,-5.5744
-2959400,-5.5834
-2959500,-5.5894
-2959600,-5.5934
-2959700,-5.6034
-2959800,-5.6074
-2959900,-5.6104
-2960000,-5.6234
-2960100,-5.6284
-2960200,-5.6364
-2960300,-5.6414
-2960400,-5.6464
-2960500,-5.6594
-2960600,-5.6674
-2960700,-5.6734
-2960800,-5.6804
-2960900,-5.6824
-2961000,-5.6944
-2961100,-5.7014
-2961200,-5.7114
-2961300,-5.7214
-2961400,-5.7264
-2961500,-5.7404
-2961600,-5.7494
-2961700,-5.7634
-2961800,-5.7744
-2961900,-5.7804
-2962000,-5.7964
-2962100,-5.8044
-2962200,-5.8164
-2962300,-5.8264
-2962400,-5.8424
-2962500,-5.8484
-2962600,-5.8614
-2962700,-5.8744
-2962800,-5.8874
-2962900,-5.9014
-2963000,-5.9144
-2963100,-5.9314
-2963200,-5.9454
-2963300,-5.9564
-2963400,-5.9774
-2963500,-5.9924
-2963600,-6.0014
-2963700,-6.0224
-2963800,-6.0384
-2963900,-6.0574
-2964000,-6.0834
-2964100,-6.1024
-2964200,-6.1284
-2964300,-6.1484
-2964400,-6.1674
-2964500,-6.1864
-2964600,-6.2084
-2964700,-6.2514
-2964800,-6.2814
-2964900,-6.3104
-2965000,-6.3274
-2965100,-6.3484
-2965200,-6.3764
-2965300,-6.3954
-2965400,-6.4144
-2965500,-6.4284
-2965600,-6.4404
-2965700,-6.4554
-2965800,-6.4764
-2965900,-6.4944
-2966000,-6.5054
-2966100,-6.5134
-2966200,-6.5194
-2966300,-6.5204
-2966400,-6.5244
-2966500,-6.5294
-2966600,-6.5214
-2966700,-6.5254
-2966800,-6.5204
-2966900,-6.5204
-2967000,-6.5214
-2967100,-6.5184
-2967200,-6.5154
-2967300,-6.5144
-2967400,-6.5144
-2967500,-6.5104
-2967600,-6.5094
-2967700,-6.5064
-2967800,-6.5044
-2967900,-6.5004
-2968000,-6.5054
-2968100,-6.5024
-2968200,-6.5034
-2968300,-6.5034
-2968400,-6.5014
-2968500,-6.5024
-2968600,-6.5014
-2968700,-6.5034
-2968800,-6.4994
-2968900,-6.5024
-2969000,-6.5004
-2969100,-6.5044
-2969200,-6.5014
-2969300,-6.5024
-2969400,-6.5054
-2969500,-6.5084
-2969600,-6.5054
-2969700,-6.5084
-2969800,-6.5084
-2969900,-6.5154
-2970000,-6.5064
-2970100,-6.5094
-2970200,-6.5104
-2970300,-6.5044
-2970400,-6.5014
-2970500,-6.5034
-2970600,-6.5024
-2970700,-6.5044
-2970800,-6.5024
-2970900,-6.4994
-2971000,-6.5004
-2971100,-6.4974
-2971200,-6.4914
-2971300,-6.4914
-2971400,-6.4864
-2971500,-6.4874
-2971600,-6.4754
-2971700,-6.4784
-2971800,-6.4714
-2971900,-6.4734
-2972000,-6.4684
-2972100,-6.4684
-2972200,-6.4534
-2972300,-6.4454
-2972400,-6.4324
-2972500,-6.4234
-2972600,-6.4104
-2972700,-6.3994
-2972800,-6.3894
-2972900,-6.3784
-2973000,-6.3584
-2973100,-6.3524
-2973200,-6.3414
-2973300,-6.3324
-2973400,-6.3144
-2973500,-6.3034
-2973600,-6.2884
-2973700,-6.2764
-2973800,-6.2594
-2973900,-6.2444
-2974000,-6.2254
-2974100,-6.2114
-2974200,-6.1914
-2974300,-6.1814
-2974400,-6.1584
-2974500,-6.1434
-2974600,-6.1284
-2974700,-6.1134
-2974800,-6.0924
-2974900,-6.0714
-2975000,-6.0564
-2975100,-6.0354
-2975200,-6.0174
-2975300,-5.9934
-2975400,-5.9704
-2975500,-5.9534
-2975600,-5.9294
-2975700,-5.9114
-2975800,-5.8984
-2975900,-5.8744
-2976000,-5.8594
-2976100,-5.8464
-2976200,-5.8294
-2976300,-5.8084
-2976400,-5.7904
-2976500,-5.7774
-2976600,-5.7594
-2976700,-5.7444
-2976800,-5.7254
-2976900,-5.7074
-2977000,-5.6934
-2977100,-5.6744
-2977200,-5.6564
-2977300,-5.6434
-2977400,-5.6234
-2977500,-5.6014
-2977600,-5.5894
-2977700,-5.5804
-2977800,-5.5574
-2977900,-5.5444
-2978000,-5.5264
-2978100,-5.5104
-2978200,-5.4904
-2978300,-5.4734
-2978400,-5.4524
-2978500,-5.4344
-2978600,-5.4144
-2978700,-5.3994
-2978800,-5.3834
-2978900,-5.3714
-2979000,-5.3584
-2979100,-5.3404
-2979200,-5.3254
-2979300,-5.3094
-2979400,-5.2904
-2979500,-5.2694
-2979600,-5.2524
-2979700,-5.2314
-2979800,-5.2234
-2979900,-5.1964
-2980000,-5.1814
-2980100,-5.1604
-2980200,-5.1414
-2980300,-5.1194
-2980400,-5.1114
-2980500,-5.0924
-2980600,-5.0744
-2980700,-5.0654
-2980800,-5.0524
-2980900,-5.0404
-2981000,-5.0254
-2981100,-5.0144
-2981200,-4.9974
-2981300,-4.9884
-2981400,-4.9734
-2981500,-4.9594
-2981600,-4.9504
-2981700,-4.9354
-2981800,-4.9304
-2981900,-4.9234
-2982000,-4.9274
-2982100,-4.9194
-2982200,-4.9294
-2982300,-4.9294
-2982400,-4.9314
-2982500,-4.9354
-2982600,-4.9414
-2982700,-4.9514
-2982800,-4.9594
-2982900,-4.9664
-2983000,-4.9754
-2983100,-4.9774
-2983200,-4.9884
-2983300,-4.9904
-2983400,-5.0004
-2983500,-5.0054
-2983600,-5.0124
-2983700,-5.0214
-2983800,-5.0254
-2983900,-5.0354
-2984000,-5.0424
-2984100,-5.0504
-2984200,-5.0584
-2984300,-5.0614
-2984400,-5.0754
-2984500,-5.0864
-2984600,-5.0934
-2984700,-5.1074
-2984800,-5.1134
-2984900,-5.1284
-2985000,-5.1414
-2985100,-5.1594
-2985200,-5.1674
-2985300,-5.1794
-2985400,-5.1934
-2985500,-5.2114
-2985600,-5.2304
-2985700,-5.2434
-2985800,-5.2614
-2985900,-5.2754
-2986000,-5.3034
-2986100,-5.3224
-2986200,-5.3444
-2986300,-5.3664
-2986400,-5.3944
-2986500,-5.4174
-2986600,-5.4404
-2986700,-5.4694
-2986800,-5.4944
-2986900,-5.5244
-2987000,-5.5424
-2987100,-5.5644
-2987200,-5.5894
-2987300,-5.6084
-2987400,-5.6324
-2987500,-5.6534
-2987600,-5.6724
-2987700,-5.6934
-2987800,-5.7014
-2987900,-5.7194
-2988000,-5.7344
-2988100,-5.7504
-2988200,-5.7644
-2988300,-5.7794
-2988400,-5.7924
-2988500,-5.8114
-2988600,-5.8264
-2988700,-5.8424
-2988800,-5.8564
-2988900,-5.8734
-2989000,-5.8904
-2989100,-5.9094
-2989200,-5.9294
-2989300,-5.9424
-2989400,-5.9524
-2989500,-5.9654
-2989600,-5.9754
-2989700,-5.9884
-2989800,-5.9964
-2989900,-6.0074
-2990000,-6.0194
-2990100,-6.0294
-2990200,-6.0384
-2990300,-6.0474
-2990400,-6.0614
-2990500,-6.0734
-2990600,-6.0824
-2990700,-6.0954
-2990800,-6.1034
-2990900,-6.1194
-2991000,-6.1234
-2991100,-6.1364
-2991200,-6.1484
-2991300,-6.1564
-2991400,-6.1704
-2991500,-6.1844
-2991600,-6.1904
-2991700,-6.2004
-2991800,-6.2164
-2991900,-6.2274
-2992000,-6.2374
-2992100,-6.2524
-2992200,-6.2634
-2992300,-6.2754
-2992400,-6.2894
-2992500,-6.3044
-2992600,-6.3164
-2992700,-6.3274
-2992800,-6.3404
-2992900,-6.3584
-2993000,-6.3744
-2993100,-6.3944
-2993200,-6.4074
-2993300,-6.4294
-2993400,-6.4424
-2993500,-6.4604
-2993600,-6.4754
-2993700,-6.4924
-2993800,-6.5104
-2993900,-6.5274
-2994000,-6.5434
-2994100,-6.5654
-2994200,-6.5804
-2994300,-6.6024
-2994400,-6.6284
-2994500,-6.6484
-2994600,-6.6694
-2994700,-6.6914
-2994800,-6.7154
-2994900,-6.7324
-2995000,-6.7504
-2995100,-6.7724
-2995200,-6.7924
-2995300,-6.8074
-2995400,-6.8264
-2995500,-6.8424
-2995600,-6.8594
-2995700,-6.8764
-2995800,-6.8914
-2995900,-6.9104
-2996000,-6.9254
-2996100,-6.9424
-2996200,-6.9624
-2996300,-6.9834
-2996400,-6.9954
-2996500,-7.0154
-2996600,-7.0274
-2996700,-7.0484
-2996800,-7.0634
-2996900,-7.0814
-2997000,-7.0934
-2997100,-7.1134
-2997200,-7.1224
-2997300,-7.1344
-2997400,-7.1454
-2997500,-7.1564
-2997600,-7.1694
-2997700,-7.1794
-2997800,-7.1884
-2997900,-7.2014
-2998000,-7.2074
-2998100,-7.2154
-2998200,-7.2174
-2998300,-7.2214
-2998400,-7.2304
-2998500,-7.2434
-2998600,-7.2454
-2998700,-7.2514
-2998800,-7.2574
-2998900,-7.2634
-2999000,-7.2694
-2999100,-7.2694
-2999200,-7.2744
-2999300,-7.2764
-2999400,-7.2784
-2999500,-7.2794
-2999600,-7.2764
-2999700,-7.2824
-2999800,-7.2874
-2999900,-7.2964
-3000000,-8.7374
-3000100,-8.7934
-3000200,-8.8304
-3000300,-8.8774
-3000400,-8.9064
-3000500,-8.9364
-3000600,-8.9814
-3000700,-9.0274
-3000800,-9.0604
-3000900,-9.0974
-3001000,-9.1154
-3001100,-9.1444
-3001200,-9.1644
-3001300,-9.1734
-3001400,-9.1934
-3001500,-9.2274
-3001600,-9.2424
-3001700,-9.2704
-3001800,-9.2804
-3001900,-9.2994
-3002000,-9.3134
-3002100,-9.3194
-3002200,-9.3394
-3002300,-9.3484
-3002400,-9.3524
-3002500,-9.3504
-3002600,-9.3564
-3002700,-9.3514
-3002800,-9.3714
-3002900,-9.3814
-3003000,-9.3834
-3003100,-9.3804
-3003200,-9.3784
-3003300,-9.3704
-3003400,-9.3714
-3003500,-9.3774
-3003600,-9.3684
-3003700,-9.3534
-3003800,-9.3434
-3003900,-9.3254
-3004000,-9.3064
-3004100,-9.2984
-3004200,-9.2774
-3004300,-9.2534
-3004400,-9.2324
-3004500,-9.2124
-3004600,-9.1834
-3004700,-9.1614
-3004800,-9.1394
-3004900,-9.1094
-3005000,-9.0944
-3005100,-9.0784
-3005200,-9.0644
-3005300,-9.0394
-3005400,-9.0184
-3005500,-8.9964
-3005600,-8.9704
-3005700,-8.9504
-3005800,-8.9354
-3005900,-8.9164
-3006000,-8.8924
-3006100,-8.8784
-3006200,-8.8644
-3006300,-8.8414
-3006400,-8.8124
-3006500,-8.7904
-3006600,-8.7614
-3006700,-8.7274
-3006800,-8.7044
-3006900,-8.6724
-3007000,-8.6534
-3007100,-8.6234
-3007200,-8.5994
-3007300,-8.5774
-3007400,-8.5474
-3007500,-8.5174
-3007600,-8.4944
-3007700,-8.4654
-3007800,-8.4374
-3007900,-8.4074
-3008000,-8.3734
-3008100,-8.3424
-3008200,-8.3164
-3008300,-8.2884
-3008400,-8.2554
-3008500,-8.2304
-3008600,-8.1914
-3008700,-8.1594
-3008800,-8.1234
-3008900,-8.0884
-3009000,-8.0384
-3009100,-7.9924
-3009200,-7.9424
-3009300,-7.8994
-3009400,-7.8564
-3009500,-7.7974
-3009600,-7.7554
-3009700,-7.7034
-3009800,-7.6574
-3009900,-7.6134
-3010000,-7.5714
-3010100,-7.5194
-3010200,-7.4954
-3010300,-7.4624
-3010400,-7.4434
-3010500,-7.4224
-3010600,-7.3994
-3010700,-7.3714
-3010800,-7.3554
-3010900,-7.3374
-3011000,-7.3184
-3011100,-7.2914
-3011200,-7.2624
-3011300,-7.2374
-3011400,-7.2064
-3011500,-7.1774
-3011600,-7.1564
-3011700,-7.1204
-3011800,-7.0964
-3011900,-7.0734
-3012000,-7.0474
-3012100,-7.0214
-3012200,-6.9944
-3012300,-6.9684
-3012400,-6.9444
-3012500,-6.9174
-3012600,-6.8884
-3012700,-6.8604
-3012800,-6.8344
-3012900,-6.8064
-3013000,-6.7774
-3013100,-6.7414
-3013200,-6.7144
-3013300,-6.6854
-3013400,-6.6554
-3013500,-6.6264
-3013600,-6.5974
-3013700,-6.5624
-3013800,-6.5364
-3013900,-6.5014
-3014000,-6.4724
-3014100,-6.4364
-3014200,-6.4124
-3014300,-6.3804
-3014400,-6.3444
-3014500,-6.3174
-3014600,-6.2824
-3014700,-6.2464
-3014800,-6.2194
-3014900,-6.1834
-3015000,-6.1544
-3015100,-6.1184
-3015200,-6.0864
-3015300,-6.0484
-3015400,-6.0124
-3015500,-5.9814
-3015600,-5.9434
-3015700,-5.9124
-3015800,-5.8784
-3015900,-5.8414
-3016000,-5.8134
-3016100,-5.7774
-3016200,-5.7434
-3016300,-5.7084
-3016400,-5.6704
-3016500,-5.6354
-3016600,-5.6024
-3016700,-5.5614
-3016800,-5.5324
-3016900,-5.4904
-3017000,-5.4524
-3017100,-5.4184
-3017200,-5.3734
-3017300,-5.3394
-3017400,-5.2984
-3017500,-5.2614
-3017600,-5.2214
-3017700,-5.1784
-3017800,-5.1404
-3017900,-5.0934
-3018000,-5.0554
-3018100,-5.0174
-3018200,-4.9684
-3018300,-4.9324
-3018400,-4.8974
-3018500,-4.8464
-3018600,-4.8124
-3018700,-4.7654
-3018800,-4.7144
-3018900,-4.6674
-3019000,-4.6224
-3019100,-4.5884
-3019200,-4.5464
-3019300,-4.5144
-3019400,-4.4754
-3019500,-4.4374
-3019600,-4.4004
-3019700,-4.3574
-3019800,-4.3164
-3019900,-4.2774
-3020000,-4.2364
-3020100,-4.1964
-3020200,-4.1514
-3020300,-4.1114
-3020400,-4.0594
-3020500,-4.0224
-3020600,-3.9824
-3020700,-3.9394
-3020800,-3.8934
-3020900,-3.8634
-3021000,-3.8154
-3021100,-3.7654
-3021200,-3.7234
-3021300,-3.6764
-3021400,-3.6334
-3021500,-3.5904
-3021600,-3.5674
-3021700,-3.5184
-3021800,-3.4914
-3021900,-3.4614
-3022000,-3.4094
-3022100,-3.3674
-3022200,-3.3464
-3022300,-3.3364
-3022400,-3.2934
-3022500,-3.2654
-3022600,-3.2484
-3022700,-3.2474
-3022800,-3.2164
-3022900,-3.2014
-3023000,-3.1754
-3023100,-3.1524
-3023200,-3.1264
-3023300,-3.1044
-3023400,-3.0874
-3023500,-3.0704
-3023600,-3.0514
-3023700,-3.0344
-3023800,-3.0304
-3023900,-3.0184
-3024000,-3.0084
-3024100,-2.9934
-3024200,-2.9834
-3024300,-2.9734
-3024400,-2.9694
-3024500,-2.9674
-3024600,-2.9624
-3024700,-2.9524
-3024800,-2.9454
-3024900,-2.9304
-3025000,-2.9284
-3025100,-2.9314
-3025200,-2.9334
-3025300,-2.9364
-3025400,-2.9364
-3025500,-2.9364
-3025600,-2.9474
-3025700,-2.9474
-3025800,-2.9594
-3025900,-2.9754
-3026000,-2.9874
-3026100,-3.0084
-3026200,-3.0154
-3026300,-3.0374
-3026400,-3.0624
-3026500,-3.0714
-3026600,-3.0874
-3026700,-3.1034
-3026800,-3.1214
-3026900,-3.1474
-3027000,-3.1774
-3027100,-3.2094
-3027200,-3.2494
-3027300,-3.2904
-3027400,-3.3324
-3027500,-3.3724
-3027600,-3.4184
-3027700,-3.4524
-3027800,-3.4854
-3027900,-3.5104
-3028000,-3.5304
-3028100,-3.5574
-3028200,-3.5764
-3028300,-3.6084
-3028400,-3.6404
-3028500,-3.6724
-3028600,-3.7074
-3028700,-3.7334
-3028800,-3.7384
-3028900,-3.7424
-3029000,-3.7404
-3029100,-3.7444
-3029200,-3.7364
-3029300,-3.7394
-3029400,-3.7344
-3029500,-3.7344
-3029600,-3.7274
-3029700,-3.7184
-3029800,-3.7104
-3029900,-3.6994
-3030000,-3.6924
-3030100,-3.6864
-3030200,-3.6844
-3030300,-3.6744
-3030400,-3.6674
-3030500,-3.6784
-3030600,-3.6834
-3030700,-3.6864
-3030800,-3.6864
-3030900,-3.6904
-3031000,-3.6964
-3031100,-3.7024
-3031200,-3.6984
-3031300,-3.7034
-3031400,-3.7094
-3031500,-3.7104
-3031600,-3.7124
-3031700,-3.7204
-3031800,-3.7264
-3031900,-3.7324
-3032000,-3.7324
-3032100,-3.7384
-3032200,-3.7394
-3032300,-3.7444
-3032400,-3.7464
-3032500,-3.7514
-3032600,-3.7544
-3032700,-3.7534
-3032800,-3.7604
-3032900,-3.7644
-3033000,-3.7734
-3033100,-3.7694
-3033200,-3.7764
-3033300,-3.7784
-3033400,-3.7794
-3033500,-3.7864
-3033600,-3.7834
-3033700,-3.7894
-3033800,-3.7824
-3033900,-3.7864
-3034000,-3.7884
-3034100,-3.7864
-3034200,-3.7894
-3034300,-3.7834
-3034400,-3.7844
-3034500,-3.7874
-3034600,-3.7884
-3034700,-3.7884
-3034800,-3.7924
-3034900,-3.7884
-3035000,-3.7944
-3035100,-3.7974
-3035200,-3.8084
-3035300,-3.8114
-3035400,-3.8334
-3035500,-3.8344
-3035600,-3.8414
-3035700,-3.8484
-3035800,-3.8464
-3035900,-3.8594
-3036000,-3.8614
-3036100,-3.8594
-3036200,-3.8624
-3036300,-3.8654
-3036400,-3.8634
-3036500,-3.8574
-3036600,-3.8574
-3036700,-3.8544
-3036800,-3.8514
-3036900,-3.8384
-3037000,-3.8374
-3037100,-3.8374
-3037200,-3.8284
-3037300,-3.8184
-3037400,-3.8144
-3037500,-3.8084
-3037600,-3.8004
-3037700,-3.7954
-3037800,-3.7824
-3037900,-3.7724
-3038000,-3.7624
-3038100,-3.7504
-3038200,-3.7424
-3038300,-3.7654
-3038400,-3.7854
-3038500,-3.8004
-3038600,-3.8074
-3038700,-3.7984
-3038800,-3.7914
-3038900,-3.7764
-3039000,-3.7624
-3039100,-3.7484
-3039200,-3.7304
-3039300,-3.7164
-3039400,-3.7014
-3039500,-3.6794
-3039600,-3.6624
-3039700,-3.6474
-3039800,-3.6294
-3039900,-3.6074
-3040000,-3.5884
-3040100,-3.5714
-3040200,-3.5464
-3040300,-3.5274
-3040400,-3.5154
-3040500,-3.5024
-3040600,-3.4864
-3040700,-3.4694
-3040800,-3.4544
-3040900,-3.4294
-3041000,-3.4184
-3041100,-3.3994
-3041200,-3.3914
-3041300,-3.3684
-3041400,-3.3434
-3041500,-3.3254
-3041600,-3.3054
-3041700,-3.2784
-3041800,-3.2814
-3041900,-3.2644
-3042000,-3.2534
-3042100,-3.2574
-3042200,-3.2344
-3042300,-3.2244
-3042400,-3.2154
-3042500,-3.1984
-3042600,-3.2004
-3042700,-3.1944
-3042800,-3.1854
-3042900,-3.1794
-3043000,-3.1584
-3043100,-3.1424
-3043200,-3.1254
-3043300,-3.1124
-3043400,-3.0994
-3043500,-3.0844
-3043600,-3.0694
-3043700,-3.0544
-3043800,-3.0494
-3043900,-3.0444
-3044000,-3.0294
-3044100,-3.0174
-3044200,-3.0024
-3044300,-2.9914
-3044400,-2.9744
-3044500,-2.9604
-3044600,-2.9494
-3044700,-2.9364
-3044800,-2.9274
-3044900,-2.9124
-3045000,-2.8974
-3045100,-2.8864
-3045200,-2.8744
-3045300,-2.8634
-3045400,-2.8524
-3045500,-2.8394
-3045600,-2.8314
-3045700,-2.8254
-3045800,-2.8254
-3045900,-2.8214
-3046000,-2.8154
-3046100,-2.8074
-3046200,-2.7954
-3046300,-2.7884
-3046400,-2.7774
-3046500,-2.7714
-3046600,-2.7644
-3046700,-2.7644
-3046800,-2.7554
-3046900,-2.7414
-3047000,-2.7264
-3047100,-2.7174
-3047200,-2.7014
-3047300,-2.6954
-3047400,-2.6864
-3047500,-2.6734
-3047600,-2.6714
-3047700,-2.6614
-3047800,-2.6484
-3047900,-2.6484
-3048000,-2.6394
-3048100,-2.6364
-3048200,-2.6364
-3048300,-2.6304
-3048400,-2.6334
-3048500,-2.6374
-3048600,-2.6264
-3048700,-2.6274
-3048800,-2.6104
-3048900,-2.5884
-3049000,-2.5754
-3049100,-2.5654
-3049200,-2.5444
-3049300,-2.5084
-3049400,-2.4854
-3049500,-2.4574
-3049600,-2.4274
-3049700,-2.3994
-3049800,-2.3774
-3049900,-2.3434
-3050000,-2.3074
-3050100,-2.2604
-3050200,-2.2174
-3050300,-2.1814
-3050400,-2.1444
-3050500,-2.0954
-3050600,-2.0444
-3050700,-1.9764
-3050800,-1.9134
-3050900,-1.8464
-3051000,-1.7884
-3051100,-1.7284
-3051200,-1.6674
-3051300,-1.6024
-3051400,-1.5334
-3051500,-1.4674
-3051600,-1.4044
-3051700,-1.3364
-3051800,-1.2594
-3051900,-1.1964
-3052000,-1.1294
-3052100,-1.0634
-3052200,-1.0044
-3052300,-0.9454
-3052400,-0.8854
-3052500,-0.8314
-3052600,-0.7714
-3052700,-0.7164
-3052800,-0.6774
-3052900,-0.6444
-3053000,-0.6034
-3053100,-0.5524
-3053200,-0.5194
-3053300,-0.4934
-3053400,-0.4514
-3053500,-0.4074
-3053600,-0.3744
-3053700,-0.3394
-3053800,-0.2994
-3053900,-0.2684
-3054000,-0.2374
-3054100,-0.2134
-3054200,-0.2014
-3054300,-0.1754
-3054400,-0.1684
-3054500,-0.1434
-3054600,-0.1234
-3054700,-0.1014
-3054800,-0.0774
-3054900,-0.0494
-3055000,-0.0254
-3055100,-0.0174
-3055200,-0.0004
-3055300,0.0116
-3055400,0.0256
-3055500,0.0396
-3055600,0.0506
-3055700,0.0426
-3055800,0.0396
-3055900,0.0416
-3056000,0.0526
-3056100,0.0606
-3056200,0.0526
-3056300,0.0586
-3056400,0.0576
-3056500,0.0526
-3056600,0.0536
-3056700,0.0506
-3056800,0.0486
-3056900,0.0466
-3057000,0.0366
-3057100,0.0296
-3057200,0.0316
-3057300,0.0266
-3057400,0.0276
-3057500,0.0226
-3057600,0.0216
-3057700,0.0236
-3057800,0.0186
-3057900,0.0126
-3058000,0.0076
-3058100,0.0086
-3058200,0.0086
-3058300,0.0056
-3058400,0.0046
-3058500,0.0066
-3058600,0.0076
-3058700,0.0086
-3058800,0.0086
-3058900,0.0106
-3059000,0.0116
-3059100,0.0156
-3059200,0.0186
-3059300,0.0266
-3059400,0.0256
-3059500,0.0356
-3059600,0.0406
-3059700,0.0356
-3059800,0.0376
-3059900,0.0406
-3060000,0.0446
-3060100,0.0496
-3060200,0.0586
-3060300,0.0626
-3060400,0.0686
-3060500,0.0766
-3060600,0.0816
-3060700,0.0856
-3060800,0.0926
-3060900,0.0946
-3061000,0.0976
-3061100,0.0996
-3061200,0.1036
-3061300,0.1086
-3061400,0.1036
-3061500,0.1096
-3061600,0.1126
-3061700,0.1166
-3061800,0.1216
-3061900,0.1246
-3062000,0.1296
-3062100,0.1326
-3062200,0.1286
-3062300,0.1306
-3062400,0.1316
-3062500,0.1336
-3062600,0.1356
-3062700,0.1376
-3062800,0.1446
-3062900,0.1486
-3063000,0.1476
-3063100,0.1536
-3063200,0.1606
-3063300,0.1676
-3063400,0.1776
-3063500,0.1756
-3063600,0.1826
-3063700,0.1756
-3063800,0.1836
-3063900,0.1926
-3064000,0.2036
-3064100,0.2146
-3064200,0.2266
-3064300,0.2396
-3064400,0.2326
-3064500,0.2446
-3064600,0.2576
-3064700,0.2646
-3064800,0.2806
-3064900,0.2996
-3065000,0.3176
-3065100,0.3316
-3065200,0.3386
-3065300,0.3476
-3065400,0.3626
-3065500,0.3756
-3065600,0.3836
-3065700,0.4006
-3065800,0.3716
-3065900,0.3326
-3066000,0.3386
-3066100,0.3406
-3066200,0.3266
-3066300,0.3236
-3066400,0.3216
-3066500,0.2976
-3066600,0.2926
-3066700,0.2826
-3066800,0.2746
-3066900,0.2666
-3067000,0.2646
-3067100,0.2636
-3067200,0.2616
-3067300,0.2586
-3067400,0.2546
-3067500,0.2496
-3067600,0.2436
-3067700,0.2356
-3067800,0.2246
-3067900,0.2136
-3068000,0.2186
-3068100,0.2146
-3068200,0.2036
-3068300,0.1886
-3068400,0.1686
-3068500,0.1656
-3068600,0.1726
-3068700,0.1386
-3068800,0.1156
-3068900,0.0776
-3069000,0.0576
-3069100,0.0626
-3069200,0.0546
-3069300,-0.0004
-3069400,-0.0314
-3069500,-0.0584
-3069600,-0.0974
-3069700,-0.1274
-3069800,-0.1644
-3069900,-0.1984
-3070000,-0.2214
-3070100,-0.2374
-3070200,-0.2584
-3070300,-0.2884
-3070400,-0.3184
-3070500,-0.3594
-3070600,-0.3804
-3070700,-0.4124
-3070800,-0.4314
-3070900,-0.4744
-3071000,-0.5014
-3071100,-0.5284
-3071200,-0.5584
-3071300,-0.5964
-3071400,-0.6464
-3071500,-0.7114
-3071600,-0.7784
-3071700,-0.8334
-3071800,-0.8834
-3071900,-0.9254
-3072000,-0.9784
-3072100,-1.0234
-3072200,-1.0694
-3072300,-1.1174
-3072400,-1.1544
-3072500,-1.1814
-3072600,-1.2154
-3072700,-1.2404
-3072800,-1.2644
-3072900,-1.2704
-3073000,-1.2844
-3073100,-1.3024
-3073200,-1.3254
-3073300,-1.3504
-3073400,-1.3804
-3073500,-1.3864
-3073600,-1.4034
-3073700,-1.3964
-3073800,-1.3894
-3073900,-1.3924
-3074000,-1.3904
-3074100,-1.3824
-3074200,-1.3894
-3074300,-1.3844
-3074400,-1.3784
-3074500,-1.3764
-3074600,-1.3694
-3074700,-1.3724
-3074800,-1.3614
-3074900,-1.3614
-3075000,-1.3604
-3075100,-1.3564
-3075200,-1.3514
-3075300,-1.3464
-3075400,-1.3424
-3075500,-1.3354
-3075600,-1.3324
-3075700,-1.3354
-3075800,-1.3364
-3075900,-1.3324
-3076000,-1.3314
-3076100,-1.3284
-3076200,-1.3324
-3076300,-1.3244
-3076400,-1.3254
-3076500,-1.3264
-3076600,-1.3274
-3076700,-1.3264
-3076800,-1.3214
-3076900,-1.3194
-3077000,-1.3244
-3077100,-1.3194
-3077200,-1.3164
-3077300,-1.3154
-3077400,-1.3144
-3077500,-1.3124
-3077600,-1.3124
-3077700,-1.3074
-3077800,-1.3134
-3077900,-1.3014
-3078000,-1.2994
-3078100,-1.3064
-3078200,-1.2924
-3078300,-1.2954
-3078400,-1.2904
-3078500,-1.2864
-3078600,-1.2924
-3078700,-1.2884
-3078800,-1.2794
-3078900,-1.2874
-3079000,-1.2764
-3079100,-1.2774
-3079200,-1.2714
-3079300,-1.2774
-3079400,-1.2764
-3079500,-1.2814
-3079600,-1.2814
-3079700,-1.2804
-3079800,-1.2824
-3079900,-1.2844
-3080000,-1.2834
-3080100,-1.2824
-3080200,-1.2824
-3080300,-1.2874
-3080400,-1.2874
-3080500,-1.2964
-3080600,-1.2944
-3080700,-1.3034
-3080800,-1.3004
-3080900,-1.3064
-3081000,-1.3174
-3081100,-1.3194
-3081200,-1.3194
-3081300,-1.3174
-3081400,-1.3214
-3081500,-1.3234
-3081600,-1.3284
-3081700,-1.3404
-3081800,-1.3414
-3081900,-1.3434
-3082000,-1.3514
-3082100,-1.3584
-3082200,-1.3634
-3082300,-1.3704
-3082400,-1.3794
-3082500,-1.3824
-3082600,-1.3934
-3082700,-1.3984
-3082800,-1.4124
-3082900,-1.4214
-3083000,-1.4304
-3083100,-1.4464
-3083200,-1.4614
-3083300,-1.4814
-3083400,-1.5004
-3083500,-1.5144
-3083600,-1.5304
-3083700,-1.5504
-3083800,-1.5794
-3083900,-1.6184
-3084000,-1.6664
-3084100,-1.6984
-3084200,-1.7404
-3084300,-1.7774
-3084400,-1.8114
-3084500,-1.8494
-3084600,-1.8774
-3084700,-1.9174
-3084800,-1.9604
-3084900,-2.0074
-3085000,-2.0554
-3085100,-2.1094
-3085200,-2.1514
-3085300,-2.1914
-3085400,-2.2334
-3085500,-2.2864
-3085600,-2.3414
-3085700,-2.4004
-3085800,-2.4564
-3085900,-2.5084
-3086000,-2.5714
-3086100,-2.6194
-3086200,-2.6804
-3086300,-2.7294
-3086400,-2.7694
-3086500,-2.8174
-3086600,-2.8704
-3086700,-2.9184
-3086800,-2.9704
-3086900,-3.0034
-3087000,-3.0454
-3087100,-3.0814
-3087200,-3.1074
-3087300,-3.1284
-3087400,-3.1544
-3087500,-3.1754
-3087600,-3.1864
-3087700,-3.1994
-3087800,-3.2134
-3087900,-3.2204
-3088000,-3.2304
-3088100,-3.2284
-3088200,-3.2314
-3088300,-3.2254
-3088400,-3.2314
-3088500,-3.2354
-3088600,-3.2364
-3088700,-3.2314
-3088800,-3.2294
-3088900,-3.2314
-3089000,-3.2324
-3089100,-3.2254
-3089200,-3.2204
-3089300,-3.2154
-3089400,-3.2144
-3089500,-3.2124
-3089600,-3.2114
-3089700,-3.2054
-3089800,-3.2094
-3089900,-3.2064
-3090000,-3.2044
-3090100,-3.1994
-3090200,-3.1974
-3090300,-3.1914
-3090400,-3.1864
-3090500,-3.1854
-3090600,-3.1854
-3090700,-3.1924
-3090800,-3.1944
-3090900,-3.2064
-3091000,-3.2094
-3091100,-3.2134
-3091200,-3.2224
-3091300,-3.2154
-3091400,-3.2124
-3091500,-3.2094
-3091600,-3.2054
-3091700,-3.2074
-3091800,-3.2064
-3091900,-3.2014
-3092000,-3.1944
-3092100,-3.1894
-3092200,-3.1844
-3092300,-3.1724
-3092400,-3.1694
-3092500,-3.1664
-3092600,-3.1644
-3092700,-3.1544
-3092800,-3.1514
-3092900,-3.1504
-3093000,-3.1404
-3093100,-3.1404
-3093200,-3.1364
-3093300,-3.1294
-3093400,-3.1214
-3093500,-3.1114
-3093600,-3.1024
-3093700,-3.0904
-3093800,-3.0824
-3093900,-3.0724
-3094000,-3.0634
-3094100,-3.0514
-3094200,-3.0444
-3094300,-3.0334
-3094400,-3.0224
-3094500,-3.0184
-3094600,-3.0064
-3094700,-2.9904
-3094800,-2.9834
-3094900,-2.9704
-3095000,-2.9634
-3095100,-2.9554
-3095200,-2.9454
-3095300,-2.9334
-3095400,-2.9284
-3095500,-2.9144
-3095600,-2.9124
-3095700,-2.9044
-3095800,-2.9004
-3095900,-2.8904
-3096000,-2.8814
-3096100,-2.8784
-3096200,-2.8694
-3096300,-2.8584
-3096400,-2.8594
-3096500,-2.8554
-3096600,-2.8484
-3096700,-2.8454
-3096800,-2.8454
-3096900,-2.8414
-3097000,-2.8434
-3097100,-2.8354
-3097200,-2.8344
-3097300,-2.8364
-3097400,-2.8354
-3097500,-2.8304
-3097600,-2.8344
-3097700,-2.8344
-3097800,-2.8344
-3097900,-2.8384
-3098000,-2.8374
-3098100,-2.8404
-3098200,-2.8424
-3098300,-2.8434
-3098400,-2.8444
-3098500,-2.8454
-3098600,-2.8484
-3098700,-2.8574
-3098800,-2.8574
-3098900,-2.8674
-3099000,-2.8704
-3099100,-2.8724
-3099200,-2.8824
-3099300,-2.8834
-3099400,-2.8944
-3099500,-2.8964
-3099600,-2.9124
-3099700,-2.9224
-3099800,-2.9284
-3099900,-2.9394
-3100000,-2.9484
-3100100,-2.9524
-3100200,-2.9674
-3100300,-2.9724
-3100400,-2.9894
-3100500,-3.0064
-3100600,-3.0094
-3100700,-3.0254
-3100800,-3.0514
-3100900,-3.0624
-3101000,-3.0834
-3101100,-3.0994
-3101200,-3.1294
-3101300,-3.1444
-3101400,-3.1714
-3101500,-3.1924
-3101600,-3.2204
-3101700,-3.2464
-3101800,-3.2664
-3101900,-3.2894
-3102000,-3.3234
-3102100,-3.3444
-3102200,-3.3714
-3102300,-3.3934
-3102400,-3.4204
-3102500,-3.4604
-3102600,-3.4874
-3102700,-3.5134
-3102800,-3.5454
-3102900,-3.5844
-3103000,-3.6114
-3103100,-3.6374
-3103200,-3.6704
-3103300,-3.6944
-3103400,-3.7204
-3103500,-3.7424
-3103600,-3.7634
-3103700,-3.7874
-3103800,-3.8084
-3103900,-3.8304
-3104000,-3.8544
-3104100,-3.8774
-3104200,-3.9014
-3104300,-3.9234
-3104400,-3.9444
-3104500,-3.9734
-3104600,-3.9934
-3104700,-4.0274
-3104800,-4.0634
-3104900,-4.0904
-3105000,-4.1184
-3105100,-4.1564
-3105200,-4.1834
-3105300,-4.2174
-3105400,-4.2534
-3105500,-4.2894
-3105600,-4.3274
-3105700,-4.3584
-3105800,-4.3904
-3105900,-4.4324
-3106000,-4.4634
-3106100,-4.4904
-3106200,-4.5264
-3106300,-4.5604
-3106400,-4.5894
-3106500,-4.6234
-3106600,-4.6494
-3106700,-4.6904
-3106800,-4.7184
-3106900,-4.7454
-3107000,-4.7734
-3107100,-4.8024
-3107200,-4.8384
-3107300,-4.8644
-3107400,-4.8944
-3107500,-4.9294
-3107600,-4.9624
-3107700,-4.9904
-3107800,-5.0164
-3107900,-5.0474
-3108000,-5.0824
-3108100,-5.1114
-3108200,-5.1434
-3108300,-5.1664
-3108400,-5.1914
-3108500,-5.2334
-3108600,-5.2574
-3108700,-5.2814
-3108800,-5.3074
-3108900,-5.3244
-3109000,-5.3444
-3109100,-5.3674
-3109200,-5.3944
-3109300,-5.4174
-3109400,-5.4414
-3109500,-5.4754
-3109600,-5.4944
-3109700,-5.5224
-3109800,-5.5404
-3109900,-5.5554
-3110000,-5.5724
-3110100,-5.5934
-3110200,-5.6124
-3110300,-5.6274
-3110400,-5.6484
-3110500,-5.6614
-3110600,-5.6794
-3110700,-5.6914
-3110800,-5.7074
-3110900,-5.7294
-3111000,-5.7434
-3111100,-5.7594
-3111200,-5.7754
-3111300,-5.7934
-3111400,-5.8104
-3111500,-5.8344
-3111600,-5.8654
-3111700,-5.8784
-3111800,-5.8914
-3111900,-5.9044
-3112000,-5.9104
-3112100,-5.9204
-3112200,-5.9284
-3112300,-5.9394
-3112400,-5.9484
-3112500,-5.9604
-3112600,-5.9684
-3112700,-5.9784
-3112800,-5.9904
-3112900,-5.9984
-3113000,-6.0094
-3113100,-6.0184
-3113200,-6.0284
-3113300,-6.0394
-3113400,-6.0484
-3113500,-6.0534
-3113600,-6.0664
-3113700,-6.0764
-3113800,-6.0864
-3113900,-6.0934
-3114000,-6.1044
-3114100,-6.1154
-3114200,-6.1184
-3114300,-6.1304
-3114400,-6.1374
-3114500,-6.1424
-3114600,-6.1534
-3114700,-6.1614
-3114800,-6.1714
-3114900,-6.1864
-3115000,-6.2044
-3115100,-6.2124
-3115200,-6.2324
-3115300,-6.2484
-3115400,-6.2654
-3115500,-6.2804
-3115600,-6.2894
-3115700,-6.3034
-3115800,-6.3234
-3115900,-6.3364
-3116000,-6.3504
-3116100,-6.3744
-3116200,-6.3884
-3116300,-6.4074
-3116400,-6.4214
-3116500,-6.4454
-3116600,-6.4664
-3116700,-6.4814
-3116800,-6.4994
-3116900,-6.5364
-3117000,-6.5584
-3117100,-6.5814
-3117200,-6.5994
-3117300,-6.6244
-3117400,-6.6434
-3117500,-6.6674
-3117600,-6.6994
-3117700,-6.7274
-3117800,-6.7664
-3117900,-6.7974
-3118000,-6.8324
-3118100,-6.8514
-3118200,-6.8874
-3118300,-6.9064
-3118400,-6.9334
-3118500,-6.9544
-3118600,-6.9754
-3118700,-6.9854
-3118800,-6.9974
-3118900,-7.0044
-3119000,-7.0084
-3119100,-7.0174
-3119200,-7.0224
-3119300,-7.0264
-3119400,-7.0414
-3119500,-7.0394
-3119600,-7.0444
-3119700,-7.0434
-3119800,-7.0464
-3119900,-7.0454
-3120000,-7.0574
-3120100,-7.0544
-3120200,-7.0594
-3120300,-7.0654
-3120400,-7.0694
-3120500,-7.0804
-3120600,-7.0884
-3120700,-7.0844
-3120800,-7.0864
-3120900,-7.0814
-3121000,-7.0824
-3121100,-7.0854
-3121200,-7.0864
-3121300,-7.0804
-3121400,-7.0804
-3121500,-7.0804
-3121600,-7.0814
-3121700,-7.0694
-3121800,-7.0644
-3121900,-7.0644
-3122000,-7.0584
-3122100,-7.0564
-3122200,-7.0524
-3122300,-7.0584
-3122400,-7.0514
-3122500,-7.0474
-3122600,-7.0494
-3122700,-7.0464
-3122800,-7.0364
-3122900,-7.0384
-3123000,-7.0334
-3123100,-7.0254
-3123200,-7.0264
-3123300,-7.0214
-3123400,-7.0184
-3123500,-7.0174
-3123600,-7.0144
-3123700,-7.0094
-3123800,-7.0114
-3123900,-7.0104
-3124000,-6.9994
-3124100,-7.0044
-3124200,-7.0024
-3124300,-6.9974
-3124400,-6.9974
-3124500,-6.9984
-3124600,-6.9914
-3124700,-6.9844
-3124800,-6.9874
-3124900,-6.9824
-3125000,-6.9774
-3125100,-6.9724
-3125200,-6.9674
-3125300,-6.9674
-3125400,-6.9614
-3125500,-6.9554
-3125600,-6.9534
-3125700,-6.9504
-3125800,-6.9464
-3125900,-6.9444
-3126000,-6.9404
-3126100,-6.9384
-3126200,-6.9294
-3126300,-6.9304
-3126400,-6.9164
-3126500,-6.9134
-3126600,-6.9084
-3126700,-6.9024
-3126800,-6.8974
-3126900,-6.8944
-3127000,-6.8844
-3127100,-6.8804
-3127200,-6.8724
-3127300,-6.8684
-3127400,-6.8714
-3127500,-6.8674
-3127600,-6.8674
-3127700,-6.8754
-3127800,-6.8764
-3127900,-6.8814
-3128000,-6.8734
-3128100,-6.8874
-3128200,-6.9044
-3128300,-6.9204
-3128400,-6.9334
-3128500,-6.9684
-3128600,-7.0114
-3128700,-7.0474
-3128800,-7.1004
-3128900,-7.1404
-3129000,-7.1754
-3129100,-7.1984
-3129200,-7.2144
-3129300,-7.2204
-3129400,-7.2404
-3129500,-7.2304
-3129600,-7.2234
-3129700,-7.2164
-3129800,-7.2064
-3129900,-7.1964
-3130000,-7.1894
-3130100,-7.1774
-3130200,-7.1704
-3130300,-7.1564
-3130400,-7.1384
-3130500,-7.1284
-3130600,-7.1174
-3130700,-7.1044
-3130800,-7.0894
-3130900,-7.0764
-3131000,-7.0664
-3131100,-7.0504
-3131200,-7.0354
-3131300,-7.0194
-3131400,-7.0064
-3131500,-6.9904
-3131600,-6.9764
-3131700,-6.9584
-3131800,-6.9454
-3131900,-6.9274
-3132000,-6.9134
-3132100,-6.8944
-3132200,-6.8784
-3132300,-6.8604
-3132400,-6.8424
-3132500,-6.8294
-3132600,-6.8144
-3132700,-6.7914
-3132800,-6.7744
-3132900,-6.7604
-3133000,-6.7354
-3133100,-6.7194
-3133200,-6.7054
-3133300,-6.6804
-3133400,-6.6614
-3133500,-6.6424
-3133600,-6.6234
-3133700,-6.6014
-3133800,-6.5824
-3133900,-6.5674
-3134000,-6.5474
-3134100,-6.5244
-3134200,-6.5054
-3134300,-6.4854
-3134400,-6.4634
-3134500,-6.4384
-3134600,-6.4134
-3134700,-6.3924
-3134800,-6.3684
-3134900,-6.3424
-3135000,-6.3254
-3135100,-6.2984
-3135200,-6.2744
-3135300,-6.2434
-3135400,-6.2204
-3135500,-6.1924
-3135600,-6.1604
-3135700,-6.1314
-3135800,-6.1064
-3135900,-6.0714
-3136000,-6.0484
-3136100,-6.0304
-3136200,-6.0044
-3136300,-5.9844
-3136400,-5.9594
-3136500,-5.9384
-3136600,-5.9114
-3136700,-5.8884
-3136800,-5.8594
-3136900,-5.8284
-3137000,-5.8034
-3137100,-5.7744
-3137200,-5.7464
-3137300,-5.7114
-3137400,-5.6824
-3137500,-5.6484
-3137600,-5.6154
-3137700,-5.5834
-3137800,-5.5474
-3137900,-5.5114
-3138000,-5.4724
-3138100,-5.4304
-3138200,-5.3864
-3138300,-5.3484
-3138400,-5.3064
-3138500,-5.2584
-3138600,-5.2084
-3138700,-5.1714
-3138800,-5.1414
-3138900,-5.1094
-3139000,-5.0674
-3139100,-5.0354
-3139200,-4.9934
-3139300,-4.9614
-3139400,-4.9454
-3139500,-4.9164
-3139600,-4.8924
-3139700,-4.8664
-3139800,-4.8434
-3139900,-4.8174
-3140000,-4.7834
-3140100,-4.7614
-3140200,-4.7324
-3140300,-4.7114
-3140400,-4.6834
-3140500,-4.6614
-3140600,-4.6364
-3140700,-4.6224
-3140800,-4.5954
-3140900,-4.5724
-3141000,-4.5534
-3141100,-4.5234
-3141200,-4.4944
-3141300,-4.4624
-3141400,-4.4294
-3141500,-4.4004
-3141600,-4.3674
-3141700,-4.3344
-3141800,-4.2994
-3141900,-4.2694
-3142000,-4.2324
-3142100,-4.1984
-3142200,-4.1564
-3142300,-4.1174
-3142400,-4.0754
-3142500,-4.0394
-3142600,-4.0034
-3142700,-3.9644
-3142800,-3.9154
-3142900,-3.8794
-3143000,-3.8414
-3143100,-3.8014
-3143200,-3.7584
-3143300,-3.7094
-3143400,-3.6564
-3143500,-3.5984
-3143600,-3.5434
-3143700,-3.4814
-3143800,-3.4254
-3143900,-3.3524
-3144000,-3.2924
-3144100,-3.2234
-3144200,-3.1514
-3144300,-3.0824
-3144400,-3.0044
-3144500,-2.9284
-3144600,-2.8484
-3144700,-2.7674
-3144800,-2.6794
-3144900,-2.5884
-3145000,-2.5174
-3145100,-2.4444
-3145200,-2.3774
-3145300,-2.2934
-3145400,-2.2294
-3145500,-2.1644
-3145600,-2.0924
-3145700,-2.0154
-3145800,-1.9414
-3145900,-1.8604
-3146000,-1.7814
-3146100,-1.7064
-3146200,-1.6294
-3146300,-1.5704
-3146400,-1.5044
-3146500,-1.4494
-3146600,-1.3894
-3146700,-1.3304
-3146800,-1.2884
-3146900,-1.2114
-3147000,-1.1504
-3147100,-1.0804
-3147200,-1.0204
-3147300,-0.9624
-3147400,-0.8914
-3147500,-0.8424
-3147600,-0.7774
-3147700,-0.7184
-3147800,-0.6644
-3147900,-0.6114
-3148000,-0.5684
-3148100,-0.5304
-3148200,-0.4854
-3148300,-0.4444
-3148400,-0.3954
-3148500,-0.3594
-3148600,-0.3284
-3148700,-0.2934
-3148800,-0.2584
-3148900,-0.2364
-3149000,-0.1974
-3149100,-0.1664
-3149200,-0.1384
-3149300,-0.1164
-3149400,-0.1114
-3149500,-0.0894
-3149600,-0.0794
-3149700,-0.0574
-3149800,-0.0314
-3149900,-0.0084
-3150000,0.0046
-3150100,0.0146
-3150200,0.0296
-3150300,0.0446
-3150400,0.0686
-3150500,0.0786
-3150600,0.0926
-3150700,0.0926
-3150800,0.0926
-3150900,0.0916
-3151000,0.0856
-3151100,0.0906
-3151200,0.0986
-3151300,0.0986
-3151400,0.1066
-3151500,0.1086
-3151600,0.1096
-3151700,0.1096
-3151800,0.1096
-3151900,0.1116
-3152000,0.1136
-3152100,0.1026
-3152200,0.1016
-3152300,0.1056
-3152400,0.1066
-3152500,0.1126
-3152600,0.1196
-3152700,0.1186
-3152800,0.1136
-3152900,0.1136
-3153000,0.1126
-3153100,0.1156
-3153200,0.1176
-3153300,0.1186
-3153400,0.1246
-3153500,0.1316
-3153600,0.1366
-3153700,0.1406
-3153800,0.1376
-3153900,0.1286
-3154000,0.1296
-3154100,0.1316
-3154200,0.1326
-3154300,0.1306
-3154400,0.1286
-3154500,0.1306
-3154600,0.1346
-3154700,0.1396
-3154800,0.1436
-3154900,0.1496
-3155000,0.1576
-3155100,0.1586
-3155200,0.1666
-3155300,0.1726
-3155400,0.1816
-3155500,0.1786
-3155600,0.1796
-3155700,0.1806
-3155800,0.1876
-3155900,0.1946
-3156000,0.2036
-3156100,0.2066
-3156200,0.2086
-3156300,0.2196
-3156400,0.2086
-3156500,0.2166
-3156600,0.2226
-3156700,0.2276
-3156800,0.2376
-3156900,0.2476
-3157000,0.2536
-3157100,0.2656
-3157200,0.2726
-3157300,0.2756
-3157400,0.2876
-3157500,0.2996
-3157600,0.2986
-3157700,0.3106
-3157800,0.3256
-3157900,0.3386
-3158000,0.3496
-3158100,0.3546
-3158200,0.3176
-3158300,0.3026
-3158400,0.3046
-3158500,0.2916
-3158600,0.2816
-3158700,0.2456
-3158800,0.2226
-3158900,0.2076
-3159000,0.2016
-3159100,0.1956
-3159200,0.1876
-3159300,0.1746
-3159400,0.1686
-3159500,0.1626
-3159600,0.1566
-3159700,0.1476
-3159800,0.1386
-3159900,0.1276
-3160000,0.1216
-3160100,0.1146
-3160200,0.1076
-3160300,0.0986
-3160400,0.0896
-3160500,0.0786
-3160600,0.0646
-3160700,0.0486
-3160800,0.0446
-3160900,0.0316
-3161000,0.0156
-3161100,0.0046
-3161200,-0.0054
-3161300,-0.0214
-3161400,-0.0464
-3161500,-0.0684
-3161600,-0.0924
-3161700,-0.1274
-3161800,-0.1454
-3161900,-0.1804
-3162000,-0.2064
-3162100,-0.2514
-3162200,-0.2934
-3162300,-0.3384
-3162400,-0.3704
-3162500,-0.4014
-3162600,-0.4324
-3162700,-0.4724
-3162800,-0.5194
-3162900,-0.5744
-3163000,-0.6054
-3163100,-0.6464
-3163200,-0.6684
-3163300,-0.7034
-3163400,-0.7524
-3163500,-0.7884
-3163600,-0.8274
-3163700,-0.8614
-3163800,-0.9074
-3163900,-0.9684
-3164000,-1.0384
-3164100,-1.1094
-3164200,-1.1744
-3164300,-1.2374
-3164400,-1.3124
-3164500,-1.3794
-3164600,-1.4404
-3164700,-1.5014
-3164800,-1.5574
-3164900,-1.6134
-3165000,-1.6814
-3165100,-1.7514
-3165200,-1.8064
-3165300,-1.8594
-3165400,-1.9294
-3165500,-1.9964
-3165600,-2.0574
-3165700,-2.1034
-3165800,-2.1374
-3165900,-2.1394
-3166000,-2.1544
-3166100,-2.1694
-3166200,-2.1834
-3166300,-2.1954
-3166400,-2.2114
-3166500,-2.2194
-3166600,-2.2274
-3166700,-2.2364
-3166800,-2.2324
-3166900,-2.2384
-3167000,-2.2434
-3167100,-2.2434
-3167200,-2.2494
-3167300,-2.2484
-3167400,-2.2514
-3167500,-2.2544
-3167600,-2.2474
-3167700,-2.2524
-3167800,-2.2494
-3167900,-2.2544
-3168000,-2.2534
-3168100,-2.2484
-3168200,-2.2554
-3168300,-2.2534
-3168400,-2.2524
-3168500,-2.2554
-3168600,-2.2514
-3168700,-2.2524
-3168800,-2.2494
-3168900,-2.2474
-3169000,-2.2494
-3169100,-2.2514
-3169200,-2.2514
-3169300,-2.2574
-3169400,-2.2534
-3169500,-2.2534
-3169600,-2.2524
-3169700,-2.2544
-3169800,-2.2494
-3169900,-2.2564
-3170000,-2.2534
-3170100,-2.2494
-3170200,-2.2454
-3170300,-2.2434
-3170400,-2.2414
-3170500,-2.2394
-3170600,-2.2354
-3170700,-2.2354
-3170800,-2.2244
-3170900,-2.2214
-3171000,-2.2204
-3171100,-2.2114
-3171200,-2.2074
-3171300,-2.2054
-3171400,-2.1984
-3171500,-2.1964
-3171600,-2.1874
-3171700,-2.1804
-3171800,-2.1764
-3171900,-2.1704
-3172000,-2.1604
-3172100,-2.1514
-3172200,-2.1454
-3172300,-2.1394
-3172400,-2.1284
-3172500,-2.1194
-3172600,-2.1114
-3172700,-2.1044
-3172800,-2.0974
-3172900,-2.0914
-3173000,-2.0874
-3173100,-2.0804
-3173200,-2.0694
-3173300,-2.0614
-3173400,-2.0554
-3173500,-2.0474
-3173600,-2.0374
-3173700,-2.0244
-3173800,-2.0134
-3173900,-2.0104
-3174000,-1.9974
-3174100,-1.9874
-3174200,-1.9754
-3174300,-1.9634
-3174400,-1.9504
-3174500,-1.9364
-3174600,-1.9254
-3174700,-1.9114
-3174800,-1.9004
-3174900,-1.8884
-3175000,-1.8714
-3175100,-1.8574
-3175200,-1.8424
-3175300,-1.8264
-3175400,-1.8064
-3175500,-1.7954
-3175600,-1.7774
-3175700,-1.7634
-3175800,-1.7444
-3175900,-1.7324
-3176000,-1.7054
-3176100,-1.6794
-3176200,-1.6614
-3176300,-1.6374
-3176400,-1.6114
-3176500,-1.5904
-3176600,-1.5704
-3176700,-1.5554
-3176800,-1.5404
-3176900,-1.5194
-3177000,-1.5064
-3177100,-1.4804
-3177200,-1.4634
-3177300,-1.4524
-3177400,-1.4464
-3177500,-1.4324
-3177600,-1.4164
-3177700,-1.3924
-3177800,-1.3784
-3177900,-1.3674
-3178000,-1.3434
-3178100,-1.3264
-3178200,-1.3184
-3178300,-1.3034
-3178400,-1.2844
-3178500,-1.2764
-3178600,-1.2684
-3178700,-1.2484
-3178800,-1.2374
-3178900,-1.2184
-3179000,-1.2134
-3179100,-1.1924
-3179200,-1.1844
-3179300,-1.1704
-3179400,-1.1554
-3179500,-1.1444
-3179600,-1.1344
-3179700,-1.1204
-3179800,-1.1174
-3179900,-1.1014
-3180000,-1.0944
-3180100,-1.0774
-3180200,-1.0694
-3180300,-1.0644
-3180400,-1.0574
-3180500,-1.0474
-3180600,-1.0424
-3180700,-1.0364
-3180800,-1.0284
-3180900,-1.0244
-3181000,-1.0174
-3181100,-1.0144
-3181200,-1.0134
-3181300,-1.0054
-3181400,-1.0024
-3181500,-1.0024
-3181600,-1.0024
-3181700,-0.9954
-3181800,-0.9984
-3181900,-0.9954
-3182000,-0.9944
-3182100,-0.9874
-3182200,-0.9844
-3182300,-0.9904
-3182400,-0.9834
-3182500,-0.9924
-3182600,-0.9824
-3182700,-0.9864
-3182800,-0.9894
-3182900,-0.9904
-3183000,-0.9904
-3183100,-0.9924
-3183200,-0.9964
-3183300,-0.9944
-3183400,-0.9924
-3183500,-0.9904
-3183600,-0.9904
-3183700,-0.9914
-3183800,-0.9914
-3183900,-0.9924
-3184000,-0.9954
-3184100,-0.9904
-3184200,-0.9934
-3184300,-0.9944
-3184400,-0.9924
-3184500,-0.9914
-3184600,-0.9924
-3184700,-0.9904
-3184800,-0.9904
-3184900,-0.9904
-3185000,-0.9924
-3185100,-1.0004
-3185200,-0.9984
-3185300,-1.0024
-3185400,-1.0044
-3185500,-1.0034
-3185600,-1.0104
-3185700,-1.0104
-3185800,-1.0144
-3185900,-1.0104
-3186000,-1.0124
-3186100,-1.0104
-3186200,-1.0084
-3186300,-1.0174
-3186400,-1.0244
-3186500,-1.0264
-3186600,-1.0314
-3186700,-1.0384
-3186800,-1.0444
-3186900,-1.0464
-3187000,-1.0524
-3187100,-1.0594
-3187200,-1.0664
-3187300,-1.0744
-3187400,-1.0794
-3187500,-1.0804
-3187600,-1.0914
-3187700,-1.0994
-3187800,-1.1014
-3187900,-1.1094
-3188000,-1.1154
-3188100,-1.1204
-3188200,-1.1224
-3188300,-1.1354
-3188400,-1.1364
-3188500,-1.1434
-3188600,-1.1504
-3188700,-1.1574
-3188800,-1.1584
-3188900,-1.1684
-3189000,-1.1744
-3189100,-1.1864
-3189200,-1.1914
-3189300,-1.2034
-3189400,-1.2124
-3189500,-1.2224
-3189600,-1.2304
-3189700,-1.2394
-3189800,-1.2564
-3189900,-1.2614
-3190000,-1.2784
-3190100,-1.2844
-3190200,-1.3024
-3190300,-1.3134
-3190400,-1.3254
-3190500,-1.3404
-3190600,-1.3644
-3190700,-1.3894
-3190800,-1.4184
-3190900,-1.4464
-3191000,-1.4834
-3191100,-1.4994
-3191200,-1.5024
-3191300,-1.5054
-3191400,-1.5094
-3191500,-1.5094
-3191600,-1.5124
-3191700,-1.5104
-3191800,-1.5094
-3191900,-1.5074
-3192000,-1.5104
-3192100,-1.5074
-3192200,-1.5084
-3192300,-1.5104
-3192400,-1.5094
-3192500,-1.5054
-3192600,-1.5044
-3192700,-1.5004
-3192800,-1.4964
-3192900,-1.4964
-3193000,-1.4964
-3193100,-1.4904
-3193200,-1.4894
-3193300,-1.4854
-3193400,-1.4884
-3193500,-1.4774
-3193600,-1.4804
-3193700,-1.4734
-3193800,-1.4774
-3193900,-1.4674
-3194000,-1.4684
-3194100,-1.4634
-3194200,-1.4664
-3194300,-1.4634
-3194400,-1.4614
-3194500,-1.4614
-3194600,-1.4634
-3194700,-1.4614
-3194800,-1.4624
-3194900,-1.4624
-3195000,-1.4574
-3195100,-1.4644
-3195200,-1.4574
-3195300,-1.4654
-3195400,-1.4574
-3195500,-1.4564
-3195600,-1.4614
-3195700,-1.4584
-3195800,-1.4664
-3195900,-1.4624
-3196000,-1.4624
-3196100,-1.4674
-3196200,-1.4674
-3196300,-1.4684
-3196400,-1.4664
-3196500,-1.4704
-3196600,-1.4704
-3196700,-1.4714
-3196800,-1.4744
-3196900,-1.4814
-3197000,-1.4784
-3197100,-1.4814
-3197200,-1.4864
-3197300,-1.4854
-3197400,-1.4874
-3197500,-1.4894
-3197600,-1.4914
-3197700,-1.4884
-3197800,-1.4944
-3197900,-1.4904
-3198000,-1.4934
-3198100,-1.4984
-3198200,-1.4994
-3198300,-1.5034
-3198400,-1.5054
-3198500,-1.5094
-3198600,-1.5114
-3198700,-1.5104
-3198800,-1.5164
-3198900,-1.5144
-3199000,-1.5174
-3199100,-1.5214
-3199200,-1.5204
-3199300,-1.5304
-3199400,-1.5264
-3199500,-1.5334
-3199600,-1.5354
-3199700,-1.5374
-3199800,-1.5434
-3199900,-1.5444
-3200000,-1.5484
-3200100,-1.5504
-3200200,-1.5564
-3200300,-1.5584
-3200400,-1.5604
-3200500,-1.5644
-3200600,-1.5704
-3200700,-1.5724
-3200800,-1.5774
-3200900,-1.5774
-3201000,-1.5834
-3201100,-1.5884
-3201200,-1.5914
-3201300,-1.5924
-3201400,-1.5964
-3201500,-1.6024
-3201600,-1.6054
-3201700,-1.6054
-3201800,-1.6134
-3201900,-1.6134
-3202000,-1.6144
-3202100,-1.6244
-3202200,-1.6334
-3202300,-1.6334
-3202400,-1.6334
-3202500,-1.6414
-3202600,-1.6444
-3202700,-1.6494
-3202800,-1.6554
-3202900,-1.6644
-3203000,-1.6644
-3203100,-1.6734
-3203200,-1.6804
-3203300,-1.6964
-3203400,-1.7004
-3203500,-1.7204
-3203600,-1.7294
-3203700,-1.7404
-3203800,-1.7504
-3203900,-1.7634
-3204000,-1.7764
-3204100,-1.7854
-3204200,-1.7974
-3204300,-1.8084
-3204400,-1.8204
-3204500,-1.8364
-3204600,-1.8554
-3204700,-1.8714
-3204800,-1.8884
-3204900,-1.9104
-3205000,-1.9314
-3205100,-1.9494
-3205200,-1.9694
-3205300,-1.9864
-3205400,-2.0054
-3205500,-2.0184
-3205600,-2.0444
-3205700,-2.0614
-3205800,-2.0794
-3205900,-2.0974
-3206000,-2.1084
-3206100,-2.1284
-3206200,-2.1494
-3206300,-2.1744
-3206400,-2.1964
-3206500,-2.2184
-3206600,-2.2374
-3206700,-2.2674
-3206800,-2.2954
-3206900,-2.3184
-3207000,-2.3444
-3207100,-2.3664
-3207200,-2.3984
-3207300,-2.4204
-3207400,-2.4534
-3207500,-2.4814
-3207600,-2.5134
-3207700,-2.5494
-3207800,-2.5814
-3207900,-2.6184
-3208000,-2.6604
-3208100,-2.7034
-3208200,-2.7544
-3208300,-2.8074
-3208400,-2.8554
-3208500,-2.9074
-3208600,-2.9484
-3208700,-2.9964
-3208800,-3.0464
-3208900,-3.0924
-3209000,-3.1424
-3209100,-3.1874
-3209200,-3.2334
-3209300,-3.2784
-3209400,-3.3264
-3209500,-3.3694
-3209600,-3.4104
-3209700,-3.4524
-3209800,-3.4994
-3209900,-3.5394
-3210000,-3.5714
-3210100,-3.6084
-3210200,-3.6404
-3210300,-3.6674
-3210400,-3.6934
-3210500,-3.7194
-3210600,-3.7364
-3210700,-3.7554
-3210800,-3.7644
-3210900,-3.7844
-3211000,-3.8034
-3211100,-3.8164
-3211200,-3.8294
-3211300,-3.8424
-3211400,-3.8424
-3211500,-3.8604
-3211600,-3.8694
-3211700,-3.8814
-3211800,-3.8864
-3211900,-3.8934
-3212000,-3.8994
-3212100,-3.9034
-3212200,-3.9144
-3212300,-3.9184
-3212400,-3.9124
-3212500,-3.9144
-3212600,-3.9134
-3212700,-3.9084
-3212800,-3.9094
-3212900,-3.9024
-3213000,-3.9004
-3213100,-3.8914
-3213200,-3.8934
-3213300,-3.8904
-3213400,-3.8864
-3213500,-3.8804
-3213600,-3.8724
-3213700,-3.8794
-3213800,-3.8664
-3213900,-3.8654
-3214000,-3.8594
-3214100,-3.8614
-3214200,-3.8534
-3214300,-3.8524
-3214400,-3.8554
-3214500,-3.8494
-3214600,-3.8484
-3214700,-3.8424
-3214800,-3.8414
-3214900,-3.8394
-3215000,-3.8304
-3215100,-3.8344
-3215200,-3.8324
-3215300,-3.8284
-3215400,-3.8254
-3215500,-3.8244
-3215600,-3.8174
-3215700,-3.8154
-3215800,-3.8134
-3215900,-3.8104
-3216000,-3.8064
-3216100,-3.8074
-3216200,-3.7984
-3216300,-3.8004
-3216400,-3.7994
-3216500,-3.8014
-3216600,-3.7974
-3216700,-3.7994
-3216800,-3.7974
-3216900,-3.7894
-3217000,-3.7914
-3217100,-3.7944
-3217200,-3.7914
-3217300,-3.7884
-3217400,-3.7854
-3217500,-3.7934
-3217600,-3.7884
-3217700,-3.7834
-3217800,-3.7874
-3217900,-3.7824
-3218000,-3.7834
-3218100,-3.7814
-3218200,-3.7844
-3218300,-3.7824
-3218400,-3.7854
-3218500,-3.7814
-3218600,-3.7804
-3218700,-3.7784
-3218800,-3.7784
-3218900,-3.7784
-3219000,-3.7774
-3219100,-3.7764
-3219200,-3.7744
-3219300,-3.7714
-3219400,-3.7684
-3219500,-3.7614
-3219600,-3.7574
-3219700,-3.7544
-3219800,-3.7494
-3219900,-3.7444
-3220000,-3.7324
-3220100,-3.7324
-3220200,-3.7254
-3220300,-3.7214
-3220400,-3.7174
-3220500,-3.7114
-3220600,-3.7094
-3220700,-3.7004
-3220800,-3.6954
-3220900,-3.6814
-3221000,-3.6754
-3221100,-3.6694
-3221200,-3.6594
-3221300,-3.6514
-3221400,-3.6444
-3221500,-3.6294
-3221600,-3.6214
-3221700,-3.6074
-3221800,-3.6014
-3221900,-3.5954
-3222000,-3.5764
-3222100,-3.5704
-3222200,-3.5534
-3222300,-3.5424
-3222400,-3.5414
-3222500,-3.5264
-3222600,-3.5214
-3222700,-3.5084
-3222800,-3.5014
-3222900,-3.4884
-3223000,-3.4804
-3223100,-3.4684
-3223200,-3.4584
-3223300,-3.4494
-3223400,-3.4374
-3223500,-3.4274
-3223600,-3.4194
-3223700,-3.4094
-3223800,-3.3984
-3223900,-3.3884
-3224000,-3.3764
-3224100,-3.3724
-3224200,-3.3604
-3224300,-3.3564
-3224400,-3.3474
-3224500,-3.3404
-3224600,-3.3344
-3224700,-3.3264
-3224800,-3.3194
-3224900,-3.3104
-3225000,-3.3044
-3225100,-3.2974
-3225200,-3.2874
-3225300,-3.2864
-3225400,-3.2784
-3225500,-3.2744
-3225600,-3.2674
-3225700,-3.2604
-3225800,-3.2534
-3225900,-3.2464
-3226000,-3.2424
-3226100,-3.2294
-3226200,-3.2324
-3226300,-3.2254
-3226400,-3.2154
-3226500,-3.2184
-3226600,-3.2094
-3226700,-3.2084
-3226800,-3.2034
-3226900,-3.1954
-3227000,-3.1934
-3227100,-3.1874
-3227200,-3.1884
-3227300,-3.1814
-3227400,-3.1754
-3227500,-3.1734
-3227600,-3.1674
-3227700,-3.1634
-3227800,-3.1574
-3227900,-3.1554
-3228000,-3.1544
-3228100,-3.1464
-3228200,-3.1424
-3228300,-3.1324
-3228400,-3.1264
-3228500,-3.1214
-3228600,-3.1154
-3228700,-3.1074
-3228800,-3.1064
-3228900,-3.0924
-3229000,-3.0894
-3229100,-3.0844
-3229200,-3.0824
-3229300,-3.0714
-3229400,-3.0604
-3229500,-3.0564
-3229600,-3.0474
-3229700,-3.0434
-3229800,-3.0364
-3229900,-3.0334
-3230000,-3.0214
-3230100,-3.0144
-3230200,-3.0094
-3230300,-3.0034
-3230400,-2.9894
-3230500,-2.9824
-3230600,-2.9714
-3230700,-2.9574
-3230800,-2.9494
-3230900,-2.9374
-3231000,-2.9194
-3231100,-2.9164
-3231200,-2.9004
-3231300,-2.8844
-3231400,-2.8744
-3231500,-2.8634
-3231600,-2.8414
-3231700,-2.8334
-3231800,-2.8164
-3231900,-2.8004
-3232000,-2.7884
-3232100,-2.7744
-3232200,-2.7564
-3232300,-2.7434
-3232400,-2.7304
-3232500,-2.7194
-3232600,-2.7074
-3232700,-2.6924
-3232800,-2.6814
-3232900,-2.6684
-3233000,-2.6644
-3233100,-2.6474
-3233200,-2.6394
-3233300,-2.6264
-3233400,-2.6104
-3233500,-2.6004
-3233600,-2.5874
-3233700,-2.5754
-3233800,-2.5604
-3233900,-2.5464
-3234000,-2.5254
-3234100,-2.5084
-3234200,-2.4884
-3234300,-2.4704
-3234400,-2.4534
-3234500,-2.4364
-3234600,-2.4154
-3234700,-2.3994
-3234800,-2.3754
-3234900,-2.3554
-3235000,-2.3314
-3235100,-2.3094
-3235200,-2.2894
-3235300,-2.2654
-3235400,-2.2484
-3235500,-2.2274
-3235600,-2.2184
-3235700,-2.2034
-3235800,-2.1924
-3235900,-2.1854
-3236000,-2.1764
-3236100,-2.1654
-3236200,-2.1484
-3236300,-2.1384
-3236400,-2.1174
-3236500,-2.1004
-3236600,-2.0914
-3236700,-2.0734
-3236800,-2.0574
-3236900,-2.0394
-3237000,-2.0324
-3237100,-2.0234
-3237200,-2.0154
-3237300,-2.0044
-3237400,-2.0024
-3237500,-2.0004
-3237600,-1.9934
-3237700,-1.9904
-3237800,-1.9894
-3237900,-1.9914
-3238000,-1.9894
-3238100,-1.9914
-3238200,-1.9934
-3238300,-1.9884
-3238400,-1.9954
-3238500,-2.0014
-3238600,-2.0014
-3238700,-2.0034
-3238800,-2.0034
-3238900,-2.0064
-3239000,-2.0134
-3239100,-2.0174
-3239200,-2.0184
-3239300,-2.0234
-3239400,-2.0264
-3239500,-2.0294
-3239600,-2.0334
-3239700,-2.0344
-3239800,-2.0324
-3239900,-2.0284
-3240000,-2.0254
-3240100,-2.0284
-3240200,-2.0324
-3240300,-2.0344
-3240400,-2.0394
-3240500,-2.0474
-3240600,-2.0534
-3240700,-2.0604
-3240800,-2.0684
-3240900,-2.0734
-3241000,-2.0804
-3241100,-2.0884
-3241200,-2.0944
-3241300,-2.1014
-3241400,-2.1094
-3241500,-2.1144
-3241600,-2.1274
-3241700,-2.1294
-3241800,-2.1384
-3241900,-2.1404
-3242000,-2.1494
-3242100,-2.1534
-3242200,-2.1654
-3242300,-2.1744
-3242400,-2.1814
-3242500,-2.1924
-3242600,-2.2014
-3242700,-2.2114
-3242800,-2.2164
-3242900,-2.2354
-3243000,-2.2484
-3243100,-2.2644
-3243200,-2.2804
-3243300,-2.3004
-3243400,-2.3094
-3243500,-2.3314
-3243600,-2.3464
-3243700,-2.3594
-3243800,-2.3794
-3243900,-2.3914
-3244000,-2.4114
-3244100,-2.4244
-3244200,-2.4454
-3244300,-2.4664
-3244400,-2.4774
-3244500,-2.4934
-3244600,-2.5094
-3244700,-2.5204
-3244800,-2.5354
-3244900,-2.5494
-3245000,-2.5614
-3245100,-2.5794
-3245200,-2.5854
-3245300,-2.6044
-3245400,-2.6174
-3245500,-2.6324
-3245600,-2.6474
-3245700,-2.6704
-3245800,-2.6884
-3245900,-2.7134
-3246000,-2.7334
-3246100,-2.7614
-3246200,-2.7794
-3246300,-2.8084
-3246400,-2.8264
-3246500,-2.8494
-3246600,-2.8714
-3246700,-2.8974
-3246800,-2.9244
-3246900,-2.9494
-3247000,-2.9744
-3247100,-3.0054
-3247200,-3.0254
-3247300,-3.0634
-3247400,-3.0934
-3247500,-3.1214
-3247600,-3.1624
-3247700,-3.2054
-3247800,-3.2424
-3247900,-3.2824
-3248000,-3.3284
-3248100,-3.3774
-3248200,-3.4334
-3248300,-3.4924
-3248400,-3.5604
-3248500,-3.6304
-3248600,-3.7114
-3248700,-3.7864
-3248800,-3.8594
-3248900,-3.9294
-3249000,-4.0054
-3249100,-4.0714
-3249200,-4.1404
-3249300,-4.2134
-3249400,-4.2844
-3249500,-4.3554
-3249600,-4.4244
-3249700,-4.4904
-3249800,-4.5474
-3249900,-4.6174
-3250000,-4.6834
-3250100,-4.7474
-3250200,-4.8094
-3250300,-4.8724
-3250400,-4.9364
-3250500,-5.0054
-3250600,-5.0724
-3250700,-5.1364
-3250800,-5.2114
-3250900,-5.2844
-3251000,-5.3584
-3251100,-5.4154
-3251200,-5.4764
-3251300,-5.5374
-3251400,-5.5954
-3251500,-5.6594
-3251600,-5.7284
-3251700,-5.7884
-3251800,-5.8544
-3251900,-5.9274
-3252000,-5.9974
-3252100,-6.0684
-3252200,-6.1384
-3252300,-6.2064
-3252400,-6.2794
-3252500,-6.3434
-3252600,-6.4214
-3252700,-6.5154
-3252800,-6.5894
-3252900,-6.6724
-3253000,-6.7454
-3253100,-6.8074
-3253200,-6.8774
-3253300,-6.9434
-3253400,-6.9894
-3253500,-7.0474
-3253600,-7.0874
-3253700,-7.1364
-3253800,-7.1704
-3253900,-7.2104
-3254000,-7.2594
-3254100,-7.3004
-3254200,-7.3284
-3254300,-7.3684
-3254400,-7.3974
-3254500,-7.4204
-3254600,-7.4434
-3254700,-7.4604
-3254800,-7.4804
-3254900,-7.4974
-3255000,-7.5194
-3255100,-7.5424
-3255200,-7.5644
-3255300,-7.5824
-3255400,-7.6044
-3255500,-7.6234
-3255600,-7.6484
-3255700,-7.6724
-3255800,-7.6854
-3255900,-7.7134
-3256000,-7.7284
-3256100,-7.7524
-3256200,-7.7764
-3256300,-7.7984
-3256400,-7.8164
-3256500,-7.8374
-3256600,-7.8554
-3256700,-7.8774
-3256800,-7.9014
-3256900,-7.9264
-3257000,-7.9504
-3257100,-7.9704
-3257200,-7.9894
-3257300,-8.0094
-3257400,-8.0324
-3257500,-8.0604
-3257600,-8.0844
-3257700,-8.1064
-3257800,-8.1284
-3257900,-8.1534
-3258000,-8.1854
-3258100,-8.2154
-3258200,-8.2474
-3258300,-8.2774
-3258400,-8.3004
-3258500,-8.3314
-3258600,-8.3544
-3258700,-8.3854
-3258800,-8.4124
-3258900,-8.4384
-3259000,-8.4624
-3259100,-8.4984
-3259200,-8.5174
-3259300,-8.5434
-3259400,-8.5804
-3259500,-8.6044
-3259600,-8.6304
-3259700,-8.6664
-3259800,-8.6954
-3259900,-8.7214
-3260000,-8.7464
-3260100,-8.7744
-3260200,-8.7994
-3260300,-8.8274
-3260400,-8.8604
-3260500,-8.8984
-3260600,-8.9244
-3260700,-8.9544
-3260800,-8.9874
-3260900,-9.0124
-3261000,-9.0444
-3261100,-9.0604
-3261200,-9.0904
-3261300,-9.1154
-3261400,-9.1494
-3261500,-9.1694
-3261600,-9.1934
-3261700,-9.2134
-3261800,-9.2454
-3261900,-9.2664
-3262000,-9.2834
-3262100,-9.3034
-3262200,-9.3134
-3262300,-9.3164
-3262400,-9.3304
-3262500,-9.3304
-3262600,-9.3354
-3262700,-9.3364
-3262800,-9.3424
-3262900,-9.3334
-3263000,-9.3444
-3263100,-9.3454
-3263200,-9.3474
-3263300,-9.3464
-3263400,-9.3444
-3263500,-9.3454
-3263600,-9.3454
-3263700,-9.3434
-3263800,-9.3444
-3263900,-9.3414
-3264000,-9.3374
-3264100,-9.3394
-3264200,-9.3334
-3264300,-9.3294
-3264400,-9.3324
-3264500,-9.3264
-3264600,-9.3274
-3264700,-9.3244
-3264800,-9.3214
-3264900,-9.3264
-3265000,-9.3264
-3265100,-9.3294
-3265200,-9.3314
-3265300,-9.3334
-3265400,-9.3374
-3265500,-9.3374
-3265600,-9.3414
-3265700,-9.3414
-3265800,-9.3494
-3265900,-9.3484
-3266000,-9.3524
-3266100,-9.3584
-3266200,-9.3594
-3266300,-9.3674
-3266400,-9.3734
-3266500,-9.3774
-3266600,-9.3804
-3266700,-9.3864
-3266800,-9.3924
-3266900,-9.3984
-3267000,-9.4044
-3267100,-9.4114
-3267200,-9.4174
-3267300,-9.4274
-3267400,-9.4334
-3267500,-9.4444
-3267600,-9.4534
-3267700,-9.4614
-3267800,-9.4684
-3267900,-9.4764
-3268000,-9.4804
-3268100,-9.4984
-3268200,-9.5024
-3268300,-9.5184
-3268400,-9.5354
-3268500,-9.5444
-3268600,-9.5534
-3268700,-9.5634
-3268800,-9.5794
-3268900,-9.5904
-3269000,-9.6024
-3269100,-9.6104
-3269200,-9.6204
-3269300,-9.6364
-3269400,-9.6504
-3269500,-9.6634
-3269600,-9.6804
-3269700,-9.7004
-3269800,-9.7164
-3269900,-9.7284
-3270000,-9.7434
-3270100,-9.7594
-3270200,-9.7774
-3270300,-9.7994
-3270400,-9.8134
-3270500,-9.8304
-3270600,-9.8434
-3270700,-9.8524
-3270800,-9.8614
-3270900,-9.8744
-3271000,-9.8804
-3271100,-9.8844
-3271200,-9.8954
-3271300,-9.9064
-3271400,-9.9164
-3271500,-9.9224
-3271600,-9.9384
-3271700,-9.9514
-3271800,-9.9634
-3271900,-9.9714
-3272000,-9.9844
-3272100,-9.9964
-3272200,-10.0034
-3272300,-10.0144
-3272400,-10.0224
-3272500,-10.0314
-3272600,-10.0374
-3272700,-10.0454
-3272800,-10.0534
-3272900,-10.0564
-3273000,-10.0674
-3273100,-10.0764
-3273200,-10.0844
-3273300,-10.0914
-3273400,-10.1014
-3273500,-10.1154
-3273600,-10.1224
-3273700,-10.1344
-3273800,-10.1454
-3273900,-10.1534
-3274000,-10.1634
-3274100,-10.1714
-3274200,-10.1854
-3274300,-10.1934
-3274400,-10.1984
-3274500,-10.2144
-3274600,-10.2134
-3274700,-10.2284
-3274800,-10.2364
-3274900,-10.2474
-3275000,-10.2574
-3275100,-10.2674
-3275200,-10.2854
-3275300,-10.2944
-3275400,-10.3054
-3275500,-10.3284
-3275600,-10.3334
-3275700,-10.3474
-3275800,-10.3604
-3275900,-10.3814
-3276000,-10.3904
-3276100,-10.4054
-3276200,-10.4174
-3276300,-10.4354
-3276400,-10.4504
-3276500,-10.4674
-3276600,-10.4854
-3276700,-10.5074
-3276800,-10.5274
-3276900,-10.5534
-3277000,-10.5754
-3277100,-10.5934
-3277200,-10.6144
-3277300,-10.6454
-3277400,-10.6624
-3277500,-10.6894
-3277600,-10.7154
-3277700,-10.7394
-3277800,-10.7704
-3277900,-10.8094
-3278000,-10.8354
-3278100,-10.8714
-3278200,-10.9074
-3278300,-10.9434
-3278400,-10.9824
-3278500,-11.0294
-3278600,-11.0834
-3278700,-11.1334
-3278800,-11.1814
-3278900,-11.2344
-3279000,-11.2904
-3279100,-11.3474
-3279200,-11.3904
-3279300,-11.4554
-3279400,-11.5084
-3279500,-11.5624
-3279600,-11.6154
-3279700,-11.6714
-3279800,-11.7344
-3279900,-11.7984
-3280000,-11.8904
-3280100,-11.9844
-3280200,-12.0554
-3280300,-12.1314
-3280400,-12.2164
-3280500,-12.3014
-3280600,-12.3824
-3280700,-12.4714
-3280800,-12.5534
-3280900,-12.6504
-3281000,-12.7504
-3281100,-12.8564
-3281200,-12.9674
-3281300,-13.0934
-3281400,-13.2254
-3281500,-13.3614
-3281600,-13.4894
-3281700,-13.6344
-3281800,-13.7794
-3281900,-13.9374
-3282000,-14.0874
-3282100,-14.2464
-3282200,-14.4114
-3282300,-14.5504
-3282400,-14.7234
-3282500,-14.8914
-3282600,-15.0744
-3282700,-15.2264
-3282800,-15.3884
-3282900,-15.5354
-3283000,-15.7084
-3283100,-15.8944
-3283200,-16.0904
-3283300,-16.2174
-3283400,-16.3914
-3283500,-16.5324
-3283600,-16.6944
-3283700,-16.8324
-3283800,-16.9474
-3283900,-17.0664
-3284000,-17.1784
-3284100,-17.2844
-3284200,-17.3784
-3284300,-17.4614
-3284400,-17.5494
-3284500,-17.6224
-3284600,-17.7034
-3284700,-17.7574
-3284800,-17.8274
-3284900,-17.8814
-3285000,-17.9354
-3285100,-17.9814
-3285200,-18.0374
-3285300,-18.0934
-3285400,-18.1524
-3285500,-18.2424
-3285600,-18.2904
-3285700,-18.3554
-3285800,-18.4554
-3285900,-18.5514
-3286000,-18.6804
-3286100,-18.8454
-3286200,-19.0324
-3286300,-19.2804
-3286400,-19.5484
-3286500,-19.8264
-3286600,-20.0964
-3286700,-20.3224
-3286800,-20.6144
-3286900,-20.9744
-3287000,-21.3164
-3287100,-21.7794
-3287200,-22.2054
-3287300,-22.7584
-3287400,-23.2054
-3287500,-23.6514
-3287600,-24.0554
-3287700,-24.4674
-3287800,-24.7204
-3287900,-24.9594
-3288000,-25.1524
-3288100,-25.3084
-3288200,-25.4344
-3288300,-25.5694
-3288400,-25.6314
-3288500,-25.7454
-3288600,-25.7764
-3288700,-25.8234
-3288800,-25.8744
-3288900,-25.9514
-3289000,-26.0194
-3289100,-26.0834
-3289200,-26.1874
-3289300,-26.2494
-3289400,-26.2894
-3289500,-26.3154
-3289600,-26.3084
-3289700,-26.2894
-3289800,-26.2874
-3289900,-26.2604
-3290000,-26.1994
-3290100,-26.1384
-3290200,-26.0834
-3290300,-26.0194
-3290400,-25.9474
-3290500,-25.8834
-3290600,-25.8024
-3290700,-25.7374
-3290800,-25.6594
-3290900,-25.5684
-3291000,-25.4844
-3291100,-25.4114
-3291200,-25.3104
-3291300,-25.2064
-3291400,-25.1064
-3291500,-25.0054
-3291600,-24.9164
-3291700,-24.8124
-3291800,-24.7114
-3291900,-24.5964
-3292000,-24.4754
-3292100,-24.3534
-3292200,-24.2364
-3292300,-24.1104
-3292400,-23.9854
-3292500,-23.8514
-3292600,-23.7264
-3292700,-23.6164
-3292800,-23.4844
-3292900,-23.3654
-3293000,-23.2144
-3293100,-23.0844
-3293200,-22.9404
-3293300,-22.8114
-3293400,-22.6964
-3293500,-22.5414
-3293600,-22.3914
-3293700,-22.2144
-3293800,-22.0294
-3293900,-21.8624
-3294000,-21.7104
-3294100,-21.5624
-3294200,-21.3934
-3294300,-21.2394
-3294400,-21.0834
-3294500,-20.9104
-3294600,-20.7594
-3294700,-20.5824
-3294800,-20.4114
-3294900,-20.2414
-3295000,-20.0634
-3295100,-19.8924
-3295200,-19.7154
-3295300,-19.5524
-3295400,-19.3664
-3295500,-19.1824
-3295600,-18.9914
-3295700,-18.7944
-3295800,-18.6094
-3295900,-18.4244
-3296000,-18.2164
-3296100,-18.0124
-3296200,-17.8034
-3296300,-17.5864
-3296400,-17.3554
-3296500,-17.1334
-3296600,-16.9104
-3296700,-16.6634
-3296800,-16.4274
-3296900,-16.1814
-3297000,-15.9324
-3297100,-15.6684
-3297200,-15.4194
-3297300,-15.1594
-3297400,-14.9064
-3297500,-14.6474
-3297600,-14.3804
-3297700,-14.1314
-3297800,-13.8694
-3297900,-13.6174
-3298000,-13.3574
-3298100,-13.1044
-3298200,-12.8294
-3298300,-12.5614
-3298400,-12.2984
-3298500,-12.0364
-3298600,-11.7574
-3298700,-11.5064
-3298800,-11.2224
-3298900,-10.9324
-3299000,-10.6584
-3299100,-10.3644
-3299200,-10.0884
-3299300,-9.7544
-3299400,-9.4704
-3299500,-9.2394
-3299600,-9.0394
-3299700,-8.8464
-3299800,-8.6794
-3299900,-8.5384
-3300000,-8.3924
-3300100,-8.2734
-3300200,-8.1434
-3300300,-8.0174
-3300400,-7.8944
-3300500,-7.7844
-3300600,-7.6724
-3300700,-7.5604
-3300800,-7.4804
-3300900,-7.3644
-3301000,-7.2814
-3301100,-7.1904
-3301200,-7.1064
-3301300,-7.0384
-3301400,-6.9594
-3301500,-6.8874
-3301600,-6.8194
-3301700,-6.7574
-3301800,-6.6874
-3301900,-6.6254
-3302000,-6.5604
-3302100,-6.4844
-3302200,-6.4334
-3302300,-6.3824
-3302400,-6.3434
-3302500,-6.2974
-3302600,-6.2544
-3302700,-6.2304
-3302800,-6.2054
-3302900,-6.1784
-3303000,-6.1524
-3303100,-6.1284
-3303200,-6.1044
-3303300,-6.0664
-3303400,-6.0424
-3303500,-6.0104
-3303600,-5.9864
-3303700,-5.9624
-3303800,-5.9284
-3303900,-5.9074
-3304000,-5.8754
-3304100,-5.8564
-3304200,-5.8274
-3304300,-5.8034
-3304400,-5.7794
-3304500,-5.7544
-3304600,-5.7254
-3304700,-5.7014
-3304800,-5.6834
-3304900,-5.6644
-3305000,-5.6414
-3305100,-5.6184
-3305200,-5.5964
-3305300,-5.5734
-3305400,-5.5614
-3305500,-5.5444
-3305600,-5.5254
-3305700,-5.5014
-3305800,-5.4874
-3305900,-5.4694
-3306000,-5.4504
-3306100,-5.4364
-3306200,-5.4234
-3306300,-5.4034
-3306400,-5.3844
-3306500,-5.3634
-3306600,-5.3534
-3306700,-5.3304
-3306800,-5.3154
-3306900,-5.2964
-3307000,-5.2784
-3307100,-5.2594
-3307200,-5.2454
-3307300,-5.2304
-3307400,-5.2024
-3307500,-5.1874
-3307600,-5.1674
-3307700,-5.1474
-3307800,-5.1204
-3307900,-5.1064
-3308000,-5.0794
-3308100,-5.0624
-3308200,-5.0344
-3308300,-5.0114
-3308400,-4.9894
-3308500,-4.9534
-3308600,-4.9294
-3308700,-4.9064
-3308800,-4.8804
-3308900,-4.8614
-3309000,-4.8334
-3309100,-4.8134
-3309200,-4.7974
-3309300,-4.7784
-3309400,-4.7564
-3309500,-4.7404
-3309600,-4.7144
-3309700,-4.6964
-3309800,-4.6754
-3309900,-4.6714
-3310000,-4.6554
-3310100,-4.6334
-3310200,-4.6174
-3310300,-4.5974
-3310400,-4.5824
-3310500,-4.5574
-3310600,-4.5324
-3310700,-4.5114
-3310800,-4.5004
-3310900,-4.4834
-3311000,-4.4744
-3311100,-4.4694
-3311200,-4.4634
-3311300,-4.4534
-3311400,-4.4524
-3311500,-4.4474
-3311600,-4.4434
-3311700,-4.4414
-3311800,-4.4384
-3311900,-4.4344
-3312000,-4.4304
-3312100,-4.4224
-3312200,-4.4214
-3312300,-4.4194
-3312400,-4.4164
-3312500,-4.4174
-3312600,-4.4124
-3312700,-4.4134
-3312800,-4.4134
-3312900,-4.4114
-3313000,-4.4094
-3313100,-4.4014
-3313200,-4.4024
-3313300,-4.3994
-3313400,-4.4014
-3313500,-4.3954
-3313600,-4.3954
-3313700,-4.3864
-3313800,-4.3924
-3313900,-4.3814
-3314000,-4.3804
-3314100,-4.3734
-3314200,-4.3784
-3314300,-4.3724
-3314400,-4.3714
-3314500,-4.3664
-3314600,-4.3594
-3314700,-4.3534
-3314800,-4.3504
-3314900,-4.3414
-3315000,-4.3444
-3315100,-4.3404
-3315200,-4.3404
-3315300,-4.3394
-3315400,-4.3384
-3315500,-4.3334
-3315600,-4.3314
-3315700,-4.3304
-3315800,-4.3264
-3315900,-4.3274
-3316000,-4.3244
-3316100,-4.3254
-3316200,-4.3304
-3316300,-4.3214
-3316400,-4.3324
-3316500,-4.3314
-3316600,-4.3314
-3316700,-4.3334
-3316800,-4.3374
-3316900,-4.3334
-3317000,-4.3314
-3317100,-4.3314
-3317200,-4.3354
-3317300,-4.3364
-3317400,-4.3364
-3317500,-4.3374
-3317600,-4.3374
-3317700,-4.3374
-3317800,-4.3424
-3317900,-4.3414
-3318000,-4.3404
-3318100,-4.3364
-3318200,-4.3364
-3318300,-4.3344
-3318400,-4.3344
-3318500,-4.3354
-3318600,-4.3404
-3318700,-4.3404
-3318800,-4.3324
-3318900,-4.3414
-3319000,-4.3454
-3319100,-4.3484
-3319200,-4.3484
-3319300,-4.3474
-3319400,-4.3564
-3319500,-4.3624
-3319600,-4.3644
-3319700,-4.3734
-3319800,-4.3714
-3319900,-4.3804
-3320000,-4.3784
-3320100,-4.3834
-3320200,-4.3864
-3320300,-4.3894
-3320400,-4.3964
-3320500,-4.3974
-3320600,-4.4024
-3320700,-4.4054
-3320800,-4.4104
-3320900,-4.4154
-3321000,-4.4234
-3321100,-4.4224
-3321200,-4.4274
-3321300,-4.4304
-3321400,-4.4334
-3321500,-4.4294
-3321600,-4.4374
-3321700,-4.4364
-3321800,-4.4444
-3321900,-4.4384
-3322000,-4.4484
-3322100,-4.4434
-3322200,-4.4384
-3322300,-4.4474
-3322400,-4.4444
-3322500,-4.4444
-3322600,-4.4444
-3322700,-4.4404
-3322800,-4.4304
-3322900,-4.4224
-3323000,-4.4194
-3323100,-4.4154
-3323200,-4.4114
-3323300,-4.4054
-3323400,-4.3934
-3323500,-4.3864
-3323600,-4.3754
-3323700,-4.3624
-3323800,-4.3564
-3323900,-4.3424
-3324000,-4.3374
-3324100,-4.3254
-3324200,-4.3114
-3324300,-4.2994
-3324400,-4.2934
-3324500,-4.2774
-3324600,-4.2634
-3324700,-4.2454
-3324800,-4.2294
-3324900,-4.2054
-3325000,-4.1924
-3325100,-4.1764
-3325200,-4.1494
-3325300,-4.1314
-3325400,-4.1124
-3325500,-4.0934
-3325600,-4.0724
-3325700,-4.0594
-3325800,-4.0444
-3325900,-4.0314
-3326000,-4.0174
-3326100,-4.0024
-3326200,-3.9884
-3326300,-3.9714
-3326400,-3.9584
-3326500,-3.9444
-3326600,-3.9294
-3326700,-3.9104
-3326800,-3.9014
-3326900,-3.8844
-3327000,-3.8754
-3327100,-3.8604
-3327200,-3.8454
-3327300,-3.8304
-3327400,-3.8184
-3327500,-3.7964
-3327600,-3.7874
-3327700,-3.7674
-3327800,-3.7504
-3327900,-3.7444
-3328000,-3.7294
-3328100,-3.7154
-3328200,-3.7084
-3328300,-3.7024
-3328400,-3.6954
-3328500,-3.6904
-3328600,-3.6824
-3328700,-3.6794
-3328800,-3.6644
-3328900,-3.6544
-3329000,-3.6554
-3329100,-3.6524
-3329200,-3.6504
-3329300,-3.6534
-3329400,-3.6594
-3329500,-3.6584
-3329600,-3.6644
-3329700,-3.6704
-3329800,-3.6884
-3329900,-3.7014
-3330000,-3.7074
-3330100,-3.7164
-3330200,-3.7244
-3330300,-3.7324
-3330400,-3.7454
-3330500,-3.7554
-3330600,-3.7694
-3330700,-3.7914
-3330800,-3.8154
-3330900,-3.8404
-3331000,-3.8554
-3331100,-3.8744
-3331200,-3.8924
-3331300,-3.9084
-3331400,-3.9364
-3331500,-3.9594
-3331600,-3.9804
-3331700,-4.0124
-3331800,-4.0394
-3331900,-4.0764
-3332000,-4.1164
-3332100,-4.1544
-3332200,-4.1964
-3332300,-4.2454
-3332400,-4.2944
-3332500,-4.3454
-3332600,-4.3944
-3332700,-4.4484
-3332800,-4.5104
-3332900,-4.5794
-3333000,-4.6484
-3333100,-4.7024
-3333200,-4.7684
-3333300,-4.8224
-3333400,-4.8704
-3333500,-4.9194
-3333600,-4.9744
-3333700,-5.0184
-3333800,-5.0784
-3333900,-5.1284
-3334000,-5.1854
-3334100,-5.2474
-3334200,-5.3194
-3334300,-5.3904
-3334400,-5.4514
-3334500,-5.5134
-3334600,-5.5584
-3334700,-5.5944
-3334800,-5.6264
-3334900,-5.6534
-3335000,-5.6784
-3335100,-5.7044
-3335200,-5.7204
-3335300,-5.7404
-3335400,-5.7544
-3335500,-5.7644
-3335600,-5.7664
-3335700,-5.7624
-3335800,-5.7544
-3335900,-5.7514
-3336000,-5.7544
-3336100,-5.7484
-3336200,-5.7444
-3336300,-5.7344
-3336400,-5.7314
-3336500,-5.7184
-3336600,-5.7064
-3336700,-5.6954
-3336800,-5.6784
-3336900,-5.6714
-3337000,-5.6644
-3337100,-5.6474
-3337200,-5.6384
-3337300,-5.6294
-3337400,-5.6124
-3337500,-5.6024
-3337600,-5.5884
-3337700,-5.5724
-3337800,-5.5604
-3337900,-5.5404
-3338000,-5.5324
-3338100,-5.5214
-3338200,-5.5034
-3338300,-5.4884
-3338400,-5.4714
-3338500,-5.4514
-3338600,-5.4384
-3338700,-5.4214
-3338800,-5.4114
-3338900,-5.3964
-3339000,-5.3804
-3339100,-5.3564
-3339200,-5.3384
-3339300,-5.3264
-3339400,-5.3084
-3339500,-5.2954
-3339600,-5.2704
-3339700,-5.2544
-3339800,-5.2414
-3339900,-5.2274
-3340000,-5.2054
-3340100,-5.1914
-3340200,-5.1694
-3340300,-5.1494
-3340400,-5.1324
-3340500,-5.1134
-3340600,-5.0964
-3340700,-5.0794
-3340800,-5.0554
-3340900,-5.0404
-3341000,-5.0264
-3341100,-5.0074
-3341200,-4.9924
-3341300,-4.9714
-3341400,-4.9554
-3341500,-4.9354
-3341600,-4.9164
-3341700,-4.8934
-3341800,-4.8834
-3341900,-4.8604
-3342000,-4.8454
-3342100,-4.8194
-3342200,-4.8094
-3342300,-4.7904
-3342400,-4.7614
-3342500,-4.7444
-3342600,-4.7224
-3342700,-4.7064
-3342800,-4.6914
-3342900,-4.6634
-3343000,-4.6484
-3343100,-4.6294
-3343200,-4.6174
-3343300,-4.5964
-3343400,-4.5794
-3343500,-4.5684
-3343600,-4.5554
-3343700,-4.5394
-3343800,-4.5284
-3343900,-4.5124
-3344000,-4.5034
-3344100,-4.4894
-3344200,-4.4804
-3344300,-4.4664
-3344400,-4.4494
-3344500,-4.4384
-3344600,-4.4184
-3344700,-4.4024
-3344800,-4.3864
-3344900,-4.3704
-3345000,-4.3684
-3345100,-4.3554
-3345200,-4.3484
-3345300,-4.3464
-3345400,-4.3384
-3345500,-4.3294
-3345600,-4.3234
-3345700,-4.3234
-3345800,-4.3114
-3345900,-4.3074
-3346000,-4.3064
-3346100,-4.3004
-3346200,-4.3004
-3346300,-4.2964
-3346400,-4.3004
-3346500,-4.2984
-3346600,-4.2984
-3346700,-4.3024
-3346800,-4.3044
-3346900,-4.3044
-3347000,-4.3084
-3347100,-4.3094
-3347200,-4.3164
-3347300,-4.3194
-3347400,-4.3154
-3347500,-4.3184
-3347600,-4.3244
-3347700,-4.3264
-3347800,-4.3304
-3347900,-4.3294
-3348000,-4.3374
-3348100,-4.3374
-3348200,-4.3474
-3348300,-4.3464
-3348400,-4.3534
-3348500,-4.3564
-3348600,-4.3624
-3348700,-4.3644
-3348800,-4.3684
-3348900,-4.3724
-3349000,-4.3744
-3349100,-4.3774
-3349200,-4.3824
-3349300,-4.3884
-3349400,-4.3904
-3349500,-4.3924
-3349600,-4.3994
-3349700,-4.3974
-3349800,-4.4004
-3349900,-4.3984
-3350000,-4.4024
-3350100,-4.4044
-3350200,-4.4084
-3350300,-4.4114
-3350400,-4.4154
-3350500,-4.4174
-3350600,-4.4204
-3350700,-4.4204
-3350800,-4.4214
-3350900,-4.4264
-3351000,-4.4284
-3351100,-4.4304
-3351200,-4.4354
-3351300,-4.4394
-3351400,-4.4354
-3351500,-4.4364
-3351600,-4.4454
-3351700,-4.4414
-3351800,-4.4404
-3351900,-4.4424
-3352000,-4.4444
-3352100,-4.4404
-3352200,-4.4414
-3352300,-4.4364
-3352400,-4.4374
-3352500,-4.4384
-3352600,-4.4404
-3352700,-4.4374
-3352800,-4.4424
-3352900,-4.4394
-3353000,-4.4404
-3353100,-4.4394
-3353200,-4.4354
-3353300,-4.4314
-3353400,-4.4374
-3353500,-4.4364
-3353600,-4.4374
-3353700,-4.4394
-3353800,-4.4434
-3353900,-4.4464
-3354000,-4.4504
-3354100,-4.4484
-3354200,-4.4524
-3354300,-4.4524
-3354400,-4.4604
-3354500,-4.4684
-3354600,-4.4754
-3354700,-4.4834
-3354800,-4.4884
-3354900,-4.4944
-3355000,-4.4994
-3355100,-4.5044
-3355200,-4.5104
-3355300,-4.5144
-3355400,-4.5294
-3355500,-4.5354
-3355600,-4.5424
-3355700,-4.5474
-3355800,-4.5484
-3355900,-4.5474
-3356000,-4.5494
-3356100,-4.5464
-3356200,-4.5514
-3356300,-4.5474
-3356400,-4.5484
-3356500,-4.5454
-3356600,-4.5434
-3356700,-4.5444
-3356800,-4.5444
-3356900,-4.5414
-3357000,-4.5404
-3357100,-4.5434
-3357200,-4.5474
-3357300,-4.5504
-3357400,-4.5504
-3357500,-4.5524
-3357600,-4.5574
-3357700,-4.5604
-3357800,-4.5644
-3357900,-4.5634
-3358000,-4.5594
-3358100,-4.5584
-3358200,-4.5634
-3358300,-4.5634
-3358400,-4.5654
-3358500,-4.5644
-3358600,-4.5644
-3358700,-4.5654
-3358800,-4.5714
-3358900,-4.5714
-3359000,-4.5744
-3359100,-4.5714
-3359200,-4.5764
-3359300,-4.5774
-3359400,-4.5774
-3359500,-4.5774
-3359600,-4.5874
-3359700,-4.5854
-3359800,-4.5894
-3359900,-4.5934
-3360000,-4.6014
-3360100,-4.6014
-3360200,-4.6054
-3360300,-4.6074
-3360400,-4.6154
-3360500,-4.6114
-3360600,-4.6174
-3360700,-4.6214
-3360800,-4.6264
-3360900,-4.6244
-3361000,-4.6284
-3361100,-4.6324
-3361200,-4.6414
-3361300,-4.6384
-3361400,-4.6464
-3361500,-4.6514
-3361600,-4.6554
-3361700,-4.6594
-3361800,-4.6704
-3361900,-4.6704
-3362000,-4.6764
-3362100,-4.6844
-3362200,-4.6864
-3362300,-4.6934
-3362400,-4.7024
-3362500,-4.7074
-3362600,-4.7144
-3362700,-4.7274
-3362800,-4.7274
-3362900,-4.7344
-3363000,-4.7414
-3363100,-4.7524
-3363200,-4.7614
-3363300,-4.7704
-3363400,-4.7804
-3363500,-4.7954
-3363600,-4.8054
-3363700,-4.8164
-3363800,-4.8304
-3363900,-4.8454
-3364000,-4.8604
-3364100,-4.8784
-3364200,-4.8934
-3364300,-4.9114
-3364400,-4.9234
-3364500,-4.9414
-3364600,-4.9574
-3364700,-4.9704
-3364800,-4.9814
-3364900,-5.0044
-3365000,-5.0204
-3365100,-5.0374
-3365200,-5.0534
-3365300,-5.0684
-3365400,-5.0844
-3365500,-5.0974
-3365600,-5.1114
-3365700,-5.1274
-3365800,-5.1374
-3365900,-5.1514
-3366000,-5.1664
-3366100,-5.1804
-3366200,-5.1904
-3366300,-5.2074
-3366400,-5.2214
-3366500,-5.2324
-3366600,-5.2474
-3366700,-5.2564
-3366800,-5.2664
-3366900,-5.2794
-3367000,-5.2864
-3367100,-5.2994
-3367200,-5.3144
-3367300,-5.3194
-3367400,-5.3334
-3367500,-5.3414
-3367600,-5.3484
-3367700,-5.3614
-3367800,-5.3654
-3367900,-5.3744
-3368000,-5.3844
-3368100,-5.3874
-3368200,-5.3934
-3368300,-5.3974
-3368400,-5.4074
-3368500,-5.4144
-3368600,-5.4214
-3368700,-5.4234
-3368800,-5.4244
-3368900,-5.4304
-3369000,-5.4344
-3369100,-5.4454
-3369200,-5.4534
-3369300,-5.4574
-3369400,-5.4664
-3369500,-5.4754
-3369600,-5.4794
-3369700,-5.4864
-3369800,-5.4944
-3369900,-5.5044
-3370000,-5.5084
-3370100,-5.5134
-3370200,-5.5184
-3370300,-5.5204
-3370400,-5.5284
-3370500,-5.5294
-3370600,-5.5384
-3370700,-5.5434
-3370800,-5.5484
-3370900,-5.5524
-3371000,-5.5524
-3371100,-5.5574
-3371200,-5.5614
-3371300,-5.5624
-3371400,-5.5674
-3371500,-5.5744
-3371600,-5.5774
-3371700,-5.5734
-3371800,-5.5764
-3371900,-5.5674
-3372000,-5.5624
-3372100,-5.5524
-3372200,-5.5424
-3372300,-5.5314
-3372400,-5.5214
-3372500,-5.5114
-3372600,-5.4984
-3372700,-5.4914
-3372800,-5.4864
-3372900,-5.4704
-3373000,-5.4624
-3373100,-5.4494
-3373200,-5.4374
-3373300,-5.4254
-3373400,-5.4114
-3373500,-5.3994
-3373600,-5.3874
-3373700,-5.3724
-3373800,-5.3654
-3373900,-5.3484
-3374000,-5.3314
-3374100,-5.3194
-3374200,-5.3034
-3374300,-5.2894
-3374400,-5.2754
-3374500,-5.2544
-3374600,-5.2444
-3374700,-5.2184
-3374800,-5.2064
-3374900,-5.1904
-3375000,-5.1734
-3375100,-5.1554
-3375200,-5.1364
-3375300,-5.1154
-3375400,-5.0954
-3375500,-5.0814
-3375600,-5.0644
-3375700,-5.0444
-3375800,-5.0304
-3375900,-5.0104
-3376000,-4.9804
-3376100,-4.9614
-3376200,-4.9364
-3376300,-4.9134
-3376400,-4.8924
-3376500,-4.8704
-3376600,-4.8524
-3376700,-4.8324
-3376800,-4.8084
-3376900,-4.7854
-3377000,-4.7624
-3377100,-4.7464
-3377200,-4.7204
-3377300,-4.6974
-3377400,-4.6694
-3377500,-4.6514
-3377600,-4.6224
-3377700,-4.5924
-3377800,-4.5674
-3377900,-4.5444
-3378000,-4.5174
-3378100,-4.4884
-3378200,-4.4614
-3378300,-4.4314
-3378400,-4.4044
-3378500,-4.3774
-3378600,-4.3444
-3378700,-4.3184
-3378800,-4.2944
-3378900,-4.2664
-3379000,-4.2384
-3379100,-4.2104
-3379200,-4.1784
-3379300,-4.1494
-3379400,-4.1144
-3379500,-4.0864
-3379600,-4.0504
-3379700,-4.0214
-3379800,-3.9824
-3379900,-3.9654
-3380000,-3.9344
-3380100,-3.9094
-3380200,-3.8794
-3380300,-3.8564
-3380400,-3.8294
-3380500,-3.7974
-3380600,-3.7684
-3380700,-3.7404
-3380800,-3.7034
-3380900,-3.6774
-3381000,-3.6434
-3381100,-3.6104
-3381200,-3.5824
-3381300,-3.5524
-3381400,-3.5244
-3381500,-3.5004
-3381600,-3.4644
-3381700,-3.4424
-3381800,-3.4074
-3381900,-3.3774
-3382000,-3.3494
-3382100,-3.3254
-3382200,-3.2974
-3382300,-3.2664
-3382400,-3.2474
-3382500,-3.2154
-3382600,-3.1854
-3382700,-3.1524
-3382800,-3.1224
-3382900,-3.0974
-3383000,-3.0684
-3383100,-3.0424
-3383200,-3.0084
-3383300,-2.9794
-3383400,-2.9504
-3383500,-2.9234
-3383600,-2.8874
-3383700,-2.8604
-3383800,-2.8434
-3383900,-2.8204
-3384000,-2.7854
-3384100,-2.7674
-3384200,-2.7394
-3384300,-2.7194
-3384400,-2.6944
-3384500,-2.6704
-3384600,-2.6404
-3384700,-2.6154
-3384800,-2.5914
-3384900,-2.5654
-3385000,-2.5374
-3385100,-2.5134
-3385200,-2.4874
-3385300,-2.4584
-3385400,-2.4334
-3385500,-2.4044
-3385600,-2.3724
-3385700,-2.3514
-3385800,-2.3154
-3385900,-2.2864
-3386000,-2.2544
-3386100,-2.2274
-3386200,-2.2084
-3386300,-2.1854
-3386400,-2.1634
-3386500,-2.1414
-3386600,-2.1134
-3386700,-2.0844
-3386800,-2.0684
-3386900,-2.0374
-3387000,-2.0044
-3387100,-1.9934
-3387200,-1.9584
-3387300,-1.9344
-3387400,-1.9034
-3387500,-1.8734
-3387600,-1.8574
-3387700,-1.8324
-3387800,-1.8084
-3387900,-1.7764
-3388000,-1.7554
-3388100,-1.7344
-3388200,-1.7074
-3388300,-1.6864
-3388400,-1.6604
-3388500,-1.6454
-3388600,-1.6224
-3388700,-1.5954
-3388800,-1.5704
-3388900,-1.5484
-3389000,-1.5314
-3389100,-1.5074
-3389200,-1.4884
-3389300,-1.4644
-3389400,-1.4484
-3389500,-1.4374
-3389600,-1.4284
-3389700,-1.4094
-3389800,-1.3974
-3389900,-1.3794
-3390000,-1.3604
-3390100,-1.3514
-3390200,-1.3354
-3390300,-1.3184
-3390400,-1.3084
-3390500,-1.3004
-3390600,-1.2904
-3390700,-1.2764
-3390800,-1.2734
-3390900,-1.2594
-3391000,-1.2484
-3391100,-1.2304
-3391200,-1.2134
-3391300,-1.1864
-3391400,-1.1744
-3391500,-1.1534
-3391600,-1.1414
-3391700,-1.1344
-3391800,-1.1144
-3391900,-1.0964
-3392000,-1.0874
-3392100,-1.0904
-3392200,-1.0814
-3392300,-1.0754
-3392400,-1.0694
-3392500,-1.0594
-3392600,-1.0474
-3392700,-1.0434
-3392800,-1.0324
-3392900,-1.0254
-3393000,-1.0104
-3393100,-1.0194
-3393200,-1.0274
-3393300,-1.0314
-3393400,-1.0224
-3393500,-1.0174
-3393600,-1.0284
-3393700,-1.0284
-3393800,-1.0194
-3393900,-1.0304
-3394000,-1.0244
-3394100,-1.0234
-3394200,-1.0294
-3394300,-1.0224
-3394400,-1.0134
-3394500,-1.0184
-3394600,-1.0184
-3394700,-1.0194
-3394800,-1.0124
-3394900,-1.0114
-3395000,-1.0104
-3395100,-1.0014
-3395200,-0.9944
-3395300,-1.0044
-3395400,-1.0024
-3395500,-0.9904
-3395600,-0.9904
-3395700,-0.9864
-3395800,-0.9854
-3395900,-0.9824
-3396000,-0.9834
-3396100,-0.9864
-3396200,-0.9844
-3396300,-0.9854
-3396400,-0.9724
-3396500,-0.9714
-3396600,-0.9644
-3396700,-0.9554
-3396800,-0.9544
-3396900,-0.9564
-3397000,-0.9504
-3397100,-0.9444
-3397200,-0.9384
-3397300,-0.9354
-3397400,-0.9274
-3397500,-0.9254
-3397600,-0.9214
-3397700,-0.9174
-3397800,-0.9094
-3397900,-0.9034
-3398000,-0.9014
-3398100,-0.9014
-3398200,-0.8974
-3398300,-0.8944
-3398400,-0.8874
-3398500,-0.8804
-3398600,-0.8754
-3398700,-0.8724
-3398800,-0.8614
-3398900,-0.8584
-3399000,-0.8504
-3399100,-0.8484
-3399200,-0.8414
-3399300,-0.8354
-3399400,-0.8284
-3399500,-0.8224
-3399600,-0.8154
-3399700,-0.8034
-3399800,-0.7934
-3399900,-0.7884
-3400000,-0.7794
-3400100,-0.7734
-3400200,-0.7644
-3400300,-0.7524
-3400400,-0.7394
-3400500,-0.7354
-3400600,-0.7324
-3400700,-0.7254
-3400800,-0.7154
-3400900,-0.7054
-3401000,-0.7014
-3401100,-0.6864
-3401200,-0.6744
-3401300,-0.6624
-3401400,-0.6484
-3401500,-0.6394
-3401600,-0.6254
-3401700,-0.6224
-3401800,-0.6124
-3401900,-0.6034
-3402000,-0.5934
-3402100,-0.5904
-3402200,-0.5954
-3402300,-0.5834
-3402400,-0.5744
-3402500,-0.5714
-3402600,-0.5574
-3402700,-0.5454
-3402800,-0.5374
-3402900,-0.5324
-3403000,-0.5214
-3403100,-0.5174
-3403200,-0.5044
-3403300,-0.4984
-3403400,-0.4884
-3403500,-0.4764
-3403600,-0.4634
-3403700,-0.4644
-3403800,-0.4614
-3403900,-0.4564
-3404000,-0.4514
-3404100,-0.4444
-3404200,-0.4364
-3404300,-0.4294
-3404400,-0.4224
-3404500,-0.4174
-3404600,-0.4134
-3404700,-0.4094
-3404800,-0.4074
-3404900,-0.4034
-3405000,-0.3994
-3405100,-0.3944
-3405200,-0.3854
-3405300,-0.3794
-3405400,-0.3764
-3405500,-0.3684
-3405600,-0.3674
-3405700,-0.3664
-3405800,-0.3644
-3405900,-0.3664
-3406000,-0.3644
-3406100,-0.3624
-3406200,-0.3594
-3406300,-0.3594
-3406400,-0.3614
-3406500,-0.3574
-3406600,-0.3624
-3406700,-0.3574
-3406800,-0.3464
-3406900,-0.3484
-3407000,-0.3534
-3407100,-0.3484
-3407200,-0.3454
-3407300,-0.3474
-3407400,-0.3424
-3407500,-0.3424
-3407600,-0.3424
-3407700,-0.3374
-3407800,-0.3324
-3407900,-0.3184
-3408000,-0.3164
-3408100,-0.3094
-3408200,-0.3084
-3408300,-0.3044
-3408400,-0.3014
-3408500,-0.2954
-3408600,-0.2924
-3408700,-0.2834
-3408800,-0.2764
-3408900,-0.2684
-3409000,-0.2644
-3409100,-0.2644
-3409200,-0.2654
-3409300,-0.2634
-3409400,-0.2644
-3409500,-0.2664
-3409600,-0.2664
-3409700,-0.2654
-3409800,-0.2684
-3409900,-0.2634
-3410000,-0.2674
-3410100,-0.2664
-3410200,-0.2674
-3410300,-0.2724
-3410400,-0.2714
-3410500,-0.2744
-3410600,-0.2774
-3410700,-0.2764
-3410800,-0.2814
-3410900,-0.2844
-3411000,-0.2874
-3411100,-0.2944
-3411200,-0.2984
-3411300,-0.3064
-3411400,-0.3124
-3411500,-0.3144
-3411600,-0.3214
-3411700,-0.3284
-3411800,-0.3364
-3411900,-0.3444
-3412000,-0.3514
-3412100,-0.3584
-3412200,-0.3694
-3412300,-0.3704
-3412400,-0.3794
-3412500,-0.3944
-3412600,-0.4034
-3412700,-0.4184
-3412800,-0.4284
-3412900,-0.4384
-3413000,-0.4504
-3413100,-0.4664
-3413200,-0.4814
-3413300,-0.4984
-3413400,-0.5154
-3413500,-0.5334
-3413600,-0.5514
-3413700,-0.5704
-3413800,-0.5884
-3413900,-0.6074
-3414000,-0.6324
-3414100,-0.6574
-3414200,-0.6804
-3414300,-0.7034
-3414400,-0.7284
-3414500,-0.7524
-3414600,-0.7794
-3414700,-0.7974
-3414800,-0.8204
-3414900,-0.8444
-3415000,-0.8674
-3415100,-0.8874
-3415200,-0.9114
-3415300,-0.9334
-3415400,-0.9564
-3415500,-0.9804
-3415600,-0.9984
-3415700,-1.0164
-3415800,-1.0314
-3415900,-1.0474
-3416000,-1.0604
-3416100,-1.0724
-3416200,-1.0794
-3416300,-1.0944
-3416400,-1.0994
-3416500,-1.1094
-3416600,-1.1144
-3416700,-1.1234
-3416800,-1.1334
-3416900,-1.1394
-3417000,-1.1454
-3417100,-1.1514
-3417200,-1.1534
-3417300,-1.1574
-3417400,-1.1614
-3417500,-1.1614
-3417600,-1.1644
-3417700,-1.1654
-3417800,-1.1684
-3417900,-1.1694
-3418000,-1.1714
-3418100,-1.1694
-3418200,-1.1704
-3418300,-1.1724
-3418400,-1.1764
-3418500,-1.1724
-3418600,-1.1744
-3418700,-1.1754
-3418800,-1.1734
-3418900,-1.1694
-3419000,-1.1704
-3419100,-1.1654
-3419200,-1.1624
-3419300,-1.1604
-3419400,-1.1514
-3419500,-1.1464
-3419600,-1.1364
-3419700,-1.1394
-3419800,-1.1304
-3419900,-1.1234
-3420000,-1.1144
-3420100,-1.1064
-3420200,-1.0924
-3420300,-1.0874
-3420400,-1.0774
-3420500,-1.0584
-3420600,-1.0444
-3420700,-1.0294
-3420800,-1.0164
-3420900,-1.0074
-3421000,-0.9944
-3421100,-0.9824
-3421200,-0.9654
-3421300,-0.9534
-3421400,-0.9364
-3421500,-0.9164
-3421600,-0.9074
-3421700,-0.8884
-3421800,-0.8764
-3421900,-0.8614
-3422000,-0.8464
-3422100,-0.8284
-3422200,-0.8104
-3422300,-0.7934
-3422400,-0.7794
-3422500,-0.7644
-3422600,-0.7414
-3422700,-0.7204
-3422800,-0.6994
-3422900,-0.6774
-3423000,-0.6554
-3423100,-0.6334
-3423200,-0.6134
-3423300,-0.5984
-3423400,-0.5774
-3423500,-0.5574
-3423600,-0.5374
-3423700,-0.5214
-3423800,-0.5004
-3423900,-0.4904
-3424000,-0.4674
-3424100,-0.4474
-3424200,-0.4214
-3424300,-0.4094
-3424400,-0.3904
-3424500,-0.3744
-3424600,-0.3544
-3424700,-0.3364
-3424800,-0.3204
-3424900,-0.3024
-3425000,-0.2834
-3425100,-0.2654
-3425200,-0.2464
-3425300,-0.2294
-3425400,-0.2114
-3425500,-0.1924
-3425600,-0.1754
-3425700,-0.1594
-3425800,-0.1444
-3425900,-0.1294
-3426000,-0.1074
-3426100,-0.0914
-3426200,-0.0774
-3426300,-0.0634
-3426400,-0.0514
-3426500,-0.0404
-3426600,-0.0324
-3426700,-0.0254
-3426800,-0.0184
-3426900,-0.0134
-3427000,-0.0054
-3427100,-0.0004
-3427200,0.0116
-3427300,0.0216
-3427400,0.0296
-3427500,0.0416
-3427600,0.0516
-3427700,0.0636
-3427800,0.0766
-3427900,0.0856
-3428000,0.0946
-3428100,0.1026
-3428200,0.1126
-3428300,0.1286
-3428400,0.1376
-3428500,0.1486
-3428600,0.1596
-3428700,0.1706
-3428800,0.1826
-3428900,0.1966
-3429000,0.2096
-3429100,0.2246
-3429200,0.2376
-3429300,0.2506
-3429400,0.2646
-3429500,0.2776
-3429600,0.2946
-3429700,0.3106
-3429800,0.3326
-3429900,0.3456
-3430000,0.3576
-3430100,0.3616
-3430200,0.3706
-3430300,0.3796
-3430400,0.3876
-3430500,0.3966
-3430600,0.4056
-3430700,0.4096
-3430800,0.4186
-3430900,0.4286
-3431000,0.4366
-3431100,0.4446
-3431200,0.4546
-3431300,0.4566
-3431400,0.4626
-3431500,0.4676
-3431600,0.4686
-3431700,0.4746
-3431800,0.4786
-3431900,0.4796
-3432000,0.4796
-3432100,0.4876
-3432200,0.5016
-3432300,0.5056
-3432400,0.5006
-3432500,0.5026
-3432600,0.5036
-3432700,0.5046
-3432800,0.5086
-3432900,0.5076
-3433000,0.5026
-3433100,0.5016
-3433200,0.5006
-3433300,0.4996
-3433400,0.5006
-3433500,0.5006
-3433600,0.4996
-3433700,0.4946
-3433800,0.4946
-3433900,0.4916
-3434000,0.4886
-3434100,0.4856
-3434200,0.4836
-3434300,0.4806
-3434400,0.4796
-3434500,0.4786
-3434600,0.4766
-3434700,0.4756
-3434800,0.4736
-3434900,0.4736
-3435000,0.4716
-3435100,0.4686
-3435200,0.4676
-3435300,0.4676
-3435400,0.4676
-3435500,0.4666
-3435600,0.4656
-3435700,0.4646
-3435800,0.4656
-3435900,0.4646
-3436000,0.4626
-3436100,0.4606
-3436200,0.4616
-3436300,0.4616
-3436400,0.4626
-3436500,0.4616
-3436600,0.4616
-3436700,0.4616
-3436800,0.4626
-3436900,0.4636
-3437000,0.4626
-3437100,0.4626
-3437200,0.4626
-3437300,0.4626
-3437400,0.4626
-3437500,0.4626
-3437600,0.4636
-3437700,0.4636
-3437800,0.4626
-3437900,0.4636
-3438000,0.4636
-3438100,0.4636
-3438200,0.4636
-3438300,0.4616
-3438400,0.4616
-3438500,0.4646
-3438600,0.4656
-3438700,0.4626
-3438800,0.4646
-3438900,0.4636
-3439000,0.4626
-3439100,0.4606
-3439200,0.4566
-3439300,0.4566
-3439400,0.4516
-3439500,0.4486
-3439600,0.4456
-3439700,0.4396
-3439800,0.4356
-3439900,0.4316
-3440000,0.4226
-3440100,0.4186
-3440200,0.4126
-3440300,0.4006
-3440400,0.3886
-3440500,0.3736
-3440600,0.3576
-3440700,0.3406
-3440800,0.3106
-3440900,0.2776
-3441000,0.2486
-3441100,0.2156
-3441200,0.1916
-3441300,0.1656
-3441400,0.1456
-3441500,0.1246
-3441600,0.1066
-3441700,0.0876
-3441800,0.0696
-3441900,0.0516
-3442000,0.0346
-3442100,0.0206
-3442200,0.0056
-3442300,-0.0114
-3442400,-0.0274
-3442500,-0.0424
-3442600,-0.0684
-3442700,-0.0774
-3442800,-0.0974
-3442900,-0.1104
-3443000,-0.1224
-3443100,-0.1334
-3443200,-0.1464
-3443300,-0.1574
-3443400,-0.1704
-3443500,-0.1844
-3443600,-0.1954
-3443700,-0.2064
-3443800,-0.2184
-3443900,-0.2294
-3444000,-0.2414
-3444100,-0.2484
-3444200,-0.2554
-3444300,-0.2614
-3444400,-0.2664
-3444500,-0.2704
-3444600,-0.2764
-3444700,-0.2864
-3444800,-0.2994
-3444900,-0.3094
-3445000,-0.3144
-3445100,-0.3164
-3445200,-0.3194
-3445300,-0.3224
-3445400,-0.3244
-3445500,-0.3274
-3445600,-0.3314
-3445700,-0.3364
-3445800,-0.3454
-3445900,-0.3524
-3446000,-0.3544
-3446100,-0.3554
-3446200,-0.3574
-3446300,-0.3584
-3446400,-0.3604
-3446500,-0.3614
-3446600,-0.3624
-3446700,-0.3644
-3446800,-0.3674
-3446900,-0.3724
-3447000,-0.3734
-3447100,-0.3754
-3447200,-0.3784
-3447300,-0.3814
-3447400,-0.3874
-3447500,-0.3944
-3447600,-0.4044
-3447700,-0.3974
-3447800,-0.4044
-3447900,-0.4124
-3448000,-0.4224
-3448100,-0.4344
-3448200,-0.4444
-3448300,-0.4634
-3448400,-0.4764
-3448500,-0.4924
-3448600,-0.5084
-3448700,-0.5274
-3448800,-0.5494
-3448900,-0.5624
-3449000,-0.5804
-3449100,-0.5894
-3449200,-0.6074
-3449300,-0.6304
-3449400,-0.6454
-3449500,-0.6634
-3449600,-0.6884
-3449700,-0.7144
-3449800,-0.7514
-3449900,-0.7904
-3450000,-0.8284
-3450100,-0.8664
-3450200,-0.9094
-3450300,-0.9544
-3450400,-0.9824
-3450500,-1.0194
-3450600,-1.0534
-3450700,-1.0674
-3450800,-1.1044
-3450900,-1.1264
-3451000,-1.1564
-3451100,-1.1724
-3451200,-1.1984
-3451300,-1.2274
-3451400,-1.2474
-3451500,-1.2714
-3451600,-1.2864
-3451700,-1.3054
-3451800,-1.3294
-3451900,-1.3264
-3452000,-1.3334
-3452100,-1.3384
-3452200,-1.3454
-3452300,-1.3454
-3452400,-1.3604
-3452500,-1.3594
-3452600,-1.3624
-3452700,-1.3544
-3452800,-1.3614
-3452900,-1.3674
-3453000,-1.3594
-3453100,-1.3724
-3453200,-1.3694
-3453300,-1.3784
-3453400,-1.3734
-3453500,-1.3784
-3453600,-1.3884
-3453700,-1.3864
-3453800,-1.3914
-3453900,-1.3964
-3454000,-1.3994
-3454100,-1.4034
-3454200,-1.4104
-3454300,-1.4224
-3454400,-1.4314
-3454500,-1.4344
-3454600,-1.4424
-3454700,-1.4504
-3454800,-1.4524
-3454900,-1.4714
-3455000,-1.4724
-3455100,-1.4884
-3455200,-1.4984
-3455300,-1.4964
-3455400,-1.5104
-3455500,-1.5174
-3455600,-1.5294
-3455700,-1.5464
-3455800,-1.5534
-3455900,-1.5644
-3456000,-1.5794
-3456100,-1.6034
-3456200,-1.6044
-3456300,-1.6214
-3456400,-1.6354
-3456500,-1.6494
-3456600,-1.6504
-3456700,-1.6744
-3456800,-1.6844
-3456900,-1.7044
-3457000,-1.7134
-3457100,-1.7234
-3457200,-1.7364
-3457300,-1.7484
-3457400,-1.7624
-3457500,-1.7704
-3457600,-1.7834
-3457700,-1.7924
-3457800,-1.8064
-3457900,-1.8174
-3458000,-1.8254
-3458100,-1.8384
-3458200,-1.8424
-3458300,-1.8564
-3458400,-1.8634
-3458500,-1.8774
-3458600,-1.8794
-3458700,-1.8914
-3458800,-1.8964
-3458900,-1.8974
-3459000,-1.9034
-3459100,-1.9084
-3459200,-1.9114
-3459300,-1.9114
-3459400,-1.9174
-3459500,-1.9144
-3459600,-1.9224
-3459700,-1.9234
-3459800,-1.9254
-3459900,-1.9274
-3460000,-1.9274
-3460100,-1.9194
-3460200,-1.9304
-3460300,-1.9254
-3460400,-1.9174
-3460500,-1.9204
-3460600,-1.9074
-3460700,-1.9044
-3460800,-1.9014
-3460900,-1.8904
-3461000,-1.8894
-3461100,-1.8834
-3461200,-1.8684
-3461300,-1.8664
-3461400,-1.8524
-3461500,-1.8344
-3461600,-1.8114
-3461700,-1.8074
-3461800,-1.7854
-3461900,-1.7684
-3462000,-1.7554
-3462100,-1.7314
-3462200,-1.7164
-3462300,-1.6884
-3462400,-1.6614
-3462500,-1.6434
-3462600,-1.6184
-3462700,-1.5974
-3462800,-1.5644
-3462900,-1.5374
-3463000,-1.5124
-3463100,-1.4814
-3463200,-1.4474
-3463300,-1.4304
-3463400,-1.3994
-3463500,-1.3674
-3463600,-1.3304
-3463700,-1.3024
-3463800,-1.2614
-3463900,-1.2274
-3464000,-1.1894
-3464100,-1.1574
-3464200,-1.1194
-3464300,-1.0804
-3464400,-1.0454
-3464500,-0.9974
-3464600,-0.9594
-3464700,-0.9254
-3464800,-0.8784
-3464900,-0.8394
-3465000,-0.8034
-3465100,-0.7624
-3465200,-0.7334
-3465300,-0.6904
-3465400,-0.6534
-3465500,-0.6084
-3465600,-0.5864
-3465700,-0.5464
-3465800,-0.5204
-3465900,-0.4834
-3466000,-0.4524
-3466100,-0.4304
-3466200,-0.4014
-3466300,-0.3694
-3466400,-0.3564
-3466500,-0.3214
-3466600,-0.2874
-3466700,-0.2584
-3466800,-0.2284
-3466900,-0.2004
-3467000,-0.1724
-3467100,-0.1454
-3467200,-0.1184
-3467300,-0.1054
-3467400,-0.0904
-3467500,-0.0674
-3467600,-0.0534
-3467700,-0.0404
-3467800,-0.0224
-3467900,-0.0134
-3468000,0.0076
-3468100,0.0296
-3468200,0.0486
-3468300,0.0686
-3468400,0.0716
-3468500,0.0856
-3468600,0.1036
-3468700,0.1186
-3468800,0.1256
-3468900,0.1376
-3469000,0.1476
-3469100,0.1586
-3469200,0.1656
-3469300,0.1826
-3469400,0.1876
-3469500,0.1996
-3469600,0.2046
-3469700,0.2186
-3469800,0.2236
-3469900,0.2296
-3470000,0.2306
-3470100,0.2356
-3470200,0.2406
-3470300,0.2446
-3470400,0.2486
-3470500,0.2426
-3470600,0.2476
-3470700,0.2416
-3470800,0.2446
-3470900,0.2416
-3471000,0.2406
-3471100,0.2356
-3471200,0.2366
-3471300,0.2376
-3471400,0.2366
-3471500,0.2196
-3471600,0.2176
-3471700,0.2166
-3471800,0.2126
-3471900,0.2196
-3472000,0.2226
-3472100,0.2256
-3472200,0.2336
-3472300,0.2346
-3472400,0.2316
-3472500,0.2296
-3472600,0.2286
-3472700,0.2316
-3472800,0.2236
-3472900,0.2206
-3473000,0.2186
-3473100,0.2156
-3473200,0.2126
-3473300,0.2086
-3473400,0.2066
-3473500,0.2026
-3473600,0.1926
-3473700,0.1916
-3473800,0.1876
-3473900,0.1896
-3474000,0.1836
-3474100,0.1836
-3474200,0.1796
-3474300,0.1786
-3474400,0.1766
-3474500,0.1746
-3474600,0.1716
-3474700,0.1686
-3474800,0.1676
-3474900,0.1686
-3475000,0.1616
-3475100,0.1586
-3475200,0.1556
-3475300,0.1556
-3475400,0.1546
-3475500,0.1486
-3475600,0.1516
-3475700,0.1466
-3475800,0.1456
-3475900,0.1416
-3476000,0.1446
-3476100,0.1466
-3476200,0.1426
-3476300,0.1416
-3476400,0.1426
-3476500,0.1386
-3476600,0.1386
-3476700,0.1406
-3476800,0.1446
-3476900,0.1416
-3477000,0.1426
-3477100,0.1416
-3477200,0.1396
-3477300,0.1416
-3477400,0.1446
-3477500,0.1466
-3477600,0.1456
-3477700,0.1436
-3477800,0.1466
-3477900,0.1456
-3478000,0.1436
-3478100,0.1486
-3478200,0.1456
-3478300,0.1476
-3478400,0.1466
-3478500,0.1426
-3478600,0.1516
-3478700,0.1486
-3478800,0.1506
-3478900,0.1516
-3479000,0.1516
-3479100,0.1486
-3479200,0.1516
-3479300,0.1526
-3479400,0.1566
-3479500,0.1496
-3479600,0.1556
-3479700,0.1456
-3479800,0.1486
-3479900,0.1486
-3480000,0.1466
-3480100,0.1456
-3480200,0.1456
-3480300,0.1446
-3480400,0.1456
-3480500,0.1436
-3480600,0.1416
-3480700,0.1416
-3480800,0.1366
-3480900,0.1366
-3481000,0.1336
-3481100,0.1286
-3481200,0.1306
-3481300,0.1296
-3481400,0.1286
-3481500,0.1286
-3481600,0.1266
-3481700,0.1286
-3481800,0.1276
-3481900,0.1276
-3482000,0.1276
-3482100,0.1256
-3482200,0.1276
-3482300,0.1266
-3482400,0.1266
-3482500,0.1266
-3482600,0.1276
-3482700,0.1276
-3482800,0.1266
-3482900,0.1256
-3483000,0.1256
-3483100,0.1236
-3483200,0.1266
-3483300,0.1276
-3483400,0.1286
-3483500,0.1296
-3483600,0.1306
-3483700,0.1316
-3483800,0.1346
-3483900,0.1346
-3484000,0.1356
-3484100,0.1356
-3484200,0.1286
-3484300,0.1276
-3484400,0.1306
-3484500,0.1306
-3484600,0.1316
-3484700,0.1316
-3484800,0.1336
-3484900,0.1336
-3485000,0.1336
-3485100,0.1336
-3485200,0.1346
-3485300,0.1356
-3485400,0.1366
-3485500,0.1366
-3485600,0.1376
-3485700,0.1376
-3485800,0.1346
-3485900,0.1346
-3486000,0.1366
-3486100,0.1366
-3486200,0.1376
-3486300,0.1366
-3486400,0.1346
-3486500,0.1346
-3486600,0.1356
-3486700,0.1346
-3486800,0.1336
-3486900,0.1336
-3487000,0.1316
-3487100,0.1306
-3487200,0.1296
-3487300,0.1326
-3487400,0.1306
-3487500,0.1306
-3487600,0.1296
-3487700,0.1296
-3487800,0.1296
-3487900,0.1276
-3488000,0.1276
-3488100,0.1276
-3488200,0.1286
-3488300,0.1286
-3488400,0.1276
-3488500,0.1296
-3488600,0.1296
-3488700,0.1296
-3488800,0.1296
-3488900,0.1296
-3489000,0.1286
-3489100,0.1306
-3489200,0.1306
-3489300,0.1316
-3489400,0.1326
-3489500,0.1326
-3489600,0.1316
-3489700,0.1346
-3489800,0.1356
-3489900,0.1336
-3490000,0.1366
-3490100,0.1366
-3490200,0.1386
-3490300,0.1416
-3490400,0.1426
-3490500,0.1446
-3490600,0.1476
-3490700,0.1486
-3490800,0.1486
-3490900,0.1526
-3491000,0.1526
-3491100,0.1566
-3491200,0.1586
-3491300,0.1616
-3491400,0.1636
-3491500,0.1656
-3491600,0.1696
-3491700,0.1696
-3491800,0.1726
-3491900,0.1736
-3492000,0.1776
-3492100,0.1816
-3492200,0.1816
-3492300,0.1816
-3492400,0.1856
-3492500,0.1866
-3492600,0.1876
-3492700,0.1866
-3492800,0.1876
-3492900,0.1906
-3493000,0.1916
-3493100,0.1906
-3493200,0.1936
-3493300,0.1956
-3493400,0.1946
-3493500,0.1956
-3493600,0.1936
-3493700,0.1936
-3493800,0.1936
-3493900,0.1926
-3494000,0.1916
-3494100,0.1906
-3494200,0.1896
-3494300,0.1896
-3494400,0.1896
-3494500,0.1906
-3494600,0.1836
-3494700,0.1886
-3494800,0.1856
-3494900,0.1836
-3495000,0.1806
-3495100,0.1796
-3495200,0.1786
-3495300,0.1736
-3495400,0.1746
-3495500,0.1696
-3495600,0.1666
-3495700,0.1656
-3495800,0.1616
-3495900,0.1596
-3496000,0.1586
-3496100,0.1596
-3496200,0.1616
-3496300,0.1636
-3496400,0.1706
-3496500,0.1756
-3496600,0.1676
-3496700,0.1656
-3496800,0.1606
-3496900,0.1566
-3497000,0.1556
-3497100,0.1496
-3497200,0.1456
-3497300,0.1396
-3497400,0.1356
-3497500,0.1306
-3497600,0.1266
-3497700,0.1236
-3497800,0.1196
-3497900,0.1146
-3498000,0.1126
-3498100,0.1086
-3498200,0.1066
-3498300,0.1016
-3498400,0.1016
-3498500,0.0966
-3498600,0.0966
-3498700,0.0916
-3498800,0.0896
-3498900,0.0866
-3499000,0.0856
-3499100,0.0826
-3499200,0.0806
-3499300,0.0796
-3499400,0.0776
-3499500,0.0756
-3499600,0.0736
-3499700,0.0726
-3499800,0.0716
-3499900,0.0706
-3500000,0.0696
-3500100,0.0696
-3500200,0.0696
-3500300,0.0686
-3500400,0.0686
-3500500,0.0696
-3500600,0.0686
-3500700,0.0696
-3500800,0.0696
-3500900,0.0696
-3501000,0.0696
-3501100,0.0706
-3501200,0.0706
-3501300,0.0706
-3501400,0.0736
-3501500,0.0756
-3501600,0.0756
-3501700,0.0766
-3501800,0.0766
-3501900,0.0776
-3502000,0.0776
-3502100,0.0796
-3502200,0.0806
-3502300,0.0816
-3502400,0.0826
-3502500,0.0836
-3502600,0.0856
-3502700,0.0866
-3502800,0.0876
-3502900,0.0886
-3503000,0.0906
-3503100,0.0906
-3503200,0.0926
-3503300,0.0936
-3503400,0.0946
-3503500,0.0956
-3503600,0.0976
-3503700,0.0986
-3503800,0.0996
-3503900,0.1016
-3504000,0.1026
-3504100,0.1066
-3504200,0.1076
-3504300,0.1086
-3504400,0.1096
-3504500,0.1096
-3504600,0.1146
-3504700,0.1126
-3504800,0.1156
-3504900,0.1146
-3505000,0.1116
-3505100,0.1166
-3505200,0.1186
-3505300,0.1196
-3505400,0.1216
-3505500,0.1226
-3505600,0.1236
-3505700,0.1246
-3505800,0.1236
-3505900,0.1276
-3506000,0.1276
-3506100,0.1276
-3506200,0.1276
-3506300,0.1246
-3506400,0.1246
-3506500,0.1236
-3506600,0.1226
-3506700,0.1196
-3506800,0.1146
-3506900,0.1086
-3507000,0.1026
-3507100,0.0946
-3507200,0.0846
-3507300,0.0736
-3507400,0.0686
-3507500,0.0596
-3507600,0.0506
-3507700,0.0436
-3507800,0.0376
-3507900,0.0306
-3508000,0.0236
-3508100,0.0156
-3508200,0.0016
-3508300,-0.0104
-3508400,-0.0234
-3508500,-0.0364
-3508600,-0.0474
-3508700,-0.0594
-3508800,-0.0694
-3508900,-0.0794
-3509000,-0.0864
-3509100,-0.0924
-3509200,-0.0994
-3509300,-0.1054
-3509400,-0.1144
-3509500,-0.1194
-3509600,-0.1234
-3509700,-0.1294
-3509800,-0.1354
-3509900,-0.1434
-3510000,-0.1504
-3510100,-0.1644
-3510200,-0.1704
-3510300,-0.1764
-3510400,-0.1864
-3510500,-0.1964
-3510600,-0.2054
-3510700,-0.2144
-3510800,-0.2284
-3510900,-0.2354
-3511000,-0.2494
-3511100,-0.2574
-3511200,-0.2694
-3511300,-0.2814
-3511400,-0.2924
-3511500,-0.3024
-3511600,-0.3174
-3511700,-0.3284
-3511800,-0.3434
-3511900,-0.3584
-3512000,-0.3754
-3512100,-0.3904
-3512200,-0.4084
-3512300,-0.4244
-3512400,-0.4434
-3512500,-0.4644
-3512600,-0.4814
-3512700,-0.4984
-3512800,-0.5104
-3512900,-0.5244
-3513000,-0.5414
-3513100,-0.5544
-3513200,-0.5684
-3513300,-0.5824
-3513400,-0.5954
-3513500,-0.6084
-3513600,-0.6234
-3513700,-0.6354
-3513800,-0.6494
-3513900,-0.6624
-3514000,-0.6724
-3514100,-0.6824
-3514200,-0.6944
-3514300,-0.7014
-3514400,-0.7124
-3514500,-0.7234
-3514600,-0.7334
-3514700,-0.7414
-3514800,-0.7494
-3514900,-0.7584
-3515000,-0.7634
-3515100,-0.7694
-3515200,-0.7744
-3515300,-0.7804
-3515400,-0.7864
-3515500,-0.7904
-3515600,-0.7954
-3515700,-0.8014
-3515800,-0.8014
-3515900,-0.8064
-3516000,-0.8064
-3516100,-0.8084
-3516200,-0.8104
-3516300,-0.8124
-3516400,-0.8114
-3516500,-0.8104
-3516600,-0.8124
-3516700,-0.8154
-3516800,-0.8184
-3516900,-0.8184
-3517000,-0.8174
-3517100,-0.8184
-3517200,-0.8174
-3517300,-0.8174
-3517400,-0.8144
-3517500,-0.8114
-3517600,-0.8104
-3517700,-0.8114
-3517800,-0.8104
-3517900,-0.8084
-3518000,-0.8044
-3518100,-0.8024
-3518200,-0.7994
-3518300,-0.7984
-3518400,-0.7974
-3518500,-0.7964
-3518600,-0.7954
-3518700,-0.7974
-3518800,-0.8044
-3518900,-0.8054
-3519000,-0.8014
-3519100,-0.8004
-3519200,-0.8034
-3519300,-0.7964
-3519400,-0.7934
-3519500,-0.7934
-3519600,-0.7924
-3519700,-0.7934
-3519800,-0.7954
-3519900,-0.7974
-3520000,-0.8044
-3520100,-0.8054
-3520200,-0.8014
-3520300,-0.8024
-3520400,-0.8054
-3520500,-0.8074
-3520600,-0.8134
-3520700,-0.8154
-3520800,-0.8144
-3520900,-0.8164
-3521000,-0.8174
-3521100,-0.8114
-3521200,-0.8114
-3521300,-0.8184
-3521400,-0.8214
-3521500,-0.8234
-3521600,-0.8314
-3521700,-0.8434
-3521800,-0.8454
-3521900,-0.8494
-3522000,-0.8504
-3522100,-0.8384
-3522200,-0.8344
-3522300,-0.8324
-3522400,-0.8294
-3522500,-0.8314
-3522600,-0.8324
-3522700,-0.8314
-3522800,-0.8244
-3522900,-0.8234
-3523000,-0.8254
-3523100,-0.8224
-3523200,-0.8234
-3523300,-0.8114
-3523400,-0.8084
-3523500,-0.7894
-3523600,-0.7784
-3523700,-0.7674
-3523800,-0.7524
-3523900,-0.7284
-3524000,-0.7024
-3524100,-0.6764
-3524200,-0.6604
-3524300,-0.6404
-3524400,-0.6184
-3524500,-0.5914
-3524600,-0.5674
-3524700,-0.5474
-3524800,-0.5204
-3524900,-0.4894
-3525000,-0.4764
-3525100,-0.4544
-3525200,-0.4284
-3525300,-0.4084
-3525400,-0.3844
-3525500,-0.3634
-3525600,-0.3384
-3525700,-0.3194
-3525800,-0.2974
-3525900,-0.2714
-3526000,-0.2554
-3526100,-0.2324
-3526200,-0.2094
-3526300,-0.1804
-3526400,-0.1604
-3526500,-0.1304
-3526600,-0.1104
-3526700,-0.0924
-3526800,-0.0744
-3526900,-0.0624
-3527000,-0.0384
-3527100,-0.0184
-3527200,0.0016
-3527300,0.0096
-3527400,0.0266
-3527500,0.0506
-3527600,0.0656
-3527700,0.0856
-3527800,0.1036
-3527900,0.1286
-3528000,0.1346
-3528100,0.1416
-3528200,0.1566
-3528300,0.1686
-3528400,0.1706
-3528500,0.1856
-3528600,0.1986
-3528700,0.2156
-3528800,0.2246
-3528900,0.2456
-3529000,0.2496
-3529100,0.2676
-3529200,0.2876
-3529300,0.3006
-3529400,0.3156
-3529500,0.3126
-3529600,0.3246
-3529700,0.3296
-3529800,0.3416
-3529900,0.3496
-3530000,0.3576
-3530100,0.3626
-3530200,0.3696
-3530300,0.3746
-3530400,0.3836
-3530500,0.3896
-3530600,0.3836
-3530700,0.3856
-3530800,0.3946
-3530900,0.4016
-3531000,0.4096
-3531100,0.4086
-3531200,0.4156
-3531300,0.4176
-3531400,0.4266
-3531500,0.4316
-3531600,0.4366
-3531700,0.4316
-3531800,0.4206
-3531900,0.4256
-3532000,0.4266
-3532100,0.4236
-3532200,0.4246
-3532300,0.4276
-3532400,0.4246
-3532500,0.4236
-3532600,0.4266
-3532700,0.4286
-3532800,0.4306
-3532900,0.4316
-3533000,0.4306
-3533100,0.4336
-3533200,0.4356
-3533300,0.4346
-3533400,0.4316
-3533500,0.4306
-3533600,0.4316
-3533700,0.4356
-3533800,0.4406
-3533900,0.4386
-3534000,0.4456
-3534100,0.4386
-3534200,0.4376
-3534300,0.4366
-3534400,0.4376
-3534500,0.4366
-3534600,0.4366
-3534700,0.4366
-3534800,0.4396
-3534900,0.4426
-3535000,0.4456
-3535100,0.4476
-3535200,0.4466
-3535300,0.4416
-3535400,0.4376
-3535500,0.4366
-3535600,0.4316
-3535700,0.4296
-3535800,0.4246
-3535900,0.4226
-3536000,0.4216
-3536100,0.4186
-3536200,0.4176
-3536300,0.4156
-3536400,0.4126
-3536500,0.4116
-3536600,0.4086
-3536700,0.4046
-3536800,0.4026
-3536900,0.3996
-3537000,0.3976
-3537100,0.3966
-3537200,0.3946
-3537300,0.3926
-3537400,0.3916
-3537500,0.3916
-3537600,0.3896
-3537700,0.3896
-3537800,0.3866
-3537900,0.3826
-3538000,0.3816
-3538100,0.3816
-3538200,0.3806
-3538300,0.3806
-3538400,0.3786
-3538500,0.3776
-3538600,0.3766
-3538700,0.3746
-3538800,0.3696
-3538900,0.3636
-3539000,0.3626
-3539100,0.3626
-3539200,0.3626
-3539300,0.3616
-3539400,0.3616
-3539500,0.3606
-3539600,0.3596
-3539700,0.3566
-3539800,0.3536
-3539900,0.3496
-3540000,0.3466
-3540100,0.3456
-3540200,0.3446
-3540300,0.3436
-3540400,0.3396
-3540500,0.3386
-3540600,0.3326
-3540700,0.3276
-3540800,0.3206
-3540900,0.3126
-3541000,0.3096
-3541100,0.3016
-3541200,0.2916
-3541300,0.2806
-3541400,0.2676
-3541500,0.2546
-3541600,0.2436
-3541700,0.2246
-3541800,0.2106
-3541900,0.1956
-3542000,0.1726
-3542100,0.1476
-3542200,0.1226
-3542300,0.1166
-3542400,0.0986
-3542500,0.0886
-3542600,0.0726
-3542700,0.0486
-3542800,0.0326
-3542900,0.0096
-3543000,-0.0034
-3543100,-0.0314
-3543200,-0.0394
-3543300,-0.0544
-3543400,-0.0674
-3543500,-0.0814
-3543600,-0.0784
-3543700,-0.0894
-3543800,-0.0924
-3543900,-0.0924
-3544000,-0.1044
-3544100,-0.1264
-3544200,-0.1274
-3544300,-0.1254
-3544400,-0.1384
-3544500,-0.1424
-3544600,-0.1414
-3544700,-0.1424
-3544800,-0.1474
-3544900,-0.1374
-3545000,-0.1354
-3545100,-0.1454
-3545200,-0.1454
-3545300,-0.1444
-3545400,-0.1504
-3545500,-0.1614
-3545600,-0.1604
-3545700,-0.1594
-3545800,-0.1634
-3545900,-0.1704
-3546000,-0.1714
-3546100,-0.1714
-3546200,-0.1654
-3546300,-0.1694
-3546400,-0.1734
-3546500,-0.1694
-3546600,-0.1664
-3546700,-0.1704
-3546800,-0.1644
-3546900,-0.1654
-3547000,-0.1614
-3547100,-0.1564
-3547200,-0.1544
-3547300,-0.1484
-3547400,-0.1444
-3547500,-0.1464
-3547600,-0.1524
-3547700,-0.1504
-3547800,-0.1504
-3547900,-0.1454
-3548000,-0.1424
-3548100,-0.1434
-3548200,-0.1454
-3548300,-0.1424
-3548400,-0.1404
-3548500,-0.1444
-3548600,-0.1394
-3548700,-0.1444
-3548800,-0.1364
-3548900,-0.1404
-3549000,-0.1374
-3549100,-0.1334
-3549200,-0.1374
-3549300,-0.1314
-3549400,-0.1364
-3549500,-0.1344
-3549600,-0.1334
-3549700,-0.1344
-3549800,-0.1274
-3549900,-0.1354
-3550000,-0.1324
-3550100,-0.1294
-3550200,-0.1284
-3550300,-0.1304
-3550400,-0.1284
-3550500,-0.1244
-3550600,-0.1314
-3550700,-0.1224
-3550800,-0.1234
-3550900,-0.1224
-3551000,-0.1214
-3551100,-0.1204
-3551200,-0.1204
-3551300,-0.1164
-3551400,-0.1164
-3551500,-0.1134
-3551600,-0.1184
-3551700,-0.1104
-3551800,-0.1114
-3551900,-0.1094
-3552000,-0.1094
-3552100,-0.1044
-3552200,-0.1014
-3552300,-0.0974
-3552400,-0.0924
-3552500,-0.0914
-3552600,-0.0844
-3552700,-0.0834
-3552800,-0.0834
-3552900,-0.0744
-3553000,-0.0704
-3553100,-0.0694
-3553200,-0.0624
-3553300,-0.0564
-3553400,-0.0474
-3553500,-0.0404
-3553600,-0.0304
-3553700,-0.0374
-3553800,-0.0354
-3553900,-0.0364
-3554000,-0.0264
-3554100,-0.0334
-3554200,-0.0394
-3554300,-0.0424
-3554400,-0.0384
-3554500,-0.0334
-3554600,-0.0364
-3554700,-0.0384
-3554800,-0.0364
-3554900,-0.0314
-3555000,-0.0344
-3555100,-0.0204
-3555200,-0.0264
-3555300,-0.0214
-3555400,-0.0174
-3555500,-0.0194
-3555600,-0.0264
-3555700,-0.0174
-3555800,-0.0094
-3555900,-0.0184
-3556000,-0.0094
-3556100,-0.0004
-3556200,0.0106
-3556300,0.0116
-3556400,0.0086
-3556500,0.0126
-3556600,0.0156
-3556700,0.0206
-3556800,0.0216
-3556900,0.0236
-3557000,0.0306
-3557100,0.0366
-3557200,0.0396
-3557300,0.0476
-3557400,0.0526
-3557500,0.0586
-3557600,0.0636
-3557700,0.0666
-3557800,0.0726
-3557900,0.0696
-3558000,0.0796
-3558100,0.0846
-3558200,0.0886
-3558300,0.0966
-3558400,0.1006
-3558500,0.1116
-3558600,0.1196
-3558700,0.1296
-3558800,0.1436
-3558900,0.1486
-3559000,0.1586
-3559100,0.1626
-3559200,0.1716
-3559300,0.1826
-3559400,0.1906
-3559500,0.1976
-3559600,0.1906
-3559700,0.1966
-3559800,0.2086
-3559900,0.2186
-3560000,0.2326
-3560100,0.2456
-3560200,0.2546
-3560300,0.2656
-3560400,0.2696
-3560500,0.2706
-3560600,0.2716
-3560700,0.2666
-3560800,0.2686
-3560900,0.2706
-3561000,0.2766
-3561100,0.2776
-3561200,0.2796
-3561300,0.2836
-3561400,0.2826
-3561500,0.2826
-3561600,0.2816
-3561700,0.2806
-3561800,0.2736
-3561900,0.2736
-3562000,0.2696
-3562100,0.2616
-3562200,0.2586
-3562300,0.2506
-3562400,0.2486
-3562500,0.2486
-3562600,0.2396
-3562700,0.2406
-3562800,0.2406
-3562900,0.2346
-3563000,0.2406
-3563100,0.2346
-3563200,0.2416
-3563300,0.2436
-3563400,0.2436
-3563500,0.2396
-3563600,0.2296
-3563700,0.2266
-3563800,0.2226
-3563900,0.2226
-3564000,0.2126
-3564100,0.2076
-3564200,0.1966
-3564300,0.1916
-3564400,0.1896
-3564500,0.1856
-3564600,0.1966
-3564700,0.1936
-3564800,0.1956
-3564900,0.2006
-3565000,0.1996
-3565100,0.1996
-3565200,0.1966
-3565300,0.1946
-3565400,0.1956
-3565500,0.1946
-3565600,0.2056
-3565700,0.2096
-3565800,0.2106
-3565900,0.2156
-3566000,0.2156
-3566100,0.2176
-3566200,0.2216
-3566300,0.2176
-3566400,0.2196
-3566500,0.2146
-3566600,0.2066
-3566700,0.2056
-3566800,0.2046
-3566900,0.2006
-3567000,0.1916
-3567100,0.1906
-3567200,0.1876
-3567300,0.1866
-3567400,0.1846
-3567500,0.1786
-3567600,0.1756
-3567700,0.1706
-3567800,0.1646
-3567900,0.1546
-3568000,0.1546
-3568100,0.1436
-3568200,0.1456
-3568300,0.1306
-3568400,0.1316
-3568500,0.1206
-3568600,0.1176
-3568700,0.1106
-3568800,0.1016
-3568900,0.1036
-3569000,0.0886
-3569100,0.0926
-3569200,0.0926
-3569300,0.0826
-3569400,0.0736
-3569500,0.0656
-3569600,0.0566
-3569700,0.0456
-3569800,0.0296
-3569900,0.0266
-3570000,0.0286
-3570100,0.0176
-3570200,0.0106
-3570300,-0.0004
-3570400,-0.0134
-3570500,-0.0124
-3570600,-0.0264
-3570700,-0.0374
-3570800,-0.0504
-3570900,-0.0554
-3571000,-0.0794
-3571100,-0.0854
-3571200,-0.1094
-3571300,-0.1334
-3571400,-0.1554
-3571500,-0.1884
-3571600,-0.2144
-3571700,-0.2364
-3571800,-0.2564
-3571900,-0.2764
-3572000,-0.2964
-3572100,-0.3114
-3572200,-0.3294
-3572300,-0.3414
-3572400,-0.3574
-3572500,-0.3834
-3572600,-0.4134
-3572700,-0.4264
-3572800,-0.4574
-3572900,-0.4854
-3573000,-0.5114
-3573100,-0.5474
-3573200,-0.5744
-3573300,-0.5964
-3573400,-0.6314
-3573500,-0.6684
-3573600,-0.7144
-3573700,-0.7604
-3573800,-0.7984
-3573900,-0.8334
-3574000,-0.8694
-3574100,-0.9124
-3574200,-0.9704
-3574300,-1.0284
-3574400,-1.1024
-3574500,-1.1664
-3574600,-1.2154
-3574700,-1.2704
-3574800,-1.3184
-3574900,-1.3654
-3575000,-1.4214
-3575100,-1.4964
-3575200,-1.5664
-3575300,-1.6304
-3575400,-1.7034
-3575500,-1.7624
-3575600,-1.8014
-3575700,-1.8484
-3575800,-1.8864
-3575900,-1.9344
-3576000,-1.9794
-3576100,-2.0154
-3576200,-2.0594
-3576300,-2.1054
-3576400,-2.1464
-3576500,-2.1764
-3576600,-2.2114
-3576700,-2.2384
-3576800,-2.2594
-3576900,-2.2764
-3577000,-2.3024
-3577100,-2.3114
-3577200,-2.3224
-3577300,-2.3374
-3577400,-2.3454
-3577500,-2.3474
-3577600,-2.3604
-3577700,-2.3644
-3577800,-2.3684
-3577900,-2.3644
-3578000,-2.3634
-3578100,-2.3564
-3578200,-2.3544
-3578300,-2.3524
-3578400,-2.3434
-3578500,-2.3404
-3578600,-2.3314
-3578700,-2.3264
-3578800,-2.3184
-3578900,-2.3084
-3579000,-2.2974
-3579100,-2.2904
-3579200,-2.2724
-3579300,-2.2624
-3579400,-2.2494
-3579500,-2.2394
-3579600,-2.2224
-3579700,-2.2114
-3579800,-2.1924
-3579900,-2.1824
-3580000,-2.1724
-3580100,-2.1524
-3580200,-2.1364
-3580300,-2.1234
-3580400,-2.1084
-3580500,-2.0904
-3580600,-2.0764
-3580700,-2.0574
-3580800,-2.0404
-3580900,-2.0234
-3581000,-2.0054
-3581100,-1.9884
-3581200,-1.9684
-3581300,-1.9534
-3581400,-1.9274
-3581500,-1.9114
-3581600,-1.8914
-3581700,-1.8704
-3581800,-1.8464
-3581900,-1.8234
-3582000,-1.8064
-3582100,-1.7824
-3582200,-1.7664
-3582300,-1.7394
-3582400,-1.7194
-3582500,-1.7024
-3582600,-1.6864
-3582700,-1.6704
-3582800,-1.6574
-3582900,-1.6444
-3583000,-1.6274
-3583100,-1.6114
-3583200,-1.5874
-3583300,-1.5704
-3583400,-1.5514
-3583500,-1.5394
-3583600,-1.5284
-3583700,-1.5134
-3583800,-1.5004
-3583900,-1.4864
-3584000,-1.4704
-3584100,-1.4564
-3584200,-1.4374
-3584300,-1.4204
-3584400,-1.4004
-3584500,-1.3904
-3584600,-1.3724
-3584700,-1.3644
-3584800,-1.3444
-3584900,-1.3304
-3585000,-1.3114
-3585100,-1.2894
-3585200,-1.2734
-3585300,-1.2574
-3585400,-1.2384
-3585500,-1.2154
-3585600,-1.1984
-3585700,-1.1764
-3585800,-1.1574
-3585900,-1.1334
-3586000,-1.1094
-3586100,-1.0884
-3586200,-1.0684
-3586300,-1.0504
-3586400,-1.0334
-3586500,-1.0084
-3586600,-0.9954
-3586700,-0.9734
-3586800,-0.9514
-3586900,-0.9374
-3587000,-0.9184
-3587100,-0.8994
-3587200,-0.8754
-3587300,-0.8574
-3587400,-0.8434
-3587500,-0.8214
-3587600,-0.8104
-3587700,-0.7904
-3587800,-0.7724
-3587900,-0.7504
-3588000,-0.7424
-3588100,-0.7274
-3588200,-0.7104
-3588300,-0.6914
-3588400,-0.6674
-3588500,-0.6504
-3588600,-0.6334
-3588700,-0.6084
-3588800,-0.5914
-3588900,-0.5834
-3589000,-0.5704
-3589100,-0.5614
-3589200,-0.5454
-3589300,-0.5354
-3589400,-0.5254
-3589500,-0.5144
-3589600,-0.5104
-3589700,-0.5014
-3589800,-0.4964
-3589900,-0.4824
-3590000,-0.4774
-3590100,-0.4664
-3590200,-0.4634
-3590300,-0.4524
-3590400,-0.4494
-3590500,-0.4424
-3590600,-0.4404
-3590700,-0.4334
-3590800,-0.4284
-3590900,-0.4204
-3591000,-0.4064
-3591100,-0.4084
-3591200,-0.4024
-3591300,-0.4034
-3591400,-0.4034
-3591500,-0.3994
-3591600,-0.3974
-3591700,-0.3974
-3591800,-0.4014
-3591900,-0.4034
-3592000,-0.3994
-3592100,-0.4054
-3592200,-0.4084
-3592300,-0.4084
-3592400,-0.4094
-3592500,-0.4144
-3592600,-0.4174
-3592700,-0.4244
-3592800,-0.4224
-3592900,-0.4334
-3593000,-0.4404
-3593100,-0.4424
-3593200,-0.4474
-3593300,-0.4514
-3593400,-0.4574
-3593500,-0.4644
-3593600,-0.4684
-3593700,-0.4724
-3593800,-0.4774
-3593900,-0.4784
-3594000,-0.4904
-3594100,-0.4974
-3594200,-0.4974
-3594300,-0.5074
-3594400,-0.5164
-3594500,-0.5164
-3594600,-0.5224
-3594700,-0.5274
-3594800,-0.5334
-3594900,-0.5414
-3595000,-0.5504
-3595100,-0.5624
-3595200,-0.5714
-3595300,-0.5754
-3595400,-0.5794
-3595500,-0.5854
-3595600,-0.5894
-3595700,-0.5944
-3595800,-0.5974
-3595900,-0.6044
-3596000,-0.5994
-3596100,-0.6014
-3596200,-0.6054
-3596300,-0.6074
-3596400,-0.6054
-3596500,-0.6074
-3596600,-0.6094
-3596700,-0.6104
-3596800,-0.6134
-3596900,-0.6094
-3597000,-0.6124
-3597100,-0.6184
-3597200,-0.6134
-3597300,-0.6164
-3597400,-0.6164
-3597500,-0.6214
-3597600,-0.6144
-3597700,-0.6184
-3597800,-0.6254
-3597900,-0.6244
-3598000,-0.6234
-3598100,-0.6274
-3598200,-0.6334
-3598300,-0.6314
-3598400,-0.6334
-3598500,-0.6374
-3598600,-0.6404
-3598700,-0.6414
-3598800,-0.6474
-3598900,-0.6544
-3599000,-0.6534
-3599100,-0.6684
-3599200,-0.6684
-3599300,-0.6814
-3599400,-0.6814
-3599500,-0.6844
-3599600,-0.6934
-3599700,-0.6994
-3599800,-0.7054
-3599900,-0.7104
-3600000,-0.7124
-3600100,-0.7174
-3600200,-0.7144
-3600300,-0.7204
-3600400,-0.7224
-3600500,-0.7284
-3600600,-0.7254
-3600700,-0.7234
-3600800,-0.7234
-3600900,-0.7234
-3601000,-0.7174
-3601100,-0.7144
-3601200,-0.7114
-3601300,-0.7114
-3601400,-0.7104
-3601500,-0.7034
-3601600,-0.7034
-3601700,-0.6994
-3601800,-0.7004
-3601900,-0.6924
-3602000,-0.6914
-3602100,-0.6844
-3602200,-0.6854
-3602300,-0.6814
-3602400,-0.6844
-3602500,-0.6844
-3602600,-0.6814
-3602700,-0.6814
-3602800,-0.6794
-3602900,-0.6764
-3603000,-0.6724
-3603100,-0.6734
-3603200,-0.6674
-3603300,-0.6684
-3603400,-0.6724
-3603500,-0.6724
-3603600,-0.6694
-3603700,-0.6634
-3603800,-0.6654
-3603900,-0.6674
-3604000,-0.6644
-3604100,-0.6674
-3604200,-0.6664
-3604300,-0.6684
-3604400,-0.6674
-3604500,-0.6634
-3604600,-0.6644
-3604700,-0.6624
-3604800,-0.6714
-3604900,-0.6704
-3605000,-0.6724
-3605100,-0.6724
-3605200,-0.6744
-3605300,-0.6774
-3605400,-0.6814
-3605500,-0.6784
-3605600,-0.6784
-3605700,-0.6844
-3605800,-0.6864
-3605900,-0.6884
-3606000,-0.6904
-3606100,-0.6984
-3606200,-0.6974
-3606300,-0.7044
-3606400,-0.7004
-3606500,-0.7014
-3606600,-0.7064
-3606700,-0.7124
-3606800,-0.7204
-3606900,-0.7214
-3607000,-0.7294
-3607100,-0.7364
-3607200,-0.7414
-3607300,-0.7534
-3607400,-0.7604
-3607500,-0.7704
-3607600,-0.7784
-3607700,-0.7934
-3607800,-0.8014
-3607900,-0.8084
-3608000,-0.8224
-3608100,-0.8294
-3608200,-0.8344
-3608300,-0.8464
-3608400,-0.8564
-3608500,-0.8634
-3608600,-0.8794
-3608700,-0.8854
-3608800,-0.8964
-3608900,-0.9084
-3609000,-0.9264
-3609100,-0.9374
-3609200,-0.9464
-3609300,-0.9604
-3609400,-0.9694
-3609500,-0.9914
-3609600,-1.0174
-3609700,-1.0304
-3609800,-1.0504
-3609900,-1.0794
-3610000,-1.1054
-3610100,-1.1404
-3610200,-1.1794
-3610300,-1.2294
-3610400,-1.2824
-3610500,-1.3324
-3610600,-1.3854
-3610700,-1.4424
-3610800,-1.4974
-3610900,-1.5614
-3611000,-1.6234
-3611100,-1.6864
-3611200,-1.7564
-3611300,-1.8354
-3611400,-1.9154
-3611500,-2.0094
-3611600,-2.1104
-3611700,-2.1854
-3611800,-2.2534
-3611900,-2.3494
-3612000,-2.4414
-3612100,-2.5354
-3612200,-2.6304
-3612300,-2.7274
-3612400,-2.8124
-3612500,-2.9084
-3612600,-3.0054
-3612700,-3.0844
-3612800,-3.1564
-3612900,-3.2354
-3613000,-3.3044
-3613100,-3.3724
-3613200,-3.4384
-3613300,-3.5034
-3613400,-3.5684
-3613500,-3.6374
-3613600,-3.7094
-3613700,-3.7774
-3613800,-3.8444
-3613900,-3.9214
-3614000,-3.9884
-3614100,-4.0604
-3614200,-4.1284
-3614300,-4.1974
-3614400,-4.2614
-3614500,-4.3174
-3614600,-4.3774
-3614700,-4.4414
-3614800,-4.5084
-3614900,-4.5674
-3615000,-4.6354
-3615100,-4.6954
-3615200,-4.7494
-3615300,-4.7984
-3615400,-4.8434
-3615500,-4.8974
-3615600,-4.9454
-3615700,-4.9864
-3615800,-5.0294
-3615900,-5.0634
-3616000,-5.1004
-3616100,-5.1294
-3616200,-5.1614
-3616300,-5.1864
-3616400,-5.2154
-3616500,-5.2494
-3616600,-5.2784
-3616700,-5.3104
-3616800,-5.3444
-3616900,-5.3734
-3617000,-5.3934
-3617100,-5.4264
-3617200,-5.4514
-3617300,-5.4824
-3617400,-5.5004
-3617500,-5.5244
-3617600,-5.5504
-3617700,-5.5644
-3617800,-5.5804
-3617900,-5.5924
-3618000,-5.6024
-3618100,-5.6194
-3618200,-5.6374
-3618300,-5.6444
-3618400,-5.6554
-3618500,-5.6714
-3618600,-5.6864
-3618700,-5.6994
-3618800,-5.7124
-3618900,-5.7274
-3619000,-5.7374
-3619100,-5.7494
-3619200,-5.7544
-3619300,-5.7534
-3619400,-5.7584
-3619500,-5.7644
-3619600,-5.7724
-3619700,-5.7714
-3619800,-5.7804
-3619900,-5.7824
-3620000,-5.7844
-3620100,-5.7854
-3620200,-5.7904
-3620300,-5.7964
-3620400,-5.7994
-3620500,-5.7974
-3620600,-5.7954
-3620700,-5.7954
-3620800,-5.7934
-3620900,-5.7924
-3621000,-5.7934
-3621100,-5.7904
-3621200,-5.7954
-3621300,-5.8024
-3621400,-5.8024
-3621500,-5.7934
-3621600,-5.7924
-3621700,-5.7864
-3621800,-5.7784
-3621900,-5.7814
-3622000,-5.7784
-3622100,-5.7764
-3622200,-5.7654
-3622300,-5.7584
-3622400,-5.7514
-3622500,-5.7394
-3622600,-5.7354
-3622700,-5.7204
-3622800,-5.7144
-3622900,-5.7044
-3623000,-5.6994
-3623100,-5.6894
-3623200,-5.6764
-3623300,-5.6694
-3623400,-5.6584
-3623500,-5.6494
-3623600,-5.6344
-3623700,-5.6224
-3623800,-5.6094
-3623900,-5.5974
-3624000,-5.5884
-3624100,-5.5764
-3624200,-5.5634
-3624300,-5.5484
-3624400,-5.5354
-3624500,-5.5234
-3624600,-5.5074
-3624700,-5.4974
-3624800,-5.4784
-3624900,-5.4644
-3625000,-5.4534
-3625100,-5.4294
-3625200,-5.4154
-3625300,-5.4044
-3625400,-5.4014
-3625500,-5.3744
-3625600,-5.3594
-3625700,-5.3434
-3625800,-5.3274
-3625900,-5.3134
-3626000,-5.2894
-3626100,-5.2804
-3626200,-5.2574
-3626300,-5.2434
-3626400,-5.2184
-3626500,-5.2014
-3626600,-5.1784
-3626700,-5.1644
-3626800,-5.1454
-3626900,-5.1224
-3627000,-5.1004
-3627100,-5.0824
-3627200,-5.0584
-3627300,-5.0364
-3627400,-5.0184
-3627500,-4.9884
-3627600,-4.9664
-3627700,-4.9424
-3627800,-4.9234
-3627900,-4.9014
-3628000,-4.8774
-3628100,-4.8494
-3628200,-4.8264
-3628300,-4.8024
-3628400,-4.7784
-3628500,-4.7514
-3628600,-4.7264
-3628700,-4.7054
-3628800,-4.6734
-3628900,-4.6474
-3629000,-4.6234
-3629100,-4.5964
-3629200,-4.5684
-3629300,-4.5374
-3629400,-4.5134
-3629500,-4.4854
-3629600,-4.4524
-3629700,-4.4254
-3629800,-4.3924
-3629900,-4.3624
-3630000,-4.3314
-3630100,-4.2954
-3630200,-4.2634
-3630300,-4.2304
-3630400,-4.2074
-3630500,-4.1724
-3630600,-4.1364
-3630700,-4.0964
-3630800,-4.0604
-3630900,-4.0214
-3631000,-3.9814
-3631100,-3.9414
-3631200,-3.8924
-3631300,-3.8544
-3631400,-3.8084
-3631500,-3.7634
-3631600,-3.7114
-3631700,-3.6624
-3631800,-3.6114
-3631900,-3.5564
-3632000,-3.5064
-3632100,-3.4524
-3632200,-3.4024
-3632300,-3.3474
-3632400,-3.2874
-3632500,-3.2244
-3632600,-3.1654
-3632700,-3.1144
-3632800,-3.0494
-3632900,-2.9974
-3633000,-2.9444
-3633100,-2.8924
-3633200,-2.8404
-3633300,-2.7854
-3633400,-2.7284
-3633500,-2.6754
-3633600,-2.6184
-3633700,-2.5604
-3633800,-2.5114
-3633900,-2.4554
-3634000,-2.4034
-3634100,-2.3454
-3634200,-2.3084
-3634300,-2.2464
-3634400,-2.2034
-3634500,-2.1544
-3634600,-2.0944
-3634700,-2.0354
-3634800,-1.9754
-3634900,-1.9184
-3635000,-1.8644
-3635100,-1.8084
-3635200,-1.7454
-3635300,-1.6874
-3635400,-1.6344
-3635500,-1.5814
-3635600,-1.5304
-3635700,-1.4714
-3635800,-1.4234
-3635900,-1.3814
-3636000,-1.3464
-3636100,-1.2964
-3636200,-1.2564
-3636300,-1.2184
-3636400,-1.1754
-3636500,-1.1344
-3636600,-1.0934
-3636700,-1.0564
-3636800,-1.0204
-3636900,-0.9954
-3637000,-0.9644
-3637100,-0.9334
-3637200,-0.9024
-3637300,-0.8764
-3637400,-0.8574
-3637500,-0.8374
-3637600,-0.8104
-3637700,-0.7924
-3637800,-0.7834
-3637900,-0.7674
-3638000,-0.7564
-3638100,-0.7574
-3638200,-0.7504
-3638300,-0.7404
-3638400,-0.7334
-3638500,-0.7274
-3638600,-0.7164
-3638700,-0.7194
-3638800,-0.7164
-3638900,-0.7184
-3639000,-0.7094
-3639100,-0.7064
-3639200,-0.7004
-3639300,-0.7014
-3639400,-0.7064
-3639500,-0.7054
-3639600,-0.7074
-3639700,-0.7074
-3639800,-0.7084
-3639900,-0.7064
-3640000,-0.7164
-3640100,-0.7174
-3640200,-0.7154
-3640300,-0.7224
-3640400,-0.7204
-3640500,-0.7214
-3640600,-0.7184
-3640700,-0.7154
-3640800,-0.7074
-3640900,-0.7094
-3641000,-0.7084
-3641100,-0.7084
-3641200,-0.7124
-3641300,-0.7124
-3641400,-0.7144
-3641500,-0.7164
-3641600,-0.7204
-3641700,-0.7244
-3641800,-0.7254
-3641900,-0.7294
-3642000,-0.7374
-3642100,-0.7404
-3642200,-0.7384
-3642300,-0.7484
-3642400,-0.7504
-3642500,-0.7564
-3642600,-0.7634
-3642700,-0.7644
-3642800,-0.7744
-3642900,-0.7754
-3643000,-0.7814
-3643100,-0.7834
-3643200,-0.7894
-3643300,-0.7974
-3643400,-0.7984
-3643500,-0.8054
-3643600,-0.8114
-3643700,-0.8174
-3643800,-0.8234
-3643900,-0.8264
-3644000,-0.8294
-3644100,-0.8414
-3644200,-0.8494
-3644300,-0.8564
-3644400,-0.8714
-3644500,-0.8764
-3644600,-0.8874
-3644700,-0.9004
-3644800,-0.9164
-3644900,-0.9284
-3645000,-0.9414
-3645100,-0.9484
-3645200,-0.9614
-3645300,-0.9714
-3645400,-0.9824
-3645500,-0.9904
-3645600,-0.9964
-3645700,-1.0084
-3645800,-1.0204
-3645900,-1.0324
-3646000,-1.0434
-3646100,-1.0534
-3646200,-1.0614
-3646300,-1.0754
-3646400,-1.0914
-3646500,-1.0964
-3646600,-1.1074
-3646700,-1.1184
-3646800,-1.1324
-3646900,-1.1444
-3647000,-1.1594
-3647100,-1.1804
-3647200,-1.2024
-3647300,-1.2424
-3647400,-1.2764
-3647500,-1.2894
-3647600,-1.3094
-3647700,-1.3164
-3647800,-1.3414
-3647900,-1.3604
-3648000,-1.3884
-3648100,-1.4244
-3648200,-1.4744
-3648300,-1.5254
-3648400,-1.5794
-3648500,-1.6294
-3648600,-1.6714
-3648700,-1.7274
-3648800,-1.7884
-3648900,-1.8474
-3649000,-1.9034
-3649100,-1.9604
-3649200,-2.0414
-3649300,-2.1254
-3649400,-2.1974
-3649500,-2.2824
-3649600,-2.3684
-3649700,-2.4654
-3649800,-2.5694
-3649900,-2.6664
-3650000,-2.7674
-3650100,-2.8494
-3650200,-2.9414
-3650300,-3.0274
-3650400,-3.1234
-3650500,-3.2034
-3650600,-3.2974
-3650700,-3.3864
-3650800,-3.4754
-3650900,-3.5544
-3651000,-3.6314
-3651100,-3.7094
-3651200,-3.7924
-3651300,-3.8714
-3651400,-3.9424
-3651500,-4.0234
-3651600,-4.1024
-3651700,-4.1724
-3651800,-4.2434
-3651900,-4.3154
-3652000,-4.3894
-3652100,-4.4574
-3652200,-4.5294
-3652300,-4.5824
-3652400,-4.6424
-3652500,-4.7104
-3652600,-4.7764
-3652700,-4.8354
-3652800,-4.8984
-3652900,-4.9474
-3653000,-5.0054
-3653100,-5.0504
-3653200,-5.0964
-3653300,-5.1394
-3653400,-5.1684
-3653500,-5.2064
-3653600,-5.2434
-3653700,-5.2744
-3653800,-5.3074
-3653900,-5.3344
-3654000,-5.3604
-3654100,-5.3834
-3654200,-5.4024
-3654300,-5.4234
-3654400,-5.4394
-3654500,-5.4604
-3654600,-5.4804
-3654700,-5.4944
-3654800,-5.5084
-3654900,-5.5284
-3655000,-5.5424
-3655100,-5.5504
-3655200,-5.5704
-3655300,-5.5794
-3655400,-5.5904
-3655500,-5.6034
-3655600,-5.6174
-3655700,-5.6294
-3655800,-5.6434
-3655900,-5.6494
-3656000,-5.6674
-3656100,-5.6744
-3656200,-5.6834
-3656300,-5.6944
-3656400,-5.7094
-3656500,-5.7144
-3656600,-5.7214
-3656700,-5.7264
-3656800,-5.7324
-3656900,-5.7354
-3657000,-5.7454
-3657100,-5.7524
-3657200,-5.7584
-3657300,-5.7644
-3657400,-5.7734
-3657500,-5.7834
-3657600,-5.7954
-3657700,-5.7984
-3657800,-5.8034
-3657900,-5.8054
-3658000,-5.8144
-3658100,-5.8244
-3658200,-5.8274
-3658300,-5.8324
-3658400,-5.8394
-3658500,-5.8454
-3658600,-5.8534
-3658700,-5.8604
-3658800,-5.8654
-3658900,-5.8694
-3659000,-5.8824
-3659100,-5.8884
-3659200,-5.8974
-3659300,-5.9094
-3659400,-5.9164
-3659500,-5.9184
-3659600,-5.9294
-3659700,-5.9344
-3659800,-5.9354
-3659900,-5.9344
-3660000,-5.9464
-3660100,-5.9504
-3660200,-5.9514
-3660300,-5.9564
-3660400,-5.9604
-3660500,-5.9564
-3660600,-5.9614
-3660700,-5.9584
-3660800,-5.9594
-3660900,-5.9624
-3661000,-5.9654
-3661100,-5.9644
-3661200,-5.9694
-3661300,-5.9664
-3661400,-5.9584
-3661500,-5.9564
-3661600,-5.9444
-3661700,-5.9364
-3661800,-5.9254
-3661900,-5.9164
-3662000,-5.9064
-3662100,-5.8954
-3662200,-5.8854
-3662300,-5.8784
-3662400,-5.8694
-3662500,-5.8544
-3662600,-5.8404
-3662700,-5.8374
-3662800,-5.8234
-3662900,-5.8084
-3663000,-5.7944
-3663100,-5.7804
-3663200,-5.7674
-3663300,-5.7494
-3663400,-5.7374
-3663500,-5.7144
-3663600,-5.6964
-3663700,-5.6774
-3663800,-5.6564
-3663900,-5.6354
-3664000,-5.6144
-3664100,-5.5954
-3664200,-5.5744
-3664300,-5.5494
-3664400,-5.5304
-3664500,-5.5014
-3664600,-5.4784
-3664700,-5.4554
-3664800,-5.4244
-3664900,-5.4024
-3665000,-5.3714
-3665100,-5.3414
-3665200,-5.3184
-3665300,-5.2984
-3665400,-5.2644
-3665500,-5.2364
-3665600,-5.2044
-3665700,-5.1714
-3665800,-5.1444
-3665900,-5.1114
-3666000,-5.0804
-3666100,-5.0464
-3666200,-5.0104
-3666300,-4.9744
-3666400,-4.9494
-3666500,-4.9114
-3666600,-4.8804
-3666700,-4.8394
-3666800,-4.8044
-3666900,-4.7684
-3667000,-4.7354
-3667100,-4.6994
-3667200,-4.6544
-3667300,-4.6134
-3667400,-4.5794
-3667500,-4.5414
-3667600,-4.5004
-3667700,-4.4544
-3667800,-4.4234
-3667900,-4.3774
-3668000,-4.3404
-3668100,-4.2944
-3668200,-4.2554
-3668300,-4.2134
-3668400,-4.1684
-3668500,-4.1284
-3668600,-4.0814
-3668700,-4.0324
-3668800,-3.9904
-3668900,-3.9454
-3669000,-3.9074
-3669100,-3.8604
-3669200,-3.8234
-3669300,-3.7874
-3669400,-3.7434
-3669500,-3.7074
-3669600,-3.6594
-3669700,-3.6164
-3669800,-3.5674
-3669900,-3.5204
-3670000,-3.4794
-3670100,-3.4364
-3670200,-3.3844
-3670300,-3.3364
-3670400,-3.2854
-3670500,-3.2414
-3670600,-3.1894
-3670700,-3.1354
-3670800,-3.0924
-3670900,-3.0284
-3671000,-2.9644
-3671100,-2.9004
-3671200,-2.8334
-3671300,-2.7704
-3671400,-2.7034
-3671500,-2.6364
-3671600,-2.5584
-3671700,-2.4804
-3671800,-2.4104
-3671900,-2.3424
-3672000,-2.2834
-3672100,-2.2194
-3672200,-2.1494
-3672300,-2.0784
-3672400,-2.0064
-3672500,-1.9494
-3672600,-1.8854
-3672700,-1.8144
-3672800,-1.7554
-3672900,-1.6864
-3673000,-1.6244
-3673100,-1.5664
-3673200,-1.5214
-3673300,-1.4644
-3673400,-1.4124
-3673500,-1.3654
-3673600,-1.3044
-3673700,-1.2284
-3673800,-1.1664
-3673900,-1.1044
-3674000,-1.0344
-3674100,-0.9744
-3674200,-0.9094
-3674300,-0.8524
-3674400,-0.7924
-3674500,-0.7344
-3674600,-0.6864
-3674700,-0.6294
-3674800,-0.5934
-3674900,-0.5494
-3675000,-0.5074
-3675100,-0.4724
-3675200,-0.4344
-3675300,-0.3934
-3675400,-0.3674
-3675500,-0.3294
-3675600,-0.3034
-3675700,-0.2614
-3675800,-0.2284
-3675900,-0.2004
-3676000,-0.1634
-3676100,-0.1294
-3676200,-0.1054
-3676300,-0.0924
-3676400,-0.0644
-3676500,-0.0434
-3676600,-0.0184
-3676700,0.0016
-3676800,0.0186
-3676900,0.0496
-3677000,0.0786
-3677100,0.0976
-3677200,0.1166
-3677300,0.1346
-3677400,0.1446
-3677500,0.1546
-3677600,0.1596
-3677700,0.1656
-3677800,0.1756
-3677900,0.1876
-3678000,0.2006
-3678100,0.2076
-3678200,0.2136
-3678300,0.2256
-3678400,0.2396
-3678500,0.2526
-3678600,0.2606
-3678700,0.2676
-3678800,0.2716
-3678900,0.2806
-3679000,0.2856
-3679100,0.2856
-3679200,0.2926
-3679300,0.2926
-3679400,0.2946
-3679500,0.3026
-3679600,0.3046
-3679700,0.2996
-3679800,0.3076
-3679900,0.3066
-3680000,0.3066
-3680100,0.3086
-3680200,0.3076
-3680300,0.3106
-3680400,0.3066
-3680500,0.3086
-3680600,0.3096
-3680700,0.3096
-3680800,0.3136
-3680900,0.3106
-3681000,0.3136
-3681100,0.3186
-3681200,0.3176
-3681300,0.3206
-3681400,0.3186
-3681500,0.3176
-3681600,0.3146
-3681700,0.3176
-3681800,0.3186
-3681900,0.3216
-3682000,0.3236
-3682100,0.3316
-3682200,0.3396
-3682300,0.3496
-3682400,0.3626
-3682500,0.3696
-3682600,0.3706
-3682700,0.3736
-3682800,0.3726
-3682900,0.3756
-3683000,0.3756
-3683100,0.3736
-3683200,0.3736
-3683300,0.3746
-3683400,0.3746
-3683500,0.3716
-3683600,0.3726
-3683700,0.3706
-3683800,0.3686
-3683900,0.3686
-3684000,0.3666
-3684100,0.3646
-3684200,0.3636
-3684300,0.3616
-3684400,0.3606
-3684500,0.3586
-3684600,0.3576
-3684700,0.3556
-3684800,0.3546
-3684900,0.3496
-3685000,0.3486
-3685100,0.3486
-3685200,0.3486
-3685300,0.3476
-3685400,0.3466
-3685500,0.3466
-3685600,0.3466
-3685700,0.3466
-3685800,0.3456
-3685900,0.3456
-3686000,0.3456
-3686100,0.3456
-3686200,0.3466
-3686300,0.3426
-3686400,0.3426
-3686500,0.3436
-3686600,0.3366
-3686700,0.3356
-3686800,0.3346
-3686900,0.3336
-3687000,0.3316
-3687100,0.3316
-3687200,0.3306
-3687300,0.3296
-3687400,0.3276
-3687500,0.3246
-3687600,0.3246
-3687700,0.3186
-3687800,0.3176
-3687900,0.3156
-3688000,0.3146
-3688100,0.3146
-3688200,0.3136
-3688300,0.3126
-3688400,0.3116
-3688500,0.3106
-3688600,0.3106
-3688700,0.3086
-3688800,0.3056
-3688900,0.3016
-3689000,0.2986
-3689100,0.2996
-3689200,0.2966
-3689300,0.2946
-3689400,0.2936
-3689500,0.2876
-3689600,0.2816
-3689700,0.2746
-3689800,0.2676
-3689900,0.2566
-3690000,0.2486
-3690100,0.2386
-3690200,0.2286
-3690300,0.2156
-3690400,0.2006
-3690500,0.1846
-3690600,0.1666
-3690700,0.1426
-3690800,0.1186
-3690900,0.0946
-3691000,0.0726
-3691100,0.0446
-3691200,0.0166
-3691300,-0.0124
-3691400,-0.0404
-3691500,-0.0714
-3691600,-0.1014
-3691700,-0.1324
-3691800,-0.1584
-3691900,-0.1874
-3692000,-0.2124
-3692100,-0.2324
-3692200,-0.2594
-3692300,-0.2854
-3692400,-0.3114
-3692500,-0.3394
-3692600,-0.3684
-3692700,-0.3934
-3692800,-0.4254
-3692900,-0.4504
-3693000,-0.4824
-3693100,-0.5124
-3693200,-0.5404
-3693300,-0.5664
-3693400,-0.5944
-3693500,-0.6264
-3693600,-0.6734
-3693700,-0.7054
-3693800,-0.7414
-3693900,-0.7744
-3694000,-0.8084
-3694100,-0.8314
-3694200,-0.8784
-3694300,-0.9274
-3694400,-0.9704
-3694500,-1.0094
-3694600,-1.0644
-3694700,-1.1194
-3694800,-1.1654
-3694900,-1.2184
-3695000,-1.2844
-3695100,-1.3424
-3695200,-1.4024
-3695300,-1.4634
-3695400,-1.5424
-3695500,-1.6054
-3695600,-1.6514
-3695700,-1.7124
-3695800,-1.7784
-3695900,-1.8144
-3696000,-1.8814
-3696100,-1.9574
-3696200,-2.0204
-3696300,-2.0544
-3696400,-2.0874
-3696500,-2.1224
-3696600,-2.1614
-3696700,-2.1934
-3696800,-2.2144
-3696900,-2.2464
-3697000,-2.2824
-3697100,-2.3024
-3697200,-2.3324
-3697300,-2.3624
-3697400,-2.3884
-3697500,-2.4194
-3697600,-2.4444
-3697700,-2.4684
-3697800,-2.4944
-3697900,-2.5214
-3698000,-2.5404
-3698100,-2.5664
-3698200,-2.5844
-3698300,-2.6174
-3698400,-2.6344
-3698500,-2.6554
-3698600,-2.6864
-3698700,-2.7044
-3698800,-2.7264
-3698900,-2.7404
-3699000,-2.7554
-3699100,-2.7834
-3699200,-2.7994
-3699300,-2.8084
-3699400,-2.8364
-3699500,-2.8464
-3699600,-2.8674
-3699700,-2.8874
-3699800,-2.9064
-3699900,-2.9224
-3700000,-2.9394
-3700100,-2.9644
-3700200,-2.9964
-3700300,-3.0064
-3700400,-3.0334
-3700500,-3.0574
-3700600,-3.0704
-3700700,-3.0914
-3700800,-3.1234
-3700900,-3.1474
-3701000,-3.1644
-3701100,-3.1854
-3701200,-3.2124
-3701300,-3.2254
-3701400,-3.2414
-3701500,-3.2604
-3701600,-3.2754
-3701700,-3.2934
-3701800,-3.3064
-3701900,-3.3234
-3702000,-3.3464
-3702100,-3.3664
-3702200,-3.3784
-3702300,-3.3984
-3702400,-3.4134
-3702500,-3.4384
-3702600,-3.4504
-3702700,-3.4684
-3702800,-3.4844
-3702900,-3.4994
-3703000,-3.5134
-3703100,-3.5374
-3703200,-3.5384
-3703300,-3.5524
-3703400,-3.5694
-3703500,-3.5854
-3703600,-3.6024
-3703700,-3.6134
-3703800,-3.6244
-3703900,-3.6384
-3704000,-3.6514
-3704100,-3.6674
-3704200,-3.6764
-3704300,-3.6904
-3704400,-3.7024
-3704500,-3.7134
-3704600,-3.7164
-3704700,-3.7304
-3704800,-3.7274
-3704900,-3.7334
-3705000,-3.7394
-3705100,-3.7504
-3705200,-3.7494
-3705300,-3.7554
-3705400,-3.7494
-3705500,-3.7464
-3705600,-3.7484
-3705700,-3.7514
-3705800,-3.7464
-3705900,-3.7454
-3706000,-3.7384
-3706100,-3.7384
-3706200,-3.7284
-3706300,-3.7204
-3706400,-3.7164
-3706500,-3.7084
-3706600,-3.6944
-3706700,-3.6844
-3706800,-3.6734
-3706900,-3.6544
-3707000,-3.6434
-3707100,-3.6294
-3707200,-3.6114
-3707300,-3.5974
-3707400,-3.5844
-3707500,-3.5694
-3707600,-3.5504
-3707700,-3.5354
-3707800,-3.5084
-3707900,-3.4874
-3708000,-3.4674
-3708100,-3.4484
-3708200,-3.4254
-3708300,-3.3984
-3708400,-3.3784
-3708500,-3.3524
-3708600,-3.3254
-3708700,-3.3024
-3708800,-3.2704
-3708900,-3.2514
-3709000,-3.2094
-3709100,-3.1794
-3709200,-3.1444
-3709300,-3.1294
-3709400,-3.1044
-3709500,-3.0754
-3709600,-3.0514
-3709700,-3.0234
-3709800,-3.0014
-3709900,-2.9724
-3710000,-2.9364
-3710100,-2.9214
-3710200,-2.8774
-3710300,-2.8424
-3710400,-2.8144
-3710500,-2.7784
-3710600,-2.7364
-3710700,-2.6984
-3710800,-2.6614
-3710900,-2.6254
-3711000,-2.5774
-3711100,-2.5244
-3711200,-2.4854
-3711300,-2.4364
-3711400,-2.3934
-3711500,-2.3374
-3711600,-2.3004
-3711700,-2.2434
-3711800,-2.2004
-3711900,-2.1504
-3712000,-2.0964
-3712100,-2.0344
-3712200,-1.9804
-3712300,-1.9344
-3712400,-1.8754
-3712500,-1.8384
-3712600,-1.7834
-3712700,-1.7364
-3712800,-1.7024
-3712900,-1.6684
-3713000,-1.6184
-3713100,-1.5654
-3713200,-1.5254
-3713300,-1.4694
-3713400,-1.4314
-3713500,-1.3794
-3713600,-1.3414
-3713700,-1.2924
-3713800,-1.2454
-3713900,-1.2004
-3714000,-1.1504
-3714100,-1.1024
-3714200,-1.0504
-3714300,-1.0024
-3714400,-0.9474
-3714500,-0.8944
-3714600,-0.8424
-3714700,-0.7804
-3714800,-0.7254
-3714900,-0.6694
-3715000,-0.6194
-3715100,-0.5664
-3715200,-0.5114
-3715300,-0.4654
-3715400,-0.4054
-3715500,-0.3534
-3715600,-0.2934
-3715700,-0.2464
-3715800,-0.1904
-3715900,-0.1364
-3716000,-0.0864
-3716100,-0.0294
-3716200,0.0126
-3716300,0.0506
-3716400,0.0856
-3716500,0.1326
-3716600,0.1596
-3716700,0.1856
-3716800,0.2096
-3716900,0.2266
-3717000,0.2476
-3717100,0.2666
-3717200,0.2876
-3717300,0.3186
-3717400,0.3386
-3717500,0.3576
-3717600,0.3826
-3717700,0.4086
-3717800,0.4326
-3717900,0.4536
-3718000,0.4756
-3718100,0.4946
-3718200,0.5056
-3718300,0.5226
-3718400,0.5376
-3718500,0.5506
-3718600,0.5566
-3718700,0.5666
-3718800,0.5756
-3718900,0.5886
-3719000,0.5866
-3719100,0.5836
-3719200,0.5886
-3719300,0.5936
-3719400,0.5986
-3719500,0.6016
-3719600,0.6056
-3719700,0.6136
-3719800,0.6196
-3719900,0.6206
-3720000,0.6216
-3720100,0.6176
-3720200,0.6196
-3720300,0.6176
-3720400,0.6156
-3720500,0.6146
-3720600,0.6146
-3720700,0.6146
-3720800,0.6136
-3720900,0.6126
-3721000,0.6116
-3721100,0.6056
-3721200,0.6026
-3721300,0.5996
-3721400,0.5966
-3721500,0.5936
-3721600,0.5906
-3721700,0.5876
-3721800,0.5846
-3721900,0.5806
-3722000,0.5776
-3722100,0.5746
-3722200,0.5716
-3722300,0.5696
-3722400,0.5676
-3722500,0.5646
-3722600,0.5636
-3722700,0.5576
-3722800,0.5576
-3722900,0.5566
-3723000,0.5536
-3723100,0.5556
-3723200,0.5536
-3723300,0.5536
-3723400,0.5536
-3723500,0.5546
-3723600,0.5536
-3723700,0.5546
-3723800,0.5536
-3723900,0.5566
-3724000,0.5566
-3724100,0.5566
-3724200,0.5586
-3724300,0.5586
-3724400,0.5576
-3724500,0.5606
-3724600,0.5616
-3724700,0.5626
-3724800,0.5616
-3724900,0.5616
-3725000,0.5596
-3725100,0.5566
-3725200,0.5546
-3725300,0.5506
-3725400,0.5496
-3725500,0.5526
-3725600,0.5476
-3725700,0.5456
-3725800,0.5386
-3725900,0.5336
-3726000,0.5276
-3726100,0.5186
-3726200,0.5106
-3726300,0.5036
-3726400,0.4956
-3726500,0.4886
-3726600,0.4786
-3726700,0.4696
-3726800,0.4626
-3726900,0.4576
-3727000,0.4516
-3727100,0.4496
-3727200,0.4466
-3727300,0.4436
-3727400,0.4416
-3727500,0.4386
-3727600,0.4366
-3727700,0.4366
-3727800,0.4376
-3727900,0.4376
-3728000,0.4376
-3728100,0.4396
-3728200,0.4406
-3728300,0.4426
-3728400,0.4446
-3728500,0.4476
-3728600,0.4516
-3728700,0.4556
-3728800,0.4596
-3728900,0.4636
-3729000,0.4686
-3729100,0.4726
-3729200,0.4796
-3729300,0.4856
-3729400,0.4856
-3729500,0.4906
-3729600,0.4966
-3729700,0.5026
-3729800,0.5096
-3729900,0.5086
-3730000,0.5076
-3730100,0.5076
-3730200,0.5106
-3730300,0.5146
-3730400,0.5176
-3730500,0.5206
-3730600,0.5186
-3730700,0.5126
-3730800,0.5066
-3730900,0.4966
-3731000,0.4946
-3731100,0.4926
-3731200,0.4906
-3731300,0.4886
-3731400,0.4856
-3731500,0.4826
-3731600,0.4796
-3731700,0.4756
-3731800,0.4676
-3731900,0.4536
-3732000,0.4526
-3732100,0.4516
-3732200,0.4436
-3732300,0.4416
-3732400,0.4386
-3732500,0.4366
-3732600,0.4346
-3732700,0.4336
-3732800,0.4316
-3732900,0.4276
-3733000,0.4276
-3733100,0.4266
-3733200,0.4256
-3733300,0.4246
-3733400,0.4246
-3733500,0.4236
-3733600,0.4236
-3733700,0.4236
-3733800,0.4226
-3733900,0.4216
-3734000,0.4056
-3734100,0.4156
-3734200,0.4116
-3734300,0.4036
-3734400,0.4076
-3734500,0.3996
-3734600,0.3976
-3734700,0.3926
-3734800,0.3806
-3734900,0.3806
-3735000,0.3726
-3735100,0.3686
-3735200,0.3686
-3735300,0.3596
-3735400,0.3496
-3735500,0.3456
-3735600,0.3346
-3735700,0.3196
-3735800,0.3216
-3735900,0.3066
-3736000,0.3046
-3736100,0.2896
-3736200,0.2796
-3736300,0.2636
-3736400,0.2416
-3736500,0.2226
-3736600,0.2016
-3736700,0.1776
-3736800,0.1466
-3736900,0.1206
-3737000,0.1026
-3737100,0.0836
-3737200,0.0696
-3737300,0.0446
-3737400,0.0316
-3737500,0.0076
-3737600,-0.0084
-3737700,-0.0284
-3737800,-0.0304
-3737900,-0.0434
-3738000,-0.0664
-3738100,-0.0924
-3738200,-0.1064
-3738300,-0.1264
-3738400,-0.1514
-3738500,-0.1814
-3738600,-0.1924
-3738700,-0.1964
-3738800,-0.1994
-3738900,-0.2054
-3739000,-0.2234
-3739100,-0.2444
-3739200,-0.2544
-3739300,-0.2654
-3739400,-0.2804
-3739500,-0.2954
-3739600,-0.3154
-3739700,-0.3304
-3739800,-0.3594
-3739900,-0.3884
-3740000,-0.4074
-3740100,-0.4404
-3740200,-0.4544
-3740300,-0.4844
-3740400,-0.4974
-3740500,-0.5134
-3740600,-0.5284
-3740700,-0.5474
-3740800,-0.5634
-3740900,-0.5784
-3741000,-0.5914
-3741100,-0.6104
-3741200,-0.6274
-3741300,-0.6364
-3741400,-0.6254
-3741500,-0.6334
-3741600,-0.6324
-3741700,-0.6334
-3741800,-0.6334
-3741900,-0.6214
-3742000,-0.6304
-3742100,-0.6254
-3742200,-0.6204
-3742300,-0.6204
-3742400,-0.6144
-3742500,-0.6074
-3742600,-0.5984
-3742700,-0.5924
-3742800,-0.5764
-3742900,-0.5724
-3743000,-0.5514
-3743100,-0.5424
-3743200,-0.5374
-3743300,-0.5174
-3743400,-0.5054
-3743500,-0.4884
-3743600,-0.4774
-3743700,-0.4524
-3743800,-0.4424
-3743900,-0.4244
-3744000,-0.4094
-3744100,-0.3964
-3744200,-0.3764
-3744300,-0.3694
-3744400,-0.3524
-3744500,-0.3324
-3744600,-0.3114
-3744700,-0.2984
-3744800,-0.2794
-3744900,-0.2674
-3745000,-0.2544
-3745100,-0.2374
-3745200,-0.2194
-3745300,-0.1954
-3745400,-0.1854
-3745500,-0.1764
-3745600,-0.1474
-3745700,-0.1464
-3745800,-0.1284
-3745900,-0.1174
-3746000,-0.0974
-3746100,-0.0844
-3746200,-0.0634
-3746300,-0.0474
-3746400,-0.0314
-3746500,-0.0184
-3746600,0.0096
-3746700,0.0226
-3746800,0.0326
-3746900,0.0376
-3747000,0.0516
-3747100,0.0656
-3747200,0.0786
-3747300,0.0866
-3747400,0.0956
-3747500,0.1146
-3747600,0.1226
-3747700,0.1396
-3747800,0.1616
-3747900,0.1666
-3748000,0.1846
-3748100,0.1946
-3748200,0.2026
-3748300,0.2116
-3748400,0.2236
-3748500,0.2336
-3748600,0.2406
-3748700,0.2486
-3748800,0.2476
-3748900,0.2446
-3749000,0.2466
-3749100,0.2596
-3749200,0.2606
-3749300,0.2566
-3749400,0.2556
-3749500,0.2606
-3749600,0.2606
-3749700,0.2666
-3749800,0.2696
-3749900,0.2716
-3750000,0.2716
-3750100,0.2756
-3750200,0.2726
-3750300,0.2776
-3750400,0.2756
-3750500,0.2776
-3750600,0.2786
-3750700,0.2736
-3750800,0.2706
-3750900,0.2816
-3751000,0.2826
-3751100,0.2766
-3751200,0.2746
-3751300,0.2736
-3751400,0.2726
-3751500,0.2706
-3751600,0.2616
-3751700,0.2686
-3751800,0.2626
-3751900,0.2646
-3752000,0.2616
-3752100,0.2606
-3752200,0.2606
-3752300,0.2566
-3752400,0.2496
-3752500,0.2546
-3752600,0.2546
-3752700,0.2576
-3752800,0.2536
-3752900,0.2476
-3753000,0.2446
-3753100,0.2466
-3753200,0.2466
-3753300,0.2506
-3753400,0.2486
-3753500,0.2586
-3753600,0.2596
-3753700,0.2656
-3753800,0.2556
-3753900,0.2546
-3754000,0.2576
-3754100,0.2546
-3754200,0.2536
-3754300,0.2526
-3754400,0.2566
-3754500,0.2446
-3754600,0.2426
-3754700,0.2436
-3754800,0.2346
-3754900,0.2406
-3755000,0.2396
-3755100,0.2356
-3755200,0.2386
-3755300,0.2326
-3755400,0.2356
-3755500,0.2336
-3755600,0.2296
-3755700,0.2296
-3755800,0.2246
-3755900,0.2266
-3756000,0.2236
-3756100,0.2196
-3756200,0.2206
-3756300,0.2216
-3756400,0.2146
-3756500,0.2176
-3756600,0.2116
-3756700,0.2166
-3756800,0.2086
-3756900,0.2126
-3757000,0.2076
-3757100,0.2056
-3757200,0.2016
-3757300,0.2026
-3757400,0.2026
-3757500,0.1986
-3757600,0.1986
-3757700,0.1956
-3757800,0.1936
-3757900,0.1906
-3758000,0.1916
-3758100,0.1856
-3758200,0.1926
-3758300,0.1876
-3758400,0.1896
-3758500,0.1916
-3758600,0.1826
-3758700,0.1846
-3758800,0.1806
-3758900,0.1756
-3759000,0.1886
-3759100,0.1796
-3759200,0.1676
-3759300,0.1776
-3759400,0.1646
-3759500,0.1716
-3759600,0.1706
-3759700,0.1626
-3759800,0.1726
-3759900,0.1676
-3760000,0.1706
-3760100,0.1676
-3760200,0.1546
-3760300,0.1666
-3760400,0.1596
-3760500,0.1566
-3760600,0.1616
-3760700,0.1586
-3760800,0.1556
-3760900,0.1486
-3761000,0.1456
-3761100,0.1456
-3761200,0.1466
-3761300,0.1436
-3761400,0.1366
-3761500,0.1406
-3761600,0.1376
-3761700,0.1326
-3761800,0.1246
-3761900,0.1276
-3762000,0.1226
-3762100,0.1196
-3762200,0.1116
-3762300,0.1096
-3762400,0.1006
-3762500,0.0906
-3762600,0.0946
-3762700,0.0896
-3762800,0.0846
-3762900,0.0846
-3763000,0.0826
-3763100,0.0766
-3763200,0.0726
-3763300,0.0856
-3763400,0.0826
-3763500,0.0776
-3763600,0.0746
-3763700,0.0656
-3763800,0.0606
-3763900,0.0516
-3764000,0.0346
-3764100,0.0276
-3764200,0.0116
-3764300,-0.0074
-3764400,-0.0194
-3764500,-0.0404
-3764600,-0.0604
-3764700,-0.0824
-3764800,-0.1004
-3764900,-0.1194
-3765000,-0.1524
-3765100,-0.1714
-3765200,-0.1934
-3765300,-0.2274
-3765400,-0.2574
-3765500,-0.2904
-3765600,-0.3294
-3765700,-0.3774
-3765800,-0.4304
-3765900,-0.4854
-3766000,-0.5334
-3766100,-0.5684
-3766200,-0.6054
-3766300,-0.6364
-3766400,-0.6724
-3766500,-0.7064
-3766600,-0.7414
-3766700,-0.7714
-3766800,-0.8114
-3766900,-0.8474
-3767000,-0.8894
-3767100,-0.9074
-3767200,-0.9274
-3767300,-0.9524
-3767400,-0.9814
-3767500,-0.9904
-3767600,-1.0174
-3767700,-1.0234
-3767800,-1.0294
-3767900,-1.0294
-3768000,-1.0304
-3768100,-1.0404
-3768200,-1.0494
-3768300,-1.0454
-3768400,-1.0434
-3768500,-1.0444
-3768600,-1.0394
-3768700,-1.0474
-3768800,-1.0504
-3768900,-1.0494
-3769000,-1.0464
-3769100,-1.0514
-3769200,-1.0504
-3769300,-1.0484
-3769400,-1.0484
-3769500,-1.0464
-3769600,-1.0394
-3769700,-1.0414
-3769800,-1.0334
-3769900,-1.0354
-3770000,-1.0364
-3770100,-1.0334
-3770200,-1.0244
-3770300,-1.0244
-3770400,-1.0234
-3770500,-1.0244
-3770600,-1.0204
-3770700,-1.0174
-3770800,-1.0204
-3770900,-1.0164
-3771000,-1.0174
-3771100,-1.0094
-3771200,-1.0124
-3771300,-1.0044
-3771400,-1.0094
-3771500,-1.0034
-3771600,-1.0024
-3771700,-0.9974
-3771800,-0.9984
-3771900,-0.9934
-3772000,-0.9914
-3772100,-0.9924
-3772200,-0.9934
-3772300,-0.9944
-3772400,-0.9924
-3772500,-0.9884
-3772600,-0.9784
-3772700,-0.9814
-3772800,-0.9814
-3772900,-0.9684
-3773000,-0.9684
-3773100,-0.9584
-3773200,-0.9644
-3773300,-0.9474
-3773400,-0.9404
-3773500,-0.9464
-3773600,-0.9424
-3773700,-0.9444
-3773800,-0.9314
-3773900,-0.9374
-3774000,-0.9314
-3774100,-0.9314
-3774200,-0.9314
-3774300,-0.9274
-3774400,-0.9234
-3774500,-0.9244
-3774600,-0.9084
-3774700,-0.9144
-3774800,-0.9074
-3774900,-0.8994
-3775000,-0.8974
-3775100,-0.8934
-3775200,-0.8854
-3775300,-0.8734
-3775400,-0.8734
-3775500,-0.8644
-3775600,-0.8714
-3775700,-0.8684
-3775800,-0.8554
-3775900,-0.8604
-3776000,-0.8474
-3776100,-0.8394
-3776200,-0.8444
-3776300,-0.8334
-3776400,-0.8454
-3776500,-0.8314
-3776600,-0.8364
-3776700,-0.8184
-3776800,-0.8234
-3776900,-0.8174
-3777000,-0.8154
-3777100,-0.8204
-3777200,-0.8164
-3777300,-0.8074
-3777400,-0.8084
-3777500,-0.8014
-3777600,-0.8114
-3777700,-0.7924
-3777800,-0.7964
-3777900,-0.7894
-3778000,-0.7844
-3778100,-0.7744
-3778200,-0.7714
-3778300,-0.7664
-3778400,-0.7754
-3778500,-0.7634
-3778600,-0.7614
-3778700,-0.7594
-3778800,-0.7614
-3778900,-0.7654
-3779000,-0.7664
-3779100,-0.7684
-3779200,-0.7644
-3779300,-0.7644
-3779400,-0.7654
-3779500,-0.7654
-3779600,-0.7674
-3779700,-0.7684
-3779800,-0.7674
-3779900,-0.7724
-3780000,-0.7734
-3780100,-0.7704
-3780200,-0.7644
-3780300,-0.7644
-3780400,-0.7764
-3780500,-0.7714
-3780600,-0.7694
-3780700,-0.7634
-3780800,-0.7694
-3780900,-0.7634
-3781000,-0.7644
-3781100,-0.7684
-3781200,-0.7614
-3781300,-0.7614
-3781400,-0.7664
-3781500,-0.7694
-3781600,-0.7674
-3781700,-0.7744
-3781800,-0.7694
-3781900,-0.7764
-3782000,-0.7794
-3782100,-0.7784
-3782200,-0.7834
-3782300,-0.7854
-3782400,-0.7934
-3782500,-0.7914
-3782600,-0.7954
-3782700,-0.7964
-3782800,-0.8004
-3782900,-0.8074
-3783000,-0.8144
-3783100,-0.8174
-3783200,-0.8244
-3783300,-0.8264
-3783400,-0.8364
-3783500,-0.8464
-3783600,-0.8524
-3783700,-0.8654
-3783800,-0.8674
-3783900,-0.8764
-3784000,-0.8874
-3784100,-0.8924
-3784200,-0.9034
-3784300,-0.9154
-3784400,-0.9254
-3784500,-0.9404
-3784600,-0.9474
-3784700,-0.9644
-3784800,-0.9744
-3784900,-0.9874
-3785000,-1.0034
-3785100,-1.0264
-3785200,-1.0484
-3785300,-1.0564
-3785400,-1.0764
-3785500,-1.0994
-3785600,-1.1214
-3785700,-1.1374
-3785800,-1.1494
-3785900,-1.1734
-3786000,-1.1984
-3786100,-1.2114
-3786200,-1.2344
-3786300,-1.2544
-3786400,-1.2794
-3786500,-1.3084
-3786600,-1.3314
-3786700,-1.3534
-3786800,-1.3694
-3786900,-1.3774
-3787000,-1.3984
-3787100,-1.4044
-3787200,-1.4184
-3787300,-1.4334
-3787400,-1.4544
-3787500,-1.4684
-3787600,-1.4854
-3787700,-1.4984
-3787800,-1.5074
-3787900,-1.5104
-3788000,-1.5264
-3788100,-1.5304
-3788200,-1.5344
-3788300,-1.5394
-3788400,-1.5474
-3788500,-1.5524
-3788600,-1.5474
-3788700,-1.5614
-3788800,-1.5494
-3788900,-1.5534
-3789000,-1.5624
-3789100,-1.5684
-3789200,-1.5704
-3789300,-1.5624
-3789400,-1.5634
-3789500,-1.5594
-3789600,-1.5554
-3789700,-1.5544
-3789800,-1.5604
-3789900,-1.5554
-3790000,-1.5524
-3790100,-1.5454
-3790200,-1.5344
-3790300,-1.5334
-3790400,-1.5234
-3790500,-1.5144
-3790600,-1.5054
-3790700,-1.4944
-3790800,-1.4794
-3790900,-1.4584
-3791000,-1.4434
-3791100,-1.4304
-3791200,-1.4124
-3791300,-1.4004
-3791400,-1.3764
-3791500,-1.3584
-3791600,-1.3434
-3791700,-1.3254
-3791800,-1.3074
-3791900,-1.2804
-3792000,-1.2624
-3792100,-1.2374
-3792200,-1.2074
-3792300,-1.1914
-3792400,-1.1624
-3792500,-1.1374
-3792600,-1.1134
-3792700,-1.0864
-3792800,-1.0584
-3792900,-1.0304
-3793000,-0.9974
-3793100,-0.9674
-3793200,-0.9424
-3793300,-0.9154
-3793400,-0.8984
-3793500,-0.8784
-3793600,-0.8484
-3793700,-0.8254
-3793800,-0.7864
-3793900,-0.7754
-3794000,-0.7434
-3794100,-0.7194
-3794200,-0.6984
-3794300,-0.6614
-3794400,-0.6424
-3794500,-0.6104
-3794600,-0.5954
-3794700,-0.5764
-3794800,-0.5544
-3794900,-0.5334
-3795000,-0.5284
-3795100,-0.5064
-3795200,-0.4714
-3795300,-0.4494
-3795400,-0.4274
-3795500,-0.4034
-3795600,-0.3744
-3795700,-0.3534
-3795800,-0.3234
-3795900,-0.3154
-3796000,-0.2954
-3796100,-0.2834
-3796200,-0.2724
-3796300,-0.2574
-3796400,-0.2454
-3796500,-0.2324
-3796600,-0.2224
-3796700,-0.2134
-3796800,-0.2054
-3796900,-0.2124
-3797000,-0.2024
-3797100,-0.1954
-3797200,-0.1914
-3797300,-0.1834
-3797400,-0.1844
-3797500,-0.1774
-3797600,-0.1704
-3797700,-0.1804
-3797800,-0.1814
-3797900,-0.1814
-3798000,-0.1794
-3798100,-0.1804
-3798200,-0.1764
-3798300,-0.1834
-3798400,-0.1834
-3798500,-0.1854
-3798600,-0.1854
-3798700,-0.1894
-3798800,-0.1904
-3798900,-0.1914
-3799000,-0.1924
-3799100,-0.1984
-3799200,-0.1964
-3799300,-0.1954
-3799400,-0.1954
-3799500,-0.1934
-3799600,-0.1884
-3799700,-0.1834
-3799800,-0.1784
-3799900,-0.1694
-3800000,-0.1614
-3800100,-0.1604
-3800200,-0.1644
-3800300,-0.1624
-3800400,-0.1624
-3800500,-0.1614
-3800600,-0.1684
-3800700,-0.1714
-3800800,-0.1724
-3800900,-0.1744
-3801000,-0.1744
-3801100,-0.1754
-3801200,-0.1764
-3801300,-0.1754
-3801400,-0.1764
-3801500,-0.1734
-3801600,-0.1714
-3801700,-0.1694
-3801800,-0.1674
-3801900,-0.1664
-3802000,-0.1674
-3802100,-0.1634
-3802200,-0.1594
-3802300,-0.1554
-3802400,-0.1514
-3802500,-0.1464
-3802600,-0.1474
-3802700,-0.1454
-3802800,-0.1474
-3802900,-0.1474
-3803000,-0.1424
-3803100,-0.1394
-3803200,-0.1354
-3803300,-0.1304
-3803400,-0.1254
-3803500,-0.1224
-3803600,-0.1244
-3803700,-0.1264
-3803800,-0.1324
-3803900,-0.1344
-3804000,-0.1284
-3804100,-0.1234
-3804200,-0.1174
-3804300,-0.1124
-3804400,-0.1074
-3804500,-0.1054
-3804600,-0.1034
-3804700,-0.1044
-3804800,-0.1104
-3804900,-0.1124
-3805000,-0.1094
-3805100,-0.1074
-3805200,-0.1054
-3805300,-0.1024
-3805400,-0.0994
-3805500,-0.0974
-3805600,-0.0964
-3805700,-0.0954
-3805800,-0.0954
-3805900,-0.0954
-3806000,-0.0924
-3806100,-0.0894
-3806200,-0.0874
-3806300,-0.0844
-3806400,-0.0814
-3806500,-0.0774
-3806600,-0.0744
-3806700,-0.0704
-3806800,-0.0684
-3806900,-0.0664
-3807000,-0.0634
-3807100,-0.0614
-3807200,-0.0594
-3807300,-0.0574
-3807400,-0.0564
-3807500,-0.0564
-3807600,-0.0574
-3807700,-0.0584
-3807800,-0.0594
-3807900,-0.0614
-3808000,-0.0664
-3808100,-0.0594
-3808200,-0.0644
-3808300,-0.0704
-3808400,-0.0764
-3808500,-0.0694
-3808600,-0.0714
-3808700,-0.0794
-3808800,-0.0834
-3808900,-0.0894
-3809000,-0.1004
-3809100,-0.1084
-3809200,-0.1124
-3809300,-0.1184
-3809400,-0.1224
-3809500,-0.1244
-3809600,-0.1264
-3809700,-0.1334
-3809800,-0.1384
-3809900,-0.1344
-3810000,-0.1274
-3810100,-0.1404
-3810200,-0.1324
-3810300,-0.1354
-3810400,-0.1364
-3810500,-0.1264
-3810600,-0.1204
-3810700,-0.1134
-3810800,-0.1014
-3810900,-0.0954
-3811000,-0.0924
-3811100,-0.0924
-3811200,-0.0924
-3811300,-0.0914
-3811400,-0.0904
-3811500,-0.0894
-3811600,-0.0874
-3811700,-0.0874
-3811800,-0.0804
-3811900,-0.0814
-3812000,-0.0834
-3812100,-0.0864
-3812200,-0.0874
-3812300,-0.0884
-3812400,-0.0884
-3812500,-0.0884
-3812600,-0.0904
-3812700,-0.0884
-3812800,-0.0884
-3812900,-0.0924
-3813000,-0.0954
-3813100,-0.0954
-3813200,-0.0964
-3813300,-0.0984
-3813400,-0.1014
-3813500,-0.1004
-3813600,-0.1014
-3813700,-0.1064
-3813800,-0.1084
-3813900,-0.1074
-3814000,-0.1104
-3814100,-0.1164
-3814200,-0.1214
-3814300,-0.1224
-3814400,-0.1284
-3814500,-0.1354
-3814600,-0.1424
-3814700,-0.1484
-3814800,-0.1554
-3814900,-0.1624
-3815000,-0.1744
-3815100,-0.1824
-3815200,-0.1924
-3815300,-0.2044
-3815400,-0.2164
-3815500,-0.2234
-3815600,-0.2364
-3815700,-0.2484
-3815800,-0.2614
-3815900,-0.2784
-3816000,-0.2924
-3816100,-0.3114
-3816200,-0.3324
-3816300,-0.3554
-3816400,-0.3774
-3816500,-0.4024
-3816600,-0.4254
-3816700,-0.4554
-3816800,-0.4814
-3816900,-0.5054
-3817000,-0.5384
-3817100,-0.5734
-3817200,-0.6124
-3817300,-0.6514
-3817400,-0.6914
-3817500,-0.7344
-3817600,-0.7744
-3817700,-0.8194
-3817800,-0.8594
-3817900,-0.8994
-3818000,-0.9444
-3818100,-0.9844
-3818200,-1.0224
-3818300,-1.0574
-3818400,-1.0964
-3818500,-1.1274
-3818600,-1.1564
-3818700,-1.1854
-3818800,-1.2164
-3818900,-1.2484
-3819000,-1.2734
-3819100,-1.3014
-3819200,-1.3334
-3819300,-1.3694
-3819400,-1.4004
-3819500,-1.4374
-3819600,-1.4764
-3819700,-1.5074
-3819800,-1.5464
-3819900,-1.5834
-3820000,-1.6084
-3820100,-1.6384
-3820200,-1.6664
-3820300,-1.6934
-3820400,-1.7214
-3820500,-1.7514
-3820600,-1.7794
-3820700,-1.8094
-3820800,-1.8374
-3820900,-1.8564
-3821000,-1.8814
-3821100,-1.9014
-3821200,-1.9164
-3821300,-1.9374
-3821400,-1.9514
-3821500,-1.9634
-3821600,-1.9754
-3821700,-1.9854
-3821800,-2.0014
-3821900,-2.0054
-3822000,-2.0174
-3822100,-2.0184
-3822200,-2.0264
-3822300,-2.0364
-3822400,-2.0364
-3822500,-2.0404
-3822600,-2.0464
-3822700,-2.0474
-3822800,-2.0464
-3822900,-2.0454
-3823000,-2.0424
-3823100,-2.0414
-3823200,-2.0344
-3823300,-2.0254
-3823400,-2.0204
-3823500,-2.0104
-3823600,-2.0024
-3823700,-1.9964
-3823800,-1.9854
-3823900,-1.9804
-3824000,-1.9644
-3824100,-1.9584
-3824200,-1.9474
-3824300,-1.9364
-3824400,-1.9254
-3824500,-1.9164
-3824600,-1.9144
-3824700,-1.9054
-3824800,-1.8954
-3824900,-1.8824
-3825000,-1.8664
-3825100,-1.8474
-3825200,-1.8294
-3825300,-1.8164
-3825400,-1.8074
-3825500,-1.7944
-3825600,-1.7774
-3825700,-1.7604
-3825800,-1.7544
-3825900,-1.7404
-3826000,-1.7234
-3826100,-1.7054
-3826200,-1.6864
-3826300,-1.6674
-3826400,-1.6474
-3826500,-1.6294
-3826600,-1.6164
-3826700,-1.6014
-3826800,-1.5864
-3826900,-1.5684
-3827000,-1.5484
-3827100,-1.5274
-3827200,-1.5074
-3827300,-1.4854
-3827400,-1.4634
-3827500,-1.4434
-3827600,-1.4124
-3827700,-1.3884
-3827800,-1.3684
-3827900,-1.3454
-3828000,-1.3214
-3828100,-1.2964
-3828200,-1.2714
-3828300,-1.2454
-3828400,-1.2214
-3828500,-1.2004
-3828600,-1.1834
-3828700,-1.1474
-3828800,-1.1254
-3828900,-1.0974
-3829000,-1.0684
-3829100,-1.0424
-3829200,-1.0134
-3829300,-0.9854
-3829400,-0.9614
-3829500,-0.9284
-3829600,-0.8914
-3829700,-0.8574
-3829800,-0.8234
-3829900,-0.7824
-3830000,-0.7494
-3830100,-0.7194
-3830200,-0.6824
-3830300,-0.6494
-3830400,-0.6134
-3830500,-0.5734
-3830600,-0.5354
-3830700,-0.4954
-3830800,-0.4544
-3830900,-0.4134
-3831000,-0.3714
-3831100,-0.3334
-3831200,-0.2924
-3831300,-0.2674
-3831400,-0.2264
-3831500,-0.1914
-3831600,-0.1534
-3831700,-0.1104
-3831800,-0.0554
-3831900,-0.0044
-3832000,0.0366
-3832100,0.0526
-3832200,0.0756
-3832300,0.1016
-3832400,0.1316
-3832500,0.1576
-3832600,0.1846
-3832700,0.2106
-3832800,0.2366
-3832900,0.2526
-3833000,0.2766
-3833100,0.2926
-3833200,0.3066
-3833300,0.3306
-3833400,0.3556
-3833500,0.3746
-3833600,0.4016
-3833700,0.4106
-3833800,0.4326
-3833900,0.4506
-3834000,0.4656
-3834100,0.4756
-3834200,0.4866
-3834300,0.4976
-3834400,0.5036
-3834500,0.5106
-3834600,0.5206
-3834700,0.5356
-3834800,0.5416
-3834900,0.5556
-3835000,0.5556
-3835100,0.5636
-3835200,0.5686
-3835300,0.5746
-3835400,0.5766
-3835500,0.5726
-3835600,0.5736
-3835700,0.5766
-3835800,0.5806
-3835900,0.5836
-3836000,0.5856
-3836100,0.5826
-3836200,0.5856
-3836300,0.5926
-3836400,0.5886
-3836500,0.5886
-3836600,0.5946
-3836700,0.5966
-3836800,0.5916
-3836900,0.5906
-3837000,0.5916
-3837100,0.5906
-3837200,0.5886
-3837300,0.5876
-3837400,0.5866
-3837500,0.5846
-3837600,0.5806
-3837700,0.5786
-3837800,0.5776
-3837900,0.5776
-3838000,0.5756
-3838100,0.5746
-3838200,0.5736
-3838300,0.5706
-3838400,0.5666
-3838500,0.5626
-3838600,0.5596
-3838700,0.5556
-3838800,0.5526
-3838900,0.5506
-3839000,0.5486
-3839100,0.5476
-3839200,0.5476
-3839300,0.5386
-3839400,0.5356
-3839500,0.5336
-3839600,0.5316
-3839700,0.5286
-3839800,0.5266
-3839900,0.5256
-3840000,0.5256
-3840100,0.5236
-3840200,0.5216
-3840300,0.5206
-3840400,0.5186
-3840500,0.5166
-3840600,0.5166
-3840700,0.5166
-3840800,0.5166
-3840900,0.5156
-3841000,0.5146
-3841100,0.5136
-3841200,0.5136
-3841300,0.5116
-3841400,0.5126
-3841500,0.5126
-3841600,0.5116
-3841700,0.5126
-3841800,0.5126
-3841900,0.5126
-3842000,0.5096
-3842100,0.5076
-3842200,0.5076
-3842300,0.5076
-3842400,0.5066
-3842500,0.5076
-3842600,0.5076
-3842700,0.5086
-3842800,0.5096
-3842900,0.5116
-3843000,0.5106
-3843100,0.5106
-3843200,0.5066
-3843300,0.5036
-3843400,0.5036
-3843500,0.5026
-3843600,0.5026
-3843700,0.5016
-3843800,0.5026
-3843900,0.5016
-3844000,0.5026
-3844100,0.5026
-3844200,0.5016
-3844300,0.5026
-3844400,0.5026
-3844500,0.5046
-3844600,0.5056
-3844700,0.5076
-3844800,0.5076
-3844900,0.5096
-3845000,0.5126
-3845100,0.5146
-3845200,0.5176
-3845300,0.5186
-3845400,0.5226
-3845500,0.5256
-3845600,0.5216
-3845700,0.5206
-3845800,0.5176
-3845900,0.5156
-3846000,0.5156
-3846100,0.5156
-3846200,0.5176
-3846300,0.5176
-3846400,0.5176
-3846500,0.5196
-3846600,0.5196
-3846700,0.5166
-3846800,0.5146
-3846900,0.5106
-3847000,0.5116
-3847100,0.5126
-3847200,0.5136
-3847300,0.5136
-3847400,0.5156
-3847500,0.5166
-3847600,0.5176
-3847700,0.5186
-3847800,0.5196
-3847900,0.5196
-3848000,0.5216
-3848100,0.5226
-3848200,0.5236
-3848300,0.5246
-3848400,0.5266
-3848500,0.5276
-3848600,0.5276
-3848700,0.5286
-3848800,0.5306
-3848900,0.5316
-3849000,0.5316
-3849100,0.5326
-3849200,0.5336
-3849300,0.5336
-3849400,0.5346
-3849500,0.5356
-3849600,0.5356
-3849700,0.5356
-3849800,0.5346
-3849900,0.5366
-3850000,0.5356
-3850100,0.5366
-3850200,0.5376
-3850300,0.5376
-3850400,0.5376
-3850500,0.5386
-3850600,0.5386
-3850700,0.5386
-3850800,0.5386
-3850900,0.5386
-3851000,0.5386
-3851100,0.5386
-3851200,0.5386
-3851300,0.5386
-3851400,0.5386
-3851500,0.5386
-3851600,0.5376
-3851700,0.5366
-3851800,0.5366
-3851900,0.5356
-3852000,0.5356
-3852100,0.5336
-3852200,0.5326
-3852300,0.5306
-3852400,0.5276
-3852500,0.5246
-3852600,0.5176
-3852700,0.5226
-3852800,0.5246
-3852900,0.5236
-3853000,0.5196
-3853100,0.5186
-3853200,0.5156
-3853300,0.5106
-3853400,0.5066
-3853500,0.5006
-3853600,0.5036
-3853700,0.5016
-3853800,0.5026
-3853900,0.5086
-3854000,0.5076
-3854100,0.5046
-3854200,0.5036
-3854300,0.4976
-3854400,0.4956
-3854500,0.4926
-3854600,0.4926
-3854700,0.4906
-3854800,0.4906
-3854900,0.4906
-3855000,0.4886
-3855100,0.4856
-3855200,0.4796
-3855300,0.4776
-3855400,0.4716
-3855500,0.4676
-3855600,0.4606
-3855700,0.4536
-3855800,0.4436
-3855900,0.4346
-3856000,0.4276
-3856100,0.4156
-3856200,0.4166
-3856300,0.4056
-3856400,0.3946
-3856500,0.3796
-3856600,0.3656
-3856700,0.3536
-3856800,0.3356
-3856900,0.3236
-3857000,0.3146
-3857100,0.3126
-3857200,0.3026
-3857300,0.2986
-3857400,0.2906
-3857500,0.2776
-3857600,0.2666
-3857700,0.2536
-3857800,0.2556
-3857900,0.2466
-3858000,0.2346
-3858100,0.2186
-3858200,0.1966
-3858300,0.1886
-3858400,0.1786
-3858500,0.1606
-3858600,0.1326
-3858700,0.1196
-3858800,0.1026
-3858900,0.0716
-3859000,0.0456
-3859100,0.0026
-3859200,-0.0154
-3859300,-0.0494
-3859400,-0.0784
-3859500,-0.1294
-3859600,-0.1764
-3859700,-0.2464
-3859800,-0.3234
-3859900,-0.4104
-3860000,-0.5034
-3860100,-0.5834
-3860200,-0.6904
-3860300,-0.7904
-3860400,-0.8934
-3860500,-0.9984
-3860600,-1.0924
-3860700,-1.2034
-3860800,-1.3284
-3860900,-1.4614
-3861000,-1.5964
-3861100,-1.6874
-3861200,-1.7904
-3861300,-1.9024
-3861400,-1.9964
-3861500,-2.0884
-3861600,-2.1714
-3861700,-2.2564
-3861800,-2.3304
-3861900,-2.3904
-3862000,-2.4524
-3862100,-2.5084
-3862200,-2.5674
-3862300,-2.6074
-3862400,-2.6414
-3862500,-2.6734
-3862600,-2.6994
-3862700,-2.7344
-3862800,-2.7594
-3862900,-2.7834
-3863000,-2.8024
-3863100,-2.8214
-3863200,-2.8444
-3863300,-2.8624
-3863400,-2.8774
-3863500,-2.8964
-3863600,-2.9074
-3863700,-2.9244
-3863800,-2.9414
-3863900,-2.9444
-3864000,-2.9584
-3864100,-2.9684
-3864200,-2.9724
-3864300,-2.9714
-3864400,-2.9714
-3864500,-2.9824
-3864600,-2.9724
-3864700,-2.9714
-3864800,-2.9704
-3864900,-2.9634
-3865000,-2.9544
-3865100,-2.9504
-3865200,-2.9494
-3865300,-2.9424
-3865400,-2.9384
-3865500,-2.9304
-3865600,-2.9224
-3865700,-2.9174
-3865800,-2.9174
-3865900,-2.9144
-3866000,-2.9094
-3866100,-2.9064
-3866200,-2.9004
-3866300,-2.8924
-3866400,-2.8824
-3866500,-2.8754
-3866600,-2.8744
-3866700,-2.8814
-3866800,-2.8714
-3866900,-2.8634
-3867000,-2.8594
-3867100,-2.8434
-3867200,-2.8384
-3867300,-2.8214
-3867400,-2.8174
-3867500,-2.8134
-3867600,-2.8034
-3867700,-2.7924
-3867800,-2.7884
-3867900,-2.7754
-3868000,-2.7624
-3868100,-2.7514
-3868200,-2.7424
-3868300,-2.7254
-3868400,-2.7094
-3868500,-2.6984
-3868600,-2.6844
-3868700,-2.6664
-3868800,-2.6534
-3868900,-2.6364
-3869000,-2.6234
-3869100,-2.6064
-3869200,-2.5904
-3869300,-2.5694
-3869400,-2.5494
-3869500,-2.5364
-3869600,-2.5244
-3869700,-2.5064
-3869800,-2.4784
-3869900,-2.4554
-3870000,-2.4434
-3870100,-2.4244
-3870200,-2.3984
-3870300,-2.3704
-3870400,-2.3454
-3870500,-2.3174
-3870600,-2.2904
-3870700,-2.2564
-3870800,-2.2204
-3870900,-2.1974
-3871000,-2.1574
-3871100,-2.1324
-3871200,-2.0914
-3871300,-2.0604
-3871400,-2.0324
-3871500,-1.9964
-3871600,-1.9614
-3871700,-1.9134
-3871800,-1.8784
-3871900,-1.8414
-3872000,-1.8154
-3872100,-1.7754
-3872200,-1.7344
-3872300,-1.7034
-3872400,-1.6634
-3872500,-1.6204
-3872600,-1.5804
-3872700,-1.5404
-3872800,-1.4954
-3872900,-1.4464
-3873000,-1.4044
-3873100,-1.3584
-3873200,-1.3114
-3873300,-1.2534
-3873400,-1.2054
-3873500,-1.1504
-3873600,-1.0984
-3873700,-1.0454
-3873800,-0.9944
-3873900,-0.9344
-3874000,-0.8814
-3874100,-0.8314
-3874200,-0.7754
-3874300,-0.7334
-3874400,-0.6794
-3874500,-0.6334
-3874600,-0.5764
-3874700,-0.5344
-3874800,-0.4754
-3874900,-0.4314
-3875000,-0.3794
-3875100,-0.3264
-3875200,-0.2804
-3875300,-0.2224
-3875400,-0.1914
-3875500,-0.1574
-3875600,-0.1194
-3875700,-0.0734
-3875800,-0.0374
-3875900,0.0066
-3876000,0.0346
-3876100,0.0706
-3876200,0.1106
-3876300,0.1406
-3876400,0.1636
-3876500,0.1946
-3876600,0.2236
-3876700,0.2626
-3876800,0.3026
-3876900,0.3326
-3877000,0.3426
-3877100,0.3596
-3877200,0.3836
-3877300,0.4106
-3877400,0.4366
-3877500,0.4566
-3877600,0.4786
-3877700,0.4966
-3877800,0.5186
-3877900,0.5366
-3878000,0.5556
-3878100,0.5656
-3878200,0.5766
-3878300,0.5846
-3878400,0.5946
-3878500,0.5956
-3878600,0.6006
-3878700,0.5936
-3878800,0.6006
-3878900,0.6016
-3879000,0.6056
-3879100,0.6106
-3879200,0.6176
-3879300,0.6186
-3879400,0.6126
-3879500,0.6156
-3879600,0.6176
-3879700,0.6176
-3879800,0.6176
-3879900,0.6206
-3880000,0.6236
-3880100,0.6216
-3880200,0.6186
-3880300,0.6186
-3880400,0.6206
-3880500,0.6266
-3880600,0.6266
-3880700,0.6256
-3880800,0.6306
-3880900,0.6376
-3881000,0.6446
-3881100,0.6476
-3881200,0.6496
-3881300,0.6506
-3881400,0.6506
-3881500,0.6516
-3881600,0.6516
-3881700,0.6506
-3881800,0.6496
-3881900,0.6486
-3882000,0.6476
-3882100,0.6466
-3882200,0.6446
-3882300,0.6446
-3882400,0.6436
-3882500,0.6396
-3882600,0.6386
-3882700,0.6376
-3882800,0.6376
-3882900,0.6356
-3883000,0.6326
-3883100,0.6306
-3883200,0.6296
-3883300,0.6276
-3883400,0.6256
-3883500,0.6246
-3883600,0.6226
-3883700,0.6196
-3883800,0.6176
-3883900,0.6166
-3884000,0.6156
-3884100,0.6146
-3884200,0.6126
-3884300,0.6116
-3884400,0.6106
-3884500,0.6086
-3884600,0.6076
-3884700,0.6056
-3884800,0.6046
-3884900,0.6036
-3885000,0.6016
-3885100,0.5996
-3885200,0.5976
-3885300,0.5956
-3885400,0.5936
-3885500,0.5916
-3885600,0.5896
-3885700,0.5876
-3885800,0.5846
-3885900,0.5826
-3886000,0.5806
-3886100,0.5786
-3886200,0.5766
-3886300,0.5746
-3886400,0.5726
-3886500,0.5706
-3886600,0.5696
-3886700,0.5676
-3886800,0.5666
-3886900,0.5656
-3887000,0.5646
-3887100,0.5636
-3887200,0.5626
-3887300,0.5626
-3887400,0.5626
-3887500,0.5626
-3887600,0.5626
-3887700,0.5626
-3887800,0.5626
-3887900,0.5636
-3888000,0.5636
-3888100,0.5656
-3888200,0.5656
-3888300,0.5676
-3888400,0.5676
-3888500,0.5686
-3888600,0.5696
-3888700,0.5696
-3888800,0.5726
-3888900,0.5736
-3889000,0.5756
-3889100,0.5766
-3889200,0.5786
-3889300,0.5806
-3889400,0.5826
-3889500,0.5836
-3889600,0.5836
-3889700,0.5846
-3889800,0.5876
-3889900,0.5896
-3890000,0.5916
-3890100,0.5936
-3890200,0.5986
-3890300,0.6006
-3890400,0.6016
-3890500,0.6046
-3890600,0.6076
-3890700,0.6106
-3890800,0.6146
-3890900,0.6186
-3891000,0.6206
-3891100,0.6226
-3891200,0.6246
-3891300,0.6266
-3891400,0.6266
-3891500,0.6286
-3891600,0.6306
-3891700,0.6316
-3891800,0.6346
-3891900,0.6366
-3892000,0.6306
-3892100,0.6316
-3892200,0.6336
-3892300,0.6386
-3892400,0.6436
-3892500,0.6466
-3892600,0.6516
-3892700,0.6566
-3892800,0.6606
-3892900,0.6666
-3893000,0.6716
-3893100,0.6746
-3893200,0.6796
-3893300,0.6846
-3893400,0.6866
-3893500,0.6906
-3893600,0.6936
-3893700,0.6966
-3893800,0.6996
-3893900,0.7016
-3894000,0.7056
-3894100,0.7056
-3894200,0.7076
-3894300,0.7096
-3894400,0.7126
-3894500,0.7136
-3894600,0.7136
-3894700,0.7146
-3894800,0.7116
-3894900,0.7116
-3895000,0.7116
-3895100,0.7116
-3895200,0.7126
-3895300,0.7116
-3895400,0.7106
-3895500,0.7086
-3895600,0.7116
-3895700,0.7136
-3895800,0.7116
-3895900,0.7076
-3896000,0.7056
-3896100,0.7036
-3896200,0.7026
-3896300,0.7056
-3896400,0.7046
-3896500,0.7026
-3896600,0.7006
-3896700,0.6976
-3896800,0.6906
-3896900,0.6836
-3897000,0.6806
-3897100,0.6776
-3897200,0.6736
-3897300,0.6706
-3897400,0.6676
-3897500,0.6636
-3897600,0.6596
-3897700,0.6536
-3897800,0.6466
-3897900,0.6406
-3898000,0.6376
-3898100,0.6336
-3898200,0.6306
-3898300,0.6266
-3898400,0.6236
-3898500,0.6206
-3898600,0.6176
-3898700,0.6146
-3898800,0.6106
-3898900,0.6076
-3899000,0.6026
-3899100,0.6016
-3899200,0.5986
-3899300,0.5946
-3899400,0.5926
-3899500,0.5886
-3899600,0.5866
-3899700,0.5826
-3899800,0.5796
-3899900,0.5746
-3900000,0.5696
-3900100,0.5666
-3900200,0.5636
-3900300,0.5626
-3900400,0.5586
-3900500,0.5576
-3900600,0.5556
-3900700,0.5516
-3900800,0.5506
-3900900,0.5466
-3901000,0.5446
-3901100,0.5406
-3901200,0.5386
-3901300,0.5356
-3901400,0.5306
-3901500,0.5286
-3901600,0.5236
-3901700,0.5166
-3901800,0.5136
-3901900,0.5126
-3902000,0.5166
-3902100,0.5116
-3902200,0.5036
-3902300,0.4966
-3902400,0.4896
-3902500,0.4816
-3902600,0.4746
-3902700,0.4656
-3902800,0.4666
-3902900,0.4716
-3903000,0.4656
-3903100,0.4686
-3903200,0.4656
-3903300,0.4566
-3903400,0.4606
-3903500,0.4516
-3903600,0.4606
-3903700,0.4546
-3903800,0.4566
-3903900,0.4596
-3904000,0.4626
-3904100,0.4636
-3904200,0.4656
-3904300,0.4656
-3904400,0.4676
-3904500,0.4676
-3904600,0.4656
-3904700,0.4676
-3904800,0.4676
-3904900,0.4676
-3905000,0.4686
-3905100,0.4676
-3905200,0.4686
-3905300,0.4746
-3905400,0.4686
-3905500,0.4736
-3905600,0.4666
-3905700,0.4716
-3905800,0.4666
-3905900,0.4726
-3906000,0.4626
-3906100,0.4706
-3906200,0.4706
-3906300,0.4686
-3906400,0.4686
-3906500,0.4596
-3906600,0.4666
-3906700,0.4656
-3906800,0.4576
-3906900,0.4586
-3907000,0.4606
-3907100,0.4526
-3907200,0.4556
-3907300,0.4546
-3907400,0.4476
-3907500,0.4526
-3907600,0.4506
-3907700,0.4416
-3907800,0.4456
-3907900,0.4436
-3908000,0.4366
-3908100,0.4456
-3908200,0.4446
-3908300,0.4336
-3908400,0.4446
-3908500,0.4476
-3908600,0.4386
-3908700,0.4426
-3908800,0.4426
-3908900,0.4416
-3909000,0.4426
-3909100,0.4446
-3909200,0.4436
-3909300,0.4446
-3909400,0.4456
-3909500,0.4446
-3909600,0.4466
-3909700,0.4486
-3909800,0.4496
-3909900,0.4476
-3910000,0.4496
-3910100,0.4466
-3910200,0.4576
-3910300,0.4546
-3910400,0.4556
-3910500,0.4546
-3910600,0.4556
-3910700,0.4576
-3910800,0.4596
-3910900,0.4616
-3911000,0.4646
-3911100,0.4646
-3911200,0.4666
-3911300,0.4656
-3911400,0.4686
-3911500,0.4716
-3911600,0.4726
-3911700,0.4706
-3911800,0.4746
-3911900,0.4696
-3912000,0.4686
-3912100,0.4696
-3912200,0.4696
-3912300,0.4596
-3912400,0.4576
-3912500,0.4586
-3912600,0.4576
-3912700,0.4576
-3912800,0.4566
-3912900,0.4526
-3913000,0.4546
-3913100,0.4526
-3913200,0.4536
-3913300,0.4556
-3913400,0.4586
-3913500,0.4546
-3913600,0.4566
-3913700,0.4546
-3913800,0.4576
-3913900,0.4576
-3914000,0.4616
-3914100,0.4606
-3914200,0.4616
-3914300,0.4706
-3914400,0.4746
-3914500,0.4786
-3914600,0.4826
-3914700,0.4866
-3914800,0.4906
-3914900,0.4896
-3915000,0.4946
-3915100,0.4996
-3915200,0.5046
-3915300,0.5056
-3915400,0.5096
-3915500,0.5186
-3915600,0.5176
-3915700,0.5216
-3915800,0.5286
-3915900,0.5326
-3916000,0.5366
-3916100,0.5416
-3916200,0.5476
-3916300,0.5496
-3916400,0.5586
-3916500,0.5586
-3916600,0.5686
-3916700,0.5746
-3916800,0.5876
-3916900,0.5976
-3917000,0.6036
-3917100,0.6046
-3917200,0.6126
-3917300,0.6196
-3917400,0.6276
-3917500,0.6286
-3917600,0.6376
-3917700,0.6406
-3917800,0.6486
-3917900,0.6486
-3918000,0.6476
-3918100,0.6486
-3918200,0.6526
-3918300,0.6566
-3918400,0.6596
-3918500,0.6626
-3918600,0.6586
-3918700,0.6606
-3918800,0.6646
-3918900,0.6646
-3919000,0.6666
-3919100,0.6726
-3919200,0.6786
-3919300,0.6806
-3919400,0.6886
-3919500,0.6946
-3919600,0.7016
-3919700,0.7046
-3919800,0.7036
-3919900,0.6996
-3920000,0.6986
-3920100,0.6986
-3920200,0.6986
-3920300,0.6976
-3920400,0.6966
-3920500,0.6976
-3920600,0.6966
-3920700,0.6956
-3920800,0.6906
-3920900,0.6876
-3921000,0.6896
-3921100,0.6926
-3921200,0.6946
-3921300,0.6956
-3921400,0.6946
-3921500,0.6946
-3921600,0.6936
-3921700,0.6926
-3921800,0.6906
-3921900,0.6916
-3922000,0.6926
-3922100,0.6926
-3922200,0.6936
-3922300,0.6946
-3922400,0.6946
-3922500,0.6956
-3922600,0.6966
-3922700,0.6976
-3922800,0.6996
-3922900,0.7016
-3923000,0.7026
-3923100,0.7016
-3923200,0.7026
-3923300,0.7006
-3923400,0.6966
-3923500,0.6946
-3923600,0.6936
-3923700,0.6936
-3923800,0.6926
-3923900,0.6926
-3924000,0.6936
-3924100,0.6926
-3924200,0.6906
-3924300,0.6876
-3924400,0.6866
-3924500,0.6856
-3924600,0.6856
-3924700,0.6866
-3924800,0.6886
-3924900,0.6926
-3925000,0.6916
-3925100,0.6896
-3925200,0.6896
-3925300,0.6886
-3925400,0.6876
-3925500,0.6876
-3925600,0.6876
-3925700,0.6876
-3925800,0.6886
-3925900,0.6896
-3926000,0.6896
-3926100,0.6886
-3926200,0.6866
-3926300,0.6866
-3926400,0.6866
-3926500,0.6856
-3926600,0.6846
-3926700,0.6846
-3926800,0.6846
-3926900,0.6846
-3927000,0.6846
-3927100,0.6826
-3927200,0.6836
-3927300,0.6846
-3927400,0.6826
-3927500,0.6826
-3927600,0.6836
-3927700,0.6816
-3927800,0.6806
-3927900,0.6796
-3928000,0.6776
-3928100,0.6766
-3928200,0.6766
-3928300,0.6736
-3928400,0.6736
-3928500,0.6726
-3928600,0.6696
-3928700,0.6696
-3928800,0.6686
-3928900,0.6676
-3929000,0.6656
-3929100,0.6666
-3929200,0.6646
-3929300,0.6636
-3929400,0.6636
-3929500,0.6616
-3929600,0.6626
-3929700,0.6596
-3929800,0.6596
-3929900,0.6586
-3930000,0.6586
-3930100,0.6566
-3930200,0.6546
-3930300,0.6536
-3930400,0.6526
-3930500,0.6506
-3930600,0.6506
-3930700,0.6486
-3930800,0.6466
-3930900,0.6446
-3931000,0.6456
-3931100,0.6436
-3931200,0.6426
-3931300,0.6416
-3931400,0.6426
-3931500,0.6406
-3931600,0.6386
-3931700,0.6406
-3931800,0.6396
-3931900,0.6386
-3932000,0.6406
-3932100,0.6406
-3932200,0.6396
-3932300,0.6416
-3932400,0.6416
-3932500,0.6416
-3932600,0.6426
-3932700,0.6446
-3932800,0.6436
-3932900,0.6406
-3933000,0.6426
-3933100,0.6446
-3933200,0.6466
-3933300,0.6456
-3933400,0.6476
-3933500,0.6486
-3933600,0.6486
-3933700,0.6506
-3933800,0.6496
-3933900,0.6506
-3934000,0.6496
-3934100,0.6476
-3934200,0.6516
-3934300,0.6506
-3934400,0.6486
-3934500,0.6456
-3934600,0.6416
-3934700,0.6406
-3934800,0.6386
-3934900,0.6356
-3935000,0.6326
-3935100,0.6296
-3935200,0.6256
-3935300,0.6226
-3935400,0.6176
-3935500,0.6086
-3935600,0.5996
-3935700,0.5946
-3935800,0.5916
-3935900,0.5876
-3936000,0.5866
-3936100,0.5826
-3936200,0.5796
-3936300,0.5766
-3936400,0.5706
-3936500,0.5696
-3936600,0.5626
-3936700,0.5576
-3936800,0.5506
-3936900,0.5486
-3937000,0.5486
-3937100,0.5466
-3937200,0.5436
-3937300,0.5436
-3937400,0.5416
-3937500,0.5416
-3937600,0.5386
-3937700,0.5396
-3937800,0.5396
-3937900,0.5406
-3938000,0.5426
-3938100,0.5426
-3938200,0.5436
-3938300,0.5426
-3938400,0.5446
-3938500,0.5476
-3938600,0.5506
-3938700,0.5536
-3938800,0.5536
-3938900,0.5526
-3939000,0.5546
-3939100,0.5566
-3939200,0.5596
-3939300,0.5626
-3939400,0.5666
-3939500,0.5696
-3939600,0.5716
-3939700,0.5726
-3939800,0.5656
-3939900,0.5606
-3940000,0.5616
-3940100,0.5626
-3940200,0.5656
-3940300,0.5656
-3940400,0.5696
-3940500,0.5696
-3940600,0.5676
-3940700,0.5656
-3940800,0.5596
-3940900,0.5546
-3941000,0.5546
-3941100,0.5596
-3941200,0.5596
-3941300,0.5606
-3941400,0.5576
-3941500,0.5476
-3941600,0.5476
-3941700,0.5466
-3941800,0.5436
-3941900,0.5406
-3942000,0.5396
-3942100,0.5386
-3942200,0.5386
-3942300,0.5376
-3942400,0.5366
-3942500,0.5346
-3942600,0.5336
-3942700,0.5316
-3942800,0.5286
-3942900,0.5246
-3943000,0.5286
-3943100,0.5266
-3943200,0.5236
-3943300,0.5216
-3943400,0.5196
-3943500,0.5166
-3943600,0.5126
-3943700,0.5086
-3943800,0.5036
-3943900,0.4976
-3944000,0.4936
-3944100,0.4896
-3944200,0.4786
-3944300,0.4746
-3944400,0.4656
-3944500,0.4546
-3944600,0.4536
-3944700,0.4496
-3944800,0.4506
-3944900,0.4536
-3945000,0.4506
-3945100,0.4476
-3945200,0.4436
-3945300,0.4386
-3945400,0.4356
-3945500,0.4336
-3945600,0.4326
-3945700,0.4366
-3945800,0.4406
-3945900,0.4456
-3946000,0.4466
-3946100,0.4456
-3946200,0.4486
-3946300,0.4506
-3946400,0.4536
-3946500,0.4556
-3946600,0.4606
-3946700,0.4646
-3946800,0.4716
-3946900,0.4776
-3947000,0.4786
-3947100,0.4826
-3947200,0.4816
-3947300,0.4816
-3947400,0.4796
-3947500,0.4796
-3947600,0.4836
-3947700,0.4876
-3947800,0.4896
-3947900,0.4896
-3948000,0.4946
-3948100,0.4966
-3948200,0.5016
-3948300,0.5056
-3948400,0.5076
-3948500,0.5106
-3948600,0.5136
-3948700,0.5136
-3948800,0.5156
-3948900,0.5156
-3949000,0.5146
-3949100,0.5146
-3949200,0.5136
-3949300,0.5136
-3949400,0.5126
-3949500,0.5116
-3949600,0.5126
-3949700,0.5116
-3949800,0.5116
-3949900,0.5146
-3950000,0.5166
-3950100,0.5196
-3950200,0.5236
-3950300,0.5226
-3950400,0.5226
-3950500,0.5216
-3950600,0.5216
-3950700,0.5206
-3950800,0.5186
-3950900,0.5186
-3951000,0.5166
-3951100,0.5146
-3951200,0.5116
-3951300,0.5096
-3951400,0.5066
-3951500,0.5006
-3951600,0.4986
-3951700,0.4976
-3951800,0.4956
-3951900,0.4926
-3952000,0.4906
-3952100,0.4876
-3952200,0.4846
-3952300,0.4826
-3952400,0.4796
-3952500,0.4756
-3952600,0.4736
-3952700,0.4726
-3952800,0.4696
-3952900,0.4666
-3953000,0.4626
-3953100,0.4586
-3953200,0.4546
-3953300,0.4516
-3953400,0.4496
-3953500,0.4466
-3953600,0.4446
-3953700,0.4416
-3953800,0.4396
-3953900,0.4316
-3954000,0.4296
-3954100,0.4266
-3954200,0.4246
-3954300,0.4216
-3954400,0.4196
-3954500,0.4176
-3954600,0.4156
-3954700,0.4136
-3954800,0.4106
-3954900,0.4096
-3955000,0.4086
-3955100,0.4056
-3955200,0.4056
-3955300,0.4046
-3955400,0.4046
-3955500,0.4036
-3955600,0.4026
-3955700,0.4016
-3955800,0.4006
-3955900,0.3986
-3956000,0.3976
-3956100,0.3986
-3956200,0.3966
-3956300,0.3946
-3956400,0.3936
-3956500,0.3926
-3956600,0.3906
-3956700,0.3906
-3956800,0.3906
-3956900,0.3896
-3957000,0.3896
-3957100,0.3886
-3957200,0.3866
-3957300,0.3876
-3957400,0.3876
-3957500,0.3876
-3957600,0.3866
-3957700,0.3866
-3957800,0.3866
-3957900,0.3846
-3958000,0.3866
-3958100,0.3846
-3958200,0.3806
-3958300,0.3816
-3958400,0.3796
-3958500,0.3776
-3958600,0.3756
-3958700,0.3736
-3958800,0.3716
-3958900,0.3706
-3959000,0.3686
-3959100,0.3656
-3959200,0.3646
-3959300,0.3606
-3959400,0.3556
-3959500,0.3546
-3959600,0.3496
-3959700,0.3466
-3959800,0.3446
-3959900,0.3406
-3960000,0.3366
-3960100,0.3326
-3960200,0.3296
-3960300,0.3266
-3960400,0.3256
-3960500,0.3226
-3960600,0.3206
-3960700,0.3166
-3960800,0.3136
-3960900,0.3106
-3961000,0.3066
-3961100,0.3036
-3961200,0.2976
-3961300,0.2946
-3961400,0.2876
-3961500,0.2836
-3961600,0.2806
-3961700,0.2746
-3961800,0.2726
-3961900,0.2656
-3962000,0.2636
-3962100,0.2576
-3962200,0.2536
-3962300,0.2496
-3962400,0.2426
-3962500,0.2336
-3962600,0.2266
-3962700,0.2206
-3962800,0.2116
-3962900,0.2016
-3963000,0.1936
-3963100,0.1856
-3963200,0.1756
-3963300,0.1676
-3963400,0.1536
-3963500,0.1446
-3963600,0.1326
-3963700,0.1176
-3963800,0.1026
-3963900,0.0896
-3964000,0.0716
-3964100,0.0506
-3964200,0.0326
-3964300,0.0126
-3964400,0.0046
-3964500,-0.0194
-3964600,-0.0404
-3964700,-0.0574
-3964800,-0.0704
-3964900,-0.0934
-3965000,-0.1084
-3965100,-0.1154
-3965200,-0.1464
-3965300,-0.1544
-3965400,-0.1824
-3965500,-0.1964
-3965600,-0.2024
-3965700,-0.2104
-3965800,-0.2324
-3965900,-0.2444
-3966000,-0.2604
-3966100,-0.2794
-3966200,-0.2994
-3966300,-0.3184
-3966400,-0.3464
-3966500,-0.3774
-3966600,-0.3904
-3966700,-0.4144
-3966800,-0.4504
-3966900,-0.4554
-3967000,-0.4764
-3967100,-0.4944
-3967200,-0.5154
-3967300,-0.5354
-3967400,-0.5594
-3967500,-0.5954
-3967600,-0.6164
-3967700,-0.6394
-3967800,-0.6574
-3967900,-0.6744
-3968000,-0.6954
-3968100,-0.7164
-3968200,-0.7364
-3968300,-0.7464
-3968400,-0.7454
-3968500,-0.7524
-3968600,-0.7524
-3968700,-0.7554
-3968800,-0.7594
-3968900,-0.7674
-3969000,-0.7664
-3969100,-0.7714
-3969200,-0.7764
-3969300,-0.7734
-3969400,-0.7684
-3969500,-0.7804
-3969600,-0.7884
-3969700,-0.7874
-3969800,-0.7914
-3969900,-0.7934
-3970000,-0.7964
-3970100,-0.8004
-3970200,-0.8054
-3970300,-0.8104
-3970400,-0.8104
-3970500,-0.8124
-3970600,-0.8164
-3970700,-0.8204
-3970800,-0.8244
-3970900,-0.8254
-3971000,-0.8334
-3971100,-0.8404
-3971200,-0.8474
-3971300,-0.8414
-3971400,-0.8494
-3971500,-0.8574
-3971600,-0.8784
-3971700,-0.8794
-3971800,-0.8824
-3971900,-0.8894
-3972000,-0.8984
-3972100,-0.9094
-3972200,-0.9114
-3972300,-0.9184
-3972400,-0.9254
-3972500,-0.9354
-3972600,-0.9394
-3972700,-0.9544
-3972800,-0.9634
-3972900,-0.9844
-3973000,-0.9984
-3973100,-1.0094
-3973200,-1.0244
-3973300,-1.0404
-3973400,-1.0604
-3973500,-1.0724
-3973600,-1.0844
-3973700,-1.0944
-3973800,-1.1084
-3973900,-1.1324
-3974000,-1.1384
-3974100,-1.1494
-3974200,-1.1554
-3974300,-1.1724
-3974400,-1.1794
-3974500,-1.1804
-3974600,-1.1994
-3974700,-1.2094
-3974800,-1.2174
-3974900,-1.2374
-3975000,-1.2544
-3975100,-1.2584
-3975200,-1.2794
-3975300,-1.2964
-3975400,-1.3144
-3975500,-1.3344
-3975600,-1.3504
-3975700,-1.3804
-3975800,-1.3954
-3975900,-1.4154
-3976000,-1.4304
-3976100,-1.4544
-3976200,-1.4754
-3976300,-1.4964
-3976400,-1.5194
-3976500,-1.5444
-3976600,-1.5694
-3976700,-1.6014
-3976800,-1.6164
-3976900,-1.6444
-3977000,-1.6694
-3977100,-1.6954
-3977200,-1.7254
-3977300,-1.7474
-3977400,-1.7834
-3977500,-1.8184
-3977600,-1.8544
-3977700,-1.8914
-3977800,-1.9284
-3977900,-1.9664
-3978000,-1.9974
-3978100,-2.0364
-3978200,-2.0724
-3978300,-2.1104
-3978400,-2.1564
-3978500,-2.1794
-3978600,-2.2114
-3978700,-2.2454
-3978800,-2.2924
-3978900,-2.3274
-3979000,-2.3504
-3979100,-2.3804
-3979200,-2.4094
-3979300,-2.4334
-3979400,-2.4624
-3979500,-2.4874
-3979600,-2.5154
-3979700,-2.5324
-3979800,-2.5494
-3979900,-2.5704
-3980000,-2.5864
-3980100,-2.6034
-3980200,-2.6254
-3980300,-2.6514
-3980400,-2.6664
-3980500,-2.6864
-3980600,-2.7064
-3980700,-2.7284
-3980800,-2.7504
-3980900,-2.7644
-3981000,-2.7994
-3981100,-2.8194
-3981200,-2.8424
-3981300,-2.8544
-3981400,-2.8824
-3981500,-2.9064
-3981600,-2.9274
-3981700,-2.9534
-3981800,-2.9774
-3981900,-3.0074
-3982000,-3.0314
-3982100,-3.0574
-3982200,-3.0874
-3982300,-3.1154
-3982400,-3.1444
-3982500,-3.1794
-3982600,-3.1964
-3982700,-3.2404
-3982800,-3.2634
-3982900,-3.2944
-3983000,-3.3204
-3983100,-3.3504
-3983200,-3.3774
-3983300,-3.4064
-3983400,-3.4334
-3983500,-3.4594
-3983600,-3.4964
-3983700,-3.5294
-3983800,-3.5554
-3983900,-3.5894
-3984000,-3.6124
-3984100,-3.6394
-3984200,-3.6624
-3984300,-3.6964
-3984400,-3.7234
-3984500,-3.7504
-3984600,-3.7824
-3984700,-3.8094
-3984800,-3.8374
-3984900,-3.8604
-3985000,-3.8854
-3985100,-3.8974
-3985200,-3.9154
-3985300,-3.9304
-3985400,-3.9434
-3985500,-3.9584
-3985600,-3.9734
-3985700,-3.9904
-3985800,-4.0034
-3985900,-4.0124
-3986000,-4.0164
-3986100,-4.0204
-3986200,-4.0294
-3986300,-4.0364
-3986400,-4.0424
-3986500,-4.0494
-3986600,-4.0574
-3986700,-4.0654
-3986800,-4.0684
-3986900,-4.0694
-3987000,-4.0714
-3987100,-4.0664
-3987200,-4.0694
-3987300,-4.0674
-3987400,-4.0634
-3987500,-4.0664
-3987600,-4.0544
-3987700,-4.0554
-3987800,-4.0474
-3987900,-4.0394
-3988000,-4.0334
-3988100,-4.0254
-3988200,-4.0204
-3988300,-4.0144
-3988400,-4.0064
-3988500,-3.9974
-3988600,-3.9914
-3988700,-3.9814
-3988800,-3.9704
-3988900,-3.9634
-3989000,-3.9574
-3989100,-3.9434
-3989200,-3.9414
-3989300,-3.9284
-3989400,-3.9184
-3989500,-3.9144
-3989600,-3.9024
-3989700,-3.8904
-3989800,-3.8794
-3989900,-3.8684
-3990000,-3.8654
-3990100,-3.8524
-3990200,-3.8384
-3990300,-3.8274
-3990400,-3.8104
-3990500,-3.8004
-3990600,-3.7894
-3990700,-3.7744
-3990800,-3.7644
-3990900,-3.7474
-3991000,-3.7244
-3991100,-3.7094
-3991200,-3.6994
-3991300,-3.6824
-3991400,-3.6584
-3991500,-3.6404
-3991600,-3.6264
-3991700,-3.6114
-3991800,-3.5964
-3991900,-3.5784
-3992000,-3.5604
-3992100,-3.5394
-3992200,-3.5144
-3992300,-3.4964
-3992400,-3.4744
-3992500,-3.4514
-3992600,-3.4304
-3992700,-3.4144
-3992800,-3.3884
-3992900,-3.3704
-3993000,-3.3494
-3993100,-3.3274
-3993200,-3.3064
-3993300,-3.2844
-3993400,-3.2634
-3993500,-3.2424
-3993600,-3.2164
-3993700,-3.1974
-3993800,-3.1734
-3993900,-3.1534
-3994000,-3.1324
-3994100,-3.1124
-3994200,-3.0964
-3994300,-3.0714
-3994400,-3.0474
-3994500,-3.0264
-3994600,-3.0054
-3994700,-2.9854
-3994800,-2.9614
-3994900,-2.9374
-3995000,-2.9134
-3995100,-2.8954
-3995200,-2.8684
-3995300,-2.8434
-3995400,-2.8154
-3995500,-2.7874
-3995600,-2.7614
-3995700,-2.7264
-3995800,-2.7004
-3995900,-2.6664
-3996000,-2.6414
-3996100,-2.6094
-3996200,-2.5824
-3996300,-2.5474
-3996400,-2.5144
-3996500,-2.4834
-3996600,-2.4514
-3996700,-2.4134
-3996800,-2.3824
-3996900,-2.3474
-3997000,-2.3134
-3997100,-2.2774
-3997200,-2.2484
-3997300,-2.2084
-3997400,-2.1664
-3997500,-2.1234
-3997600,-2.0834
-3997700,-2.0414
-3997800,-1.9974
-3997900,-1.9504
-3998000,-1.9074
-3998100,-1.8684
-3998200,-1.8294
-3998300,-1.7904
-3998400,-1.7564
-3998500,-1.7204
-3998600,-1.6704
-3998700,-1.6394
-3998800,-1.5984
-3998900,-1.5594
-3999000,-1.5134
-3999100,-1.4784
-3999200,-1.4474
-3999300,-1.4054
-3999400,-1.3754
-3999500,-1.3414
-3999600,-1.2974
-3999700,-1.2704
-3999800,-1.2304
-3999900,-1.1814
-4000000,-1.3534
-4000100,-1.3184
-4000200,-1.2834
-4000300,-1.2544
-4000400,-1.2234
-4000500,-1.1964
-4000600,-1.1554
-4000700,-1.1134
-4000800,-1.0754
-4000900,-1.0364
-4001000,-1.0024
-4001100,-0.9564
-4001200,-0.9094
-4001300,-0.8704
-4001400,-0.8224
-4001500,-0.7844
-4001600,-0.7324
-4001700,-0.6854
-4001800,-0.6424
-4001900,-0.5984
-4002000,-0.5614
-4002100,-0.5234
-4002200,-0.4804
-4002300,-0.4444
-4002400,-0.4104
-4002500,-0.3814
-4002600,-0.3484
-4002700,-0.3194
-4002800,-0.2944
-4002900,-0.2564
-4003000,-0.2214
-4003100,-0.2044
-4003200,-0.1614
-4003300,-0.1364
-4003400,-0.1104
-4003500,-0.0844
-4003600,-0.0624
-4003700,-0.0254
-4003800,-0.0154
-4003900,0.0206
-4004000,0.0436
-4004100,0.0596
-4004200,0.0816
-4004300,0.0926
-4004400,0.1146
-4004500,0.1236
-4004600,0.1326
-4004700,0.1576
-4004800,0.1696
-4004900,0.1806
-4005000,0.2006
-4005100,0.2296
-4005200,0.2546
-4005300,0.2696
-4005400,0.2886
-4005500,0.2926
-4005600,0.2976
-4005700,0.2976
-4005800,0.3046
-4005900,0.3166
-4006000,0.3236
-4006100,0.3306
-4006200,0.3346
-4006300,0.3406
-4006400,0.3436
-4006500,0.3546
-4006600,0.3606
-4006700,0.3676
-4006800,0.3596
-4006900,0.3586
-4007000,0.3606
-4007100,0.3616
-4007200,0.3616
-4007300,0.3656
-4007400,0.3656
-4007500,0.3616
-4007600,0.3576
-4007700,0.3676
-4007800,0.3756
-4007900,0.3646
-4008000,0.3516
-4008100,0.3516
-4008200,0.3566
-4008300,0.3546
-4008400,0.3376
-4008500,0.3436
-4008600,0.3426
-4008700,0.3486
-4008800,0.3546
-4008900,0.3496
-4009000,0.3566
-4009100,0.3606
-4009200,0.3566
-4009300,0.3606
-4009400,0.3606
-4009500,0.3746
-4009600,0.3716
-4009700,0.3636
-4009800,0.3706
-4009900,0.3676
-4010000,0.3676
-4010100,0.3676
-4010200,0.3676
-4010300,0.3636
-4010400,0.3576
-4010500,0.3576
-4010600,0.3636
-4010700,0.3576
-4010800,0.3506
-4010900,0.3526
-4011000,0.3486
-4011100,0.3416
-4011200,0.3446
-4011300,0.3446
-4011400,0.3446
-4011500,0.3476
-4011600,0.3426
-4011700,0.3416
-4011800,0.3386
-4011900,0.3346
-4012000,0.3306
-4012100,0.3236
-4012200,0.3266
-4012300,0.3276
-4012400,0.3206
-4012500,0.3176
-4012600,0.3086
-4012700,0.3026
-4012800,0.2996
-4012900,0.2886
-4013000,0.2776
-4013100,0.2666
-4013200,0.2556
-4013300,0.2446
-4013400,0.2336
-4013500,0.2266
-4013600,0.2146
-4013700,0.1976
-4013800,0.1756
-4013900,0.1516
-4014000,0.1396
-4014100,0.1216
-4014200,0.1056
-4014300,0.0896
-4014400,0.0736
-4014500,0.0596
-4014600,0.0456
-4014700,0.0296
-4014800,0.0116
-4014900,0.0006
-4015000,-0.0154
-4015100,-0.0244
-4015200,-0.0414
-4015300,-0.0614
-4015400,-0.0714
-4015500,-0.0864
-4015600,-0.1114
-4015700,-0.1284
-4015800,-0.1604
-4015900,-0.1834
-4016000,-0.2004
-4016100,-0.2204
-4016200,-0.2394
-4016300,-0.2624
-4016400,-0.2804
-4016500,-0.2944
-4016600,-0.3264
-4016700,-0.3424
-4016800,-0.3684
-4016900,-0.3894
-4017000,-0.4164
-4017100,-0.4494
-4017200,-0.4744
-4017300,-0.4864
-4017400,-0.5104
-4017500,-0.5304
-4017600,-0.5414
-4017700,-0.5774
-4017800,-0.5954
-4017900,-0.6234
-4018000,-0.6474
-4018100,-0.6784
-4018200,-0.7054
-4018300,-0.7324
-4018400,-0.7744
-4018500,-0.8104
-4018600,-0.8604
-4018700,-0.9144
-4018800,-0.9514
-4018900,-1.0014
-4019000,-1.0284
-4019100,-1.0614
-4019200,-1.0884
-4019300,-1.1274
-4019400,-1.1654
-4019500,-1.2014
-4019600,-1.2454
-4019700,-1.2844
-4019800,-1.3014
-4019900,-1.3284
-4020000,-1.3424
-4020100,-1.3404
-4020200,-1.3594
-4020300,-1.3764
-4020400,-1.3834
-4020500,-1.4054
-4020600,-1.4184
-4020700,-1.4184
-4020800,-1.4244
-4020900,-1.4294
-4021000,-1.4264
-4021100,-1.4534
-4021200,-1.4644
-4021300,-1.4704
-4021400,-1.4794
-4021500,-1.4914
-4021600,-1.5074
-4021700,-1.5194
-4021800,-1.5364
-4021900,-1.5454
-4022000,-1.5584
-4022100,-1.5714
-4022200,-1.5884
-4022300,-1.6144
-4022400,-1.6184
-4022500,-1.6364
-4022600,-1.6594
-4022700,-1.6694
-4022800,-1.6864
-4022900,-1.7104
-4023000,-1.7314
-4023100,-1.7574
-4023200,-1.7814
-4023300,-1.8154
-4023400,-1.8404
-4023500,-1.8734
-4023600,-1.9014
-4023700,-1.9324
-4023800,-1.9544
-4023900,-1.9864
-4024000,-2.0114
-4024100,-2.0504
-4024200,-2.0874
-4024300,-2.1194
-4024400,-2.1454
-4024500,-2.1784
-4024600,-2.2104
-4024700,-2.2444
-4024800,-2.2804
-4024900,-2.3034
-4025000,-2.3434
-4025100,-2.3644
-4025200,-2.4004
-4025300,-2.4174
-4025400,-2.4444
-4025500,-2.4674
-4025600,-2.4914
-4025700,-2.5114
-4025800,-2.5324
-4025900,-2.5484
-4026000,-2.5714
-4026100,-2.5914
-4026200,-2.6044
-4026300,-2.6214
-4026400,-2.6404
-4026500,-2.6524
-4026600,-2.6704
-4026700,-2.6794
-4026800,-2.6924
-4026900,-2.7164
-4027000,-2.7314
-4027100,-2.7314
-4027200,-2.7474
-4027300,-2.7624
-4027400,-2.7724
-4027500,-2.7874
-4027600,-2.7974
-4027700,-2.7994
-4027800,-2.8054
-4027900,-2.8174
-4028000,-2.8314
-4028100,-2.8344
-4028200,-2.8444
-4028300,-2.8454
-4028400,-2.8534
-4028500,-2.8644
-4028600,-2.8654
-4028700,-2.8854
-4028800,-2.8824
-4028900,-2.8854
-4029000,-2.8934
-4029100,-2.9034
-4029200,-2.8944
-4029300,-2.8984
-4029400,-2.9064
-4029500,-2.9144
-4029600,-2.9154
-4029700,-2.9284
-4029800,-2.9204
-4029900,-2.9194
-4030000,-2.9304
-4030100,-2.9334
-4030200,-2.9364
-4030300,-2.9364
-4030400,-2.9364
-4030500,-2.9354
-4030600,-2.9324
-4030700,-2.9474
-4030800,-2.9404
-4030900,-2.9444
-4031000,-2.9334
-4031100,-2.9354
-4031200,-2.9284
-4031300,-2.9204
-4031400,-2.9274
-4031500,-2.9294
-4031600,-2.9164
-4031700,-2.9144
-4031800,-2.9174
-4031900,-2.9124
-4032000,-2.9044
-4032100,-2.9134
-4032200,-2.9004
-4032300,-2.9054
-4032400,-2.8904
-4032500,-2.8904
-4032600,-2.8834
-4032700,-2.8884
-4032800,-2.8784
-4032900,-2.8784
-4033000,-2.8614
-4033100,-2.8634
-4033200,-2.8504
-4033300,-2.8524
-4033400,-2.8374
-4033500,-2.8394
-4033600,-2.8374
-4033700,-2.8384
-4033800,-2.8194
-4033900,-2.8144
-4034000,-2.8084
-4034100,-2.7944
-4034200,-2.7864
-4034300,-2.7854
-4034400,-2.7804
-4034500,-2.7684
-4034600,-2.7604
-4034700,-2.7474
-4034800,-2.7384
-4034900,-2.7284
-4035000,-2.7144
-4035100,-2.7034
-4035200,-2.6844
-4035300,-2.6804
-4035400,-2.6714
-4035500,-2.6514
-4035600,-2.6434
-4035700,-2.6264
-4035800,-2.6044
-4035900,-2.5984
-4036000,-2.5784
-4036100,-2.5564
-4036200,-2.5424
-4036300,-2.5154
-4036400,-2.4974
-4036500,-2.4794
-4036600,-2.4684
-4036700,-2.4394
-4036800,-2.4244
-4036900,-2.3934
-4037000,-2.3714
-4037100,-2.3454
-4037200,-2.3224
-4037300,-2.2964
-4037400,-2.2734
-4037500,-2.2414
-4037600,-2.2134
-4037700,-2.1744
-4037800,-2.1404
-4037900,-2.1064
-4038000,-2.0674
-4038100,-2.0294
-4038200,-1.9864
-4038300,-1.9614
-4038400,-1.9194
-4038500,-1.8804
-4038600,-1.8504
-4038700,-1.8144
-4038800,-1.7854
-4038900,-1.7624
-4039000,-1.7214
-4039100,-1.6944
-4039200,-1.6574
-4039300,-1.6184
-4039400,-1.5944
-4039500,-1.5544
-4039600,-1.5244
-4039700,-1.4874
-4039800,-1.4524
-4039900,-1.4184
-4040000,-1.3794
-4040100,-1.3424
-4040200,-1.3044
-4040300,-1.2644
-4040400,-1.2184
-4040500,-1.1824
-4040600,-1.1424
-4040700,-1.1034
-4040800,-1.0714
-4040900,-1.0324
-4041000,-0.9854
-4041100,-0.9434
-4041200,-0.8954
-4041300,-0.8524
-4041400,-0.8254
-4041500,-0.7804
-4041600,-0.7364
-4041700,-0.6874
-4041800,-0.6514
-4041900,-0.6114
-4042000,-0.5724
-4042100,-0.5314
-4042200,-0.4934
-4042300,-0.4564
-4042400,-0.4154
-4042500,-0.3864
-4042600,-0.3434
-4042700,-0.3104
-4042800,-0.2974
-4042900,-0.2754
-4043000,-0.2384
-4043100,-0.2164
-4043200,-0.1914
-4043300,-0.1714
-4043400,-0.1424
-4043500,-0.1074
-4043600,-0.0874
-4043700,-0.0484
-4043800,-0.0184
-4043900,0.0066
-4044000,0.0306
-4044100,0.0606
-4044200,0.0966
-4044300,0.1206
-4044400,0.1456
-4044500,0.1766
-4044600,0.2026
-4044700,0.2246
-4044800,0.2306
-4044900,0.2596
-4045000,0.2776
-4045100,0.3006
-4045200,0.3256
-4045300,0.3446
-4045400,0.3596
-4045500,0.3706
-4045600,0.3826
-4045700,0.4076
-4045800,0.4256
-4045900,0.4436
-4046000,0.4476
-4046100,0.4606
-4046200,0.4726
-4046300,0.4756
-4046400,0.4856
-4046500,0.4916
-4046600,0.5056
-4046700,0.5106
-4046800,0.5196
-4046900,0.5126
-4047000,0.5206
-4047100,0.5276
-4047200,0.5246
-4047300,0.5216
-4047400,0.5246
-4047500,0.5406
-4047600,0.5456
-4047700,0.5346
-4047800,0.5276
-4047900,0.5356
-4048000,0.5366
-4048100,0.5386
-4048200,0.5346
-4048300,0.5426
-4048400,0.5396
-4048500,0.5406
-4048600,0.5406
-4048700,0.5376
-4048800,0.5346
-4048900,0.5336
-4049000,0.5306
-4049100,0.5296
-4049200,0.5286
-4049300,0.5226
-4049400,0.5256
-4049500,0.5206
-4049600,0.5196
-4049700,0.5206
-4049800,0.5156
-4049900,0.5136
-4050000,0.5156
-4050100,0.5136
-4050200,0.5106
-4050300,0.5096
-4050400,0.5106
-4050500,0.5076
-4050600,0.5056
-4050700,0.5026
-4050800,0.5016
-4050900,0.5046
-4051000,0.5046
-4051100,0.5026
-4051200,0.4856
-4051300,0.5016
-4051400,0.4976
-4051500,0.4916
-4051600,0.5036
-4051700,0.4906
-4051800,0.4966
-4051900,0.4966
-4052000,0.4866
-4052100,0.5006
-4052200,0.4946
-4052300,0.4986
-4052400,0.4956
-4052500,0.4976
-4052600,0.4946
-4052700,0.5026
-4052800,0.4966
-4052900,0.4996
-4053000,0.5036
-4053100,0.4906
-4053200,0.4996
-4053300,0.5006
-4053400,0.4946
-4053500,0.5026
-4053600,0.4896
-4053700,0.4996
-4053800,0.4976
-4053900,0.4966
-4054000,0.5016
-4054100,0.4986
-4054200,0.5016
-4054300,0.4976
-4054400,0.5056
-4054500,0.4976
-4054600,0.4996
-4054700,0.5016
-4054800,0.5006
-4054900,0.5006
-4055000,0.4986
-4055100,0.4966
-4055200,0.5016
-4055300,0.4936
-4055400,0.5056
-4055500,0.5016
-4055600,0.5056
-4055700,0.5026
-4055800,0.5046
-4055900,0.5116
-4056000,0.5066
-4056100,0.5076
-4056200,0.5156
-4056300,0.5106
-4056400,0.5096
-4056500,0.5116
-4056600,0.5186
-4056700,0.5176
-4056800,0.5126
-4056900,0.5126
-4057000,0.5176
-4057100,0.5156
-4057200,0.5316
-4057300,0.5276
-4057400,0.5296
-4057500,0.5246
-4057600,0.5306
-4057700,0.5356
-4057800,0.5406
-4057900,0.5466
-4058000,0.5426
-4058100,0.5406
-4058200,0.5446
-4058300,0.5566
-4058400,0.5496
-4058500,0.5556
-4058600,0.5606
-4058700,0.5656
-4058800,0.5646
-4058900,0.5736
-4059000,0.5736
-4059100,0.5776
-4059200,0.5796
-4059300,0.5816
-4059400,0.5886
-4059500,0.5806
-4059600,0.5846
-4059700,0.5806
-4059800,0.5776
-4059900,0.5766
-4060000,0.5736
-4060100,0.5736
-4060200,0.5746
-4060300,0.5756
-4060400,0.5686
-4060500,0.5756
-4060600,0.5686
-4060700,0.5726
-4060800,0.5696
-4060900,0.5696
-4061000,0.5646
-4061100,0.5676
-4061200,0.5586
-4061300,0.5646
-4061400,0.5546
-4061500,0.5616
-4061600,0.5526
-4061700,0.5566
-4061800,0.5566
-4061900,0.5546
-4062000,0.5536
-4062100,0.5476
-4062200,0.5456
-4062300,0.5426
-4062400,0.5396
-4062500,0.5356
-4062600,0.5346
-4062700,0.5266
-4062800,0.5286
-4062900,0.5226
-4063000,0.5236
-4063100,0.5166
-4063200,0.5196
-4063300,0.5176
-4063400,0.5156
-4063500,0.5156
-4063600,0.5116
-4063700,0.5126
-4063800,0.5096
-4063900,0.5086
-4064000,0.5076
-4064100,0.5066
-4064200,0.5066
-4064300,0.5066
-4064400,0.5086
-4064500,0.5066
-4064600,0.5076
-4064700,0.5066
-4064800,0.5066
-4064900,0.5056
-4065000,0.5056
-4065100,0.5056
-4065200,0.5076
-4065300,0.5056
-4065400,0.5096
-4065500,0.5096
-4065600,0.5086
-4065700,0.5066
-4065800,0.5096
-4065900,0.5126
-4066000,0.5136
-4066100,0.5116
-4066200,0.5126
-4066300,0.5186
-4066400,0.5176
-4066500,0.5246
-4066600,0.5206
-4066700,0.5226
-4066800,0.5246
-4066900,0.5256
-4067000,0.5346
-4067100,0.5306
-4067200,0.5376
-4067300,0.5386
-4067400,0.5406
-4067500,0.5446
-4067600,0.5456
-4067700,0.5456
-4067800,0.5506
-4067900,0.5536
-4068000,0.5456
-4068100,0.5556
-4068200,0.5496
-4068300,0.5516
-4068400,0.5526
-4068500,0.5606
-4068600,0.5606
-4068700,0.5576
-4068800,0.5646
-4068900,0.5646
-4069000,0.5636
-4069100,0.5626
-4069200,0.5636
-4069300,0.5656
-4069400,0.5666
-4069500,0.5686
-4069600,0.5676
-4069700,0.5676
-4069800,0.5666
-4069900,0.5666
-4070000,0.5606
-4070100,0.5676
-4070200,0.5616
-4070300,0.5646
-4070400,0.5616
-4070500,0.5666
-4070600,0.5586
-4070700,0.5636
-4070800,0.5586
-4070900,0.5626
-4071000,0.5556
-4071100,0.5616
-4071200,0.5596
-4071300,0.5536
-4071400,0.5576
-4071500,0.5566
-4071600,0.5496
-4071700,0.5546
-4071800,0.5526
-4071900,0.5476
-4072000,0.5536
-4072100,0.5476
-4072200,0.5466
-4072300,0.5386
-4072400,0.5416
-4072500,0.5376
-4072600,0.5366
-4072700,0.5336
-4072800,0.5316
-4072900,0.5286
-4073000,0.5276
-4073100,0.5246
-4073200,0.5226
-4073300,0.5206
-4073400,0.5176
-4073500,0.5166
-4073600,0.5126
-4073700,0.5126
-4073800,0.5096
-4073900,0.5076
-4074000,0.5016
-4074100,0.5026
-4074200,0.5026
-4074300,0.5026
-4074400,0.4936
-4074500,0.4986
-4074600,0.4966
-4074700,0.4896
-4074800,0.4926
-4074900,0.4876
-4075000,0.4886
-4075100,0.4836
-4075200,0.4876
-4075300,0.4856
-4075400,0.4776
-4075500,0.4856
-4075600,0.4816
-4075700,0.4766
-4075800,0.4806
-4075900,0.4796
-4076000,0.4786
-4076100,0.4806
-4076200,0.4716
-4076300,0.4726
-4076400,0.4766
-4076500,0.4786
-4076600,0.4786
-4076700,0.4766
-4076800,0.4716
-4076900,0.4706
-4077000,0.4736
-4077100,0.4746
-4077200,0.4696
-4077300,0.4746
-4077400,0.4686
-4077500,0.4686
-4077600,0.4666
-4077700,0.4746
-4077800,0.4746
-4077900,0.4676
-4078000,0.4666
-4078100,0.4716
-4078200,0.4726
-4078300,0.4666
-4078400,0.4676
-4078500,0.4706
-4078600,0.4656
-4078700,0.4636
-4078800,0.4616
-4078900,0.4666
-4079000,0.4696
-4079100,0.4656
-4079200,0.4646
-4079300,0.4716
-4079400,0.4646
-4079500,0.4626
-4079600,0.4606
-4079700,0.4686
-4079800,0.4666
-4079900,0.4646
-4080000,0.4626
-4080100,0.4676
-4080200,0.4656
-4080300,0.4626
-4080400,0.4616
-4080500,0.4606
-4080600,0.4656
-4080700,0.4656
-4080800,0.4586
-4080900,0.4606
-4081000,0.4636
-4081100,0.4626
-4081200,0.4566
-4081300,0.4556
-4081400,0.4546
-4081500,0.4606
-4081600,0.4596
-4081700,0.4596
-4081800,0.4526
-4081900,0.4506
-4082000,0.4516
-4082100,0.4546
-4082200,0.4576
-4082300,0.4566
-4082400,0.4566
-4082500,0.4566
-4082600,0.4566
-4082700,0.4536
-4082800,0.4556
-4082900,0.4546
-4083000,0.4546
-4083100,0.4536
-4083200,0.4546
-4083300,0.4546
-4083400,0.4546
-4083500,0.4546
-4083600,0.4536
-4083700,0.4556
-4083800,0.4546
-4083900,0.4566
-4084000,0.4536
-4084100,0.4546
-4084200,0.4536
-4084300,0.4506
-4084400,0.4466
-4084500,0.4496
-4084600,0.4466
-4084700,0.4466
-4084800,0.4446
-4084900,0.4486
-4085000,0.4476
-4085100,0.4476
-4085200,0.4456
-4085300,0.4496
-4085400,0.4476
-4085500,0.4486
-4085600,0.4456
-4085700,0.4496
-4085800,0.4486
-4085900,0.4496
-4086000,0.4456
-4086100,0.4486
-4086200,0.4436
-4086300,0.4466
-4086400,0.4476
-4086500,0.4426
-4086600,0.4476
-4086700,0.4456
-4086800,0.4436
-4086900,0.4476
-4087000,0.4456
-4087100,0.4416
-4087200,0.4486
-4087300,0.4476
-4087400,0.4446
-4087500,0.4486
-4087600,0.4426
-4087700,0.4486
-4087800,0.4476
-4087900,0.4416
-4088000,0.4466
-4088100,0.4476
-4088200,0.4416
-4088300,0.4476
-4088400,0.4456
-4088500,0.4426
-4088600,0.4476
-4088700,0.4456
-4088800,0.4406
-4088900,0.4486
-4089000,0.4506
-4089100,0.4456
-4089200,0.4476
-4089300,0.4496
-4089400,0.4446
-4089500,0.4526
-4089600,0.4516
-4089700,0.4466
-4089800,0.4526
-4089900,0.4486
-4090000,0.4496
-4090100,0.4526
-4090200,0.4536
-4090300,0.4566
-4090400,0.4646
-4090500,0.4676
-4090600,0.4676
-4090700,0.4736
-4090800,0.4776
-4090900,0.4826
-4091000,0.4816
-4091100,0.4806
-4091200,0.4896
-4091300,0.4906
-4091400,0.4956
-4091500,0.4976
-4091600,0.4996
-4091700,0.4986
-4091800,0.5026
-4091900,0.5146
-4092000,0.5146
-4092100,0.5166
-4092200,0.5136
-4092300,0.5186
-4092400,0.5196
-4092500,0.5296
-4092600,0.5256
-4092700,0.5286
-4092800,0.5276
-4092900,0.5326
-4093000,0.5296
-4093100,0.5296
-4093200,0.5296
-4093300,0.5386
-4093400,0.5326
-4093500,0.5456
-4093600,0.5426
-4093700,0.5516
-4093800,0.5666
-4093900,0.5616
-4094000,0.5586
-4094100,0.5696
-4094200,0.5706
-4094300,0.5776
-4094400,0.5756
-4094500,0.5826
-4094600,0.5866
-4094700,0.5826
-4094800,0.5866
-4094900,0.5866
-4095000,0.5966
-4095100,0.5956
-4095200,0.6086
-4095300,0.6176
-4095400,0.6216
-4095500,0.6326
-4095600,0.6346
-4095700,0.6426
-4095800,0.6496
-4095900,0.6456
-4096000,0.6466
-4096100,0.6536
-4096200,0.6606
-4096300,0.6636
-4096400,0.6606
-4096500,0.6646
-4096600,0.6596
-4096700,0.6646
-4096800,0.6656
-4096900,0.6606
-4097000,0.6666
-4097100,0.6656
-4097200,0.6606
-4097300,0.6636
-4097400,0.6516
-4097500,0.6496
-4097600,0.6516
-4097700,0.6446
-4097800,0.6416
-4097900,0.6356
-4098000,0.6376
-4098100,0.6326
-4098200,0.6226
-4098300,0.6236
-4098400,0.6136
-4098500,0.6086
-4098600,0.6036
-4098700,0.6046
-4098800,0.6006
-4098900,0.5956
-4099000,0.5866
-4099100,0.5826
-4099200,0.5846
-4099300,0.5816
-4099400,0.5746
-4099500,0.5766
-4099600,0.5736
-4099700,0.5656
-4099800,0.5656
-4099900,0.5636
-4100000,0.5566
-4100100,0.5596
-4100200,0.5576
-4100300,0.5506
-4100400,0.5546
-4100500,0.5536
-4100600,0.5476
-4100700,0.5516
-4100800,0.5506
-4100900,0.5456
-4101000,0.5496
-4101100,0.5506
-4101200,0.5456
-4101300,0.5496
-4101400,0.5506
-4101500,0.5456
-4101600,0.5516
-4101700,0.5506
-4101800,0.5466
-4101900,0.5516
-4102000,0.5526
-4102100,0.5476
-4102200,0.5536
-4102300,0.5536
-4102400,0.5496
-4102500,0.5536
-4102600,0.5556
-4102700,0.5496
-4102800,0.5556
-4102900,0.5556
-4103000,0.5496
-4103100,0.5546
-4103200,0.5546
-4103300,0.5486
-4103400,0.5546
-4103500,0.5536
-4103600,0.5496
-4103700,0.5556
-4103800,0.5556
-4103900,0.5506
-4104000,0.5556
-4104100,0.5546
-4104200,0.5516
-4104300,0.5566
-4104400,0.5576
-4104500,0.5526
-4104600,0.5586
-4104700,0.5576
-4104800,0.5536
-4104900,0.5596
-4105000,0.5586
-4105100,0.5546
-4105200,0.5596
-4105300,0.5586
-4105400,0.5536
-4105500,0.5596
-4105600,0.5606
-4105700,0.5556
-4105800,0.5606
-4105900,0.5596
-4106000,0.5546
-4106100,0.5596
-4106200,0.5586
-4106300,0.5536
-4106400,0.5586
-4106500,0.5586
-4106600,0.5536
-4106700,0.5586
-4106800,0.5586
-4106900,0.5516
-4107000,0.5586
-4107100,0.5586
-4107200,0.5546
-4107300,0.5596
-4107400,0.5596
-4107500,0.5546
-4107600,0.5606
-4107700,0.5606
-4107800,0.5556
-4107900,0.5616
-4108000,0.5616
-4108100,0.5576
-4108200,0.5636
-4108300,0.5636
-4108400,0.5596
-4108500,0.5656
-4108600,0.5646
-4108700,0.5616
-4108800,0.5676
-4108900,0.5686
-4109000,0.5646
-4109100,0.5706
-4109200,0.5706
-4109300,0.5666
-4109400,0.5726
-4109500,0.5736
-4109600,0.5736
-4109700,0.5736
-4109800,0.5676
-4109900,0.5726
-4110000,0.5726
-4110100,0.5746
-4110200,0.5776
-4110300,0.5786
-4110400,0.5806
-4110500,0.5806
-4110600,0.5776
-4110700,0.5836
-4110800,0.5776
-4110900,0.5766
-4111000,0.5806
-4111100,0.5826
-4111200,0.5796
-4111300,0.5796
-4111400,0.5806
-4111500,0.5826
-4111600,0.5826
-4111700,0.5836
-4111800,0.5826
-4111900,0.5796
-4112000,0.5826
-4112100,0.5826
-4112200,0.5876
-4112300,0.5846
-4112400,0.5826
-4112500,0.5886
-4112600,0.5896
-4112700,0.5846
-4112800,0.5836
-4112900,0.5826
-4113000,0.5816
-4113100,0.5866
-4113200,0.5916
-4113300,0.5926
-4113400,0.5936
-4113500,0.5886
-4113600,0.5906
-4113700,0.5906
-4113800,0.5946
-4113900,0.5976
-4114000,0.5956
-4114100,0.5916
-4114200,0.5966
-4114300,0.5946
-4114400,0.5946
-4114500,0.5926
-4114600,0.5976
-4114700,0.5996
-4114800,0.5986
-4114900,0.6016
-4115000,0.5936
-4115100,0.5976
-4115200,0.6006
-4115300,0.5926
-4115400,0.5886
-4115500,0.5946
-4115600,0.5896
-4115700,0.5896
-4115800,0.5946
-4115900,0.5936
-4116000,0.5936
-4116100,0.5926
-4116200,0.5936
-4116300,0.5926
-4116400,0.5916
-4116500,0.5936
-4116600,0.5926
-4116700,0.5976
-4116800,0.5996
-4116900,0.6086
-4117000,0.6046
-4117100,0.6076
-4117200,0.6086
-4117300,0.6156
-4117400,0.6116
-4117500,0.6186
-4117600,0.6196
-4117700,0.6216
-4117800,0.6226
-4117900,0.6246
-4118000,0.6256
-4118100,0.6266
-4118200,0.6286
-4118300,0.6296
-4118400,0.6306
-4118500,0.6326
-4118600,0.6346
-4118700,0.6356
-4118800,0.6366
-4118900,0.6376
-4119000,0.6396
-4119100,0.6406
-4119200,0.6376
-4119300,0.6386
-4119400,0.6406
-4119500,0.6466
-4119600,0.6486
-4119700,0.6506
-4119800,0.6526
-4119900,0.6546
-4120000,0.6566
-4120100,0.6586
-4120200,0.6556
-4120300,0.6566
-4120400,0.6596
-4120500,0.6666
-4120600,0.6636
-4120700,0.6656
-4120800,0.6736
-4120900,0.6706
-4121000,0.6726
-4121100,0.6756
-4121200,0.6826
-4121300,0.6846
-4121400,0.6826
-4121500,0.6846
-4121600,0.6916
-4121700,0.6936
-4121800,0.6956
-4121900,0.6926
-4122000,0.6946
-4122100,0.7016
-4122200,0.6986
-4122300,0.7006
-4122400,0.7066
-4122500,0.7086
-4122600,0.7026
-4122700,0.7096
-4122800,0.7106
-4122900,0.7076
-4123000,0.7126
-4123100,0.7126
-4123200,0.7076
-4123300,0.7126
-4123400,0.7066
-4123500,0.7066
-4123600,0.7116
-4123700,0.7106
-4123800,0.7036
-4123900,0.7076
-4124000,0.7056
-4124100,0.7046
-4124200,0.7026
-4124300,0.7006
-4124400,0.6936
-4124500,0.6906
-4124600,0.6886
-4124700,0.6916
-4124800,0.6906
-4124900,0.6886
-4125000,0.6826
-4125100,0.6826
-4125200,0.6756
-4125300,0.6796
-4125400,0.6726
-4125500,0.6756
-4125600,0.6736
-4125700,0.6666
-4125800,0.6706
-4125900,0.6636
-4126000,0.6616
-4126100,0.6546
-4126200,0.6526
-4126300,0.6516
-4126400,0.6516
-4126500,0.6446
-4126600,0.6406
-4126700,0.6356
-4126800,0.6316
-4126900,0.6276
-4127000,0.6236
-4127100,0.6196
-4127200,0.6156
-4127300,0.6106
-4127400,0.6116
-4127500,0.6076
-4127600,0.6036
-4127700,0.5946
-4127800,0.5906
-4127900,0.5936
-4128000,0.5916
-4128100,0.5896
-4128200,0.5816
-4128300,0.5856
-4128400,0.5846
-4128500,0.5796
-4128600,0.5846
-4128700,0.5836
-4128800,0.5766
-4128900,0.5826
-4129000,0.5826
-4129100,0.5786
-4129200,0.5826
-4129300,0.5836
-4129400,0.5816
-4129500,0.5866
-4129600,0.5866
-4129700,0.5836
-4129800,0.5876
-4129900,0.5876
-4130000,0.5826
-4130100,0.5886
-4130200,0.5866
-4130300,0.5846
-4130400,0.5766
-4130500,0.5746
-4130600,0.5766
-4130700,0.5736
-4130800,0.5746
-4130900,0.5716
-4131000,0.5626
-4131100,0.5666
-4131200,0.5596
-4131300,0.5606
-4131400,0.5546
-4131500,0.5556
-4131600,0.5466
-4131700,0.5426
-4131800,0.5346
-4131900,0.5316
-4132000,0.5216
-4132100,0.5256
-4132200,0.5226
-4132300,0.5126
-4132400,0.5156
-4132500,0.5126
-4132600,0.5066
-4132700,0.5136
-4132800,0.5106
-4132900,0.5086
-4133000,0.5106
-4133100,0.5176
-4133200,0.5136
-4133300,0.5146
-4133400,0.5156
-4133500,0.5156
-4133600,0.5206
-4133700,0.5146
-4133800,0.5176
-4133900,0.5086
-4134000,0.5116
-4134100,0.5006
-4134200,0.5046
-4134300,0.4956
-4134400,0.4956
-4134500,0.4846
-4134600,0.4826
-4134700,0.4686
-4134800,0.4636
-4134900,0.4466
-4135000,0.4386
-4135100,0.4196
-4135200,0.4126
-4135300,0.4016
-4135400,0.3886
-4135500,0.3626
-4135600,0.3536
-4135700,0.3306
-4135800,0.3186
-4135900,0.3196
-4136000,0.2966
-4136100,0.3046
-4136200,0.2886
-4136300,0.2746
-4136400,0.2596
-4136500,0.2526
-4136600,0.2306
-4136700,0.2156
-4136800,0.2286
-4136900,0.2276
-4137000,0.2206
-4137100,0.2216
-4137200,0.2206
-4137300,0.2146
-4137400,0.2026
-4137500,0.2016
-4137600,0.2146
-4137700,0.2086
-4137800,0.2186
-4137900,0.2176
-4138000,0.2156
-4138100,0.2136
-4138200,0.2136
-4138300,0.2046
-4138400,0.2076
-4138500,0.2006
-4138600,0.1976
-4138700,0.1986
-4138800,0.1986
-4138900,0.1976
-4139000,0.1996
-4139100,0.1966
-4139200,0.1886
-4139300,0.1866
-4139400,0.1886
-4139500,0.1786
-4139600,0.1756
-4139700,0.1746
-4139800,0.1746
-4139900,0.1716
-4140000,0.1646
-4140100,0.1596
-4140200,0.1496
-4140300,0.1416
-4140400,0.1316
-4140500,0.1266
-4140600,0.1136
-4140700,0.0996
-4140800,0.0946
-4140900,0.0876
-4141000,0.0786
-4141100,0.0626
-4141200,0.0476
-4141300,0.0356
-4141400,0.0266
-4141500,0.0076
-4141600,-0.0084
-4141700,-0.0194
-4141800,-0.0484
-4141900,-0.0654
-4142000,-0.0914
-4142100,-0.1134
-4142200,-0.1324
-4142300,-0.1564
-4142400,-0.1804
-4142500,-0.2034
-4142600,-0.2344
-4142700,-0.2554
-4142800,-0.2774
-4142900,-0.2934
-4143000,-0.3044
-4143100,-0.3254
-4143200,-0.3414
-4143300,-0.3454
-4143400,-0.3624
-4143500,-0.3894
-4143600,-0.3904
-4143700,-0.4144
-4143800,-0.4374
-4143900,-0.4554
-4144000,-0.4764
-4144100,-0.5154
-4144200,-0.5214
-4144300,-0.5394
-4144400,-0.5654
-4144500,-0.5814
-4144600,-0.6164
-4144700,-0.6394
-4144800,-0.6684
-4144900,-0.6924
-4145000,-0.7024
-4145100,-0.7164
-4145200,-0.7324
-4145300,-0.7564
-4145400,-0.7734
-4145500,-0.7944
-4145600,-0.8214
-4145700,-0.8314
-4145800,-0.8534
-4145900,-0.8674
-4146000,-0.8884
-4146100,-0.9014
-4146200,-0.9294
-4146300,-0.9334
-4146400,-0.9524
-4146500,-0.9744
-4146600,-0.9834
-4146700,-0.9994
-4146800,-1.0094
-4146900,-1.0164
-4147000,-1.0184
-4147100,-1.0284
-4147200,-1.0364
-4147300,-1.0424
-4147400,-1.0454
-4147500,-1.0534
-4147600,-1.0634
-4147700,-1.0674
-4147800,-1.0714
-4147900,-1.0634
-4148000,-1.0644
-4148100,-1.0604
-4148200,-1.0584
-4148300,-1.0504
-4148400,-1.0614
-4148500,-1.0454
-4148600,-1.0494
-4148700,-1.0424
-4148800,-1.0484
-4148900,-1.0504
-4149000,-1.0354
-4149100,-1.0364
-4149200,-1.0234
-4149300,-1.0124
-4149400,-1.0184
-4149500,-1.0074
-4149600,-1.0024
-4149700,-1.0014
-4149800,-0.9844
-4149900,-0.9654
-4150000,-0.9574
-4150100,-0.9464
-4150200,-0.9384
-4150300,-0.9234
-4150400,-0.9114
-4150500,-0.8894
-4150600,-0.8744
-4150700,-0.8604
-4150800,-0.8494
-4150900,-0.8394
-4151000,-0.8194
-4151100,-0.8074
-4151200,-0.7884
-4151300,-0.7674
-4151400,-0.7534
-4151500,-0.7284
-4151600,-0.7104
-4151700,-0.7014
-4151800,-0.6814
-4151900,-0.6674
-4152000,-0.6414
-4152100,-0.6254
-4152200,-0.6074
-4152300,-0.5914
-4152400,-0.5814
-4152500,-0.5464
-4152600,-0.5424
-4152700,-0.5264
-4152800,-0.5004
-4152900,-0.4824
-4153000,-0.4624
-4153100,-0.4474
-4153200,-0.4294
-4153300,-0.4134
-4153400,-0.3824
-4153500,-0.3654
-4153600,-0.3414
-4153700,-0.3274
-4153800,-0.3024
-4153900,-0.2944
-4154000,-0.2884
-4154100,-0.2714
-4154200,-0.2544
-4154300,-0.2454
-4154400,-0.2244
-4154500,-0.2214
-4154600,-0.2104
-4154700,-0.1844
-4154800,-0.1694
-4154900,-0.1494
-4155000,-0.1424
-4155100,-0.1244
-4155200,-0.1084
-4155300,-0.0844
-4155400,-0.0784
-4155500,-0.0584
-4155600,-0.0294
-4155700,-0.0114
-4155800,0.0106
-4155900,0.0356
-4156000,0.0526
-4156100,0.0676
-4156200,0.0836
-4156300,0.0936
-4156400,0.1126
-4156500,0.1296
-4156600,0.1526
-4156700,0.1526
-4156800,0.1696
-4156900,0.1766
-4157000,0.1926
-4157100,0.2076
-4157200,0.2236
-4157300,0.2466
-4157400,0.2536
-4157500,0.2646
-4157600,0.2816
-4157700,0.3036
-4157800,0.3236
-4157900,0.3326
-4158000,0.3406
-4158100,0.3626
-4158200,0.3826
-4158300,0.3936
-4158400,0.4036
-4158500,0.4166
-4158600,0.4226
-4158700,0.4326
-4158800,0.4476
-4158900,0.4516
-4159000,0.4666
-4159100,0.4716
-4159200,0.4786
-4159300,0.4866
-4159400,0.4986
-4159500,0.5096
-4159600,0.5196
-4159700,0.5246
-4159800,0.5376
-4159900,0.5446
-4160000,0.5546
-4160100,0.5626
-4160200,0.5736
-4160300,0.5756
-4160400,0.5856
-4160500,0.5756
-4160600,0.5846
-4160700,0.5876
-4160800,0.5876
-4160900,0.5986
-4161000,0.6046
-4161100,0.6066
-4161200,0.6096
-4161300,0.6166
-4161400,0.6176
-4161500,0.6186
-4161600,0.6206
-4161700,0.6156
-4161800,0.6246
-4161900,0.6276
-4162000,0.6256
-4162100,0.6276
-4162200,0.6226
-4162300,0.6336
-4162400,0.6326
-4162500,0.6296
-4162600,0.6336
-4162700,0.6346
-4162800,0.6296
-4162900,0.6336
-4163000,0.6326
-4163100,0.6256
-4163200,0.6266
-4163300,0.6266
-4163400,0.6176
-4163500,0.6216
-4163600,0.6196
-4163700,0.6116
-4163800,0.6146
-4163900,0.6136
-4164000,0.6046
-4164100,0.6086
-4164200,0.6046
-4164300,0.6056
-4164400,0.6036
-4164500,0.6026
-4164600,0.6016
-4164700,0.6006
-4164800,0.5996
-4164900,0.5936
-4165000,0.6026
-4165100,0.6036
-4165200,0.5976
-4165300,0.6056
-4165400,0.6046
-4165500,0.6016
-4165600,0.6056
-4165700,0.6086
-4165800,0.6056
-4165900,0.6146
-4166000,0.6156
-4166100,0.6186
-4166200,0.6206
-4166300,0.6206
-4166400,0.6276
-4166500,0.6316
-4166600,0.6366
-4166700,0.6346
-4166800,0.6446
-4166900,0.6506
-4167000,0.6586
-4167100,0.6576
-4167200,0.6706
-4167300,0.6786
-4167400,0.6756
-4167500,0.6676
-4167600,0.6796
-4167700,0.6746
-4167800,0.6736
-4167900,0.6836
-4168000,0.6756
-4168100,0.6866
-4168200,0.6846
-4168300,0.6916
-4168400,0.6916
-4168500,0.6876
-4168600,0.6906
-4168700,0.6936
-4168800,0.6966
-4168900,0.6996
-4169000,0.6986
-4169100,0.6926
-4169200,0.7036
-4169300,0.7036
-4169400,0.6966
-4169500,0.7056
-4169600,0.7036
-4169700,0.7086
-4169800,0.7126
-4169900,0.7146
-4170000,0.7046
-4170100,0.6976
-4170200,0.7006
-4170300,0.7006
-4170400,0.7026
-4170500,0.7086
-4170600,0.7026
-4170700,0.7116
-4170800,0.7146
-4170900,0.7046
-4171000,0.7076
-4171100,0.7086
-4171200,0.7056
-4171300,0.7086
-4171400,0.7036
-4171500,0.7106
-4171600,0.7096
-4171700,0.7036
-4171800,0.7006
-4171900,0.7006
-4172000,0.7076
-4172100,0.7066
-4172200,0.7056
-4172300,0.7096
-4172400,0.7046
-4172500,0.7126
-4172600,0.7106
-4172700,0.7136
-4172800,0.7206
-4172900,0.7196
-4173000,0.7176
-4173100,0.7176
-4173200,0.7116
-4173300,0.7126
-4173400,0.7186
-4173500,0.7156
-4173600,0.7216
-4173700,0.7236
-4173800,0.7256
-4173900,0.7256
-4174000,0.7276
-4174100,0.7326
-4174200,0.7306
-4174300,0.7296
-4174400,0.7286
-4174500,0.7266
-4174600,0.7196
-4174700,0.7186
-4174800,0.7226
-4174900,0.7146
-4175000,0.7146
-4175100,0.7186
-4175200,0.7116
-4175300,0.7096
-4175400,0.7116
-4175500,0.7056
-4175600,0.6986
-4175700,0.7016
-4175800,0.6956
-4175900,0.6996
-4176000,0.6936
-4176100,0.6936
-4176200,0.6926
-4176300,0.6956
-4176400,0.6876
-4176500,0.6786
-4176600,0.6806
-4176700,0.6776
-4176800,0.6686
-4176900,0.6696
-4177000,0.6616
-4177100,0.6576
-4177200,0.6536
-4177300,0.6496
-4177400,0.6466
-4177500,0.6426
-4177600,0.6436
-4177700,0.6406
-4177800,0.6366
-4177900,0.6326
-4178000,0.6286
-4178100,0.6256
-4178200,0.6216
-4178300,0.6186
-4178400,0.6156
-4178500,0.6076
-4178600,0.6046
-4178700,0.6016
-4178800,0.5996
-4178900,0.5976
-4179000,0.6006
-4179100,0.5986
-4179200,0.5966
-4179300,0.5926
-4179400,0.5926
-4179500,0.5916
-4179600,0.5906
-4179700,0.5836
-4179800,0.5816
-4179900,0.5806
-4180000,0.5846
-4180100,0.5836
-4180200,0.5826
-4180300,0.5816
-4180400,0.5816
-4180500,0.5766
-4180600,0.5756
-4180700,0.5756
-4180800,0.5746
-4180900,0.5806
-4181000,0.5786
-4181100,0.5806
-4181200,0.5826
-4181300,0.5816
-4181400,0.5836
-4181500,0.5826
-4181600,0.5846
-4181700,0.5826
-4181800,0.5826
-4181900,0.5816
-4182000,0.5756
-4182100,0.5836
-4182200,0.5786
-4182300,0.5846
-4182400,0.5796
-4182500,0.5786
-4182600,0.5796
-4182700,0.5796
-4182800,0.5806
-4182900,0.5786
-4183000,0.5836
-4183100,0.5776
-4183200,0.5796
-4183300,0.5846
-4183400,0.5776
-4183500,0.5786
-4183600,0.5776
-4183700,0.5816
-4183800,0.5736
-4183900,0.5756
-4184000,0.5796
-4184100,0.5746
-4184200,0.5786
-4184300,0.5756
-4184400,0.5696
-4184500,0.5746
-4184600,0.5726
-4184700,0.5636
-4184800,0.5656
-4184900,0.5626
-4185000,0.5566
-4185100,0.5536
-4185200,0.5506
-4185300,0.5386
-4185400,0.5356
-4185500,0.5286
-4185600,0.5206
-4185700,0.5196
-4185800,0.5006
-4185900,0.4986
-4186000,0.4886
-4186100,0.4696
-4186200,0.4696
-4186300,0.4546
-4186400,0.4556
-4186500,0.4426
-4186600,0.4416
-4186700,0.4406
-4186800,0.4356
-4186900,0.4356
-4187000,0.4216
-4187100,0.4266
-4187200,0.4336
-4187300,0.4226
-4187400,0.4236
-4187500,0.4336
-4187600,0.4326
-4187700,0.4406
-4187800,0.4396
-4187900,0.4456
-4188000,0.4466
-4188100,0.4536
-4188200,0.4496
-4188300,0.4496
-4188400,0.4556
-4188500,0.4576
-4188600,0.4556
-4188700,0.4596
-4188800,0.4686
-4188900,0.4626
-4189000,0.4676
-4189100,0.4716
-4189200,0.4726
-4189300,0.4716
-4189400,0.4766
-4189500,0.4756
-4189600,0.4796
-4189700,0.4816
-4189800,0.4816
-4189900,0.4856
-4190000,0.4856
-4190100,0.4856
-4190200,0.4826
-4190300,0.4866
-4190400,0.4876
-4190500,0.4886
-4190600,0.4966
-4190700,0.4936
-4190800,0.5026
-4190900,0.5026
-4191000,0.5046
-4191100,0.4956
-4191200,0.5016
-4191300,0.4946
-4191400,0.4846
-4191500,0.4826
-4191600,0.4846
-4191700,0.4836
-4191800,0.4826
-4191900,0.4856
-4192000,0.4816
-4192100,0.4876
-4192200,0.4836
-4192300,0.4916
-4192400,0.4876
-4192500,0.4806
-4192600,0.4846
-4192700,0.4936
-4192800,0.4856
-4192900,0.4856
-4193000,0.4856
-4193100,0.4906
-4193200,0.4936
-4193300,0.4806
-4193400,0.4896
-4193500,0.4956
-4193600,0.4936
-4193700,0.4976
-4193800,0.5046
-4193900,0.4956
-4194000,0.4946
-4194100,0.5026
-4194200,0.4996
-4194300,0.5096
-4194400,0.5026
-4194500,0.5016
-4194600,0.4916
-4194700,0.5016
-4194800,0.5096
-4194900,0.5126
-4195000,0.5036
-4195100,0.5076
-4195200,0.5076
-4195300,0.5076
-4195400,0.5196
-4195500,0.5136
-4195600,0.5096
-4195700,0.5206
-4195800,0.5136
-4195900,0.5226
-4196000,0.5316
-4196100,0.5216
-4196200,0.5256
-4196300,0.5296
-4196400,0.5386
-4196500,0.5386
-4196600,0.5316
-4196700,0.5346
-4196800,0.5436
-4196900,0.5426
-4197000,0.5446
-4197100,0.5486
-4197200,0.5526
-4197300,0.5486
-4197400,0.5586
-4197500,0.5516
-4197600,0.5596
-4197700,0.5606
-4197800,0.5686
-4197900,0.5606
-4198000,0.5606
-4198100,0.5626
-4198200,0.5716
-4198300,0.5686
-4198400,0.5736
-4198500,0.5706
-4198600,0.5716
-4198700,0.5786
-4198800,0.5846
-4198900,0.5846
-4199000,0.5926
-4199100,0.5896
-4199200,0.5936
-4199300,0.5966
-4199400,0.6036
-4199500,0.6046
-4199600,0.6096
-4199700,0.6126
-4199800,0.6176
-4199900,0.6206
-4200000,0.6256
-4200100,0.6326
-4200200,0.6256
-4200300,0.6296
-4200400,0.6276
-4200500,0.6386
-4200600,0.6376
-4200700,0.6506
-4200800,0.6606
-4200900,0.6596
-4201000,0.6596
-4201100,0.6696
-4201200,0.6806
-4201300,0.6876
-4201400,0.6896
-4201500,0.6876
-4201600,0.6966
-4201700,0.6986
-4201800,0.7016
-4201900,0.7096
-4202000,0.7156
-4202100,0.7226
-4202200,0.7366
-4202300,0.7426
-4202400,0.7426
-4202500,0.7476
-4202600,0.7546
-4202700,0.7616
-4202800,0.7706
-4202900,0.7746
-4203000,0.7696
-4203100,0.7786
-4203200,0.7826
-4203300,0.7866
-4203400,0.7876
-4203500,0.7966
-4203600,0.8016
-4203700,0.7996
-4203800,0.7956
-4203900,0.7986
-4204000,0.7896
-4204100,0.7986
-4204200,0.7996
-4204300,0.8006
-4204400,0.7956
-4204500,0.7936
-4204600,0.7916
-4204700,0.7936
-4204800,0.7846
-4204900,0.7806
-4205000,0.7856
-4205100,0.7816
-4205200,0.7876
-4205300,0.7886
-4205400,0.7866
-4205500,0.7906
-4205600,0.7886
-4205700,0.7876
-4205800,0.7906
-4205900,0.7806
-4206000,0.7796
-4206100,0.7776
-4206200,0.7766
-4206300,0.7746
-4206400,0.7716
-4206500,0.7696
-4206600,0.7676
-4206700,0.7656
-4206800,0.7676
-4206900,0.7596
-4207000,0.7576
-4207100,0.7566
-4207200,0.7546
-4207300,0.7516
-4207400,0.7506
-4207500,0.7486
-4207600,0.7466
-4207700,0.7436
-4207800,0.7426
-4207900,0.7456
-4208000,0.7386
-4208100,0.7406
-4208200,0.7356
-4208300,0.7396
-4208400,0.7306
-4208500,0.7356
-4208600,0.7266
-4208700,0.7316
-4208800,0.7266
-4208900,0.7316
-4209000,0.7286
-4209100,0.7196
-4209200,0.7236
-4209300,0.7216
-4209400,0.7196
-4209500,0.7126
-4209600,0.7166
-4209700,0.7166
-4209800,0.7156
-4209900,0.7256
-4210000,0.7256
-4210100,0.7256
-4210200,0.7256
-4210300,0.7246
-4210400,0.7186
-4210500,0.7176
-4210600,0.7216
-4210700,0.7216
-4210800,0.7156
-4210900,0.7186
-4211000,0.7116
-4211100,0.7146
-4211200,0.7066
-4211300,0.7036
-4211400,0.7066
-4211500,0.6986
-4211600,0.7016
-4211700,0.6946
-4211800,0.6966
-4211900,0.6886
-4212000,0.6906
-4212100,0.6826
-4212200,0.6786
-4212300,0.6756
-4212400,0.6776
-4212500,0.6746
-4212600,0.6726
-4212700,0.6696
-4212800,0.6676
-4212900,0.6606
-4213000,0.6586
-4213100,0.6616
-4213200,0.6566
-4213300,0.6556
-4213400,0.6546
-4213500,0.6546
-4213600,0.6546
-4213700,0.6546
-4213800,0.6546
-4213900,0.6576
-4214000,0.6586
-4214100,0.6596
-4214200,0.6596
-4214300,0.6666
-4214400,0.6696
-4214500,0.6706
-4214600,0.6736
-4214700,0.6756
-4214800,0.6776
-4214900,0.6786
-4215000,0.6786
-4215100,0.6826
-4215200,0.6826
-4215300,0.6836
-4215400,0.6836
-4215500,0.6806
-4215600,0.6846
-4215700,0.6846
-4215800,0.6846
-4215900,0.6876
-4216000,0.6826
-4216100,0.6806
-4216200,0.6836
-4216300,0.6836
-4216400,0.6816
-4216500,0.6776
-4216600,0.6776
-4216700,0.6836
-4216800,0.6826
-4216900,0.6816
-4217000,0.6766
-4217100,0.6736
-4217200,0.6806
-4217300,0.6786
-4217400,0.6776
-4217500,0.6766
-4217600,0.6836
-4217700,0.6856
-4217800,0.6866
-4217900,0.6846
-4218000,0.6926
-4218100,0.6956
-4218200,0.6936
-4218300,0.6966
-4218400,0.7046
-4218500,0.7026
-4218600,0.7066
-4218700,0.7146
-4218800,0.7186
-4218900,0.7216
-4219000,0.7196
-4219100,0.7276
-4219200,0.7296
-4219300,0.7326
-4219400,0.7296
-4219500,0.7366
-4219600,0.7386
-4219700,0.7406
-4219800,0.7426
-4219900,0.7436
-4220000,0.7446
-4220100,0.7456
-4220200,0.7466
-4220300,0.7476
-4220400,0.7486
-4220500,0.7496
-4220600,0.7506
-4220700,0.7516
-4220800,0.7466
-4220900,0.7476
-4221000,0.7486
-4221100,0.7486
-4221200,0.7496
-4221300,0.7506
-4221400,0.7516
-4221500,0.7516
-4221600,0.7526
-4221700,0.7486
-4221800,0.7546
-4221900,0.7546
-4222000,0.7546
-4222100,0.7496
-4222200,0.7496
-4222300,0.7496
-4222400,0.7506
-4222500,0.7506
-4222600,0.7556
-4222700,0.7506
-4222800,0.7506
-4222900,0.7506
-4223000,0.7506
-4223100,0.7516
-4223200,0.7526
-4223300,0.7586
-4223400,0.7546
-4223500,0.7606
-4223600,0.7596
-4223700,0.7526
-4223800,0.7496
-4223900,0.7456
-4224000,0.7436
-4224100,0.7356
-4224200,0.7376
-4224300,0.7346
-4224400,0.7266
-4224500,0.7276
-4224600,0.7226
-4224700,0.7116
-4224800,0.7066
-4224900,0.6896
-4225000,0.6926
-4225100,0.6846
-4225200,0.6866
-4225300,0.6786
-4225400,0.6756
-4225500,0.6726
-4225600,0.6746
-4225700,0.6696
-4225800,0.6626
-4225900,0.6506
-4226000,0.6486
-4226100,0.6466
-4226200,0.6446
-4226300,0.6426
-4226400,0.6416
-4226500,0.6446
-4226600,0.6426
-4226700,0.6356
-4226800,0.6336
-4226900,0.6316
-4227000,0.6296
-4227100,0.6276
-4227200,0.6256
-4227300,0.6236
-4227400,0.6226
-4227500,0.6206
-4227600,0.6246
-4227700,0.6186
-4227800,0.6186
-4227900,0.6226
-4228000,0.6166
-4228100,0.6166
-4228200,0.6216
-4228300,0.6156
-4228400,0.6206
-4228500,0.6156
-4228600,0.6146
-4228700,0.6146
-4228800,0.6146
-4228900,0.6186
-4229000,0.6126
-4229100,0.6116
-4229200,0.6106
-4229300,0.6086
-4229400,0.6066
-4229500,0.6086
-4229600,0.6046
-4229700,0.6066
-4229800,0.5986
-4229900,0.5966
-4230000,0.5926
-4230100,0.5936
-4230200,0.5826
-4230300,0.5766
-4230400,0.5696
-4230500,0.5606
-4230600,0.5496
-4230700,0.5416
-4230800,0.5276
-4230900,0.5226
-4231000,0.5056
-4231100,0.5096
-4231200,0.4986
-4231300,0.4956
-4231400,0.4856
-4231500,0.4736
-4231600,0.4886
-4231700,0.4766
-4231800,0.4776
-4231900,0.4956
-4232000,0.4886
-4232100,0.4976
-4232200,0.4986
-4232300,0.4996
-4232400,0.4956
-4232500,0.5066
-4232600,0.5086
-4232700,0.5056
-4232800,0.5136
-4232900,0.5136
-4233000,0.5146
-4233100,0.5156
-4233200,0.5176
-4233300,0.5156
-4233400,0.5186
-4233500,0.5216
-4233600,0.5266
-4233700,0.5266
-4233800,0.5326
-4233900,0.5346
-4234000,0.5336
-4234100,0.5386
-4234200,0.5386
-4234300,0.5426
-4234400,0.5436
-4234500,0.5466
-4234600,0.5486
-4234700,0.5526
-4234800,0.5566
-4234900,0.5596
-4235000,0.5606
-4235100,0.5596
-4235200,0.5626
-4235300,0.5666
-4235400,0.5686
-4235500,0.5686
-4235600,0.5666
-4235700,0.5696
-4235800,0.5716
-4235900,0.5726
-4236000,0.5736
-4236100,0.5736
-4236200,0.5726
-4236300,0.5716
-4236400,0.5716
-4236500,0.5706
-4236600,0.5696
-4236700,0.5696
-4236800,0.5666
-4236900,0.5706
-4237000,0.5686
-4237100,0.5676
-4237200,0.5676
-4237300,0.5676
-4237400,0.5636
-4237500,0.5656
-4237600,0.5646
-4237700,0.5636
-4237800,0.5626
-4237900,0.5626
-4238000,0.5586
-4238100,0.5616
-4238200,0.5616
-4238300,0.5596
-4238400,0.5596
-4238500,0.5596
-4238600,0.5556
-4238700,0.5586
-4238800,0.5586
-4238900,0.5576
-4239000,0.5576
-4239100,0.5556
-4239200,0.5546
-4239300,0.5586
-4239400,0.5596
-4239500,0.5566
-4239600,0.5586
-4239700,0.5576
-4239800,0.5576
-4239900,0.5576
-4240000,0.5576
-4240100,0.5556
-4240200,0.5556
-4240300,0.5566
-4240400,0.5566
-4240500,0.5566
-4240600,0.5576
-4240700,0.5516
-4240800,0.5576
-4240900,0.5576
-4241000,0.5536
-4241100,0.5576
-4241200,0.5586
-4241300,0.5526
-4241400,0.5586
-4241500,0.5586
-4241600,0.5556
-4241700,0.5586
-4241800,0.5596
-4241900,0.5546
-4242000,0.5576
-4242100,0.5606
-4242200,0.5546
-4242300,0.5596
-4242400,0.5596
-4242500,0.5606
-4242600,0.5596
-4242700,0.5586
-4242800,0.5596
-4242900,0.5576
-4243000,0.5616
-4243100,0.5586
-4243200,0.5576
-4243300,0.5586
-4243400,0.5576
-4243500,0.5566
-4243600,0.5576
-4243700,0.5556
-4243800,0.5556
-4243900,0.5536
-4244000,0.5526
-4244100,0.5536
-4244200,0.5506
-4244300,0.5506
-4244400,0.5476
-4244500,0.5486
-4244600,0.5446
-4244700,0.5456
-4244800,0.5426
-4244900,0.5416
-4245000,0.5396
-4245100,0.5396
-4245200,0.5346
-4245300,0.5326
-4245400,0.5316
-4245500,0.5316
-4245600,0.5216
-4245700,0.5226
-4245800,0.5156
-4245900,0.5216
-4246000,0.5196
-4246100,0.5156
-4246200,0.5106
-4246300,0.5096
-4246400,0.5096
-4246500,0.5086
-4246600,0.5046
-4246700,0.5016
-4246800,0.4986
-4246900,0.4946
-4247000,0.4876
-4247100,0.4886
-4247200,0.4856
-4247300,0.4806
-4247400,0.4686
-4247500,0.4716
-4247600,0.4626
-4247700,0.4666
-4247800,0.4656
-4247900,0.4596
-4248000,0.4536
-4248100,0.4606
-4248200,0.4606
-4248300,0.4586
-4248400,0.4576
-4248500,0.4516
-4248600,0.4486
-4248700,0.4386
-4248800,0.4376
-4248900,0.4346
-4249000,0.4336
-4249100,0.4326
-4249200,0.4326
-4249300,0.4336
-4249400,0.4326
-4249500,0.4326
-4249600,0.4276
-4249700,0.4306
-4249800,0.4326
-4249900,0.4236
-4250000,0.4366
-4250100,0.4306
-4250200,0.4326
-4250300,0.4416
-4250400,0.4406
-4250500,0.4406
-4250600,0.4426
-4250700,0.4536
-4250800,0.4506
-4250900,0.4606
-4251000,0.4596
-4251100,0.4666
-4251200,0.4646
-4251300,0.4676
-4251400,0.4726
-4251500,0.4746
-4251600,0.4796
-4251700,0.4866
-4251800,0.4946
-4251900,0.4986
-4252000,0.5046
-4252100,0.5126
-4252200,0.5116
-4252300,0.5226
-4252400,0.5216
-4252500,0.5246
-4252600,0.5306
-4252700,0.5366
-4252800,0.5406
-4252900,0.5526
-4253000,0.5536
-4253100,0.5596
-4253200,0.5616
-4253300,0.5656
-4253400,0.5666
-4253500,0.5646
-4253600,0.5706
-4253700,0.5756
-4253800,0.5716
-4253900,0.5836
-4254000,0.5806
-4254100,0.5876
-4254200,0.5926
-4254300,0.5936
-4254400,0.5996
-4254500,0.5986
-4254600,0.6056
-4254700,0.6056
-4254800,0.6146
-4254900,0.6156
-4255000,0.6256
-4255100,0.6276
-4255200,0.6286
-4255300,0.6256
-4255400,0.6276
-4255500,0.6316
-4255600,0.6416
-4255700,0.6446
-4255800,0.6416
-4255900,0.6516
-4256000,0.6506
-4256100,0.6456
-4256200,0.6456
-4256300,0.6406
-4256400,0.6416
-4256500,0.6396
-4256600,0.6386
-4256700,0.6396
-4256800,0.6436
-4256900,0.6356
-4257000,0.6436
-4257100,0.6336
-4257200,0.6326
-4257300,0.6316
-4257400,0.6326
-4257500,0.6296
-4257600,0.6306
-4257700,0.6116
-4257800,0.6096
-4257900,0.6186
-4258000,0.6206
-4258100,0.6216
-4258200,0.6226
-4258300,0.6166
-4258400,0.6266
-4258500,0.6206
-4258600,0.6206
-4258700,0.6206
-4258800,0.6136
-4258900,0.6186
-4259000,0.6136
-4259100,0.6076
-4259200,0.6096
-4259300,0.6086
-4259400,0.6036
-4259500,0.5986
-4259600,0.5966
-4259700,0.5936
-4259800,0.5926
-4259900,0.5946
-4260000,0.5936
-4260100,0.5836
-4260200,0.5896
-4260300,0.5826
-4260400,0.5796
-4260500,0.5856
-4260600,0.5836
-4260700,0.5836
-4260800,0.5766
-4260900,0.5766
-4261000,0.5746
-4261100,0.5796
-4261200,0.5786
-4261300,0.5756
-4261400,0.5726
-4261500,0.5746
-4261600,0.5726
-4261700,0.5716
-4261800,0.5776
-4261900,0.5776
-4262000,0.5776
-4262100,0.5716
-4262200,0.5696
-4262300,0.5776
-4262400,0.5736
-4262500,0.5776
-4262600,0.5716
-4262700,0.5776
-4262800,0.5716
-4262900,0.5716
-4263000,0.5716
-4263100,0.5736
-4263200,0.5756
-4263300,0.5746
-4263400,0.5706
-4263500,0.5686
-4263600,0.5746
-4263700,0.5736
-4263800,0.5726
-4263900,0.5716
-4264000,0.5686
-4264100,0.5706
-4264200,0.5686
-4264300,0.5636
-4264400,0.5656
-4264500,0.5596
-4264600,0.5626
-4264700,0.5566
-4264800,0.5546
-4264900,0.5506
-4265000,0.5516
-4265100,0.5496
-4265200,0.5546
-4265300,0.5466
-4265400,0.5506
-4265500,0.5476
-4265600,0.5416
-4265700,0.5386
-4265800,0.5416
-4265900,0.5376
-4266000,0.5396
-4266100,0.5296
-4266200,0.5326
-4266300,0.5226
-4266400,0.5226
-4266500,0.5206
-4266600,0.5256
-4266700,0.5206
-4266800,0.5136
-4266900,0.5106
-4267000,0.5186
-4267100,0.5136
-4267200,0.5126
-4267300,0.5086
-4267400,0.5096
-4267500,0.5096
-4267600,0.5076
-4267700,0.5066
-4267800,0.5056
-4267900,0.5046
-4268000,0.5026
-4268100,0.5026
-4268200,0.5056
-4268300,0.4976
-4268400,0.4976
-4268500,0.4986
-4268600,0.4976
-4268700,0.5066
-4268800,0.5076
-4268900,0.5086
-4269000,0.5106
-4269100,0.5136
-4269200,0.5086
-4269300,0.5096
-4269400,0.5106
-4269500,0.5186
-4269600,0.5256
-4269700,0.5286
-4269800,0.5266
-4269900,0.5236
-4270000,0.5316
-4270100,0.5366
-4270200,0.5316
-4270300,0.5406
-4270400,0.5386
-4270500,0.5466
-4270600,0.5496
-4270700,0.5536
-4270800,0.5546
-4270900,0.5506
-4271000,0.5556
-4271100,0.5606
-4271200,0.5646
-4271300,0.5666
-4271400,0.5646
-4271500,0.5586
-4271600,0.5666
-4271700,0.5676
-4271800,0.5706
-4271900,0.5676
-4272000,0.5726
-4272100,0.5626
-4272200,0.5636
-4272300,0.5716
-4272400,0.5756
-4272500,0.5736
-4272600,0.5836
-4272700,0.5866
-4272800,0.5866
-4272900,0.5896
-4273000,0.5986
-4273100,0.6026
-4273200,0.6036
-4273300,0.6056
-4273400,0.6126
-4273500,0.6136
-4273600,0.6166
-4273700,0.6186
-4273800,0.6186
-4273900,0.6176
-4274000,0.6236
-4274100,0.6256
-4274200,0.6226
-4274300,0.6216
-4274400,0.6206
-4274500,0.6266
-4274600,0.6206
-4274700,0.6236
-4274800,0.6316
-4274900,0.6216
-4275000,0.6196
-4275100,0.6246
-4275200,0.6216
-4275300,0.6146
-4275400,0.6096
-4275500,0.6176
-4275600,0.6146
-4275700,0.6126
-4275800,0.6076
-4275900,0.6056
-4276000,0.6146
-4276100,0.6066
-4276200,0.6106
-4276300,0.6046
-4276400,0.6116
-4276500,0.6076
-4276600,0.6076
-4276700,0.6016
-4276800,0.6086
-4276900,0.5986
-4277000,0.6016
-4277100,0.5996
-4277200,0.5906
-4277300,0.5936
-4277400,0.5916
-4277500,0.5866
-4277600,0.5826
-4277700,0.5786
-4277800,0.5736
-4277900,0.5756
-4278000,0.5696
-4278100,0.5656
-4278200,0.5606
-4278300,0.5556
-4278400,0.5556
-4278500,0.5546
-4278600,0.5436
-4278700,0.5446
-4278800,0.5466
-4278900,0.5376
-4279000,0.5426
-4279100,0.5316
-4279200,0.5376
-4279300,0.5376
-4279400,0.5356
-4279500,0.5346
-4279600,0.5336
-4279700,0.5306
-4279800,0.5316
-4279900,0.5346
-4280000,0.5336
-4280100,0.5306
-4280200,0.5316
-4280300,0.5306
-4280400,0.5366
-4280500,0.5326
-4280600,0.5396
-4280700,0.5406
-4280800,0.5426
-4280900,0.5406
-4281000,0.5436
-4281100,0.5476
-4281200,0.5486
-4281300,0.5486
-4281400,0.5476
-4281500,0.5516
-4281600,0.5536
-4281700,0.5536
-4281800,0.5556
-4281900,0.5536
-4282000,0.5586
-4282100,0.5636
-4282200,0.5706
-4282300,0.5726
-4282400,0.5676
-4282500,0.5736
-4282600,0.5786
-4282700,0.5796
-4282800,0.5796
-4282900,0.5806
-4283000,0.5776
-4283100,0.5846
-4283200,0.5866
-4283300,0.5886
-4283400,0.5896
-4283500,0.5866
-4283600,0.5886
-4283700,0.5886
-4283800,0.5916
-4283900,0.5976
-4284000,0.5976
-4284100,0.5956
-4284200,0.5936
-4284300,0.6026
-4284400,0.6026
-4284500,0.6016
-4284600,0.6006
-4284700,0.6016
-4284800,0.6086
-4284900,0.6096
-4285000,0.6056
-4285100,0.6146
-4285200,0.6146
-4285300,0.6116
-4285400,0.6206
-4285500,0.6196
-4285600,0.6106
-4285700,0.6146
-4285800,0.6176
-4285900,0.6196
-4286000,0.6176
-4286100,0.6256
-4286200,0.6226
-4286300,0.6306
-4286400,0.6276
-4286500,0.6346
-4286600,0.6316
-4286700,0.6366
-4286800,0.6406
-4286900,0.6436
-4287000,0.6436
-4287100,0.6476
-4287200,0.6486
-4287300,0.6486
-4287400,0.6526
-4287500,0.6566
-4287600,0.6586
-4287700,0.6586
-4287800,0.6616
-4287900,0.6646
-4288000,0.6666
-4288100,0.6696
-4288200,0.6716
-4288300,0.6746
-4288400,0.6736
-4288500,0.6666
-4288600,0.6766
-4288700,0.6776
-4288800,0.6746
-4288900,0.6796
-4289000,0.6806
-4289100,0.6836
-4289200,0.6846
-4289300,0.6776
-4289400,0.6856
-4289500,0.6876
-4289600,0.6846
-4289700,0.6936
-4289800,0.6976
-4289900,0.7006
-4290000,0.6886
-4290100,0.6876
-4290200,0.6886
-4290300,0.6906
-4290400,0.6906
-4290500,0.6916
-4290600,0.6986
-4290700,0.7026
-4290800,0.7036
-4290900,0.7116
-4291000,0.7076
-4291100,0.7106
-4291200,0.7166
-4291300,0.7196
-4291400,0.7246
-4291500,0.7276
-4291600,0.7296
-4291700,0.7306
-4291800,0.7386
-4291900,0.7356
-4292000,0.7446
-4292100,0.7426
-4292200,0.7466
-4292300,0.7496
-4292400,0.7526
-4292500,0.7496
-4292600,0.7616
-4292700,0.7626
-4292800,0.7686
-4292900,0.7706
-4293000,0.7786
-4293100,0.7856
-4293200,0.7936
-4293300,0.7996
-4293400,0.8046
-4293500,0.8036
-4293600,0.8086
-4293700,0.8136
-4293800,0.8196
-4293900,0.8276
-4294000,0.8356
-4294100,0.8426
-4294200,0.8496
-4294300,0.8466
-4294400,0.8596
-4294500,0.8586
-4294600,0.8646
-4294700,0.8696
-4294800,0.8866
-4294900,0.8826
-4295000,0.8866
-4295100,0.8826
-4295200,0.8906
-4295300,0.8916
-4295400,0.8876
-4295500,0.8926
-4295600,0.8946
-4295700,0.8926
-4295800,0.8996
-4295900,0.8956
-4296000,0.9026
-4296100,0.9056
-4296200,0.9096
-4296300,0.9096
-4296400,0.9166
-4296500,0.9206
-4296600,0.9126
-4296700,0.9186
-4296800,0.9166
-4296900,0.9256
-4297000,0.9306
-4297100,0.9326
-4297200,0.9406
-4297300,0.9576
-4297400,0.9706
-4297500,0.9856
-4297600,0.9916
-4297700,1.0016
-4297800,1.0016
-4297900,0.9966
-4298000,1.0006
-4298100,1.0006
-4298200,0.9966
-4298300,1.0046
-4298400,1.0066
-4298500,1.0036
-4298600,1.0156
-4298700,1.0176
-4298800,1.0186
-4298900,1.0136
-4299000,1.0206
-4299100,1.0176
-4299200,1.0186
-4299300,1.0256
-4299400,1.0286
-4299500,1.0266
-4299600,1.0346
-4299700,1.0386
-4299800,1.0436
-4299900,1.0386
-4300000,1.0396
-4300100,1.0466
-4300200,1.0466
-4300300,1.0476
-4300400,1.0486
-4300500,1.0436
-4300600,1.0496
-4300700,1.0506
-4300800,1.0466
-4300900,1.0486
-4301000,1.0546
-4301100,1.0556
-4301200,1.0526
-4301300,1.0596
-4301400,1.0626
-4301500,1.0606
-4301600,1.0636
-4301700,1.0706
-4301800,1.0786
-4301900,1.0866
-4302000,1.0876
-4302100,1.0826
-4302200,1.0896
-4302300,1.0836
-4302400,1.0896
-4302500,1.0816
-4302600,1.0826
-4302700,1.0836
-4302800,1.0886
-4302900,1.0836
-4303000,1.0906
-4303100,1.0926
-4303200,1.0836
-4303300,1.0906
-4303400,1.0886
-4303500,1.0976
-4303600,1.0856
-4303700,1.0816
-4303800,1.0796
-4303900,1.0776
-4304000,1.0716
-4304100,1.0746
-4304200,1.0686
-4304300,1.0666
-4304400,1.0656
-4304500,1.0646
-4304600,1.0646
-4304700,1.0636
-4304800,1.0636
-4304900,1.0576
-4305000,1.0616
-4305100,1.0596
-4305200,1.0526
-4305300,1.0546
-4305400,1.0526
-4305500,1.0456
-4305600,1.0486
-4305700,1.0466
-4305800,1.0406
-4305900,1.0436
-4306000,1.0426
-4306100,1.0346
-4306200,1.0376
-4306300,1.0356
-4306400,1.0286
-4306500,1.0326
-4306600,1.0316
-4306700,1.0256
-4306800,1.0306
-4306900,1.0296
-4307000,1.0236
-4307100,1.0276
-4307200,1.0266
-4307300,1.0216
-4307400,1.0266
-4307500,1.0256
-4307600,1.0206
-4307700,1.0256
-4307800,1.0256
-4307900,1.0206
-4308000,1.0256
-4308100,1.0256
-4308200,1.0206
-4308300,1.0256
-4308400,1.0266
-4308500,1.0216
-4308600,1.0266
-4308700,1.0276
-4308800,1.0226
-4308900,1.0276
-4309000,1.0276
-4309100,1.0226
-4309200,1.0276
-4309300,1.0276
-4309400,1.0116
-4309500,1.0156
-4309600,1.0156
-4309700,1.0096
-4309800,1.0146
-4309900,1.0136
-4310000,1.0086
-4310100,1.0126
-4310200,1.0126
-4310300,1.0076
-4310400,1.0126
-4310500,1.0126
-4310600,1.0066
-4310700,1.0126
-4310800,1.0126
-4310900,1.0076
-4311000,1.0136
-4311100,1.0146
-4311200,1.0106
-4311300,1.0176
-4311400,1.0206
-4311500,1.0176
-4311600,1.0266
-4311700,1.0326
-4311800,1.0326
-4311900,1.0376
-4312000,1.0376
-4312100,1.0316
-4312200,1.0366
-4312300,1.0356
-4312400,1.0296
-4312500,1.0346
-4312600,1.0336
-4312700,1.0286
-4312800,1.0336
-4312900,1.0326
-4313000,1.0276
-4313100,1.0326
-4313200,1.0316
-4313300,1.0266
-4313400,1.0316
-4313500,1.0316
-4313600,1.0266
-4313700,1.0316
-4313800,1.0316
-4313900,1.0256
-4314000,1.0306
-4314100,1.0306
-4314200,1.0246
-4314300,1.0296
-4314400,1.0296
-4314500,1.0246
-4314600,1.0296
-4314700,1.0296
-4314800,1.0236
-4314900,1.0286
-4315000,1.0286
-4315100,1.0226
-4315200,1.0286
-4315300,1.0276
-4315400,1.0216
-4315500,1.0256
-4315600,1.0256
-4315700,1.0206
-4315800,1.0246
-4315900,1.0246
-4316000,1.0186
-4316100,1.0246
-4316200,1.0246
-4316300,1.0196
-4316400,1.0246
-4316500,1.0246
-4316600,1.0206
-4316700,1.0236
-4316800,1.0256
-4316900,1.0196
-4317000,1.0246
-4317100,1.0256
-4317200,1.0206
-4317300,1.0266
-4317400,1.0286
-4317500,1.0236
-4317600,1.0306
-4317700,1.0296
-4317800,1.0256
-4317900,1.0246
-4318000,1.0246
-4318100,1.0306
-4318200,1.0256
-4318300,1.0306
-4318400,1.0306
-4318500,1.0296
-4318600,1.0296
-4318700,1.0236
-4318800,1.0266
-4318900,1.0236
-4319000,1.0186
-4319100,1.0186
-4319200,1.0236
-4319300,1.0236
-4319400,1.0186
-4319500,1.0246
-4319600,1.0196
-4319700,1.0186
-4319800,1.0176
-4319900,1.0216
-4320000,1.0216
-4320100,1.0176
-4320200,1.0246
-4320300,1.0256
-4320400,1.0206
-4320500,1.0216
-4320600,1.0216
-4320700,1.0276
-4320800,1.0276
-4320900,1.0216
-4321000,1.0276
-4321100,1.0226
-4321200,1.0286
-4321300,1.0236
-4321400,1.0286
-4321500,1.0286
-4321600,1.0236
-4321700,1.0286
-4321800,1.0246
-4321900,1.0246
-4322000,1.0296
-4322100,1.0216
-4322200,1.0296
-4322300,1.0266
-4322400,1.0296
-4322500,1.0366
-4322600,1.0346
-4322700,1.0356
-4322800,1.0456
-4322900,1.0446
-4323000,1.0506
-4323100,1.0536
-4323200,1.0536
-4323300,1.0516
-4323400,1.0526
-4323500,1.0576
-4323600,1.0576
-4323700,1.0686
-4323800,1.0656
-4323900,1.0706
-4324000,1.0686
-4324100,1.0726
-4324200,1.0626
-4324300,1.0616
-4324400,1.0586
-4324500,1.0706
-4324600,1.0716
-4324700,1.0826
-4324800,1.0846
-4324900,1.0896
-4325000,1.1016
-4325100,1.1076
-4325200,1.1076
-4325300,1.1156
-4325400,1.1206
-4325500,1.1216
-4325600,1.1306
-4325700,1.1386
-4325800,1.1506
-4325900,1.1536
-4326000,1.1596
-4326100,1.1696
-4326200,1.1816
-4326300,1.1986
-4326400,1.2116
-4326500,1.2156
-4326600,1.2346
-4326700,1.2486
-4326800,1.2596
-4326900,1.2796
-4327000,1.2756
-4327100,1.2966
-4327200,1.3106
-4327300,1.3206
-4327400,1.3436
-4327500,1.3606
-4327600,1.3726
-4327700,1.3866
-4327800,1.4116
-4327900,1.4336
-4328000,1.4566
-4328100,1.4746
-4328200,1.5006
-4328300,1.5346
-4328400,1.5356
-4328500,1.5466
-4328600,1.5426
-4328700,1.5496
-4328800,1.5336
-4328900,1.5366
-4329000,1.5586
-4329100,1.5506
-4329200,1.5536
-4329300,1.5526
-4329400,1.5656
-4329500,1.5446
-4329600,1.5596
-4329700,1.5866
-4329800,1.5926
-4329900,1.5966
-4330000,1.6066
-4330100,1.6146
-4330200,1.6406
-4330300,1.6386
-4330400,1.6246
-4330500,1.6196
-4330600,1.6086
-4330700,1.6356
-4330800,1.6526
-4330900,1.6416
-4331000,1.6456
-4331100,1.6196
-4331200,1.5906
-4331300,1.5836
-4331400,1.5606
-4331500,1.5376
-4331600,1.5536
-4331700,1.5796
-4331800,1.5876
-4331900,1.6096
-4332000,1.6346
-4332100,1.6536
-4332200,1.6786
-4332300,1.6696
-4332400,1.6686
-4332500,1.6786
-4332600,1.6496
-4332700,1.6456
-4332800,1.6486
-4332900,1.6376
-4333000,1.6206
-4333100,1.5566
-4333200,1.5606
-4333300,1.5226
-4333400,1.5196
-4333500,1.5046
-4333600,1.4746
-4333700,1.4766
-4333800,1.4716
-4333900,1.4626
-4334000,1.4556
-4334100,1.4486
-4334200,1.4486
-4334300,1.4586
-4334400,1.4296
-4334500,1.4316
-4334600,1.4406
-4334700,1.4246
-4334800,1.4146
-4334900,1.4226
-4335000,1.4266
-4335100,1.4246
-4335200,1.4276
-4335300,1.4326
-4335400,1.4376
-4335500,1.4386
-4335600,1.4416
-4335700,1.4446
-4335800,1.4416
-4335900,1.4376
-4336000,1.4356
-4336100,1.4326
-4336200,1.4496
-4336300,1.4566
-4336400,1.4666
-4336500,1.4706
-4336600,1.4736
-4336700,1.4726
-4336800,1.4776
-4336900,1.4776
-4337000,1.4676
-4337100,1.4556
-4337200,1.4616
-4337300,1.4596
-4337400,1.4456
-4337500,1.4266
-4337600,1.4136
-4337700,1.4036
-4337800,1.4026
-4337900,1.3946
-4338000,1.3926
-4338100,1.3866
-4338200,1.3896
-4338300,1.3876
-4338400,1.3776
-4338500,1.3806
-4338600,1.3716
-4338700,1.3786
-4338800,1.3636
-4338900,1.3626
-4339000,1.3486
-4339100,1.3416
-4339200,1.3326
-4339300,1.3236
-4339400,1.3046
-4339500,1.3146
-4339600,1.3246
-4339700,1.3096
-4339800,1.2856
-4339900,1.2686
-4340000,1.2936
-4340100,1.2986
-4340200,1.3136
-4340300,1.3396
-4340400,1.3696
-4340500,1.4656
-4340600,1.5276
-4340700,1.6166
-4340800,1.6066
-4340900,1.6086
-4341000,1.6056
-4341100,1.5716
-4341200,1.5856
-4341300,1.5616
-4341400,1.5356
-4341500,1.4866
-4341600,1.4416
-4341700,1.3966
-4341800,1.3376
-4341900,1.2416
-4342000,1.1716
-4342100,1.1006
-4342200,1.0436
-4342300,0.9766
-4342400,0.9196
-4342500,0.8746
-4342600,0.8306
-4342700,0.7776
-4342800,0.7686
-4342900,0.7586
-4343000,0.7546
-4343100,0.7346
-4343200,0.7216
-4343300,0.7036
-4343400,0.6926
-4343500,0.6906
-4343600,0.6916
-4343700,0.6876
-4343800,0.6926
-4343900,0.6886
-4344000,0.6866
-4344100,0.6866
-4344200,0.6896
-4344300,0.6886
-4344400,0.6856
-4344500,0.6756
-4344600,0.6756
-4344700,0.6766
-4344800,0.6726
-4344900,0.6686
-4345000,0.6546
-4345100,0.6516
-4345200,0.6456
-4345300,0.6406
-4345400,0.6386
-4345500,0.6296
-4345600,0.6276
-4345700,0.6246
-4345800,0.6296
-4345900,0.6316
-4346000,0.6396
-4346100,0.6336
-4346200,0.6326
-4346300,0.6356
-4346400,0.6386
-4346500,0.6376
-4346600,0.6376
-4346700,0.6366
-4346800,0.6336
-4346900,0.6436
-4347000,0.6386
-4347100,0.6386
-4347200,0.6386
-4347300,0.6436
-4347400,0.6426
-4347500,0.6436
-4347600,0.6466
-4347700,0.6466
-4347800,0.6476
-4347900,0.6476
-4348000,0.6426
-4348100,0.6436
-4348200,0.6496
-4348300,0.6526
-4348400,0.6526
-4348500,0.6536
-4348600,0.6486
-4348700,0.6556
-4348800,0.6576
-4348900,0.6576
-4349000,0.6526
-4349100,0.6576
-4349200,0.6566
-4349300,0.6506
-4349400,0.6566
-4349500,0.6566
-4349600,0.6506
-4349700,0.6546
-4349800,0.6546
-4349900,0.6496
-4350000,0.6566
-4350100,0.6566
-4350200,0.6516
-4350300,0.6556
-4350400,0.6546
-4350500,0.6476
-4350600,0.6506
-4350700,0.6526
-4350800,0.6476
-4350900,0.6446
-4351000,0.6476
-4351100,0.6436
-4351200,0.6396
-4351300,0.6306
-4351400,0.6306
-4351500,0.6256
-4351600,0.6266
-4351700,0.6256
-4351800,0.6106
-4351900,0.6026
-4352000,0.6026
-4352100,0.5956
-4352200,0.5926
-4352300,0.5756
-4352400,0.5736
-4352500,0.5756
-4352600,0.5656
-4352700,0.5526
-4352800,0.5546
-4352900,0.5576
-4353000,0.5576
-4353100,0.5626
-4353200,0.5586
-4353300,0.5596
-4353400,0.5536
-4353500,0.5516
-4353600,0.5486
-4353700,0.5456
-4353800,0.5486
-4353900,0.5526
-4354000,0.5526
-4354100,0.5516
-4354200,0.5476
-4354300,0.5486
-4354400,0.5466
-4354500,0.5526
-4354600,0.5546
-4354700,0.5536
-4354800,0.5476
-4354900,0.5456
-4355000,0.5446
-4355100,0.5486
-4355200,0.5496
-4355300,0.5466
-4355400,0.5476
-4355500,0.5606
-4355600,0.5606
-4355700,0.5556
-4355800,0.5556
-4355900,0.5556
-4356000,0.5636
-4356100,0.5616
-4356200,0.5696
-4356300,0.5686
-4356400,0.5716
-4356500,0.5736
-4356600,0.5666
-4356700,0.5726
-4356800,0.5756
-4356900,0.5686
-4357000,0.5746
-4357100,0.5736
-4357200,0.5706
-4357300,0.5746
-4357400,0.5676
-4357500,0.5606
-4357600,0.5686
-4357700,0.5606
-4357800,0.5606
-4357900,0.5586
-4358000,0.5606
-4358100,0.5596
-4358200,0.5606
-4358300,0.5616
-4358400,0.5596
-4358500,0.5666
-4358600,0.5696
-4358700,0.5616
-4358800,0.5626
-4358900,0.5646
-4359000,0.5726
-4359100,0.5716
-4359200,0.5776
-4359300,0.5786
-4359400,0.5796
-4359500,0.5756
-4359600,0.5816
-4359700,0.5736
-4359800,0.5766
-4359900,0.5826
-4360000,0.5816
-4360100,0.5796
-4360200,0.5866
-4360300,0.5886
-4360400,0.5846
-4360500,0.5856
-4360600,0.5936
-4360700,0.5966
-4360800,0.5916
-4360900,0.5996
-4361000,0.6026
-4361100,0.6006
-4361200,0.6016
-4361300,0.6096
-4361400,0.6066
-4361500,0.6076
-4361600,0.6156
-4361700,0.6126
-4361800,0.6156
-4361900,0.6236
-4362000,0.6216
-4362100,0.6226
-4362200,0.6306
-4362300,0.6306
-4362400,0.6336
-4362500,0.6396
-4362600,0.6366
-4362700,0.6486
-4362800,0.6456
-4362900,0.6556
-4363000,0.6506
-4363100,0.6606
-4363200,0.6656
-4363300,0.6666
-4363400,0.6666
-4363500,0.6566
-4363600,0.6576
-4363700,0.6646
-4363800,0.6686
-4363900,0.6806
-4364000,0.6796
-4364100,0.6876
-4364200,0.6966
-4364300,0.6996
-4364400,0.7026
-4364500,0.7096
-4364600,0.7136
-4364700,0.7236
-4364800,0.7236
-4364900,0.7316
-4365000,0.7316
-4365100,0.7426
-4365200,0.7446
-4365300,0.7606
-4365400,0.7646
-4365500,0.7716
-4365600,0.7786
-4365700,0.7916
-4365800,0.7956
-4365900,0.8106
-4366000,0.8186
-4366100,0.8186
-4366200,0.8316
-4366300,0.8336
-4366400,0.8346
-4366500,0.8416
-4366600,0.8436
-4366700,0.8496
-4366800,0.8606
-4366900,0.8666
-4367000,0.8656
-4367100,0.8686
-4367200,0.8786
-4367300,0.8816
-4367400,0.8806
-4367500,0.8866
-4367600,0.8986
-4367700,0.8986
-4367800,0.9116
-4367900,0.9176
-4368000,0.9236
-4368100,0.9336
-4368200,0.9396
-4368300,0.9456
-4368400,0.9456
-4368500,0.9496
-4368600,0.9576
-4368700,0.9606
-4368800,0.9636
-4368900,0.9606
-4369000,0.9676
-4369100,0.9676
-4369200,0.9696
-4369300,0.9586
-4369400,0.9526
-4369500,0.9496
-4369600,0.9536
-4369700,0.9516
-4369800,0.9446
-4369900,0.9476
-4370000,0.9456
-4370100,0.9376
-4370200,0.9396
-4370300,0.9366
-4370400,0.9346
-4370500,0.9326
-4370600,0.9306
-4370700,0.9296
-4370800,0.9236
-4370900,0.9246
-4371000,0.9296
-4371100,0.9256
-4371200,0.9206
-4371300,0.9256
-4371400,0.9256
-4371500,0.9206
-4371600,0.9266
-4371700,0.9276
-4371800,0.9296
-4371900,0.9266
-4372000,0.9306
-4372100,0.9346
-4372200,0.9336
-4372300,0.9326
-4372400,0.9336
-4372500,0.9306
-4372600,0.9336
-4372700,0.9426
-4372800,0.9416
-4372900,0.9476
-4373000,0.9596
-4373100,0.9686
-4373200,0.9726
-4373300,0.9676
-4373400,0.9726
-4373500,0.9706
-4373600,0.9786
-4373700,0.9836
-4373800,0.9896
-4373900,0.9906
-4374000,0.9926
-4374100,0.9966
-4374200,0.9976
-4374300,1.0086
-4374400,1.0116
-4374500,1.0236
-4374600,1.0276
-4374700,1.0426
-4374800,1.0476
-4374900,1.0596
-4375000,1.0736
-4375100,1.0886
-4375200,1.1026
-4375300,1.1096
-4375400,1.1206
-4375500,1.1356
-4375600,1.1586
-4375700,1.1766
-4375800,1.1836
-4375900,1.2046
-4376000,1.2316
-4376100,1.2546
-4376200,1.2746
-4376300,1.2986
-4376400,1.3266
-4376500,1.3476
-4376600,1.3256
-4376700,1.3256
-4376800,1.3256
-4376900,1.3236
-4377000,1.3446
-4377100,1.3566
-4377200,1.3646
-4377300,1.3906
-4377400,1.3816
-4377500,1.3666
-4377600,1.3806
-4377700,1.3866
-4377800,1.4186
-4377900,1.4256
-4378000,1.4506
-4378100,1.4646
-4378200,1.4996
-4378300,1.5176
-4378400,1.5636
-4378500,1.5476
-4378600,1.5616
-4378700,1.5856
-4378800,1.6216
-4378900,1.6336
-4379000,1.6396
-4379100,1.5996
-4379200,1.5886
-4379300,1.5666
-4379400,1.5206
-4379500,1.4836
-4379600,1.5066
-4379700,1.5196
-4379800,1.5266
-4379900,1.5106
-4380000,1.5236
-4380100,1.4996
-4380200,1.4726
-4380300,1.4316
-4380400,1.4206
-4380500,1.3786
-4380600,1.3766
-4380700,1.3296
-4380800,1.3106
-4380900,1.3176
-4381000,1.3026
-4381100,1.2826
-4381200,1.2706
-4381300,1.2616
-4381400,1.2746
-4381500,1.2566
-4381600,1.2476
-4381700,1.2436
-4381800,1.2446
-4381900,1.2576
-4382000,1.2636
-4382100,1.2646
-4382200,1.2716
-4382300,1.2846
-4382400,1.2786
-4382500,1.2826
-4382600,1.2846
-4382700,1.2866
-4382800,1.2886
-4382900,1.2906
-4383000,1.2986
-4383100,1.2966
-4383200,1.2996
-4383300,1.3016
-4383400,1.2976
-4383500,1.2936
-4383600,1.2796
-4383700,1.2726
-4383800,1.2666
-4383900,1.2696
-4384000,1.2616
-4384100,1.2446
-4384200,1.2526
-4384300,1.2556
-4384400,1.2406
-4384500,1.2636
-4384600,1.2716
-4384700,1.2916
-4384800,1.3026
-4384900,1.3216
-4385000,1.3376
-4385100,1.3726
-4385200,1.3886
-4385300,1.4106
-4385400,1.4096
-4385500,1.4616
-4385600,1.4906
-4385700,1.4926
-4385800,1.5046
-4385900,1.4986
-4386000,1.5016
-4386100,1.4806
-4386200,1.4846
-4386300,1.4576
-4386400,1.4366
-4386500,1.4396
-4386600,1.3866
-4386700,1.3956
-4386800,1.3696
-4386900,1.3446
-4387000,1.2866
-4387100,1.2676
-4387200,1.2206
-4387300,1.1966
-4387400,1.1496
-4387500,1.1106
-4387600,1.0716
-4387700,1.0336
-4387800,0.9946
-4387900,0.9446
-4388000,0.9386
-4388100,0.9256
-4388200,0.9016
-4388300,0.8906
-4388400,0.8806
-4388500,0.8546
-4388600,0.8426
-4388700,0.8326
-4388800,0.8066
-4388900,0.7826
-4389000,0.7696
-4389100,0.7506
-4389200,0.7296
-4389300,0.7096
-4389400,0.6926
-4389500,0.6546
-4389600,0.6446
-4389700,0.6416
-4389800,0.6346
-4389900,0.6256
-4390000,0.6136
-4390100,0.6036
-4390200,0.5926
-4390300,0.5776
-4390400,0.5516
-4390500,0.5326
-4390600,0.5186
-4390700,0.5096
-4390800,0.4976
-4390900,0.4906
-4391000,0.4786
-4391100,0.4636
-4391200,0.4416
-4391300,0.4276
-4391400,0.4086
-4391500,0.4056
-4391600,0.4026
-4391700,0.3986
-4391800,0.3876
-4391900,0.3776
-4392000,0.3796
-4392100,0.3726
-4392200,0.3636
-4392300,0.3626
-4392400,0.3616
-4392500,0.3546
-4392600,0.3516
-4392700,0.3526
-4392800,0.3496
-4392900,0.3516
-4393000,0.3506
-4393100,0.3526
-4393200,0.3536
-4393300,0.3526
-4393400,0.3556
-4393500,0.3516
-4393600,0.3496
-4393700,0.3516
-4393800,0.3556
-4393900,0.3556
-4394000,0.3556
-4394100,0.3556
-4394200,0.3576
-4394300,0.3576
-4394400,0.3576
-4394500,0.3606
-4394600,0.3606
-4394700,0.3616
-4394800,0.3626
-4394900,0.3636
-4395000,0.3676
-4395100,0.3656
-4395200,0.3686
-4395300,0.3686
-4395400,0.3696
-4395500,0.3716
-4395600,0.3726
-4395700,0.3726
-4395800,0.3726
-4395900,0.3726
-4396000,0.3746
-4396100,0.3746
-4396200,0.3756
-4396300,0.3756
-4396400,0.3756
-4396500,0.3726
-4396600,0.3776
-4396700,0.3766
-4396800,0.3766
-4396900,0.3756
-4397000,0.3826
-4397100,0.3836
-4397200,0.3846
-4397300,0.3846
-4397400,0.3846
-4397500,0.3836
-4397600,0.3856
-4397700,0.3836
-4397800,0.3806
-4397900,0.3896
-4398000,0.3826
-4398100,0.3776
-4398200,0.3776
-4398300,0.3776
-4398400,0.3786
-4398500,0.3736
-4398600,0.3736
-4398700,0.3686
-4398800,0.3646
-4398900,0.3676
-4399000,0.3656
-4399100,0.3586
-4399200,0.3626
-4399300,0.3606
-4399400,0.3606
-4399500,0.3596
-4399600,0.3556
-4399700,0.3566
-4399800,0.3526
-4399900,0.3536
-4400000,0.3506
-4400100,0.3496
-4400200,0.3466
-4400300,0.3456
-4400400,0.3396
-4400500,0.3446
-4400600,0.3406
-4400700,0.3406
-4400800,0.3426
-4400900,0.3426
-4401000,0.3436
-4401100,0.3416
-4401200,0.3406
-4401300,0.3406
-4401400,0.3466
-4401500,0.3436
-4401600,0.3376
-4401700,0.3496
-4401800,0.3436
-4401900,0.3426
-4402000,0.3376
-4402100,0.3476
-4402200,0.3466
-4402300,0.3506
-4402400,0.3496
-4402500,0.3516
-4402600,0.3506
-4402700,0.3536
-4402800,0.3536
-4402900,0.3536
-4403000,0.3566
-4403100,0.3566
-4403200,0.3596
-4403300,0.3566
-4403400,0.3566
-4403500,0.3576
-4403600,0.3606
-4403700,0.3606
-4403800,0.3646
-4403900,0.3636
-4404000,0.3626
-4404100,0.3636
-4404200,0.3586
-4404300,0.3636
-4404400,0.3576
-4404500,0.3646
-4404600,0.3616
-4404700,0.3666
-4404800,0.3606
-4404900,0.3636
-4405000,0.3596
-4405100,0.3636
-4405200,0.3566
-4405300,0.3616
-4405400,0.3616
-4405500,0.3596
-4405600,0.3526
-4405700,0.3576
-4405800,0.3506
-4405900,0.3556
-4406000,0.3516
-4406100,0.3516
-4406200,0.3476
-4406300,0.3506
-4406400,0.3456
-4406500,0.3416
-4406600,0.3366
-4406700,0.3376
-4406800,0.3366
-4406900,0.3296
-4407000,0.3276
-4407100,0.3286
-4407200,0.3266
-4407300,0.3246
-4407400,0.3266
-4407500,0.3236
-4407600,0.3206
-4407700,0.3156
-4407800,0.3176
-4407900,0.3136
-4408000,0.3156
-4408100,0.3086
-4408200,0.3076
-4408300,0.3036
-4408400,0.3036
-4408500,0.2956
-4408600,0.3006
-4408700,0.2946
-4408800,0.2856
-4408900,0.2916
-4409000,0.2886
-4409100,0.2906
-4409200,0.2876
-4409300,0.2846
-4409400,0.2826
-4409500,0.2786
-4409600,0.2796
-4409700,0.2736
-4409800,0.2766
-4409900,0.2756
-4410000,0.2756
-4410100,0.2706
-4410200,0.2716
-4410300,0.2686
-4410400,0.2716
-4410500,0.2696
-4410600,0.2706
-4410700,0.2716
-4410800,0.2726
-4410900,0.2686
-4411000,0.2746
-4411100,0.2726
-4411200,0.2706
-4411300,0.2786
-4411400,0.2776
-4411500,0.2776
-4411600,0.2766
-4411700,0.2816
-4411800,0.2836
-4411900,0.2866
-4412000,0.2886
-4412100,0.2946
-4412200,0.2976
-4412300,0.3006
-4412400,0.3006
-4412500,0.3056
-4412600,0.3106
-4412700,0.3186
-4412800,0.3186
-4412900,0.3256
-4413000,0.3296
-4413100,0.3356
-4413200,0.3416
-4413300,0.3506
-4413400,0.3486
-4413500,0.3456
-4413600,0.3506
-4413700,0.3556
-4413800,0.3486
-4413900,0.3606
-4414000,0.3616
-4414100,0.3706
-4414200,0.3776
-4414300,0.3826
-4414400,0.3916
-4414500,0.3946
-4414600,0.4046
-4414700,0.4146
-4414800,0.4186
-4414900,0.4276
-4415000,0.4336
-4415100,0.4516
-4415200,0.4556
-4415300,0.4616
-4415400,0.4666
-4415500,0.4746
-4415600,0.4826
-4415700,0.4846
-4415800,0.4956
-4415900,0.4956
-4416000,0.5046
-4416100,0.5066
-4416200,0.5136
-4416300,0.5196
-4416400,0.5276
-4416500,0.5346
-4416600,0.5386
-4416700,0.5446
-4416800,0.5516
-4416900,0.5526
-4417000,0.5646
-4417100,0.5696
-4417200,0.5696
-4417300,0.5736
-4417400,0.5816
-4417500,0.5876
-4417600,0.5926
-4417700,0.5786
-4417800,0.5826
-4417900,0.5846
-4418000,0.5846
-4418100,0.5836
-4418200,0.5706
-4418300,0.5746
-4418400,0.5776
-4418500,0.5736
-4418600,0.5736
-4418700,0.5746
-4418800,0.5756
-4418900,0.5736
-4419000,0.5756
-4419100,0.5766
-4419200,0.5776
-4419300,0.5776
-4419400,0.5746
-4419500,0.5726
-4419600,0.5706
-4419700,0.5716
-4419800,0.5696
-4419900,0.5706
-4420000,0.5666
-4420100,0.5646
-4420200,0.5616
-4420300,0.5596
-4420400,0.5566
-4420500,0.5546
-4420600,0.5526
-4420700,0.5496
-4420800,0.5476
-4420900,0.5456
-4421000,0.5436
-4421100,0.5416
-4421200,0.5396
-4421300,0.5376
-4421400,0.5356
-4421500,0.5336
-4421600,0.5326
-4421700,0.5306
-4421800,0.5296
-4421900,0.5276
-4422000,0.5266
-4422100,0.5246
-4422200,0.5236
-4422300,0.5216
-4422400,0.5196
-4422500,0.5206
-4422600,0.5176
-4422700,0.5166
-4422800,0.5116
-4422900,0.5096
-4423000,0.5066
-4423100,0.5076
-4423200,0.5026
-4423300,0.5046
-4423400,0.4966
-4423500,0.5016
-4423600,0.4926
-4423700,0.4926
-4423800,0.4956
-4423900,0.4916
-4424000,0.4906
-4424100,0.4926
-4424200,0.4876
-4424300,0.4866
-4424400,0.4866
-4424500,0.4836
-4424600,0.4796
-4424700,0.4786
-4424800,0.4796
-4424900,0.4796
-4425000,0.4786
-4425100,0.4796
-4425200,0.4776
-4425300,0.4776
-4425400,0.4726
-4425500,0.4706
-4425600,0.4676
-4425700,0.4666
-4425800,0.4646
-4425900,0.4636
-4426000,0.4616
-4426100,0.4566
-4426200,0.4516
-4426300,0.4506
-4426400,0.4516
-4426500,0.4476
-4426600,0.4456
-4426700,0.4446
-4426800,0.4426
-4426900,0.4406
-4427000,0.4396
-4427100,0.4376
-4427200,0.4346
-4427300,0.4326
-4427400,0.4316
-4427500,0.4306
-4427600,0.4286
-4427700,0.4276
-4427800,0.4236
-4427900,0.4246
-4428000,0.4236
-4428100,0.4206
-4428200,0.4216
-4428300,0.4206
-4428400,0.4196
-4428500,0.4196
-4428600,0.4186
-4428700,0.4186
-4428800,0.4186
-4428900,0.4176
-4429000,0.4176
-4429100,0.4176
-4429200,0.4186
-4429300,0.4176
-4429400,0.4186
-4429500,0.4166
-4429600,0.4176
-4429700,0.4176
-4429800,0.4166
-4429900,0.4186
-4430000,0.4196
-4430100,0.4226
-4430200,0.4236
-4430300,0.4236
-4430400,0.4216
-4430500,0.4246
-4430600,0.4246
-4430700,0.4256
-4430800,0.4236
-4430900,0.4246
-4431000,0.4236
-4431100,0.4276
-4431200,0.4296
-4431300,0.4306
-4431400,0.4306
-4431500,0.4316
-4431600,0.4286
-4431700,0.4346
-4431800,0.4346
-4431900,0.4366
-4432000,0.4376
-4432100,0.4386
-4432200,0.4376
-4432300,0.4416
-4432400,0.4426
-4432500,0.4436
-4432600,0.4406
-4432700,0.4456
-4432800,0.4466
-4432900,0.4476
-4433000,0.4466
-4433100,0.4466
-4433200,0.4466
-4433300,0.4506
-4433400,0.4516
-4433500,0.4516
-4433600,0.4526
-4433700,0.4516
-4433800,0.4496
-4433900,0.4516
-4434000,0.4516
-4434100,0.4496
-4434200,0.4496
-4434300,0.4516
-4434400,0.4516
-4434500,0.4506
-4434600,0.4506
-4434700,0.4496
-4434800,0.4496
-4434900,0.4486
-4435000,0.4486
-4435100,0.4486
-4435200,0.4466
-4435300,0.4476
-4435400,0.4446
-4435500,0.4466
-4435600,0.4456
-4435700,0.4446
-4435800,0.4446
-4435900,0.4436
-4436000,0.4436
-4436100,0.4436
-4436200,0.4426
-4436300,0.4416
-4436400,0.4416
-4436500,0.4406
-4436600,0.4366
-4436700,0.4396
-4436800,0.4386
-4436900,0.4386
-4437000,0.4346
-4437100,0.4326
-4437200,0.4316
-4437300,0.4336
-4437400,0.4326
-4437500,0.4306
-4437600,0.4316
-4437700,0.4316
-4437800,0.4306
-4437900,0.4306
-4438000,0.4296
-4438100,0.4306
-4438200,0.4296
-4438300,0.4276
-4438400,0.4276
-4438500,0.4296
-4438600,0.4286
-4438700,0.4306
-4438800,0.4306
-4438900,0.4316
-4439000,0.4316
-4439100,0.4296
-4439200,0.4316
-4439300,0.4316
-4439400,0.4326
-4439500,0.4306
-4439600,0.4336
-4439700,0.4316
-4439800,0.4316
-4439900,0.4336
-4440000,0.4326
-4440100,0.4326
-4440200,0.4346
-4440300,0.4326
-4440400,0.4336
-4440500,0.4316
-4440600,0.4306
-4440700,0.4336
-4440800,0.4316
-4440900,0.4336
-4441000,0.4336
-4441100,0.4316
-4441200,0.4316
-4441300,0.4346
-4441400,0.4376
-4441500,0.4356
-4441600,0.4366
-4441700,0.4376
-4441800,0.4376
-4441900,0.4336
-4442000,0.4366
-4442100,0.4336
-4442200,0.4376
-4442300,0.4416
-4442400,0.4396
-4442500,0.4366
-4442600,0.4426
-4442700,0.4436
-4442800,0.4446
-4442900,0.4456
-4443000,0.4466
-4443100,0.4486
-4443200,0.4466
-4443300,0.4516
-4443400,0.4536
-4443500,0.4536
-4443600,0.4526
-4443700,0.4556
-4443800,0.4566
-4443900,0.4606
-4444000,0.4596
-4444100,0.4616
-4444200,0.4636
-4444300,0.4666
-4444400,0.4686
-4444500,0.4716
-4444600,0.4766
-4444700,0.4766
-4444800,0.4786
-4444900,0.4836
-4445000,0.4836
-4445100,0.4886
-4445200,0.4916
-4445300,0.4946
-4445400,0.4966
-4445500,0.4996
-4445600,0.5026
-4445700,0.5046
-4445800,0.5076
-4445900,0.5096
-4446000,0.5136
-4446100,0.5166
-4446200,0.5226
-4446300,0.5256
-4446400,0.5296
-4446500,0.5326
-4446600,0.5356
-4446700,0.5386
-4446800,0.5416
-4446900,0.5436
-4447000,0.5456
-4447100,0.5476
-4447200,0.5416
-4447300,0.5436
-4447400,0.5456
-4447500,0.5486
-4447600,0.5516
-4447700,0.5556
-4447800,0.5586
-4447900,0.5646
-4448000,0.5676
-4448100,0.5726
-4448200,0.5746
-4448300,0.5806
-4448400,0.5846
-4448500,0.5876
-4448600,0.5906
-4448700,0.5966
-4448800,0.5966
-4448900,0.5986
-4449000,0.6016
-4449100,0.6036
-4449200,0.6056
-4449300,0.6076
-4449400,0.6096
-4449500,0.6076
-4449600,0.6096
-4449700,0.6096
-4449800,0.6136
-4449900,0.6176
-4450000,0.6196
-4450100,0.6196
-4450200,0.6226
-4450300,0.6236
-4450400,0.6276
-4450500,0.6316
-4450600,0.6346
-4450700,0.6326
-4450800,0.6356
-4450900,0.6356
-4451000,0.6356
-4451100,0.6356
-4451200,0.6356
-4451300,0.6376
-4451400,0.6376
-4451500,0.6366
-4451600,0.6366
-4451700,0.6356
-4451800,0.6346
-4451900,0.6346
-4452000,0.6356
-4452100,0.6356
-4452200,0.6376
-4452300,0.6376
-4452400,0.6466
-4452500,0.6486
-4452600,0.6496
-4452700,0.6496
-4452800,0.6496
-4452900,0.6486
-4453000,0.6496
-4453100,0.6486
-4453200,0.6466
-4453300,0.6446
-4453400,0.6426
-4453500,0.6416
-4453600,0.6396
-4453700,0.6376
-4453800,0.6356
-4453900,0.6336
-4454000,0.6326
-4454100,0.6266
-4454200,0.6256
-4454300,0.6236
-4454400,0.6216
-4454500,0.6196
-4454600,0.6176
-4454700,0.6136
-4454800,0.6116
-4454900,0.6096
-4455000,0.6076
-4455100,0.6056
-4455200,0.6026
-4455300,0.6006
-4455400,0.5986
-4455500,0.5946
-4455600,0.5906
-4455700,0.5876
-4455800,0.5846
-4455900,0.5816
-4456000,0.5786
-4456100,0.5746
-4456200,0.5716
-4456300,0.5686
-4456400,0.5646
-4456500,0.5606
-4456600,0.5566
-4456700,0.5546
-4456800,0.5536
-4456900,0.5516
-4457000,0.5496
-4457100,0.5476
-4457200,0.5456
-4457300,0.5446
-4457400,0.5416
-4457500,0.5386
-4457600,0.5366
-4457700,0.5336
-4457800,0.5296
-4457900,0.5276
-4458000,0.5236
-4458100,0.5216
-4458200,0.5186
-4458300,0.5156
-4458400,0.5126
-4458500,0.5106
-4458600,0.5076
-4458700,0.5056
-4458800,0.5026
-4458900,0.5016
-4459000,0.4986
-4459100,0.4956
-4459200,0.4946
-4459300,0.4936
-4459400,0.4896
-4459500,0.4906
-4459600,0.4876
-4459700,0.4876
-4459800,0.4866
-4459900,0.4866
-4460000,0.4846
-4460100,0.4836
-4460200,0.4846
-4460300,0.4836
-4460400,0.4826
-4460500,0.4846
-4460600,0.4836
-4460700,0.4826
-4460800,0.4826
-4460900,0.4856
-4461000,0.4846
-4461100,0.4826
-4461200,0.4856
-4461300,0.4856
-4461400,0.4856
-4461500,0.4846
-4461600,0.4856
-4461700,0.4846
-4461800,0.4836
-4461900,0.4866
-4462000,0.4866
-4462100,0.4866
-4462200,0.4846
-4462300,0.4876
-4462400,0.4876
-4462500,0.4866
-4462600,0.4866
-4462700,0.4886
-4462800,0.4886
-4462900,0.4886
-4463000,0.4876
-4463100,0.4886
-4463200,0.4886
-4463300,0.4876
-4463400,0.4876
-4463500,0.4886
-4463600,0.4876
-4463700,0.4856
-4463800,0.4876
-4463900,0.4866
-4464000,0.4866
-4464100,0.4856
-4464200,0.4866
-4464300,0.4866
-4464400,0.4846
-4464500,0.4866
-4464600,0.4856
-4464700,0.4846
-4464800,0.4836
-4464900,0.4846
-4465000,0.4836
-4465100,0.4816
-4465200,0.4836
-4465300,0.4816
-4465400,0.4806
-4465500,0.4796
-4465600,0.4806
-4465700,0.4796
-4465800,0.4776
-4465900,0.4786
-4466000,0.4776
-4466100,0.4776
-4466200,0.4766
-4466300,0.4776
-4466400,0.4766
-4466500,0.4746
-4466600,0.4766
-4466700,0.4756
-4466800,0.4736
-4466900,0.4726
-4467000,0.4746
-4467100,0.4736
-4467200,0.4716
-4467300,0.4736
-4467400,0.4726
-4467500,0.4726
-4467600,0.4706
-4467700,0.4726
-4467800,0.4706
-4467900,0.4696
-4468000,0.4716
-4468100,0.4706
-4468200,0.4706
-4468300,0.4706
-4468400,0.4726
-4468500,0.4706
-4468600,0.4726
-4468700,0.4726
-4468800,0.4726
-4468900,0.4716
-4469000,0.4726
-4469100,0.4746
-4469200,0.4716
-4469300,0.4746
-4469400,0.4746
-4469500,0.4736
-4469600,0.4766
-4469700,0.4766
-4469800,0.4756
-4469900,0.4776
-4470000,0.4746
-4470100,0.4786
-4470200,0.4786
-4470300,0.4766
-4470400,0.4796
-4470500,0.4786
-4470600,0.4766
-4470700,0.4776
-4470800,0.4766
-4470900,0.4756
-4471000,0.4766
-4471100,0.4756
-4471200,0.4756
-4471300,0.4776
-4471400,0.4766
-4471500,0.4746
-4471600,0.4766
-4471700,0.4766
-4471800,0.4756
-4471900,0.4746
-4472000,0.4756
-4472100,0.4746
-4472200,0.4736
-4472300,0.4756
-4472400,0.4736
-4472500,0.4726
-4472600,0.4736
-4472700,0.4716
-4472800,0.4686
-4472900,0.4696
-4473000,0.4676
-4473100,0.4656
-4473200,0.4626
-4473300,0.4606
-4473400,0.4556
-4473500,0.4496
-4473600,0.4426
-4473700,0.4356
-4473800,0.4366
-4473900,0.4276
-4474000,0.4236
-4474100,0.4136
-4474200,0.4106
-4474300,0.3916
-4474400,0.3846
-4474500,0.3746
-4474600,0.3616
-4474700,0.3586
-4474800,0.3536
-4474900,0.3436
-4475000,0.3256
-4475100,0.3286
-4475200,0.3156
-4475300,0.3086
-4475400,0.3006
-4475500,0.2966
-4475600,0.2896
-4475700,0.2806
-4475800,0.2746
-4475900,0.2626
-4476000,0.2576
-4476100,0.2476
-4476200,0.2406
-4476300,0.2276
-4476400,0.2146
-4476500,0.2216
-4476600,0.2216
-4476700,0.2126
-4476800,0.2236
-4476900,0.2266
-4477000,0.2226
-4477100,0.2216
-4477200,0.2326
-4477300,0.2326
-4477400,0.2306
-4477500,0.2306
-4477600,0.2266
-4477700,0.2286
-4477800,0.2326
-4477900,0.2296
-4478000,0.2336
-4478100,0.2376
-4478200,0.2376
-4478300,0.2446
-4478400,0.2446
-4478500,0.2456
-4478600,0.2396
-4478700,0.2486
-4478800,0.2566
-4478900,0.2576
-4479000,0.2576
-4479100,0.2626
-4479200,0.2626
-4479300,0.2656
-4479400,0.2696
-4479500,0.2726
-4479600,0.2736
-4479700,0.2736
-4479800,0.2776
-4479900,0.2816
-4480000,0.2806
-4480100,0.2806
-4480200,0.2816
-4480300,0.2806
-4480400,0.2846
-4480500,0.2856
-4480600,0.2856
-4480700,0.2866
-4480800,0.2906
-4480900,0.2906
-4481000,0.2916
-4481100,0.2896
-4481200,0.2936
-4481300,0.2936
-4481400,0.2946
-4481500,0.2956
-4481600,0.2976
-4481700,0.2916
-4481800,0.2956
-4481900,0.3016
-4482000,0.2976
-4482100,0.2996
-4482200,0.3036
-4482300,0.3026
-4482400,0.3016
-4482500,0.3056
-4482600,0.3046
-4482700,0.3106
-4482800,0.3056
-4482900,0.3086
-4483000,0.3126
-4483100,0.3086
-4483200,0.3156
-4483300,0.3176
-4483400,0.3186
-4483500,0.3226
-4483600,0.3236
-4483700,0.3216
-4483800,0.3236
-4483900,0.3266
-4484000,0.3236
-4484100,0.3246
-4484200,0.3206
-4484300,0.3206
-4484400,0.3226
-4484500,0.3216
-4484600,0.3266
-4484700,0.3156
-4484800,0.3126
-4484900,0.3206
-4485000,0.3166
-4485100,0.3166
-4485200,0.3116
-4485300,0.3056
-4485400,0.3006
-4485500,0.2936
-4485600,0.2876
-4485700,0.2836
-4485800,0.2876
-4485900,0.2776
-4486000,0.2756
-4486100,0.2626
-4486200,0.2566
-4486300,0.2586
-4486400,0.2386
-4486500,0.2366
-4486600,0.2246
-4486700,0.2216
-4486800,0.2186
-4486900,0.2076
-4487000,0.2056
-4487100,0.1966
-4487200,0.1956
-4487300,0.1906
-4487400,0.1926
-4487500,0.1836
-4487600,0.1866
-4487700,0.1796
-4487800,0.1776
-4487900,0.1686
-4488000,0.1646
-4488100,0.1646
-4488200,0.1636
-4488300,0.1616
-4488400,0.1596
-4488500,0.1576
-4488600,0.1606
-4488700,0.1546
-4488800,0.1506
-4488900,0.1566
-4489000,0.1566
-4489100,0.1556
-4489200,0.1526
-4489300,0.1506
-4489400,0.1546
-4489500,0.1576
-4489600,0.1546
-4489700,0.1476
-4489800,0.1556
-4489900,0.1576
-4490000,0.1556
-4490100,0.1536
-4490200,0.1556
-4490300,0.1586
-4490400,0.1586
-4490500,0.1666
-4490600,0.1626
-4490700,0.1686
-4490800,0.1686
-4490900,0.1756
-4491000,0.1616
-4491100,0.1666
-4491200,0.1696
-4491300,0.1686
-4491400,0.1686
-4491500,0.1716
-4491600,0.1696
-4491700,0.1716
-4491800,0.1696
-4491900,0.1706
-4492000,0.1696
-4492100,0.1756
-4492200,0.1706
-4492300,0.1796
-4492400,0.1756
-4492500,0.1806
-4492600,0.1746
-4492700,0.1846
-4492800,0.1806
-4492900,0.1866
-4493000,0.1836
-4493100,0.1886
-4493200,0.1946
-4493300,0.1986
-4493400,0.2006
-4493500,0.1986
-4493600,0.2026
-4493700,0.2096
-4493800,0.2146
-4493900,0.2186
-4494000,0.2156
-4494100,0.2206
-4494200,0.2216
-4494300,0.2286
-4494400,0.2376
-4494500,0.2416
-4494600,0.2406
-4494700,0.2546
-4494800,0.2666
-4494900,0.2626
-4495000,0.2666
-4495100,0.2766
-4495200,0.2816
-4495300,0.2736
-4495400,0.2726
-4495500,0.2846
-4495600,0.2936
-4495700,0.2866
-4495800,0.2826
-4495900,0.2906
-4496000,0.2836
-4496100,0.2896
-4496200,0.2996
-4496300,0.2986
-4496400,0.2976
-4496500,0.3056
-4496600,0.3036
-4496700,0.3126
-4496800,0.3156
-4496900,0.3236
-4497000,0.3296
-4497100,0.3306
-4497200,0.3386
-4497300,0.3366
-4497400,0.3356
-4497500,0.3386
-4497600,0.3446
-4497700,0.3366
-4497800,0.3346
-4497900,0.3406
-4498000,0.3476
-4498100,0.3576
-4498200,0.3616
-4498300,0.3716
-4498400,0.3756
-4498500,0.3826
-4498600,0.3866
-4498700,0.3926
-4498800,0.3946
-4498900,0.4016
-4499000,0.4076
-4499100,0.4136
-4499200,0.4126
-4499300,0.4206
-4499400,0.4206
-4499500,0.4266
-4499600,0.4306
-4499700,0.4366
-4499800,0.4416
-4499900,0.4476
-4500000,0.4496
-4500100,0.4566
-4500200,0.4646
-4500300,0.4666
-4500400,0.4736
-4500500,0.4806
-4500600,0.4846
-4500700,0.4956
-4500800,0.4986
-4500900,0.5086
-4501000,0.5136
-4501100,0.5176
-4501200,0.5236
-4501300,0.5196
-4501400,0.5226
-4501500,0.5286
-4501600,0.5346
-4501700,0.5446
-4501800,0.5446
-4501900,0.5546
-4502000,0.5606
-4502100,0.5626
-4502200,0.5706
-4502300,0.5736
-4502400,0.5766
-4502500,0.5856
-4502600,0.5936
-4502700,0.5996
-4502800,0.6066
-4502900,0.6136
-4503000,0.6286
-4503100,0.6306
-4503200,0.6406
-4503300,0.6526
-4503400,0.6666
-4503500,0.6806
-4503600,0.6956
-4503700,0.7036
-4503800,0.7016
-4503900,0.7016
-4504000,0.7066
-4504100,0.7076
-4504200,0.7136
-4504300,0.7146
-4504400,0.7226
-4504500,0.7216
-4504600,0.7256
-4504700,0.7286
-4504800,0.7346
-4504900,0.7376
-4505000,0.7396
-4505100,0.7406
-4505200,0.7476
-4505300,0.7486
-4505400,0.7566
-4505500,0.7616
-4505600,0.7666
-4505700,0.7756
-4505800,0.7866
-4505900,0.7976
-4506000,0.7926
-4506100,0.7916
-4506200,0.7926
-4506300,0.7976
-4506400,0.8026
-4506500,0.8106
-4506600,0.8146
-4506700,0.8216
-4506800,0.8276
-4506900,0.8346
-4507000,0.8376
-4507100,0.8396
-4507200,0.8446
-4507300,0.8486
-4507400,0.8486
-4507500,0.8496
-4507600,0.8486
-4507700,0.8456
-4507800,0.8436
-4507900,0.8406
-4508000,0.8386
-4508100,0.8346
-4508200,0.8276
-4508300,0.8246
-4508400,0.8216
-4508500,0.8186
-4508600,0.8146
-4508700,0.8116
-4508800,0.8096
-4508900,0.8066
-4509000,0.8036
-4509100,0.8006
-4509200,0.7986
-4509300,0.7966
-4509400,0.7946
-4509500,0.7926
-4509600,0.7916
-4509700,0.7906
-4509800,0.7906
-4509900,0.7886
-4510000,0.7886
-4510100,0.7876
-4510200,0.7876
-4510300,0.7866
-4510400,0.7876
-4510500,0.7876
-4510600,0.7876
-4510700,0.7876
-4510800,0.7886
-4510900,0.7896
-4511000,0.7906
-4511100,0.7916
-4511200,0.7926
-4511300,0.7946
-4511400,0.7966
-4511500,0.7976
-4511600,0.7996
-4511700,0.8016
-4511800,0.8046
-4511900,0.8066
-4512000,0.8086
-4512100,0.8116
-4512200,0.8136
-4512300,0.8156
-4512400,0.8186
-4512500,0.8206
-4512600,0.8156
-4512700,0.8156
-4512800,0.8156
-4512900,0.8146
-4513000,0.8146
-4513100,0.8146
-4513200,0.8146
-4513300,0.8146
-4513400,0.8146
-4513500,0.8146
-4513600,0.8136
-4513700,0.8126
-4513800,0.8116
-4513900,0.8066
-4514000,0.8056
-4514100,0.8036
-4514200,0.8026
-4514300,0.8016
-4514400,0.8026
-4514500,0.8026
-4514600,0.8016
-4514700,0.8006
-4514800,0.7976
-4514900,0.7956
-4515000,0.7926
-4515100,0.7896
-4515200,0.7856
-4515300,0.7846
-4515400,0.7856
-4515500,0.7826
-4515600,0.7796
-4515700,0.7786
-4515800,0.7776
-4515900,0.7776
-4516000,0.7776
-4516100,0.7786
-4516200,0.7816
-4516300,0.7836
-4516400,0.7816
-4516500,0.7796
-4516600,0.7796
-4516700,0.7766
-4516800,0.7746
-4516900,0.7726
-4517000,0.7656
-4517100,0.7606
-4517200,0.7576
-4517300,0.7546
-4517400,0.7516
-4517500,0.7496
-4517600,0.7476
-4517700,0.7516
-4517800,0.7526
-4517900,0.7556
-4518000,0.7646
-4518100,0.7666
-4518200,0.7656
-4518300,0.7636
-4518400,0.7616
-4518500,0.7586
-4518600,0.7576
-4518700,0.7546
-4518800,0.7506
-4518900,0.7476
-4519000,0.7426
-4519100,0.7346
-4519200,0.7256
-4519300,0.7266
-4519400,0.7246
-4519500,0.7216
-4519600,0.7196
-4519700,0.7146
-4519800,0.7106
-4519900,0.7026
-4520000,0.6926
-4520100,0.6826
-4520200,0.6676
-4520300,0.6586
-4520400,0.6566
-4520500,0.6476
-4520600,0.6386
-4520700,0.6256
-4520800,0.6126
-4520900,0.5946
-4521000,0.5676
-4521100,0.5386
-4521200,0.5206
-4521300,0.5106
-4521400,0.4986
-4521500,0.4946
-4521600,0.4876
-4521700,0.4756
-4521800,0.4686
-4521900,0.4666
-4522000,0.4626
-4522100,0.4636
-4522200,0.4516
-4522300,0.4516
-4522400,0.4446
-4522500,0.4386
-4522600,0.4366
-4522700,0.4386
-4522800,0.4416
-4522900,0.4456
-4523000,0.4456
-4523100,0.4466
-4523200,0.4436
-4523300,0.4486
-4523400,0.4466
-4523500,0.4466
-4523600,0.4466
-4523700,0.4486
-4523800,0.4486
-4523900,0.4466
-4524000,0.4496
-4524100,0.4476
-4524200,0.4386
-4524300,0.4386
-4524400,0.4386
-4524500,0.4356
-4524600,0.4376
-4524700,0.4376
-4524800,0.4366
-4524900,0.4386
-4525000,0.4366
-4525100,0.4376
-4525200,0.4366
-4525300,0.4356
-4525400,0.4376
-4525500,0.4396
-4525600,0.4396
-4525700,0.4346
-4525800,0.4346
-4525900,0.4326
-4526000,0.4336
-4526100,0.4316
-4526200,0.4336
-4526300,0.4336
-4526400,0.4336
-4526500,0.4346
-4526600,0.4346
-4526700,0.4336
-4526800,0.4346
-4526900,0.4356
-4527000,0.4326
-4527100,0.4346
-4527200,0.4346
-4527300,0.4366
-4527400,0.4356
-4527500,0.4356
-4527600,0.4346
-4527700,0.4326
-4527800,0.4346
-4527900,0.4316
-4528000,0.4296
-4528100,0.4336
-4528200,0.4316
-4528300,0.4336
-4528400,0.4326
-4528500,0.4336
-4528600,0.4336
-4528700,0.4346
-4528800,0.4336
-4528900,0.4356
-4529000,0.4356
-4529100,0.4366
-4529200,0.4356
-4529300,0.4356
-4529400,0.4366
-4529500,0.4376
-4529600,0.4416
-4529700,0.4416
-4529800,0.4466
-4529900,0.4506
-4530000,0.4546
-4530100,0.4546
-4530200,0.4586
-4530300,0.4586
-4530400,0.4616
-4530500,0.4646
-4530600,0.4646
-4530700,0.4656
-4530800,0.4666
-4530900,0.4716
-4531000,0.4686
-4531100,0.4716
-4531200,0.4756
-4531300,0.4766
-4531400,0.4746
-4531500,0.4796
-4531600,0.4806
-4531700,0.4846
-4531800,0.4846
-4531900,0.4806
-4532000,0.4846
-4532100,0.4866
-4532200,0.4936
-4532300,0.4946
-4532400,0.4936
-4532500,0.4996
-4532600,0.4996
-4532700,0.5026
-4532800,0.5076
-4532900,0.5066
-4533000,0.5086
-4533100,0.5096
-4533200,0.5156
-4533300,0.5176
-4533400,0.5166
-4533500,0.5126
-4533600,0.5116
-4533700,0.5166
-4533800,0.5216
-4533900,0.5226
-4534000,0.5336
-4534100,0.5416
-4534200,0.5416
-4534300,0.5386
-4534400,0.5436
-4534500,0.5456
-4534600,0.5446
-4534700,0.5486
-4534800,0.5506
-4534900,0.5536
-4535000,0.5646
-4535100,0.5696
-4535200,0.5736
-4535300,0.5836
-4535400,0.5996
-4535500,0.6126
-4535600,0.6246
-4535700,0.6306
-4535800,0.6426
-4535900,0.6516
-4536000,0.6656
-4536100,0.6776
-4536200,0.6946
-4536300,0.7096
-4536400,0.7116
-4536500,0.7176
-4536600,0.7256
-4536700,0.7346
-4536800,0.7416
-4536900,0.7496
-4537000,0.7556
-4537100,0.7616
-4537200,0.7626
-4537300,0.7506
-4537400,0.7506
-4537500,0.7506
-4537600,0.7496
-4537700,0.7496
-4537800,0.7566
-4537900,0.7446
-4538000,0.7456
-4538100,0.7466
-4538200,0.7456
-4538300,0.7476
-4538400,0.7516
-4538500,0.7556
-4538600,0.7616
-4538700,0.7626
-4538800,0.7676
-4538900,0.7596
-4539000,0.7646
-4539100,0.7686
-4539200,0.7696
-4539300,0.7746
-4539400,0.7826
-4539500,0.7906
-4539600,0.7956
-4539700,0.7986
-4539800,0.8026
-4539900,0.8056
-4540000,0.8106
-4540100,0.8086
-4540200,0.8066
-4540300,0.8036
-4540400,0.8066
-4540500,0.8126
-4540600,0.8186
-4540700,0.8216
-4540800,0.8226
-4540900,0.8286
-4541000,0.8326
-4541100,0.8316
-4541200,0.8296
-4541300,0.8286
-4541400,0.8256
-4541500,0.8246
-4541600,0.8236
-4541700,0.8226
-4541800,0.8226
-4541900,0.8226
-4542000,0.8226
-4542100,0.8236
-4542200,0.8246
-4542300,0.8256
-4542400,0.8276
-4542500,0.8296
-4542600,0.8326
-4542700,0.8286
-4542800,0.8316
-4542900,0.8336
-4543000,0.8336
-4543100,0.8356
-4543200,0.8356
-4543300,0.8356
-4543400,0.8366
-4543500,0.8376
-4543600,0.8386
-4543700,0.8406
-4543800,0.8326
-4543900,0.8406
-4544000,0.8416
-4544100,0.8326
-4544200,0.8386
-4544300,0.8366
-4544400,0.8266
-4544500,0.8326
-4544600,0.8316
-4544700,0.8206
-4544800,0.8236
-4544900,0.8186
-4545000,0.8026
-4545100,0.7986
-4545200,0.7846
-4545300,0.7736
-4545400,0.7626
-4545500,0.7496
-4545600,0.7346
-4545700,0.7196
-4545800,0.6936
-4545900,0.6756
-4546000,0.6546
-4546100,0.6446
-4546200,0.6106
-4546300,0.6006
-4546400,0.5876
-4546500,0.5826
-4546600,0.5786
-4546700,0.5726
-4546800,0.5696
-4546900,0.5596
-4547000,0.5496
-4547100,0.5396
-4547200,0.5296
-4547300,0.5306
-4547400,0.5146
-4547500,0.5056
-4547600,0.4986
-4547700,0.4946
-4547800,0.4916
-4547900,0.4876
-4548000,0.4826
-4548100,0.4776
-4548200,0.4746
-4548300,0.4686
-4548400,0.4636
-4548500,0.4566
-4548600,0.4546
-4548700,0.4506
-4548800,0.4496
-4548900,0.4426
-4549000,0.4366
-4549100,0.4266
-4549200,0.4146
-4549300,0.4116
-4549400,0.4076
-4549500,0.3926
-4549600,0.3906
-4549700,0.3786
-4549800,0.3716
-4549900,0.3726
-4550000,0.3616
-4550100,0.3526
-4550200,0.3486
-4550300,0.3326
-4550400,0.3336
-4550500,0.3356
-4550600,0.3306
-4550700,0.3256
-4550800,0.3226
-4550900,0.3166
-4551000,0.3126
-4551100,0.3126
-4551200,0.3096
-4551300,0.3086
-4551400,0.2946
-4551500,0.2946
-4551600,0.2996
-4551700,0.2926
-4551800,0.2886
-4551900,0.2886
-4552000,0.2876
-4552100,0.2846
-4552200,0.2816
-4552300,0.2866
-4552400,0.2906
-4552500,0.2886
-4552600,0.2866
-4552700,0.2806
-4552800,0.2806
-4552900,0.2856
-4553000,0.2876
-4553100,0.2876
-4553200,0.2866
-4553300,0.2816
-4553400,0.2846
-4553500,0.2836
-4553600,0.2856
-4553700,0.2816
-4553800,0.2846
-4553900,0.2786
-4554000,0.2766
-4554100,0.2796
-4554200,0.2676
-4554300,0.2706
-4554400,0.2696
-4554500,0.2646
-4554600,0.2646
-4554700,0.2586
-4554800,0.2586
-4554900,0.2606
-4555000,0.2556
-4555100,0.2526
-4555200,0.2516
-4555300,0.2526
-4555400,0.2516
-4555500,0.2516
-4555600,0.2486
-4555700,0.2466
-4555800,0.2446
-4555900,0.2436
-4556000,0.2406
-4556100,0.2436
-4556200,0.2416
-4556300,0.2406
-4556400,0.2436
-4556500,0.2396
-4556600,0.2436
-4556700,0.2406
-4556800,0.2406
-4556900,0.2416
-4557000,0.2426
-4557100,0.2456
-4557200,0.2486
-4557300,0.2516
-4557400,0.2496
-4557500,0.2516
-4557600,0.2546
-4557700,0.2596
-4557800,0.2636
-4557900,0.2656
-4558000,0.2676
-4558100,0.2706
-4558200,0.2786
-4558300,0.2786
-4558400,0.2796
-4558500,0.2786
-4558600,0.2836
-4558700,0.2856
-4558800,0.2946
-4558900,0.2946
-4559000,0.2906
-4559100,0.2946
-4559200,0.2966
-4559300,0.2996
-4559400,0.3006
-4559500,0.2986
-4559600,0.2956
-4559700,0.2986
-4559800,0.2946
-4559900,0.2936
-4560000,0.2946
-4560100,0.2926
-4560200,0.2936
-4560300,0.2886
-4560400,0.2856
-4560500,0.2856
-4560600,0.2786
-4560700,0.2756
-4560800,0.2696
-4560900,0.2676
-4561000,0.2606
-4561100,0.2576
-4561200,0.2536
-4561300,0.2496
-4561400,0.2456
-4561500,0.2486
-4561600,0.2406
-4561700,0.2356
-4561800,0.2286
-4561900,0.2216
-4562000,0.2156
-4562100,0.2076
-4562200,0.2006
-4562300,0.1926
-4562400,0.1836
-4562500,0.1746
-4562600,0.1666
-4562700,0.1706
-4562800,0.1636
-4562900,0.1586
-4563000,0.1536
-4563100,0.1516
-4563200,0.1476
-4563300,0.1426
-4563400,0.1516
-4563500,0.1546
-4563600,0.1546
-4563700,0.1566
-4563800,0.1486
-4563900,0.1466
-4564000,0.1476
-4564100,0.1436
-4564200,0.1416
-4564300,0.1466
-4564400,0.1506
-4564500,0.1446
-4564600,0.1486
-4564700,0.1526
-4564800,0.1516
-4564900,0.1556
-4565000,0.1586
-4565100,0.1516
-4565200,0.1516
-4565300,0.1576
-4565400,0.1536
-4565500,0.1506
-4565600,0.1526
-4565700,0.1546
-4565800,0.1446
-4565900,0.1466
-4566000,0.1406
-4566100,0.1346
-4566200,0.1256
-4566300,0.1196
-4566400,0.1186
-4566500,0.1046
-4566600,0.1036
-4566700,0.0966
-4566800,0.0906
-4566900,0.0816
-4567000,0.0836
-4567100,0.0706
-4567200,0.0566
-4567300,0.0516
-4567400,0.0486
-4567500,0.0436
-4567600,0.0376
-4567700,0.0286
-4567800,0.0216
-4567900,0.0106
-4568000,-0.0024
-4568100,-0.0054
-4568200,-0.0154
-4568300,-0.0264
-4568400,-0.0444
-4568500,-0.0434
-4568600,-0.0444
-4568700,-0.0544
-4568800,-0.0554
-4568900,-0.0674
-4569000,-0.0824
-4569100,-0.0904
-4569200,-0.0994
-4569300,-0.1084
-4569400,-0.1124
-4569500,-0.1344
-4569600,-0.1464
-4569700,-0.1534
-4569800,-0.1614
-4569900,-0.1764
-4570000,-0.1824
-4570100,-0.1884
-4570200,-0.1964
-4570300,-0.2114
-4570400,-0.2154
-4570500,-0.2234
-4570600,-0.2304
-4570700,-0.2424
-4570800,-0.2374
-4570900,-0.2434
-4571000,-0.2484
-4571100,-0.2494
-4571200,-0.2534
-4571300,-0.2544
-4571400,-0.2594
-4571500,-0.2594
-4571600,-0.2624
-4571700,-0.2514
-4571800,-0.2494
-4571900,-0.2424
-4572000,-0.2454
-4572100,-0.2394
-4572200,-0.2334
-4572300,-0.2294
-4572400,-0.2304
-4572500,-0.2264
-4572600,-0.2204
-4572700,-0.2074
-4572800,-0.2084
-4572900,-0.1974
-4573000,-0.1884
-4573100,-0.1794
-4573200,-0.1744
-4573300,-0.1724
-4573400,-0.1584
-4573500,-0.1524
-4573600,-0.1374
-4573700,-0.1324
-4573800,-0.1074
-4573900,-0.1004
-4574000,-0.0854
-4574100,-0.0704
-4574200,-0.0444
-4574300,-0.0454
-4574400,-0.0154
-4574500,-0.0014
-4574600,0.0036
-4574700,0.0216
-4574800,0.0426
-4574900,0.0476
-4575000,0.0686
-4575100,0.0776
-4575200,0.0786
-4575300,0.0936
-4575400,0.0976
-4575500,0.1026
-4575600,0.1136
-4575700,0.1216
-4575800,0.1426
-4575900,0.1566
-4576000,0.1676
-4576100,0.1576
-4576200,0.1636
-4576300,0.1786
-4576400,0.1906
-4576500,0.1966
-4576600,0.2096
-4576700,0.2246
-4576800,0.2396
-4576900,0.2456
-4577000,0.2536
-4577100,0.2666
-4577200,0.2656
-4577300,0.2716
-4577400,0.2746
-4577500,0.2826
-4577600,0.2856
-4577700,0.2906
-4577800,0.2866
-4577900,0.2866
-4578000,0.2926
-4578100,0.2976
-4578200,0.3036
-4578300,0.3116
-4578400,0.3186
-4578500,0.3206
-4578600,0.3286
-4578700,0.3326
-4578800,0.3386
-4578900,0.3436
-4579000,0.3456
-4579100,0.3446
-4579200,0.3506
-4579300,0.3536
-4579400,0.3586
-4579500,0.3516
-4579600,0.3566
-4579700,0.3606
-4579800,0.3626
-4579900,0.3646
-4580000,0.3736
-4580100,0.3806
-4580200,0.3796
-4580300,0.3836
-4580400,0.3916
-4580500,0.3986
-4580600,0.4016
-4580700,0.4096
-4580800,0.4156
-4580900,0.4236
-4581000,0.4246
-4581100,0.4336
-4581200,0.4426
-4581300,0.4526
-4581400,0.4626
-4581500,0.4706
-4581600,0.4796
-4581700,0.4876
-4581800,0.4936
-4581900,0.4946
-4582000,0.5016
-4582100,0.5066
-4582200,0.5136
-4582300,0.5186
-4582400,0.5246
-4582500,0.5266
-4582600,0.5306
-4582700,0.5366
-4582800,0.5406
-4582900,0.5376
-4583000,0.5386
-4583100,0.5416
-4583200,0.5436
-4583300,0.5456
-4583400,0.5476
-4583500,0.5486
-4583600,0.5486
-4583700,0.5456
-4583800,0.5396
-4583900,0.5346
-4584000,0.5356
-4584100,0.5356
-4584200,0.5346
-4584300,0.5346
-4584400,0.5346
-4584500,0.5356
-4584600,0.5346
-4584700,0.5326
-4584800,0.5286
-4584900,0.5256
-4585000,0.5246
-4585100,0.5226
-4585200,0.5216
-4585300,0.5196
-4585400,0.5166
-4585500,0.5126
-4585600,0.5096
-4585700,0.5066
-4585800,0.5026
-4585900,0.4976
-4586000,0.4936
-4586100,0.4876
-4586200,0.4846
-4586300,0.4786
-4586400,0.4736
-4586500,0.4666
-4586600,0.4586
-4586700,0.4506
-4586800,0.4436
-4586900,0.4376
-4587000,0.4256
-4587100,0.4156
-4587200,0.4046
-4587300,0.3956
-4587400,0.3886
-4587500,0.3766
-4587600,0.3716
-4587700,0.3646
-4587800,0.3566
-4587900,0.3516
-4588000,0.3436
-4588100,0.3366
-4588200,0.3276
-4588300,0.3166
-4588400,0.3056
-4588500,0.2976
-4588600,0.3016
-4588700,0.2876
-4588800,0.2976
-4588900,0.2956
-4589000,0.2906
-4589100,0.2886
-4589200,0.2766
-4589300,0.2866
-4589400,0.2796
-4589500,0.2866
-4589600,0.2856
-4589700,0.2926
-4589800,0.2976
-4589900,0.2986
-4590000,0.3016
-4590100,0.3006
-4590200,0.3006
-4590300,0.2996
-4590400,0.2996
-4590500,0.3016
-4590600,0.2996
-4590700,0.3016
-4590800,0.3056
-4590900,0.3076
-4591000,0.3086
-4591100,0.3076
-4591200,0.3086
-4591300,0.3046
-4591400,0.3066
-4591500,0.3096
-4591600,0.3086
-4591700,0.3096
-4591800,0.3116
-4591900,0.3086
-4592000,0.3126
-4592100,0.3146
-4592200,0.3156
-4592300,0.3146
-4592400,0.3136
-4592500,0.3186
-4592600,0.3186
-4592700,0.3176
-4592800,0.3176
-4592900,0.3196
-4593000,0.3216
-4593100,0.3206
-4593200,0.3206
-4593300,0.3226
-4593400,0.3206
-4593500,0.3216
-4593600,0.3246
-4593700,0.3236
-4593800,0.3256
-4593900,0.3266
-4594000,0.3236
-4594100,0.3286
-4594200,0.3276
-4594300,0.3266
-4594400,0.3286
-4594500,0.3276
-4594600,0.3266
-4594700,0.3306
-4594800,0.3276
-4594900,0.3296
-4595000,0.3276
-4595100,0.3306
-4595200,0.3306
-4595300,0.3306
-4595400,0.3306
-4595500,0.3316
-4595600,0.3306
-4595700,0.3326
-4595800,0.3346
-4595900,0.3346
-4596000,0.3356
-4596100,0.3356
-4596200,0.3356
-4596300,0.3366
-4596400,0.3366
-4596500,0.3376
-4596600,0.3376
-4596700,0.3386
-4596800,0.3396
-4596900,0.3396
-4597000,0.3406
-4597100,0.3416
-4597200,0.3426
-4597300,0.3426
-4597400,0.3446
-4597500,0.3446
-4597600,0.3466
-4597700,0.3476
-4597800,0.3466
-4597900,0.3486
-4598000,0.3486
-4598100,0.3526
-4598200,0.3506
-4598300,0.3496
-4598400,0.3506
-4598500,0.3506
-4598600,0.3516
-4598700,0.3516
-4598800,0.3526
-4598900,0.3556
-4599000,0.3496
-4599100,0.3466
-4599200,0.3456
-4599300,0.3456
-4599400,0.3416
-4599500,0.3386
-4599600,0.3326
-4599700,0.3286
-4599800,0.3236
-4599900,0.3156
-4600000,0.3036
-4600100,0.2946
-4600200,0.2846
-4600300,0.2736
-4600400,0.2666
-4600500,0.2566
-4600600,0.2486
-4600700,0.2396
-4600800,0.2306
-4600900,0.2246
-4601000,0.2196
-4601100,0.2116
-4601200,0.2086
-4601300,0.2046
-4601400,0.1986
-4601500,0.1936
-4601600,0.1896
-4601700,0.1816
-4601800,0.1756
-4601900,0.1736
-4602000,0.1686
-4602100,0.1646
-4602200,0.1566
-4602300,0.1516
-4602400,0.1496
-4602500,0.1436
-4602600,0.1376
-4602700,0.1316
-4602800,0.1276
-4602900,0.1206
-4603000,0.1166
-4603100,0.1156
-4603200,0.1106
-4603300,0.1076
-4603400,0.1046
-4603500,0.1006
-4603600,0.0976
-4603700,0.0926
-4603800,0.0906
-4603900,0.0856
-4604000,0.0836
-4604100,0.0796
-4604200,0.0756
-4604300,0.0676
-4604400,0.0696
-4604500,0.0616
-4604600,0.0646
-4604700,0.0586
-4604800,0.0576
-4604900,0.0516
-4605000,0.0546
-4605100,0.0506
-4605200,0.0516
-4605300,0.0456
-4605400,0.0436
-4605500,0.0346
-4605600,0.0366
-4605700,0.0326
-4605800,0.0296
-4605900,0.0266
-4606000,0.0296
-4606100,0.0296
-4606200,0.0316
-4606300,0.0336
-4606400,0.0356
-4606500,0.0376
-4606600,0.0386
-4606700,0.0386
-4606800,0.0416
-4606900,0.0436
-4607000,0.0476
-4607100,0.0526
-4607200,0.0576
-4607300,0.0606
-4607400,0.0676
-4607500,0.0746
-4607600,0.0766
-4607700,0.0806
-4607800,0.0846
-4607900,0.0866
-4608000,0.0906
-4608100,0.0946
-4608200,0.0966
-4608300,0.1006
-4608400,0.1066
-4608500,0.1106
-4608600,0.1156
-4608700,0.1236
-4608800,0.1286
-4608900,0.1356
-4609000,0.1406
-4609100,0.1436
-4609200,0.1486
-4609300,0.1516
-4609400,0.1566
-4609500,0.1686
-4609600,0.1796
-4609700,0.1946
-4609800,0.2056
-4609900,0.2186
-4610000,0.2226
-4610100,0.2336
-4610200,0.2446
-4610300,0.2506
-4610400,0.2596
-4610500,0.2676
-4610600,0.2806
-4610700,0.2886
-4610800,0.2976
-4610900,0.3076
-4611000,0.3086
-4611100,0.3176
-4611200,0.3266
-4611300,0.3356
-4611400,0.3476
-4611500,0.3556
-4611600,0.3656
-4611700,0.3746
-4611800,0.3776
-4611900,0.3796
-4612000,0.3886
-4612100,0.3886
-4612200,0.3966
-4612300,0.4056
-4612400,0.4056
-4612500,0.4166
-4612600,0.4166
-4612700,0.4246
-4612800,0.4276
-4612900,0.4276
-4613000,0.4316
-4613100,0.4326
-4613200,0.4326
-4613300,0.4386
-4613400,0.4416
-4613500,0.4386
-4613600,0.4396
-4613700,0.4426
-4613800,0.4456
-4613900,0.4476
-4614000,0.4496
-4614100,0.4516
-4614200,0.4506
-4614300,0.4536
-4614400,0.4566
-4614500,0.4576
-4614600,0.4586
-4614700,0.4606
-4614800,0.4616
-4614900,0.4616
-4615000,0.4656
-4615100,0.4636
-4615200,0.4666
-4615300,0.4636
-4615400,0.4676
-4615500,0.4686
-4615600,0.4686
-4615700,0.4676
-4615800,0.4676
-4615900,0.4656
-4616000,0.4686
-4616100,0.4676
-4616200,0.4646
-4616300,0.4666
-4616400,0.4686
-4616500,0.4696
-4616600,0.4676
-4616700,0.4686
-4616800,0.4706
-4616900,0.4696
-4617000,0.4696
-4617100,0.4676
-4617200,0.4696
-4617300,0.4726
-4617400,0.4716
-4617500,0.4696
-4617600,0.4726
-4617700,0.4726
-4617800,0.4736
-4617900,0.4736
-4618000,0.4706
-4618100,0.4726
-4618200,0.4726
-4618300,0.4746
-4618400,0.4726
-4618500,0.4726
-4618600,0.4726
-4618700,0.4736
-4618800,0.4756
-4618900,0.4776
-4619000,0.4786
-4619100,0.4756
-4619200,0.4756
-4619300,0.4746
-4619400,0.4766
-4619500,0.4766
-4619600,0.4766
-4619700,0.4786
-4619800,0.4806
-4619900,0.4766
-4620000,0.4756
-4620100,0.4756
-4620200,0.4776
-4620300,0.4766
-4620400,0.4746
-4620500,0.4726
-4620600,0.4776
-4620700,0.4786
-4620800,0.4786
-4620900,0.4706
-4621000,0.4636
-4621100,0.4656
-4621200,0.4666
-4621300,0.4656
-4621400,0.4696
-4621500,0.4746
-4621600,0.4756
-4621700,0.4796
-4621800,0.4786
-4621900,0.4776
-4622000,0.4806
-4622100,0.4806
-4622200,0.4826
-4622300,0.4846
-4622400,0.4856
-4622500,0.4876
-4622600,0.4926
-4622700,0.4946
-4622800,0.4946
-4622900,0.4966
-4623000,0.4976
-4623100,0.4996
-4623200,0.5036
-4623300,0.5026
-4623400,0.5106
-4623500,0.5136
-4623600,0.5206
-4623700,0.5256
-4623800,0.5336
-4623900,0.5406
-4624000,0.5496
-4624100,0.5526
-4624200,0.5506
-4624300,0.5506
-4624400,0.5526
-4624500,0.5546
-4624600,0.5596
-4624700,0.5626
-4624800,0.5646
-4624900,0.5686
-4625000,0.5706
-4625100,0.5676
-4625200,0.5686
-4625300,0.5686
-4625400,0.5696
-4625500,0.5696
-4625600,0.5706
-4625700,0.5706
-4625800,0.5716
-4625900,0.5726
-4626000,0.5726
-4626100,0.5736
-4626200,0.5706
-4626300,0.5716
-4626400,0.5726
-4626500,0.5746
-4626600,0.5766
-4626700,0.5776
-4626800,0.5796
-4626900,0.5806
-4627000,0.5816
-4627100,0.5856
-4627200,0.5896
-4627300,0.5956
-4627400,0.6016
-4627500,0.6026
-4627600,0.6046
-4627700,0.6026
-4627800,0.5996
-4627900,0.5966
-4628000,0.5956
-4628100,0.5936
-4628200,0.5926
-4628300,0.5906
-4628400,0.5886
-4628500,0.5866
-4628600,0.5836
-4628700,0.5786
-4628800,0.5736
-4628900,0.5686
-4629000,0.5666
-4629100,0.5656
-4629200,0.5636
-4629300,0.5626
-4629400,0.5606
-4629500,0.5576
-4629600,0.5556
-4629700,0.5516
-4629800,0.5466
-4629900,0.5416
-4630000,0.5396
-4630100,0.5366
-4630200,0.5346
-4630300,0.5316
-4630400,0.5296
-4630500,0.5266
-4630600,0.5226
-4630700,0.5186
-4630800,0.5136
-4630900,0.5086
-4631000,0.5046
-4631100,0.5006
-4631200,0.4976
-4631300,0.4936
-4631400,0.4886
-4631500,0.4836
-4631600,0.4786
-4631700,0.4716
-4631800,0.4666
-4631900,0.4586
-4632000,0.4516
-4632100,0.4446
-4632200,0.4356
-4632300,0.4256
-4632400,0.4156
-4632500,0.4086
-4632600,0.4006
-4632700,0.3896
-4632800,0.3776
-4632900,0.3726
-4633000,0.3626
-4633100,0.3556
-4633200,0.3466
-4633300,0.3316
-4633400,0.3286
-4633500,0.3196
-4633600,0.3146
-4633700,0.3066
-4633800,0.3026
-4633900,0.2986
-4634000,0.2916
-4634100,0.2816
-4634200,0.2836
-4634300,0.2786
-4634400,0.2746
-4634500,0.2676
-4634600,0.2686
-4634700,0.2726
-4634800,0.2756
-4634900,0.2776
-4635000,0.2746
-4635100,0.2766
-4635200,0.2726
-4635300,0.2716
-4635400,0.2686
-4635500,0.2716
-4635600,0.2746
-4635700,0.2776
-4635800,0.2836
-4635900,0.2876
-4636000,0.2866
-4636100,0.2876
-4636200,0.2876
-4636300,0.2886
-4636400,0.2876
-4636500,0.2866
-4636600,0.2886
-4636700,0.2886
-4636800,0.2896
-4636900,0.2906
-4637000,0.2906
-4637100,0.2916
-4637200,0.2926
-4637300,0.2926
-4637400,0.2936
-4637500,0.2946
-4637600,0.2936
-4637700,0.2956
-4637800,0.2956
-4637900,0.2976
-4638000,0.2976
-4638100,0.2996
-4638200,0.2996
-4638300,0.2996
-4638400,0.3006
-4638500,0.3016
-4638600,0.3036
-4638700,0.3046
-4638800,0.3056
-4638900,0.3066
-4639000,0.3066
-4639100,0.3076
-4639200,0.3076
-4639300,0.3086
-4639400,0.3086
-4639500,0.3086
-4639600,0.3096
-4639700,0.3096
-4639800,0.3106
-4639900,0.3126
-4640000,0.3116
-4640100,0.3126
-4640200,0.3116
-4640300,0.3136
-4640400,0.3126
-4640500,0.3146
-4640600,0.3136
-4640700,0.3146
-4640800,0.3156
-4640900,0.3156
-4641000,0.3166
-4641100,0.3166
-4641200,0.3176
-4641300,0.3186
-4641400,0.3186
-4641500,0.3176
-4641600,0.3206
-4641700,0.3206
-4641800,0.3206
-4641900,0.3246
-4642000,0.3236
-4642100,0.3256
-4642200,0.3276
-4642300,0.3286
-4642400,0.3296
-4642500,0.3326
-4642600,0.3366
-4642700,0.3386
-4642800,0.3396
-4642900,0.3406
-4643000,0.3396
-4643100,0.3426
-4643200,0.3436
-4643300,0.3436
-4643400,0.3456
-4643500,0.3466
-4643600,0.3496
-4643700,0.3486
-4643800,0.3516
-4643900,0.3526
-4644000,0.3526
-4644100,0.3506
-4644200,0.3546
-4644300,0.3536
-4644400,0.3556
-4644500,0.3546
-4644600,0.3556
-4644700,0.3536
-4644800,0.3516
-4644900,0.3536
-4645000,0.3526
-4645100,0.3516
-4645200,0.3486
-4645300,0.3486
-4645400,0.3486
-4645500,0.3446
-4645600,0.3436
-4645700,0.3356
-4645800,0.3286
-4645900,0.3156
-4646000,0.3066
-4646100,0.2956
-4646200,0.2846
-4646300,0.2756
-4646400,0.2666
-4646500,0.2586
-4646600,0.2426
-4646700,0.2326
-4646800,0.2206
-4646900,0.2106
-4647000,0.2046
-4647100,0.1966
-4647200,0.1906
-4647300,0.1836
-4647400,0.1806
-4647500,0.1726
-4647600,0.1636
-4647700,0.1566
-4647800,0.1476
-4647900,0.1396
-4648000,0.1336
-4648100,0.1276
-4648200,0.1236
-4648300,0.1186
-4648400,0.1156
-4648500,0.1136
-4648600,0.1086
-4648700,0.1066
-4648800,0.1046
-4648900,0.1026
-4649000,0.1006
-4649100,0.1016
-4649200,0.1006
-4649300,0.0986
-4649400,0.0996
-4649500,0.1006
-4649600,0.1026
-4649700,0.0976
-4649800,0.0986
-4649900,0.0986
-4650000,0.1056
-4650100,0.1046
-4650200,0.1066
-4650300,0.1096
-4650400,0.1146
-4650500,0.1156
-4650600,0.1196
-4650700,0.1216
-4650800,0.1276
-4650900,0.1296
-4651000,0.1336
-4651100,0.1356
-4651200,0.1446
-4651300,0.1476
-4651400,0.1536
-4651500,0.1566
-4651600,0.1636
-4651700,0.1696
-4651800,0.1756
-4651900,0.1816
-4652000,0.1836
-4652100,0.1846
-4652200,0.1886
-4652300,0.1986
-4652400,0.2056
-4652500,0.2196
-4652600,0.2326
-4652700,0.2396
-4652800,0.2456
-4652900,0.2586
-4653000,0.2696
-4653100,0.2776
-4653200,0.2906
-4653300,0.3006
-4653400,0.3186
-4653500,0.3266
-4653600,0.3326
-4653700,0.3456
-4653800,0.3576
-4653900,0.3686
-4654000,0.3776
-4654100,0.3866
-4654200,0.3986
-4654300,0.4116
-4654400,0.4216
-4654500,0.4366
-4654600,0.4536
-4654700,0.4646
-4654800,0.4776
-4654900,0.4896
-4655000,0.5016
-4655100,0.5116
-4655200,0.5246
-4655300,0.5376
-4655400,0.5496
-4655500,0.5656
-4655600,0.5826
-4655700,0.5976
-4655800,0.6056
-4655900,0.6126
-4656000,0.6186
-4656100,0.6246
-4656200,0.6296
-4656300,0.6356
-4656400,0.6426
-4656500,0.6486
-4656600,0.6546
-4656700,0.6596
-4656800,0.6666
-4656900,0.6756
-4657000,0.6826
-4657100,0.6946
-4657200,0.7036
-4657300,0.7096
-4657400,0.7136
-4657500,0.7166
-4657600,0.7246
-4657700,0.7346
-4657800,0.7436
-4657900,0.7496
-4658000,0.7546
-4658100,0.7576
-4658200,0.7586
-4658300,0.7586
-4658400,0.7616
-4658500,0.7616
-4658600,0.7576
-4658700,0.7546
-4658800,0.7506
-4658900,0.7466
-4659000,0.7426
-4659100,0.7396
-4659200,0.7356
-4659300,0.7326
-4659400,0.7296
-4659500,0.7266
-4659600,0.7246
-4659700,0.7226
-4659800,0.7216
-4659900,0.7206
-4660000,0.7196
-4660100,0.7196
-4660200,0.7196
-4660300,0.7186
-4660400,0.7206
-4660500,0.7216
-4660600,0.7226
-4660700,0.7236
-4660800,0.7256
-4660900,0.7276
-4661000,0.7296
-4661100,0.7316
-4661200,0.7336
-4661300,0.7356
-4661400,0.7376
-4661500,0.7396
-4661600,0.7426
-4661700,0.7446
-4661800,0.7476
-4661900,0.7516
-4662000,0.7546
-4662100,0.7566
-4662200,0.7596
-4662300,0.7626
-4662400,0.7646
-4662500,0.7676
-4662600,0.7706
-4662700,0.7726
-4662800,0.7746
-4662900,0.7776
-4663000,0.7796
-4663100,0.7806
-4663200,0.7826
-4663300,0.7836
-4663400,0.7846
-4663500,0.7856
-4663600,0.7866
-4663700,0.7876
-4663800,0.7886
-4663900,0.7886
-4664000,0.7886
-4664100,0.7886
-4664200,0.7886
-4664300,0.7886
-4664400,0.7876
-4664500,0.7866
-4664600,0.7856
-4664700,0.7846
-4664800,0.7826
-4664900,0.7816
-4665000,0.7796
-4665100,0.7786
-4665200,0.7766
-4665300,0.7756
-4665400,0.7736
-4665500,0.7716
-4665600,0.7696
-4665700,0.7686
-4665800,0.7666
-4665900,0.7646
-4666000,0.7636
-4666100,0.7556
-4666200,0.7536
-4666300,0.7526
-4666400,0.7506
-4666500,0.7496
-4666600,0.7486
-4666700,0.7486
-4666800,0.7486
-4666900,0.7476
-4667000,0.7476
-4667100,0.7486
-4667200,0.7516
-4667300,0.7466
-4667400,0.7466
-4667500,0.7486
-4667600,0.7506
-4667700,0.7406
-4667800,0.7356
-4667900,0.7356
-4668000,0.7366
-4668100,0.7376
-4668200,0.7386
-4668300,0.7396
-4668400,0.7346
-4668500,0.7336
-4668600,0.7346
-4668700,0.7346
-4668800,0.7356
-4668900,0.7376
-4669000,0.7396
-4669100,0.7416
-4669200,0.7446
-4669300,0.7486
-4669400,0.7526
-4669500,0.7376
-4669600,0.7406
-4669700,0.7416
-4669800,0.7426
-4669900,0.7426
-4670000,0.7436
-4670100,0.7466
-4670200,0.7476
-4670300,0.7456
-4670400,0.7426
-4670500,0.7416
-4670600,0.7426
-4670700,0.7436
-4670800,0.7446
-4670900,0.7466
-4671000,0.7486
-4671100,0.7506
-4671200,0.7436
-4671300,0.7506
-4671400,0.7456
-4671500,0.7446
-4671600,0.7486
-4671700,0.7516
-4671800,0.7556
-4671900,0.7556
-4672000,0.7606
-4672100,0.7646
-4672200,0.7706
-4672300,0.7786
-4672400,0.7856
-4672500,0.7956
-4672600,0.8016
-4672700,0.8006
-4672800,0.8096
-4672900,0.8196
-4673000,0.8256
-4673100,0.8226
-4673200,0.8276
-4673300,0.8316
-4673400,0.8346
-4673500,0.8396
-4673600,0.8456
-4673700,0.8486
-4673800,0.8516
-4673900,0.8536
-4674000,0.8566
-4674100,0.8646
-4674200,0.8696
-4674300,0.8776
-4674400,0.8846
-4674500,0.8876
-4674600,0.8766
-4674700,0.8736
-4674800,0.8716
-4674900,0.8666
-4675000,0.8606
-4675100,0.8606
-4675200,0.8666
-4675300,0.8666
-4675400,0.8656
-4675500,0.8606
-4675600,0.8656
-4675700,0.8636
-4675800,0.8576
-4675900,0.8526
-4676000,0.8536
-4676100,0.8406
-4676200,0.8416
-4676300,0.8206
-4676400,0.8276
-4676500,0.8216
-4676600,0.8056
-4676700,0.7986
-4676800,0.7966
-4676900,0.7846
-4677000,0.7716
-4677100,0.7426
-4677200,0.7176
-4677300,0.7216
-4677400,0.7056
-4677500,0.6866
-4677600,0.6606
-4677700,0.6466
-4677800,0.6196
-4677900,0.6146
-4678000,0.5946
-4678100,0.5786
-4678200,0.5616
-4678300,0.5266
-4678400,0.5106
-4678500,0.4916
-4678600,0.4916
-4678700,0.4636
-4678800,0.4526
-4678900,0.4416
-4679000,0.4286
-4679100,0.4156
-4679200,0.3986
-4679300,0.3766
-4679400,0.3526
-4679500,0.3366
-4679600,0.3106
-4679700,0.2846
-4679800,0.2756
-4679900,0.2496
-4680000,0.2306
-4680100,0.2136
-4680200,0.1946
-4680300,0.1706
-4680400,0.1626
-4680500,0.1476
-4680600,0.1276
-4680700,0.1216
-4680800,0.1146
-4680900,0.0956
-4681000,0.0846
-4681100,0.0636
-4681200,0.0446
-4681300,0.0326
-4681400,-0.0014
-4681500,-0.0214
-4681600,-0.0304
-4681700,-0.0414
-4681800,-0.0624
-4681900,-0.0804
-4682000,-0.1064
-4682100,-0.1314
-4682200,-0.1384
-4682300,-0.1604
-4682400,-0.1744
-4682500,-0.1954
-4682600,-0.2214
-4682700,-0.2444
-4682800,-0.2724
-4682900,-0.2884
-4683000,-0.3074
-4683100,-0.3264
-4683200,-0.3424
-4683300,-0.3734
-4683400,-0.3914
-4683500,-0.4074
-4683600,-0.4174
-4683700,-0.4314
-4683800,-0.4464
-4683900,-0.4574
-4684000,-0.4684
-4684100,-0.4794
-4684200,-0.4754
-4684300,-0.4854
-4684400,-0.4854
-4684500,-0.4884
-4684600,-0.4844
-4684700,-0.4894
-4684800,-0.4864
-4684900,-0.4924
-4685000,-0.4924
-4685100,-0.4874
-4685200,-0.4894
-4685300,-0.4854
-4685400,-0.4934
-4685500,-0.4794
-4685600,-0.4774
-4685700,-0.4824
-4685800,-0.4794
-4685900,-0.4714
-4686000,-0.4674
-4686100,-0.4674
-4686200,-0.4684
-4686300,-0.4634
-4686400,-0.4604
-4686500,-0.4624
-4686600,-0.4514
-4686700,-0.4524
-4686800,-0.4474
-4686900,-0.4434
-4687000,-0.4404
-4687100,-0.4374
-4687200,-0.4314
-4687300,-0.4254
-4687400,-0.4184
-4687500,-0.4124
-4687600,-0.4124
-4687700,-0.3994
-4687800,-0.3904
-4687900,-0.3854
-4688000,-0.3704
-4688100,-0.3654
-4688200,-0.3564
-4688300,-0.3464
-4688400,-0.3354
-4688500,-0.3234
-4688600,-0.3134
-4688700,-0.3094
-4688800,-0.2904
-4688900,-0.2774
-4689000,-0.2654
-4689100,-0.2554
-4689200,-0.2504
-4689300,-0.2434
-4689400,-0.2334
-4689500,-0.2184
-4689600,-0.2064
-4689700,-0.1834
-4689800,-0.1734
-4689900,-0.1544
-4690000,-0.1414
-4690100,-0.1254
-4690200,-0.1194
-4690300,-0.1054
-4690400,-0.0894
-4690500,-0.0744
-4690600,-0.0624
-4690700,-0.0564
-4690800,-0.0464
-4690900,-0.0574
-4691000,-0.0544
-4691100,-0.0434
-4691200,-0.0354
-4691300,-0.0274
-4691400,-0.0214
-4691500,-0.0194
-4691600,-0.0074
-4691700,0.0016
-4691800,0.0126
-4691900,0.0176
-4692000,0.0296
-4692100,0.0376
-4692200,0.0496
-4692300,0.0516
-4692400,0.0476
-4692500,0.0486
-4692600,0.0476
-4692700,0.0536
-4692800,0.0466
-4692900,0.0436
-4693000,0.0486
-4693100,0.0516
-4693200,0.0416
-4693300,0.0476
-4693400,0.0416
-4693500,0.0406
-4693600,0.0446
-4693700,0.0456
-4693800,0.0466
-4693900,0.0486
-4694000,0.0526
-4694100,0.0466
-4694200,0.0556
-4694300,0.0596
-4694400,0.0646
-4694500,0.0606
-4694600,0.0736
-4694700,0.0816
-4694800,0.0866
-4694900,0.0866
-4695000,0.0906
-4695100,0.0886
-4695200,0.0896
-4695300,0.0926
-4695400,0.0946
-4695500,0.1036
-4695600,0.0956
-4695700,0.0926
-4695800,0.0886
-4695900,0.0936
-4696000,0.0936
-4696100,0.0996
-4696200,0.1016
-4696300,0.1096
-4696400,0.1126
-4696500,0.1146
-4696600,0.1176
-4696700,0.1246
-4696800,0.1236
-4696900,0.1246
-4697000,0.1326
-4697100,0.1366
-4697200,0.1376
-4697300,0.1456
-4697400,0.1586
-4697500,0.1576
-4697600,0.1566
-4697700,0.1646
-4697800,0.1666
-4697900,0.1816
-4698000,0.1836
-4698100,0.1956
-4698200,0.1996
-4698300,0.2106
-4698400,0.2126
-4698500,0.2206
-4698600,0.2286
-4698700,0.2306
-4698800,0.2366
-4698900,0.2386
-4699000,0.2366
-4699100,0.2386
-4699200,0.2466
-4699300,0.2516
-4699400,0.2526
-4699500,0.2556
-4699600,0.2626
-4699700,0.2666
-4699800,0.2676
-4699900,0.2636
-4700000,0.2646
-4700100,0.2676
-4700200,0.2666
-4700300,0.2696
-4700400,0.2706
-4700500,0.2736
-4700600,0.2726
-4700700,0.2716
-4700800,0.2686
-4700900,0.2676
-4701000,0.2626
-4701100,0.2636
-4701200,0.2696
-4701300,0.2706
-4701400,0.2706
-4701500,0.2736
-4701600,0.2696
-4701700,0.2716
-4701800,0.2676
-4701900,0.2626
-4702000,0.2596
-4702100,0.2546
-4702200,0.2496
-4702300,0.2506
-4702400,0.2416
-4702500,0.2516
-4702600,0.2626
-4702700,0.2616
-4702800,0.2626
-4702900,0.2706
-4703000,0.2686
-4703100,0.2726
-4703200,0.2776
-4703300,0.2756
-4703400,0.2676
-4703500,0.2656
-4703600,0.2686
-4703700,0.2666
-4703800,0.2626
-4703900,0.2666
-4704000,0.2656
-4704100,0.2636
-4704200,0.2616
-4704300,0.2606
-4704400,0.2546
-4704500,0.2516
-4704600,0.2526
-4704700,0.2466
-4704800,0.2426
-4704900,0.2416
-4705000,0.2376
-4705100,0.2346
-4705200,0.2376
-4705300,0.2326
-4705400,0.2256
-4705500,0.2296
-4705600,0.2296
-4705700,0.2246
-4705800,0.2216
-4705900,0.2196
-4706000,0.2186
-4706100,0.2136
-4706200,0.2146
-4706300,0.2166
-4706400,0.2066
-4706500,0.2066
-4706600,0.2116
-4706700,0.2056
-4706800,0.2066
-4706900,0.2076
-4707000,0.2026
-4707100,0.1976
-4707200,0.1996
-4707300,0.1996
-4707400,0.1996
-4707500,0.1906
-4707600,0.1986
-4707700,0.1976
-4707800,0.1986
-4707900,0.2016
-4708000,0.2026
-4708100,0.1996
-4708200,0.2006
-4708300,0.2026
-4708400,0.2006
-4708500,0.2076
-4708600,0.2066
-4708700,0.2066
-4708800,0.2076
-4708900,0.2126
-4709000,0.2156
-4709100,0.2146
-4709200,0.2166
-4709300,0.2156
-4709400,0.2206
-4709500,0.2156
-4709600,0.2196
-4709700,0.2186
-4709800,0.2156
-4709900,0.2226
-4710000,0.2236
-4710100,0.2236
-4710200,0.2256
-4710300,0.2256
-4710400,0.2256
-4710500,0.2306
-4710600,0.2256
-4710700,0.2226
-4710800,0.2276
-4710900,0.2266
-4711000,0.2296
-4711100,0.2336
-4711200,0.2316
-4711300,0.2316
-4711400,0.2286
-4711500,0.2266
-4711600,0.2236
-4711700,0.2306
-4711800,0.2266
-4711900,0.2346
-4712000,0.2366
-4712100,0.2356
-4712200,0.2426
-4712300,0.2406
-4712400,0.2456
-4712500,0.2456
-4712600,0.2466
-4712700,0.2486
-4712800,0.2576
-4712900,0.2576
-4713000,0.2626
-4713100,0.2626
-4713200,0.2616
-4713300,0.2686
-4713400,0.2666
-4713500,0.2736
-4713600,0.2766
-4713700,0.2766
-4713800,0.2776
-4713900,0.2836
-4714000,0.2826
-4714100,0.2806
-4714200,0.2816
-4714300,0.2896
-4714400,0.2866
-4714500,0.2916
-4714600,0.2936
-4714700,0.2896
-4714800,0.2936
-4714900,0.2866
-4715000,0.2916
-4715100,0.2906
-4715200,0.2856
-4715300,0.2916
-4715400,0.2876
-4715500,0.2886
-4715600,0.2866
-4715700,0.2866
-4715800,0.2856
-4715900,0.2856
-4716000,0.2866
-4716100,0.2786
-4716200,0.2826
-4716300,0.2786
-4716400,0.2776
-4716500,0.2696
-4716600,0.2766
-4716700,0.2706
-4716800,0.2626
-4716900,0.2696
-4717000,0.2646
-4717100,0.2586
-4717200,0.2626
-4717300,0.2626
-4717400,0.2576
-4717500,0.2606
-4717600,0.2566
-4717700,0.2546
-4717800,0.2516
-4717900,0.2516
-4718000,0.2516
-4718100,0.2516
-4718200,0.2496
-4718300,0.2496
-4718400,0.2486
-4718500,0.2456
-4718600,0.2456
-4718700,0.2476
-4718800,0.2436
-4718900,0.2426
-4719000,0.2306
-4719100,0.2336
-4719200,0.2306
-4719300,0.2236
-4719400,0.2206
-4719500,0.2116
-4719600,0.2066
-4719700,0.1976
-4719800,0.1856
-4719900,0.1666
-4720000,0.1516
-4720100,0.1326
-4720200,0.1076
-4720300,0.0896
-4720400,0.0716
-4720500,0.0436
-4720600,0.0166
-4720700,-0.0114
-4720800,-0.0324
-4720900,-0.0534
-4721000,-0.0684
-4721100,-0.0874
-4721200,-0.1094
-4721300,-0.1244
-4721400,-0.1464
-4721500,-0.1704
-4721600,-0.1904
-4721700,-0.2014
-4721800,-0.2204
-4721900,-0.2504
-4722000,-0.2754
-4722100,-0.2924
-4722200,-0.3164
-4722300,-0.3404
-4722400,-0.3514
-4722500,-0.3734
-4722600,-0.3924
-4722700,-0.3964
-4722800,-0.4034
-4722900,-0.4174
-4723000,-0.4294
-4723100,-0.4474
-4723200,-0.4654
-4723300,-0.4734
-4723400,-0.4904
-4723500,-0.4914
-4723600,-0.5014
-4723700,-0.5024
-4723800,-0.5024
-4723900,-0.5044
-4724000,-0.4994
-4724100,-0.5014
-4724200,-0.4994
-4724300,-0.4984
-4724400,-0.4924
-4724500,-0.4874
-4724600,-0.4794
-4724700,-0.4814
-4724800,-0.4694
-4724900,-0.4654
-4725000,-0.4554
-4725100,-0.4534
-4725200,-0.4494
-4725300,-0.4404
-4725400,-0.4404
-4725500,-0.4274
-4725600,-0.4194
-4725700,-0.4154
-4725800,-0.4094
-4725900,-0.3914
-4726000,-0.3914
-4726100,-0.3794
-4726200,-0.3724
-4726300,-0.3554
-4726400,-0.3494
-4726500,-0.3354
-4726600,-0.3304
-4726700,-0.3154
-4726800,-0.3034
-4726900,-0.2954
-4727000,-0.2774
-4727100,-0.2704
-4727200,-0.2504
-4727300,-0.2344
-4727400,-0.2314
-4727500,-0.2154
-4727600,-0.1974
-4727700,-0.1784
-4727800,-0.1734
-4727900,-0.1634
-4728000,-0.1594
-4728100,-0.1414
-4728200,-0.1214
-4728300,-0.1034
-4728400,-0.0874
-4728500,-0.0774
-4728600,-0.0674
-4728700,-0.0614
-4728800,-0.0534
-4728900,-0.0414
-4729000,-0.0214
-4729100,-0.0074
-4729200,0.0016
-4729300,0.0186
-4729400,0.0256
-4729500,0.0236
-4729600,0.0416
-4729700,0.0616
-4729800,0.0656
-4729900,0.0776
-4730000,0.0796
-4730100,0.0936
-4730200,0.1216
-4730300,0.1316
-4730400,0.1506
-4730500,0.1696
-4730600,0.1676
-4730700,0.1806
-4730800,0.1976
-4730900,0.2056
-4731000,0.2146
-4731100,0.2196
-4731200,0.2226
-4731300,0.2276
-4731400,0.2366
-4731500,0.2446
-4731600,0.2516
-4731700,0.2626
-4731800,0.2726
-4731900,0.2796
-4732000,0.2896
-4732100,0.2966
-4732200,0.3116
-4732300,0.3236
-4732400,0.3226
-4732500,0.3316
-4732600,0.3416
-4732700,0.3526
-4732800,0.3596
-4732900,0.3686
-4733000,0.3806
-4733100,0.3886
-4733200,0.3996
-4733300,0.4116
-4733400,0.4246
-4733500,0.4386
-4733600,0.4466
-4733700,0.4606
-4733800,0.4706
-4733900,0.4836
-4734000,0.5006
-4734100,0.5076
-4734200,0.5136
-4734300,0.5136
-4734400,0.5156
-4734500,0.5196
-4734600,0.5316
-4734700,0.5366
-4734800,0.5466
-4734900,0.5476
-4735000,0.5466
-4735100,0.5506
-4735200,0.5556
-4735300,0.5546
-4735400,0.5566
-4735500,0.5596
-4735600,0.5586
-4735700,0.5636
-4735800,0.5596
-4735900,0.5616
-4736000,0.5646
-4736100,0.5676
-4736200,0.5736
-4736300,0.5776
-4736400,0.5756
-4736500,0.5756
-4736600,0.5756
-4736700,0.5736
-4736800,0.5716
-4736900,0.5726
-4737000,0.5716
-4737100,0.5676
-4737200,0.5676
-4737300,0.5676
-4737400,0.5666
-4737500,0.5726
-4737600,0.5696
-4737700,0.5666
-4737800,0.5646
-4737900,0.5626
-4738000,0.5596
-4738100,0.5546
-4738200,0.5516
-4738300,0.5466
-4738400,0.5436
-4738500,0.5366
-4738600,0.5316
-4738700,0.5286
-4738800,0.5266
-4738900,0.5226
-4739000,0.5196
-4739100,0.5156
-4739200,0.5146
-4739300,0.5126
-4739400,0.5096
-4739500,0.5076
-4739600,0.5056
-4739700,0.5046
-4739800,0.5036
-4739900,0.5016
-4740000,0.5006
-4740100,0.4996
-4740200,0.4986
-4740300,0.4986
-4740400,0.4986
-4740500,0.4996
-4740600,0.4996
-4740700,0.5006
-4740800,0.5016
-4740900,0.5016
-4741000,0.5026
-4741100,0.5036
-4741200,0.5046
-4741300,0.5056
-4741400,0.5066
-4741500,0.5086
-4741600,0.5096
-4741700,0.5116
-4741800,0.5126
-4741900,0.5136
-4742000,0.5146
-4742100,0.5166
-4742200,0.5176
-4742300,0.5196
-4742400,0.5206
-4742500,0.5216
-4742600,0.5226
-4742700,0.5246
-4742800,0.5256
-4742900,0.5276
-4743000,0.5296
-4743100,0.5316
-4743200,0.5336
-4743300,0.5346
-4743400,0.5366
-4743500,0.5376
-4743600,0.5386
-4743700,0.5406
-4743800,0.5416
-4743900,0.5426
-4744000,0.5446
-4744100,0.5456
-4744200,0.5466
-4744300,0.5486
-4744400,0.5506
-4744500,0.5526
-4744600,0.5546
-4744700,0.5556
-4744800,0.5566
-4744900,0.5606
-4745000,0.5616
-4745100,0.5646
-4745200,0.5656
-4745300,0.5676
-4745400,0.5696
-4745500,0.5706
-4745600,0.5666
-4745700,0.5616
-4745800,0.5626
-4745900,0.5646
-4746000,0.5666
-4746100,0.5696
-4746200,0.5706
-4746300,0.5736
-4746400,0.5756
-4746500,0.5776
-4746600,0.5796
-4746700,0.5806
-4746800,0.5806
-4746900,0.5826
-4747000,0.5836
-4747100,0.5856
-4747200,0.5856
-4747300,0.5886
-4747400,0.5886
-4747500,0.5886
-4747600,0.5886
-4747700,0.5896
-4747800,0.5896
-4747900,0.5896
-4748000,0.5886
-4748100,0.5876
-4748200,0.5866
-4748300,0.5856
-4748400,0.5856
-4748500,0.5836
-4748600,0.5816
-4748700,0.5816
-4748800,0.5786
-4748900,0.5766
-4749000,0.5756
-4749100,0.5736
-4749200,0.5706
-4749300,0.5676
-4749400,0.5656
-4749500,0.5626
-4749600,0.5616
-4749700,0.5606
-4749800,0.5596
-4749900,0.5586
-4750000,0.5556
-4750100,0.5546
-4750200,0.5576
-4750300,0.5616
-4750400,0.5586
-4750500,0.5566
-4750600,0.5576
-4750700,0.5566
-4750800,0.5586
-4750900,0.5606
-4751000,0.5606
-4751100,0.5596
-4751200,0.5596
-4751300,0.5556
-4751400,0.5536
-4751500,0.5526
-4751600,0.5506
-4751700,0.5516
-4751800,0.5526
-4751900,0.5526
-4752000,0.5436
-4752100,0.5416
-4752200,0.5386
-4752300,0.5346
-4752400,0.5306
-4752500,0.5256
-4752600,0.5216
-4752700,0.5166
-4752800,0.5126
-4752900,0.5096
-4753000,0.5056
-4753100,0.5006
-4753200,0.4956
-4753300,0.4906
-4753400,0.4846
-4753500,0.4826
-4753600,0.4766
-4753700,0.4736
-4753800,0.4716
-4753900,0.4676
-4754000,0.4676
-4754100,0.4616
-4754200,0.4586
-4754300,0.4566
-4754400,0.4476
-4754500,0.4456
-4754600,0.4416
-4754700,0.4366
-4754800,0.4306
-4754900,0.4246
-4755000,0.4216
-4755100,0.4136
-4755200,0.4026
-4755300,0.3936
-4755400,0.3816
-4755500,0.3706
-4755600,0.3546
-4755700,0.3416
-4755800,0.3446
-4755900,0.3276
-4756000,0.3176
-4756100,0.3036
-4756200,0.2906
-4756300,0.2766
-4756400,0.2616
-4756500,0.2476
-4756600,0.2406
-4756700,0.2286
-4756800,0.2206
-4756900,0.2236
-4757000,0.2226
-4757100,0.2086
-4757200,0.2006
-4757300,0.1996
-4757400,0.1816
-4757500,0.1846
-4757600,0.1766
-4757700,0.1746
-4757800,0.1706
-4757900,0.1736
-4758000,0.1596
-4758100,0.1556
-4758200,0.1466
-4758300,0.1366
-4758400,0.1236
-4758500,0.1166
-4758600,0.1056
-4758700,0.0976
-4758800,0.0836
-4758900,0.0706
-4759000,0.0576
-4759100,0.0396
-4759200,0.0256
-4759300,0.0156
-4759400,-0.0044
-4759500,-0.0174
-4759600,-0.0274
-4759700,-0.0294
-4759800,-0.0424
-4759900,-0.0664
-4760000,-0.0754
-4760100,-0.0914
-4760200,-0.1104
-4760300,-0.1294
-4760400,-0.1624
-4760500,-0.1934
-4760600,-0.2304
-4760700,-0.2504
-4760800,-0.2834
-4760900,-0.3194
-4761000,-0.3684
-4761100,-0.4234
-4761200,-0.4574
-4761300,-0.4994
-4761400,-0.5324
-4761500,-0.5754
-4761600,-0.6134
-4761700,-0.6564
-4761800,-0.7104
-4761900,-0.7594
-4762000,-0.8014
-4762100,-0.8534
-4762200,-0.8934
-4762300,-0.9434
-4762400,-0.9864
-4762500,-1.0374
-4762600,-1.1034
-4762700,-1.1684
-4762800,-1.2004
-4762900,-1.2554
-4763000,-1.3044
-4763100,-1.3534
-4763200,-1.4164
-4763300,-1.4724
-4763400,-1.5234
-4763500,-1.5714
-4763600,-1.6154
-4763700,-1.6684
-4763800,-1.7284
-4763900,-1.7684
-4764000,-1.8084
-4764100,-1.8514
-4764200,-1.8984
-4764300,-1.9284
-4764400,-1.9664
-4764500,-1.9944
-4764600,-2.0344
-4764700,-2.0584
-4764800,-2.0864
-4764900,-2.1014
-4765000,-2.1214
-4765100,-2.1414
-4765200,-2.1624
-4765300,-2.1744
-4765400,-2.1984
-4765500,-2.2104
-4765600,-2.2144
-4765700,-2.2234
-4765800,-2.2364
-4765900,-2.2494
-4766000,-2.2504
-4766100,-2.2584
-4766200,-2.2574
-4766300,-2.2644
-4766400,-2.2534
-4766500,-2.2654
-4766600,-2.2524
-4766700,-2.2484
-4766800,-2.2514
-4766900,-2.2454
-4767000,-2.2324
-4767100,-2.2254
-4767200,-2.2134
-4767300,-2.1994
-4767400,-2.1874
-4767500,-2.1794
-4767600,-2.1644
-4767700,-2.1474
-4767800,-2.1304
-4767900,-2.1114
-4768000,-2.0904
-4768100,-2.0694
-4768200,-2.0434
-4768300,-2.0144
-4768400,-1.9954
-4768500,-1.9734
-4768600,-1.9434
-4768700,-1.9204
-4768800,-1.9044
-4768900,-1.8794
-4769000,-1.8574
-4769100,-1.8264
-4769200,-1.7974
-4769300,-1.7754
-4769400,-1.7314
-4769500,-1.7044
-4769600,-1.6844
-4769700,-1.6514
-4769800,-1.6294
-4769900,-1.6064
-4770000,-1.5714
-4770100,-1.5464
-4770200,-1.5174
-4770300,-1.4914
-4770400,-1.4644
-4770500,-1.4374
-4770600,-1.4014
-4770700,-1.3644
-4770800,-1.3374
-4770900,-1.2994
-4771000,-1.2524
-4771100,-1.2354
-4771200,-1.1924
-4771300,-1.1524
-4771400,-1.1164
-4771500,-1.0824
-4771600,-1.0464
-4771700,-1.0034
-4771800,-0.9724
-4771900,-0.9294
-4772000,-0.8794
-4772100,-0.8404
-4772200,-0.8074
-4772300,-0.7634
-4772400,-0.7204
-4772500,-0.6774
-4772600,-0.6344
-4772700,-0.5954
-4772800,-0.5604
-4772900,-0.5094
-4773000,-0.4684
-4773100,-0.4254
-4773200,-0.3914
-4773300,-0.3504
-4773400,-0.3364
-4773500,-0.2944
-4773600,-0.2644
-4773700,-0.2364
-4773800,-0.2054
-4773900,-0.1834
-4774000,-0.1524
-4774100,-0.1274
-4774200,-0.0924
-4774300,-0.0624
-4774400,-0.0414
-4774500,-0.0114
-4774600,0.0086
-4774700,0.0406
-4774800,0.0546
-4774900,0.0706
-4775000,0.0976
-4775100,0.1186
-4775200,0.1386
-4775300,0.1596
-4775400,0.1806
-4775500,0.2016
-4775600,0.2236
-4775700,0.2486
-4775800,0.2646
-4775900,0.2826
-4776000,0.2906
-4776100,0.3036
-4776200,0.3216
-4776300,0.3306
-4776400,0.3416
-4776500,0.3346
-4776600,0.3446
-4776700,0.3426
-4776800,0.3516
-4776900,0.3586
-4777000,0.3656
-4777100,0.3666
-4777200,0.3736
-4777300,0.3846
-4777400,0.3906
-4777500,0.3876
-4777600,0.3966
-4777700,0.3986
-4777800,0.3966
-4777900,0.3936
-4778000,0.3956
-4778100,0.3966
-4778200,0.3946
-4778300,0.3956
-4778400,0.3966
-4778500,0.3936
-4778600,0.3946
-4778700,0.3866
-4778800,0.3886
-4778900,0.3866
-4779000,0.3776
-4779100,0.3766
-4779200,0.3786
-4779300,0.3746
-4779400,0.3646
-4779500,0.3536
-4779600,0.3536
-4779700,0.3526
-4779800,0.3496
-4779900,0.3486
-4780000,0.3516
-4780100,0.3546
-4780200,0.3576
-4780300,0.3606
-4780400,0.3606
-4780500,0.3676
-4780600,0.3686
-4780700,0.3656
-4780800,0.3636
-4780900,0.3676
-4781000,0.3646
-4781100,0.3626
-4781200,0.3616
-4781300,0.3616
-4781400,0.3626
-4781500,0.3596
-4781600,0.3576
-4781700,0.3596
-4781800,0.3576
-4781900,0.3546
-4782000,0.3606
-4782100,0.3586
-4782200,0.3546
-4782300,0.3596
-4782400,0.3586
-4782500,0.3536
-4782600,0.3596
-4782700,0.3606
-4782800,0.3566
-4782900,0.3586
-4783000,0.3596
-4783100,0.3596
-4783200,0.3606
-4783300,0.3626
-4783400,0.3646
-4783500,0.3676
-4783600,0.3666
-4783700,0.3666
-4783800,0.3656
-4783900,0.3626
-4784000,0.3626
-4784100,0.3686
-4784200,0.3656
-4784300,0.3706
-4784400,0.3616
-4784500,0.3696
-4784600,0.3706
-4784700,0.3646
-4784800,0.3626
-4784900,0.3606
-4785000,0.3586
-4785100,0.3566
-4785200,0.3546
-4785300,0.3516
-4785400,0.3476
-4785500,0.3456
-4785600,0.3426
-4785700,0.3416
-4785800,0.3396
-4785900,0.3366
-4786000,0.3346
-4786100,0.3336
-4786200,0.3326
-4786300,0.3296
-4786400,0.3276
-4786500,0.3266
-4786600,0.3236
-4786700,0.3206
-4786800,0.3156
-4786900,0.3156
-4787000,0.3136
-4787100,0.3146
-4787200,0.3136
-4787300,0.3126
-4787400,0.3126
-4787500,0.3106
-4787600,0.3096
-4787700,0.3056
-4787800,0.3086
-4787900,0.3046
-4788000,0.3016
-4788100,0.3036
-4788200,0.3046
-4788300,0.3056
-4788400,0.3036
-4788500,0.3076
-4788600,0.3056
-4788700,0.3046
-4788800,0.3026
-4788900,0.3006
-4789000,0.3006
-4789100,0.2996
-4789200,0.2996
-4789300,0.2986
-4789400,0.2976
-4789500,0.2956
-4789600,0.2936
-4789700,0.2906
-4789800,0.2856
-4789900,0.2816
-4790000,0.2786
-4790100,0.2766
-4790200,0.2746
-4790300,0.2716
-4790400,0.2686
-4790500,0.2646
-4790600,0.2596
-4790700,0.2546
-4790800,0.2466
-4790900,0.2386
-4791000,0.2296
-4791100,0.2176
-4791200,0.2076
-4791300,0.2066
-4791400,0.1986
-4791500,0.1826
-4791600,0.1826
-4791700,0.1696
-4791800,0.1516
-4791900,0.1426
-4792000,0.1436
-4792100,0.1366
-4792200,0.1386
-4792300,0.1406
-4792400,0.1366
-4792500,0.1386
-4792600,0.1366
-4792700,0.1336
-4792800,0.1286
-4792900,0.1196
-4793000,0.1256
-4793100,0.1176
-4793200,0.1106
-4793300,0.1036
-4793400,0.0946
-4793500,0.0986
-4793600,0.0936
-4793700,0.0896
-4793800,0.0966
-4793900,0.1056
-4794000,0.1026
-4794100,0.0996
-4794200,0.0986
-4794300,0.0936
-4794400,0.0866
-4794500,0.0916
-4794600,0.0886
-4794700,0.0856
-4794800,0.0816
-4794900,0.0786
-4795000,0.0696
-4795100,0.0536
-4795200,0.0496
-4795300,0.0416
-4795400,0.0336
-4795500,0.0306
-4795600,0.0306
-4795700,0.0196
-4795800,0.0166
-4795900,0.0116
-4796000,0.0036
-4796100,0.0006
-4796200,-0.0154
-4796300,-0.0224
-4796400,-0.0354
-4796500,-0.0514
-4796600,-0.0704
-4796700,-0.0884
-4796800,-0.1004
-4796900,-0.1124
-4797000,-0.1214
-4797100,-0.1324
-4797200,-0.1374
-4797300,-0.1404
-4797400,-0.1474
-4797500,-0.1614
-4797600,-0.1734
-4797700,-0.1794
-4797800,-0.1884
-4797900,-0.2074
-4798000,-0.2174
-4798100,-0.2214
-4798200,-0.2364
-4798300,-0.2424
-4798400,-0.2464
-4798500,-0.2584
-4798600,-0.2634
-4798700,-0.2794
-4798800,-0.2934
-4798900,-0.3184
-4799000,-0.3344
-4799100,-0.3584
-4799200,-0.3694
-4799300,-0.3874
-4799400,-0.3994
-4799500,-0.4224
-4799600,-0.4394
-4799700,-0.4514
-4799800,-0.4644
-4799900,-0.4714
-4800000,-0.4794
-4800100,-0.4844
-4800200,-0.4944
-4800300,-0.4974
-4800400,-0.4994
-4800500,-0.5034
-4800600,-0.5054
-4800700,-0.5064
-4800800,-0.5144
-4800900,-0.5144
-4801000,-0.5244
-4801100,-0.5324
-4801200,-0.5304
-4801300,-0.5324
-4801400,-0.5404
-4801500,-0.5474
-4801600,-0.5544
-4801700,-0.5614
-4801800,-0.5794
-4801900,-0.5794
-4802000,-0.5914
-4802100,-0.6114
-4802200,-0.6104
-4802300,-0.6174
-4802400,-0.6354
-4802500,-0.6434
-4802600,-0.6594
-4802700,-0.6634
-4802800,-0.6734
-4802900,-0.6834
-4803000,-0.6954
-4803100,-0.7034
-4803200,-0.7254
-4803300,-0.7354
-4803400,-0.7574
-4803500,-0.7664
-4803600,-0.7894
-4803700,-0.7974
-4803800,-0.8234
-4803900,-0.8454
-4804000,-0.8654
-4804100,-0.8874
-4804200,-0.9084
-4804300,-0.9214
-4804400,-0.9364
-4804500,-0.9554
-4804600,-0.9754
-4804700,-1.0004
-4804800,-1.0094
-4804900,-1.0384
-4805000,-1.0544
-4805100,-1.0704
-4805200,-1.0834
-4805300,-1.0924
-4805400,-1.1034
-4805500,-1.1084
-4805600,-1.1224
-4805700,-1.1274
-4805800,-1.1354
-4805900,-1.1454
-4806000,-1.1504
-4806100,-1.1624
-4806200,-1.1634
-4806300,-1.1734
-4806400,-1.1724
-4806500,-1.1754
-4806600,-1.1794
-4806700,-1.1844
-4806800,-1.1764
-4806900,-1.1814
-4807000,-1.1874
-4807100,-1.1854
-4807200,-1.1834
-4807300,-1.1724
-4807400,-1.1754
-4807500,-1.1704
-4807600,-1.1664
-4807700,-1.1574
-4807800,-1.1484
-4807900,-1.1374
-4808000,-1.1234
-4808100,-1.1064
-4808200,-1.0924
-4808300,-1.0844
-4808400,-1.0654
-4808500,-1.0544
-4808600,-1.0394
-4808700,-1.0204
-4808800,-0.9984
-4808900,-0.9914
-4809000,-0.9664
-4809100,-0.9504
-4809200,-0.9354
-4809300,-0.9154
-4809400,-0.8914
-4809500,-0.8804
-4809600,-0.8604
-4809700,-0.8314
-4809800,-0.8204
-4809900,-0.7954
-4810000,-0.7654
-4810100,-0.7374
-4810200,-0.7094
-4810300,-0.6814
-4810400,-0.6574
-4810500,-0.6184
-4810600,-0.5994
-4810700,-0.5754
-4810800,-0.5564
-4810900,-0.5274
-4811000,-0.5014
-4811100,-0.4694
-4811200,-0.4464
-4811300,-0.4304
-4811400,-0.4084
-4811500,-0.4014
-4811600,-0.3764
-4811700,-0.3504
-4811800,-0.3314
-4811900,-0.3074
-4812000,-0.2854
-4812100,-0.2724
-4812200,-0.2624
-4812300,-0.2474
-4812400,-0.2304
-4812500,-0.2194
-4812600,-0.2094
-4812700,-0.1884
-4812800,-0.1574
-4812900,-0.1424
-4813000,-0.1264
-4813100,-0.1114
-4813200,-0.0934
-4813300,-0.0764
-4813400,-0.0584
-4813500,-0.0424
-4813600,-0.0254
-4813700,-0.0164
-4813800,-0.0024
-4813900,0.0196
-4814000,0.0396
-4814100,0.0576
-4814200,0.0756
-4814300,0.0916
-4814400,0.1136
-4814500,0.1366
-4814600,0.1566
-4814700,0.1796
-4814800,0.1926
-4814900,0.2056
-4815000,0.2136
-4815100,0.2286
-4815200,0.2406
-4815300,0.2556
-4815400,0.2626
-4815500,0.2746
-4815600,0.2846
-4815700,0.2916
-4815800,0.3066
-4815900,0.3166
-4816000,0.3316
-4816100,0.3436
-4816200,0.3596
-4816300,0.3796
-4816400,0.3906
-4816500,0.4046
-4816600,0.4236
-4816700,0.4386
-4816800,0.4536
-4816900,0.4686
-4817000,0.4766
-4817100,0.4836
-4817200,0.4916
-4817300,0.5046
-4817400,0.5136
-4817500,0.5246
-4817600,0.5356
-4817700,0.5426
-4817800,0.5506
-4817900,0.5536
-4818000,0.5626
-4818100,0.5636
-4818200,0.5656
-4818300,0.5716
-4818400,0.5756
-4818500,0.5816
-4818600,0.5836
-4818700,0.5936
-4818800,0.5986
-4818900,0.6086
-4819000,0.6156
-4819100,0.6276
-4819200,0.6306
-4819300,0.6376
-4819400,0.6426
-4819500,0.6486
-4819600,0.6556
-4819700,0.6636
-4819800,0.6676
-4819900,0.6776
-4820000,0.6886
-4820100,0.6976
-4820200,0.7096
-4820300,0.7236
-4820400,0.7116
-4820500,0.7166
-4820600,0.7196
-4820700,0.7186
-4820800,0.7256
-4820900,0.7216
-4821000,0.7226
-4821100,0.7236
-4821200,0.7256
-4821300,0.7276
-4821400,0.7266
-4821500,0.7296
-4821600,0.7336
-4821700,0.7406
-4821800,0.7346
-4821900,0.7276
-4822000,0.7296
-4822100,0.7326
-4822200,0.7326
-4822300,0.7326
-4822400,0.7206
-4822500,0.7186
-4822600,0.7186
-4822700,0.7176
-4822800,0.7216
-4822900,0.7216
-4823000,0.7236
-4823100,0.7166
-4823200,0.7046
-4823300,0.7016
-4823400,0.6986
-4823500,0.6956
-4823600,0.6926
-4823700,0.6896
-4823800,0.6886
-4823900,0.6876
-4824000,0.6886
-4824100,0.6906
-4824200,0.6936
-4824300,0.6966
-4824400,0.7036
-4824500,0.7086
-4824600,0.7056
-4824700,0.7076
-4824800,0.7086
-4824900,0.7026
-4825000,0.6996
-4825100,0.7126
-4825200,0.7056
-4825300,0.7046
-4825400,0.7046
-4825500,0.7036
-4825600,0.6956
-4825700,0.7016
-4825800,0.7006
-4825900,0.6926
-4826000,0.6966
-4826100,0.6956
-4826200,0.6986
-4826300,0.6816
-4826400,0.6776
-4826500,0.6746
-4826600,0.6746
-4826700,0.6786
-4826800,0.6766
-4826900,0.6736
-4827000,0.6716
-4827100,0.6676
-4827200,0.6636
-4827300,0.6586
-4827400,0.6526
-4827500,0.6486
-4827600,0.6476
-4827700,0.6386
-4827800,0.6286
-4827900,0.6106
-4828000,0.6006
-4828100,0.5996
-4828200,0.5836
-4828300,0.5726
-4828400,0.5746
-4828500,0.5546
-4828600,0.5456
-4828700,0.5386
-4828800,0.5306
-4828900,0.5276
-4829000,0.5176
-4829100,0.5086
-4829200,0.4976
-4829300,0.4866
-4829400,0.4776
-4829500,0.4606
-4829600,0.4486
-4829700,0.4306
-4829800,0.4086
-4829900,0.3866
-4830000,0.3716
-4830100,0.3496
-4830200,0.3206
-4830300,0.2846
-4830400,0.2676
-4830500,0.2436
-4830600,0.2216
-4830700,0.2006
-4830800,0.1796
-4830900,0.1776
-4831000,0.1596
-4831100,0.1426
-4831200,0.1296
-4831300,0.1226
-4831400,0.1326
-4831500,0.1036
-4831600,0.0936
-4831700,0.0766
-4831800,0.0656
-4831900,0.0446
-4832000,0.0256
-4832100,0.0106
-4832200,-0.0064
-4832300,-0.0194
-4832400,-0.0454
-4832500,-0.0644
-4832600,-0.0924
-4832700,-0.1294
-4832800,-0.1554
-4832900,-0.1694
-4833000,-0.1964
-4833100,-0.2194
-4833200,-0.2534
-4833300,-0.2734
-4833400,-0.3044
-4833500,-0.3444
-4833600,-0.3914
-4833700,-0.4294
-4833800,-0.4874
-4833900,-0.5334
-4834000,-0.5984
-4834100,-0.6584
-4834200,-0.7054
-4834300,-0.7474
-4834400,-0.7914
-4834500,-0.8494
-4834600,-0.9114
-4834700,-0.9744
-4834800,-1.0344
-4834900,-1.0974
-4835000,-1.1594
-4835100,-1.2044
-4835200,-1.2364
-4835300,-1.2734
-4835400,-1.3154
-4835500,-1.3704
-4835600,-1.4204
-4835700,-1.4724
-4835800,-1.5254
-4835900,-1.5754
-4836000,-1.6284
-4836100,-1.6824
-4836200,-1.7464
-4836300,-1.8144
-4836400,-1.8834
-4836500,-1.9414
-4836600,-2.0054
-4836700,-2.0674
-4836800,-2.1294
-4836900,-2.1934
-4837000,-2.2484
-4837100,-2.2914
-4837200,-2.3454
-4837300,-2.4034
-4837400,-2.4504
-4837500,-2.5024
-4837600,-2.5424
-4837700,-2.5884
-4837800,-2.6344
-4837900,-2.6704
-4838000,-2.7134
-4838100,-2.7584
-4838200,-2.8084
-4838300,-2.8574
-4838400,-2.9104
-4838500,-2.9544
-4838600,-3.0014
-4838700,-3.0414
-4838800,-3.0894
-4838900,-3.1284
-4839000,-3.1694
-4839100,-3.2104
-4839200,-3.2484
-4839300,-3.2824
-4839400,-3.3184
-4839500,-3.3524
-4839600,-3.3914
-4839700,-3.4294
-4839800,-3.4674
-4839900,-3.5024
-4840000,-3.5364
-4840100,-3.5544
-4840200,-3.5804
-4840300,-3.6034
-4840400,-3.6324
-4840500,-3.6474
-4840600,-3.6664
-4840700,-3.6824
-4840800,-3.6984
-4840900,-3.7084
-4841000,-3.7194
-4841100,-3.7324
-4841200,-3.7444
-4841300,-3.7574
-4841400,-3.7634
-4841500,-3.7754
-4841600,-3.7814
-4841700,-3.7874
-4841800,-3.7904
-4841900,-3.7954
-4842000,-3.7914
-4842100,-3.7904
-4842200,-3.7884
-4842300,-3.7834
-4842400,-3.7774
-4842500,-3.7784
-4842600,-3.7734
-4842700,-3.7684
-4842800,-3.7594
-4842900,-3.7464
-4843000,-3.7404
-4843100,-3.7304
-4843200,-3.7164
-4843300,-3.7044
-4843400,-3.6944
-4843500,-3.6804
-4843600,-3.6674
-4843700,-3.6554
-4843800,-3.6434
-4843900,-3.6244
-4844000,-3.6134
-4844100,-3.5944
-4844200,-3.5854
-4844300,-3.5624
-4844400,-3.5524
-4844500,-3.5384
-4844600,-3.5194
-4844700,-3.5014
-4844800,-3.4824
-4844900,-3.4604
-4845000,-3.4434
-4845100,-3.4244
-4845200,-3.4024
-4845300,-3.3824
-4845400,-3.3574
-4845500,-3.3324
-4845600,-3.3104
-4845700,-3.2944
-4845800,-3.2694
-4845900,-3.2394
-4846000,-3.2154
-4846100,-3.1914
-4846200,-3.1594
-4846300,-3.1314
-4846400,-3.1024
-4846500,-3.0694
-4846600,-3.0364
-4846700,-3.0054
-4846800,-2.9704
-4846900,-2.9414
-4847000,-2.9004
-4847100,-2.8594
-4847200,-2.8244
-4847300,-2.7794
-4847400,-2.7324
-4847500,-2.7024
-4847600,-2.6514
-4847700,-2.6094
-4847800,-2.5644
-4847900,-2.5154
-4848000,-2.4744
-4848100,-2.4204
-4848200,-2.3704
-4848300,-2.3284
-4848400,-2.2734
-4848500,-2.2224
-4848600,-2.1654
-4848700,-2.1074
-4848800,-2.0564
-4848900,-1.9894
-4849000,-1.9404
-4849100,-1.8834
-4849200,-1.8194
-4849300,-1.7674
-4849400,-1.7094
-4849500,-1.6544
-4849600,-1.5904
-4849700,-1.5294
-4849800,-1.4744
-4849900,-1.4224
-4850000,-1.3694
-4850100,-1.3154
-4850200,-1.2734
-4850300,-1.2064
-4850400,-1.1424
-4850500,-1.0764
-4850600,-1.0054
-4850700,-0.9304
-4850800,-0.8524
-4850900,-0.7864
-4851000,-0.7194
-4851100,-0.6484
-4851200,-0.5894
-4851300,-0.5204
-4851400,-0.4504
-4851500,-0.3884
-4851600,-0.3334
-4851700,-0.2814
-4851800,-0.2404
-4851900,-0.1824
-4852000,-0.1334
-4852100,-0.0864
-4852200,-0.0424
-4852300,-0.0054
-4852400,0.0146
-4852500,0.0556
-4852600,0.0846
-4852700,0.0946
-4852800,0.1326
-4852900,0.1606
-4853000,0.1886
-4853100,0.2116
-4853200,0.2346
-4853300,0.2546
-4853400,0.2826
-4853500,0.3116
-4853600,0.3426
-4853700,0.3566
-4853800,0.3636
-4853900,0.3866
-4854000,0.4046
-4854100,0.4196
-4854200,0.4336
-4854300,0.4406
-4854400,0.4536
-4854500,0.4656
-4854600,0.4686
-4854700,0.4776
-4854800,0.4766
-4854900,0.4836
-4855000,0.4916
-4855100,0.4926
-4855200,0.4986
-4855300,0.5016
-4855400,0.5106
-4855500,0.5146
-4855600,0.5176
-4855700,0.5186
-4855800,0.5206
-4855900,0.5226
-4856000,0.5206
-4856100,0.5226
-4856200,0.5236
-4856300,0.5236
-4856400,0.5216
-4856500,0.5226
-4856600,0.5236
-4856700,0.5216
-4856800,0.5256
-4856900,0.5216
-4857000,0.5236
-4857100,0.5256
-4857200,0.5286
-4857300,0.5286
-4857400,0.5276
-4857500,0.5316
-4857600,0.5316
-4857700,0.5366
-4857800,0.5376
-4857900,0.5436
-4858000,0.5486
-4858100,0.5536
-4858200,0.5596
-4858300,0.5676
-4858400,0.5706
-4858500,0.5756
-4858600,0.5786
-4858700,0.5816
-4858800,0.5866
-4858900,0.5876
-4859000,0.5896
-4859100,0.5916
-4859200,0.5906
-4859300,0.5906
-4859400,0.5986
-4859500,0.6026
-4859600,0.6026
-4859700,0.5976
-4859800,0.5956
-4859900,0.6036
-4860000,0.6076
-4860100,0.6136
-4860200,0.6146
-4860300,0.6216
-4860400,0.6266
-4860500,0.6246
-4860600,0.6316
-4860700,0.6386
-4860800,0.6406
-4860900,0.6336
-4861000,0.6296
-4861100,0.6306
-4861200,0.6306
-4861300,0.6276
-4861400,0.6296
-4861500,0.6276
-4861600,0.6326
-4861700,0.6326
-4861800,0.6326
-4861900,0.6326
-4862000,0.6366
-4862100,0.6426
-4862200,0.6476
-4862300,0.6506
-4862400,0.6516
-4862500,0.6476
-4862600,0.6476
-4862700,0.6506
-4862800,0.6536
-4862900,0.6556
-4863000,0.6566
-4863100,0.6586
-4863200,0.6576
-4863300,0.6566
-4863400,0.6556
-4863500,0.6576
-4863600,0.6586
-4863700,0.6606
-4863800,0.6616
-4863900,0.6626
-4864000,0.6696
-4864100,0.6746
-4864200,0.6746
-4864300,0.6756
-4864400,0.6766
-4864500,0.6746
-4864600,0.6756
-4864700,0.6756
-4864800,0.6766
-4864900,0.6716
-4865000,0.6696
-4865100,0.6686
-4865200,0.6656
-4865300,0.6636
-4865400,0.6636
-4865500,0.6616
-4865600,0.6606
-4865700,0.6596
-4865800,0.6596
-4865900,0.6576
-4866000,0.6576
-4866100,0.6566
-4866200,0.6566
-4866300,0.6576
-4866400,0.6566
-4866500,0.6566
-4866600,0.6546
-4866700,0.6536
-4866800,0.6456
-4866900,0.6456
-4867000,0.6446
-4867100,0.6446
-4867200,0.6436
-4867300,0.6426
-4867400,0.6406
-4867500,0.6376
-4867600,0.6366
-4867700,0.6376
-4867800,0.6326
-4867900,0.6326
-4868000,0.6306
-4868100,0.6286
-4868200,0.6266
-4868300,0.6246
-4868400,0.6236
-4868500,0.6216
-4868600,0.6196
-4868700,0.6186
-4868800,0.6166
-4868900,0.6146
-4869000,0.6116
-4869100,0.6106
-4869200,0.6076
-4869300,0.6056
-4869400,0.6056
-4869500,0.6036
-4869600,0.6026
-4869700,0.6006
-4869800,0.6016
-4869900,0.5996
-4870000,0.6016
-4870100,0.5996
-4870200,0.5986
-4870300,0.5996
-4870400,0.5986
-4870500,0.5976
-4870600,0.5996
-4870700,0.5996
-4870800,0.5986
-4870900,0.5996
-4871000,0.6016
-4871100,0.6006
-4871200,0.6006
-4871300,0.6026
-4871400,0.6026
-4871500,0.6026
-4871600,0.6036
-4871700,0.6056
-4871800,0.6066
-4871900,0.6076
-4872000,0.6076
-4872100,0.6096
-4872200,0.6096
-4872300,0.6096
-4872400,0.6096
-4872500,0.6126
-4872600,0.6136
-4872700,0.6146
-4872800,0.6146
-4872900,0.6156
-4873000,0.6166
-4873100,0.6166
-4873200,0.6186
-4873300,0.6186
-4873400,0.6186
-4873500,0.6186
-4873600,0.6186
-4873700,0.6176
-4873800,0.6176
-4873900,0.6166
-4874000,0.6166
-4874100,0.6156
-4874200,0.6116
-4874300,0.6086
-4874400,0.6086
-4874500,0.6016
-4874600,0.5926
-4874700,0.5876
-4874800,0.5886
-4874900,0.5836
-4875000,0.5746
-4875100,0.5676
-4875200,0.5556
-4875300,0.5466
-4875400,0.5326
-4875500,0.5266
-4875600,0.5136
-4875700,0.5046
-4875800,0.4876
-4875900,0.4666
-4876000,0.4486
-4876100,0.4326
-4876200,0.4246
-4876300,0.4066
-4876400,0.3946
-4876500,0.3786
-4876600,0.3686
-4876700,0.3506
-4876800,0.3406
-4876900,0.3196
-4877000,0.3176
-4877100,0.3196
-4877200,0.3056
-4877300,0.2886
-4877400,0.2766
-4877500,0.2796
-4877600,0.2616
-4877700,0.2396
-4877800,0.2326
-4877900,0.2116
-4878000,0.1896
-4878100,0.1576
-4878200,0.1396
-4878300,0.0946
-4878400,0.0606
-4878500,0.0296
-4878600,-0.0074
-4878700,-0.0624
-4878800,-0.1414
-4878900,-0.2404
-4879000,-0.3414
-4879100,-0.4374
-4879200,-0.5544
-4879300,-0.6554
-4879400,-0.7644
-4879500,-0.8944
-4879600,-1.0414
-4879700,-1.1724
-4879800,-1.3144
-4879900,-1.4514
-4880000,-1.5824
-4880100,-1.7304
-4880200,-1.8734
-4880300,-2.0104
-4880400,-2.1424
-4880500,-2.2804
-4880600,-2.4224
-4880700,-2.5704
-4880800,-2.6824
-4880900,-2.7864
-4881000,-2.8914
-4881100,-3.0094
-4881200,-3.0974
-4881300,-3.1864
-4881400,-3.2694
-4881500,-3.3564
-4881600,-3.4394
-4881700,-3.5344
-4881800,-3.6154
-4881900,-3.6884
-4882000,-3.7674
-4882100,-3.8334
-4882200,-3.8864
-4882300,-3.9334
-4882400,-3.9894
-4882500,-4.0394
-4882600,-4.0684
-4882700,-4.1044
-4882800,-4.1314
-4882900,-4.1504
-4883000,-4.1794
-4883100,-4.2024
-4883200,-4.2174
-4883300,-4.2314
-4883400,-4.2444
-4883500,-4.2604
-4883600,-4.2754
-4883700,-4.2854
-4883800,-4.2914
-4883900,-4.2994
-4884000,-4.3044
-4884100,-4.3064
-4884200,-4.3034
-4884300,-4.3064
-4884400,-4.3134
-4884500,-4.3094
-4884600,-4.3084
-4884700,-4.3064
-4884800,-4.3044
-4884900,-4.3014
-4885000,-4.2944
-4885100,-4.2914
-4885200,-4.2854
-4885300,-4.2774
-4885400,-4.2724
-4885500,-4.2694
-4885600,-4.2604
-4885700,-4.2574
-4885800,-4.2504
-4885900,-4.2404
-4886000,-4.2354
-4886100,-4.2324
-4886200,-4.2224
-4886300,-4.2194
-4886400,-4.2054
-4886500,-4.1994
-4886600,-4.1894
-4886700,-4.1764
-4886800,-4.1654
-4886900,-4.1564
-4887000,-4.1484
-4887100,-4.1384
-4887200,-4.1194
-4887300,-4.1114
-4887400,-4.0954
-4887500,-4.0854
-4887600,-4.0734
-4887700,-4.0714
-4887800,-4.0534
-4887900,-4.0414
-4888000,-4.0274
-4888100,-4.0084
-4888200,-3.9924
-4888300,-3.9764
-4888400,-3.9674
-4888500,-3.9494
-4888600,-3.9334
-4888700,-3.9164
-4888800,-3.9024
-4888900,-3.8854
-4889000,-3.8624
-4889100,-3.8454
-4889200,-3.8274
-4889300,-3.8094
-4889400,-3.7914
-4889500,-3.7684
-4889600,-3.7494
-4889700,-3.7324
-4889800,-3.7104
-4889900,-3.6914
-4890000,-3.6664
-4890100,-3.6494
-4890200,-3.6264
-4890300,-3.6084
-4890400,-3.5854
-4890500,-3.5644
-4890600,-3.5414
-4890700,-3.5154
-4890800,-3.4964
-4890900,-3.4724
-4891000,-3.4514
-4891100,-3.4294
-4891200,-3.4024
-4891300,-3.3764
-4891400,-3.3504
-4891500,-3.3244
-4891600,-3.2984
-4891700,-3.2654
-4891800,-3.2424
-4891900,-3.2154
-4892000,-3.1924
-4892100,-3.1674
-4892200,-3.1364
-4892300,-3.1034
-4892400,-3.0734
-4892500,-3.0434
-4892600,-3.0124
-4892700,-2.9824
-4892800,-2.9484
-4892900,-2.9174
-4893000,-2.8814
-4893100,-2.8504
-4893200,-2.8134
-4893300,-2.7764
-4893400,-2.7374
-4893500,-2.7034
-4893600,-2.6694
-4893700,-2.6234
-4893800,-2.5854
-4893900,-2.5424
-4894000,-2.4944
-4894100,-2.4514
-4894200,-2.4124
-4894300,-2.3684
-4894400,-2.3264
-4894500,-2.2804
-4894600,-2.2304
-4894700,-2.1814
-4894800,-2.1274
-4894900,-2.0764
-4895000,-2.0334
-4895100,-1.9784
-4895200,-1.9214
-4895300,-1.8744
-4895400,-1.8144
-4895500,-1.7654
-4895600,-1.7094
-4895700,-1.6584
-4895800,-1.6254
-4895900,-1.5764
-4896000,-1.5194
-4896100,-1.4804
-4896200,-1.4274
-4896300,-1.3644
-4896400,-1.3104
-4896500,-1.2514
-4896600,-1.1914
-4896700,-1.1254
-4896800,-1.0824
-4896900,-1.0184
-4897000,-0.9704
-4897100,-0.9184
-4897200,-0.8634
-4897300,-0.8104
-4897400,-0.7584
-4897500,-0.7034
-4897600,-0.6634
-4897700,-0.6164
-4897800,-0.5724
-4897900,-0.5104
-4898000,-0.4664
-4898100,-0.4274
-4898200,-0.3904
-4898300,-0.3304
-4898400,-0.2894
-4898500,-0.2394
-4898600,-0.1954
-4898700,-0.1704
-4898800,-0.1514
-4898900,-0.1094
-4899000,-0.0724
-4899100,-0.0354
-4899200,-0.0274
-4899300,0.0066
-4899400,0.0316
-4899500,0.0686
-4899600,0.1076
-4899700,0.1336
-4899800,0.1636
-4899900,0.1936
-4900000,0.2256
-4900100,0.2586
-4900200,0.2886
-4900300,0.3086
-4900400,0.3326
-4900500,0.3426
-4900600,0.3586
-4900700,0.3666
-4900800,0.3866
-4900900,0.3976
-4901000,0.4136
-4901100,0.4306
-4901200,0.4446
-4901300,0.4556
-4901400,0.4726
-4901500,0.4856
-4901600,0.5036
-4901700,0.5126
-4901800,0.5246
-4901900,0.5406
-4902000,0.5556
-4902100,0.5666
-4902200,0.5736
-4902300,0.5726
-4902400,0.5806
-4902500,0.5936
-4902600,0.6106
-4902700,0.6266
-4902800,0.6396
-4902900,0.6446
-4903000,0.6506
-4903100,0.6506
-4903200,0.6576
-4903300,0.6636
-4903400,0.6696
-4903500,0.6796
-4903600,0.6896
-4903700,0.7036
-4903800,0.7036
-4903900,0.7156
-4904000,0.7366
-4904100,0.7526
-4904200,0.7626
-4904300,0.7826
-4904400,0.7966
-4904500,0.8226
-4904600,0.8376
-4904700,0.8466
-4904800,0.8506
-4904900,0.8586
-4905000,0.8626
-4905100,0.8756
-4905200,0.8856
-4905300,0.8946
-4905400,0.8976
-4905500,0.9056
-4905600,0.9156
-4905700,0.9306
-4905800,0.9306
-4905900,0.9286
-4906000,0.9376
-4906100,0.9496
-4906200,0.9486
-4906300,0.9496
-4906400,0.9496
-4906500,0.9516
-4906600,0.9536
-4906700,0.9546
-4906800,0.9566
-4906900,0.9596
-4907000,0.9626
-4907100,0.9656
-4907200,0.9706
-4907300,0.9666
-4907400,0.9756
-4907500,0.9756
-4907600,0.9826
-4907700,0.9876
-4907800,0.9886
-4907900,0.9936
-4908000,0.9876
-4908100,0.9906
-4908200,0.9966
-4908300,0.9886
-4908400,0.9926
-4908500,1.0026
-4908600,1.0056
-4908700,1.0086
-4908800,1.0166
-4908900,1.0126
-4909000,1.0126
-4909100,1.0196
-4909200,1.0176
-4909300,1.0226
-4909400,1.0316
-4909500,1.0326
-4909600,1.0346
-4909700,1.0336
-4909800,1.0276
-4909900,1.0326
-4910000,1.0266
-4910100,1.0286
-4910200,1.0336
-4910300,1.0316
-4910400,1.0356
-4910500,1.0416
-4910600,1.0436
-4910700,1.0476
-4910800,1.0376
-4910900,1.0396
-4911000,1.0406
-4911100,1.0516
-4911200,1.0506
-4911300,1.0536
-4911400,1.0616
-4911500,1.0596
-4911600,1.0546
-4911700,1.0606
-4911800,1.0566
-4911900,1.0616
-4912000,1.0586
-4912100,1.0666
-4912200,1.0666
-4912300,1.0626
-4912400,1.0726
-4912500,1.0706
-4912600,1.0666
-4912700,1.0726
-4912800,1.0756
-4912900,1.0726
-4913000,1.0806
-4913100,1.0836
-4913200,1.0826
-4913300,1.0846
-4913400,1.0976
-4913500,1.0926
-4913600,1.0966
-4913700,1.1106
-4913800,1.1006
-4913900,1.0966
-4914000,1.1016
-4914100,1.0996
-4914200,1.1016
-4914300,1.1076
-4914400,1.1066
-4914500,1.1156
-4914600,1.1226
-4914700,1.1116
-4914800,1.1126
-4914900,1.1146
-4915000,1.1216
-4915100,1.1206
-4915200,1.1206
-4915300,1.1276
-4915400,1.1276
-4915500,1.1336
-4915600,1.1286
-4915700,1.1296
-4915800,1.1346
-4915900,1.1276
-4916000,1.1346
-4916100,1.1356
-4916200,1.1386
-4916300,1.1356
-4916400,1.1436
-4916500,1.1416
-4916600,1.1466
-4916700,1.1436
-4916800,1.1456
-4916900,1.1446
-4917000,1.1476
-4917100,1.1526
-4917200,1.1516
-4917300,1.1536
-4917400,1.1606
-4917500,1.1586
-4917600,1.1596
-4917700,1.1606
-4917800,1.1686
-4917900,1.1646
-4918000,1.1656
-4918100,1.1706
-4918200,1.1676
-4918300,1.1696
-4918400,1.1686
-4918500,1.1736
-4918600,1.1736
-4918700,1.1686
-4918800,1.1686
-4918900,1.1676
-4919000,1.1666
-4919100,1.1656
-4919200,1.1706
-4919300,1.1646
-4919400,1.1646
-4919500,1.1656
-4919600,1.1636
-4919700,1.1626
-4919800,1.1686
-4919900,1.1646
-4920000,1.1646
-4920100,1.1646
-4920200,1.1666
-4920300,1.1686
-4920400,1.1726
-4920500,1.1716
-4920600,1.1746
-4920700,1.1686
-4920800,1.1676
-4920900,1.1676
-4921000,1.1636
-4921100,1.1596
-4921200,1.1576
-4921300,1.1606
-4921400,1.1526
-4921500,1.1516
-4921600,1.1506
-4921700,1.1516
-4921800,1.1506
-4921900,1.1516
-4922000,1.1516
-4922100,1.1506
-4922200,1.1556
-4922300,1.1596
-4922400,1.1536
-4922500,1.1516
-4922600,1.1476
-4922700,1.1506
-4922800,1.1446
-4922900,1.1496
-4923000,1.1386
-4923100,1.1356
-4923200,1.1406
-4923300,1.1336
-4923400,1.1346
-4923500,1.1186
-4923600,1.1206
-4923700,1.1196
-4923800,1.1166
-4923900,1.1056
-4924000,1.1106
-4924100,1.1116
-4924200,1.0966
-4924300,1.1066
-4924400,1.0966
-4924500,1.0896
-4924600,1.0876
-4924700,1.0766
-4924800,1.0676
-4924900,1.0656
-4925000,1.0496
-4925100,1.0386
-4925200,1.0156
-4925300,0.9936
-4925400,0.9706
-4925500,0.9756
-4925600,0.9556
-4925700,0.9516
-4925800,0.9366
-4925900,0.9066
-4926000,0.8876
-4926100,0.8676
-4926200,0.8476
-4926300,0.8336
-4926400,0.7986
-4926500,0.7816
-4926600,0.7596
-4926700,0.7356
-4926800,0.7096
-4926900,0.6916
-4927000,0.6926
-4927100,0.6736
-4927200,0.6516
-4927300,0.6216
-4927400,0.6046
-4927500,0.5956
-4927600,0.5796
-4927700,0.5556
-4927800,0.5416
-4927900,0.5486
-4928000,0.5286
-4928100,0.5286
-4928200,0.5186
-4928300,0.5106
-4928400,0.5046
-4928500,0.5096
-4928600,0.5066
-4928700,0.5016
-4928800,0.5046
-4928900,0.4956
-4929000,0.5066
-4929100,0.4966
-4929200,0.5076
-4929300,0.5016
-4929400,0.5076
-4929500,0.5036
-4929600,0.5086
-4929700,0.5006
-4929800,0.5126
-4929900,0.5106
-4930000,0.5116
-4930100,0.5126
-4930200,0.5126
-4930300,0.5176
-4930400,0.5156
-4930500,0.5296
-4930600,0.5326
-4930700,0.5276
-4930800,0.5326
-4930900,0.5346
-4931000,0.5376
-4931100,0.5376
-4931200,0.5356
-4931300,0.5386
-4931400,0.5416
-4931500,0.5436
-4931600,0.5376
-4931700,0.5416
-4931800,0.5366
-4931900,0.5316
-4932000,0.5406
-4932100,0.5416
-4932200,0.5406
-4932300,0.5396
-4932400,0.5336
-4932500,0.5326
-4932600,0.5356
-4932700,0.5346
-4932800,0.5346
-4932900,0.5326
-4933000,0.5296
-4933100,0.5266
-4933200,0.5276
-4933300,0.5236
-4933400,0.5236
-4933500,0.5246
-4933600,0.5236
-4933700,0.5226
-4933800,0.5226
-4933900,0.5256
-4934000,0.5256
-4934100,0.5256
-4934200,0.5286
-4934300,0.5246
-4934400,0.5256
-4934500,0.5256
-4934600,0.5256
-4934700,0.5276
-4934800,0.5276
-4934900,0.5276
-4935000,0.5296
-4935100,0.5276
-4935200,0.5296
-4935300,0.5326
-4935400,0.5326
-4935500,0.5366
-4935600,0.5346
-4935700,0.5376
-4935800,0.5366
-4935900,0.5386
-4936000,0.5386
-4936100,0.5376
-4936200,0.5406
-4936300,0.5426
-4936400,0.5436
-4936500,0.5426
-4936600,0.5456
-4936700,0.5466
-4936800,0.5486
-4936900,0.5456
-4937000,0.5496
-4937100,0.5506
-4937200,0.5516
-4937300,0.5526
-4937400,0.5516
-4937500,0.5546
-4937600,0.5556
-4937700,0.5506
-4937800,0.5526
-4937900,0.5516
-4938000,0.5536
-4938100,0.5586
-4938200,0.5606
-4938300,0.5596
-4938400,0.5566
-4938500,0.5626
-4938600,0.5576
-4938700,0.5596
-4938800,0.5596
-4938900,0.5596
-4939000,0.5556
-4939100,0.5586
-4939200,0.5656
-4939300,0.5606
-4939400,0.5666
-4939500,0.5636
-4939600,0.5676
-4939700,0.5596
-4939800,0.5616
-4939900,0.5526
-4940000,0.5536
-4940100,0.5596
-4940200,0.5596
-4940300,0.5616
-4940400,0.5626
-4940500,0.5586
-4940600,0.5566
-4940700,0.5566
-4940800,0.5576
-4940900,0.5556
-4941000,0.5596
-4941100,0.5626
-4941200,0.5666
-4941300,0.5666
-4941400,0.5726
-4941500,0.5636
-4941600,0.5636
-4941700,0.5646
-4941800,0.5566
-4941900,0.5566
-4942000,0.5636
-4942100,0.5636
-4942200,0.5636
-4942300,0.5646
-4942400,0.5686
-4942500,0.5686
-4942600,0.5736
-4942700,0.5766
-4942800,0.5846
-4942900,0.5846
-4943000,0.5896
-4943100,0.5936
-4943200,0.5896
-4943300,0.5946
-4943400,0.6006
-4943500,0.6036
-4943600,0.5986
-4943700,0.6056
-4943800,0.6196
-4943900,0.6236
-4944000,0.6186
-4944100,0.6186
-4944200,0.6216
-4944300,0.6206
-4944400,0.6306
-4944500,0.6276
-4944600,0.6326
-4944700,0.6256
-4944800,0.6336
-4944900,0.6266
-4945000,0.6276
-4945100,0.6356
-4945200,0.6276
-4945300,0.6336
-4945400,0.6376
-4945500,0.6376
-4945600,0.6376
-4945700,0.6426
-4945800,0.6386
-4945900,0.6376
-4946000,0.6476
-4946100,0.6406
-4946200,0.6436
-4946300,0.6516
-4946400,0.6496
-4946500,0.6506
-4946600,0.6546
-4946700,0.6526
-4946800,0.6576
-4946900,0.6646
-4947000,0.6506
-4947100,0.6436
-4947200,0.6546
-4947300,0.6526
-4947400,0.6586
-4947500,0.6686
-4947600,0.6646
-4947700,0.6706
-4947800,0.6806
-4947900,0.6736
-4948000,0.6756
-4948100,0.6826
-4948200,0.6826
-4948300,0.6906
-4948400,0.6876
-4948500,0.6906
-4948600,0.7016
-4948700,0.7026
-4948800,0.7066
-4948900,0.7016
-4949000,0.7046
-4949100,0.7076
-4949200,0.7146
-4949300,0.7126
-4949400,0.7216
-4949500,0.7226
-4949600,0.7356
-4949700,0.7466
-4949800,0.7416
-4949900,0.7376
-4950000,0.7386
-4950100,0.7456
-4950200,0.7366
-4950300,0.7376
-4950400,0.7386
-4950500,0.7416
-4950600,0.7466
-4950700,0.7476
-4950800,0.7506
-4950900,0.7436
-4951000,0.7456
-4951100,0.7456
-4951200,0.7446
-4951300,0.7426
-4951400,0.7426
-4951500,0.7416
-4951600,0.7436
-4951700,0.7416
-4951800,0.7416
-4951900,0.7356
-4952000,0.7396
-4952100,0.7316
-4952200,0.7346
-4952300,0.7266
-4952400,0.7226
-4952500,0.7216
-4952600,0.7126
-4952700,0.7096
-4952800,0.7096
-4952900,0.7046
-4953000,0.6946
-4953100,0.6906
-4953200,0.6856
-4953300,0.6866
-4953400,0.6776
-4953500,0.6806
-4953600,0.6766
-4953700,0.6676
-4953800,0.6636
-4953900,0.6666
-4954000,0.6596
-4954100,0.6586
-4954200,0.6556
-4954300,0.6516
-4954400,0.6496
-4954500,0.6476
-4954600,0.6446
-4954700,0.6436
-4954800,0.6366
-4954900,0.6346
-4955000,0.6386
-4955100,0.6376
-4955200,0.6366
-4955300,0.6316
-4955400,0.6286
-4955500,0.6346
-4955600,0.6336
-4955700,0.6336
-4955800,0.6316
-4955900,0.6256
-4956000,0.6236
-4956100,0.6296
-4956200,0.6206
-4956300,0.6266
-4956400,0.6246
-4956500,0.6206
-4956600,0.6236
-4956700,0.6166
-4956800,0.6156
-4956900,0.6146
-4957000,0.6206
-4957100,0.6176
-4957200,0.6146
-4957300,0.6096
-4957400,0.6086
-4957500,0.6146
-4957600,0.6126
-4957700,0.6116
-4957800,0.6066
-4957900,0.6056
-4958000,0.6076
-4958100,0.6096
-4958200,0.6076
-4958300,0.6126
-4958400,0.6066
-4958500,0.6056
-4958600,0.6046
-4958700,0.6096
-4958800,0.6006
-4958900,0.5956
-4959000,0.5946
-4959100,0.5936
-4959200,0.5916
-4959300,0.5966
-4959400,0.5906
-4959500,0.5886
-4959600,0.5876
-4959700,0.5856
-4959800,0.5836
-4959900,0.5776
-4960000,0.5786
-4960100,0.5826
-4960200,0.5806
-4960300,0.5726
-4960400,0.5776
-4960500,0.5756
-4960600,0.5676
-4960700,0.5606
-4960800,0.5586
-4960900,0.5596
-4961000,0.5516
-4961100,0.5496
-4961200,0.5466
-4961300,0.5456
-4961400,0.5446
-4961500,0.5406
-4961600,0.5386
-4961700,0.5406
-4961800,0.5336
-4961900,0.5276
-4962000,0.5256
-4962100,0.5236
-4962200,0.5206
-4962300,0.5166
-4962400,0.5136
-4962500,0.5106
-4962600,0.5036
-4962700,0.5026
-4962800,0.4966
-4962900,0.4936
-4963000,0.4936
-4963100,0.4906
-4963200,0.4936
-4963300,0.4886
-4963400,0.4776
-4963500,0.4786
-4963600,0.4736
-4963700,0.4696
-4963800,0.4666
-4963900,0.4616
-4964000,0.4536
-4964100,0.4456
-4964200,0.4366
-4964300,0.4296
-4964400,0.4206
-4964500,0.4156
-4964600,0.4026
-4964700,0.3886
-4964800,0.3886
-4964900,0.3816
-4965000,0.3796
-4965100,0.3776
-4965200,0.3626
-4965300,0.3536
-4965400,0.3586
-4965500,0.3446
-4965600,0.3426
-4965700,0.3466
-4965800,0.3446
-4965900,0.3556
-4966000,0.3536
-4966100,0.3596
-4966200,0.3596
-4966300,0.3596
-4966400,0.3626
-4966500,0.3646
-4966600,0.3626
-4966700,0.3646
-4966800,0.3666
-4966900,0.3726
-4967000,0.3786
-4967100,0.3736
-4967200,0.3796
-4967300,0.3846
-4967400,0.3786
-4967500,0.3836
-4967600,0.3896
-4967700,0.3856
-4967800,0.3896
-4967900,0.3916
-4968000,0.3926
-4968100,0.3996
-4968200,0.4036
-4968300,0.4046
-4968400,0.4016
-4968500,0.4056
-4968600,0.4036
-4968700,0.4056
-4968800,0.4056
-4968900,0.4116
-4969000,0.4156
-4969100,0.4116
-4969200,0.4156
-4969300,0.4166
-4969400,0.4176
-4969500,0.4216
-4969600,0.4236
-4969700,0.4306
-4969800,0.4256
-4969900,0.4356
-4970000,0.4326
-4970100,0.4396
-4970200,0.4366
-4970300,0.4396
-4970400,0.4416
-4970500,0.4486
-4970600,0.4466
-4970700,0.4476
-4970800,0.4526
-4970900,0.4596
-4971000,0.4586
-4971100,0.4606
-4971200,0.4656
-4971300,0.4706
-4971400,0.4726
-4971500,0.4746
-4971600,0.4716
-4971700,0.4736
-4971800,0.4766
-4971900,0.4826
-4972000,0.4786
-4972100,0.4786
-4972200,0.4806
-4972300,0.4836
-4972400,0.4796
-4972500,0.4866
-4972600,0.4926
-4972700,0.4896
-4972800,0.4986
-4972900,0.5026
-4973000,0.5036
-4973100,0.4996
-4973200,0.5016
-4973300,0.5106
-4973400,0.5086
-4973500,0.5126
-4973600,0.5106
-4973700,0.5136
-4973800,0.5136
-4973900,0.5166
-4974000,0.5136
-4974100,0.5156
-4974200,0.5016
-4974300,0.4986
-4974400,0.4906
-4974500,0.4846
-4974600,0.4806
-4974700,0.4666
-4974800,0.4616
-4974900,0.4426
-4975000,0.4316
-4975100,0.4096
-4975200,0.3956
-4975300,0.3836
-4975400,0.3686
-4975500,0.3576
-4975600,0.3436
-4975700,0.3346
-4975800,0.3256
-4975900,0.3316
-4976000,0.3206
-4976100,0.3236
-4976200,0.3176
-4976300,0.3156
-4976400,0.3146
-4976500,0.3146
-4976600,0.3156
-4976700,0.3286
-4976800,0.3276
-4976900,0.3346
-4977000,0.3466
-4977100,0.3546
-4977200,0.3666
-4977300,0.3766
-4977400,0.3836
-4977500,0.3946
-4977600,0.4046
-4977700,0.4246
-4977800,0.4286
-4977900,0.4356
-4978000,0.4506
-4978100,0.4566
-4978200,0.4776
-4978300,0.4916
-4978400,0.5096
-4978500,0.5256
-4978600,0.5436
-4978700,0.5706
-4978800,0.5956
-4978900,0.6126
-4979000,0.6416
-4979100,0.6596
-4979200,0.6876
-4979300,0.7206
-4979400,0.7506
-4979500,0.7696
-4979600,0.8036
-4979700,0.8406
-4979800,0.8646
-4979900,0.9006
-4980000,0.9266
-4980100,0.9646
-4980200,0.9996
-4980300,1.0256
-4980400,1.0646
-4980500,1.0836
-4980600,1.1266
-4980700,1.1376
-4980800,1.1306
-4980900,1.1636
-4981000,1.1576
-4981100,1.1906
-4981200,1.2026
-4981300,1.2266
-4981400,1.2576
-4981500,1.2926
-4981600,1.3256
-4981700,1.3486
-4981800,1.3816
-4981900,1.4126
-4982000,1.4506
-4982100,1.4946
-4982200,1.5426
-4982300,1.5656
-4982400,1.6076
-4982500,1.6336
-4982600,1.6306
-4982700,1.6436
-4982800,1.6096
-4982900,1.6226
-4983000,1.6496
-4983100,1.6536
-4983200,1.6816
-4983300,1.5936
-4983400,1.5796
-4983500,1.5716
-4983600,1.5396
-4983700,1.4976
-4983800,1.4736
-4983900,1.4676
-4984000,1.4546
-4984100,1.4496
-4984200,1.4676
-4984300,1.4506
-4984400,1.4596
-4984500,1.4666
-4984600,1.4506
-4984700,1.4496
-4984800,1.4546
-4984900,1.4536
-4985000,1.4616
-4985100,1.4636
-4985200,1.4636
-4985300,1.4656
-4985400,1.4766
-4985500,1.4696
-4985600,1.4766
-4985700,1.4886
-4985800,1.4776
-4985900,1.4796
-4986000,1.4846
-4986100,1.4846
-4986200,1.4926
-4986300,1.4946
-4986400,1.4936
-4986500,1.4986
-4986600,1.4886
-4986700,1.4966
-4986800,1.4906
-4986900,1.4926
-4987000,1.4946
-4987100,1.5036
-4987200,1.5016
-4987300,1.4956
-4987400,1.4986
-4987500,1.4976
-4987600,1.4856
-4987700,1.4766
-4987800,1.4886
-4987900,1.4776
-4988000,1.4676
-4988100,1.4736
-4988200,1.4716
-4988300,1.4866
-4988400,1.4736
-4988500,1.4686
-4988600,1.4446
-4988700,1.4406
-4988800,1.4436
-4988900,1.4406
-4989000,1.4466
-4989100,1.4446
-4989200,1.4256
-4989300,1.4296
-4989400,1.4096
-4989500,1.4426
-4989600,1.5176
-4989700,1.5406
-4989800,1.5826
-4989900,1.6216
-4990000,1.6646
-4990100,1.6946
-4990200,1.7466
-4990300,1.7456
-4990400,1.7536
-4990500,1.7606
-4990600,1.7496
-4990700,1.7266
-4990800,1.7106
-4990900,1.7256
-4991000,1.6996
-4991100,1.6586
-4991200,1.6196
-4991300,1.5696
-4991400,1.5306
-4991500,1.4896
-4991600,1.4546
-4991700,1.4216
-4991800,1.3746
-4991900,1.3266
-4992000,1.2886
-4992100,1.2816
-4992200,1.2796
-4992300,1.2576
-4992400,1.2476
-4992500,1.2376
-4992600,1.2296
-4992700,1.2386
-4992800,1.2256
-4992900,1.2206
-4993000,1.2206
-4993100,1.2256
-4993200,1.2196
-4993300,1.2226
-4993400,1.2286
-4993500,1.2276
-4993600,1.2196
-4993700,1.2266
-4993800,1.2286
-4993900,1.2236
-4994000,1.2216
-4994100,1.2176
-4994200,1.2346
-4994300,1.2246
-4994400,1.2266
-4994500,1.2326
-4994600,1.2336
-4994700,1.2356
-4994800,1.2346
-4994900,1.2366
-4995000,1.2306
-4995100,1.2436
-4995200,1.2356
-4995300,1.2436
-4995400,1.2296
-4995500,1.2366
-4995600,1.2346
-4995700,1.2346
-4995800,1.2276
-4995900,1.2276
-4996000,1.2396
-4996100,1.2286
-4996200,1.2346
-4996300,1.2286
-4996400,1.2406
-4996500,1.2346
-4996600,1.2416
-4996700,1.2406
-4996800,1.2356
-4996900,1.2396
-4997000,1.2286
-4997100,1.2416
-4997200,1.2346
-4997300,1.2376
-4997400,1.2296
-4997500,1.2386
-4997600,1.2466
-4997700,1.2356
-4997800,1.2446
-4997900,1.2446
-4998000,1.2456
-4998100,1.2486
-4998200,1.2426
-4998300,1.2466
-4998400,1.2396
-4998500,1.2336
-4998600,1.2446
-4998700,1.2366
-4998800,1.2426
-4998900,1.2406
-4999000,1.2386
-4999100,1.2446
-4999200,1.2346
-4999300,1.2426
-4999400,1.2356
-4999500,1.2286
-4999600,1.2216
-4999700,1.2326
-4999800,1.2236
-4999900,1.2236
-5000000,1.2336
-5000100,1.2276
-5000200,1.2326
-5000300,1.2316
-5000400,1.2366
-5000500,1.2336
-5000600,1.2386
-5000700,1.2306
-5000800,1.2296
-5000900,1.2156
-5001000,1.2216
-5001100,1.2206
-5001200,1.2296
-5001300,1.2276
-5001400,1.2356
-5001500,1.2326
-5001600,1.2456
-5001700,1.2446
-5001800,1.2526
-5001900,1.2516
-5002000,1.2616
-5002100,1.2656
-5002200,1.2816
-5002300,1.2886
-5002400,1.3026
-5002500,1.3106
-5002600,1.3266
-5002700,1.3356
-5002800,1.3566
-5002900,1.3526
-5003000,1.3716
-5003100,1.3816
-5003200,1.4036
-5003300,1.4146
-5003400,1.4396
-5003500,1.4436
-5003600,1.4706
-5003700,1.4876
-5003800,1.5146
-5003900,1.5316
-5004000,1.5626
-5004100,1.5856
-5004200,1.6116
-5004300,1.6116
-5004400,1.6006
-5004500,1.6056
-5004600,1.5886
-5004700,1.5946
-5004800,1.5986
-5004900,1.6176
-5005000,1.6036
-5005100,1.6316
-5005200,1.6276
-5005300,1.6266
-5005400,1.6166
-5005500,1.6426
-5005600,1.6496
-5005700,1.6676
-5005800,1.6696
-5005900,1.6816
-5006000,1.6816
-5006100,1.6936
-5006200,1.7226
-5006300,1.6586
-5006400,1.6806
-5006500,1.6876
-5006600,1.7146
-5006700,1.7436
-5006800,1.7636
-5006900,1.7586
-5007000,1.7386
-5007100,1.7356
-5007200,1.7226
-5007300,1.6976
-5007400,1.6946
-5007500,1.7056
-5007600,1.7256
-5007700,1.7496
-5007800,1.7686
-5007900,1.7716
-5008000,1.7646
-5008100,1.7526
-5008200,1.7266
-5008300,1.6966
-5008400,1.6706
-5008500,1.6156
-5008600,1.6116
-5008700,1.5886
-5008800,1.5606
-5008900,1.5596
-5009000,1.5646
-5009100,1.5616
-5009200,1.5496
-5009300,1.5296
-5009400,1.5236
-5009500,1.4956
-5009600,1.5006
-5009700,1.5006
-5009800,1.4816
-5009900,1.4886
-5010000,1.4996
-5010100,1.5026
-5010200,1.5016
-5010300,1.5056
-5010400,1.5066
-5010500,1.5076
-5010600,1.5116
-5010700,1.5176
-5010800,1.5126
-5010900,1.5196
-5011000,1.5356
-5011100,1.5406
-5011200,1.5426
-5011300,1.5456
-5011400,1.5376
-5011500,1.5376
-5011600,1.5476
-5011700,1.5636
-5011800,1.5506
-5011900,1.5426
-5012000,1.5496
-5012100,1.5466
-5012200,1.5386
-5012300,1.5456
-5012400,1.5476
-5012500,1.5436
-5012600,1.5286
-5012700,1.5176
-5012800,1.5086
-5012900,1.4966
-5013000,1.5056
-5013100,1.4976
-5013200,1.5006
-5013300,1.5166
-5013400,1.5056
-5013500,1.5056
-5013600,1.5056
-5013700,1.5006
-5013800,1.4976
-5013900,1.5026
-5014000,1.5026
-5014100,1.5046
-5014200,1.5066
-5014300,1.5116
-5014400,1.5146
-5014500,1.5106
-5014600,1.5016
-5014700,1.5036
-5014800,1.5026
-5014900,1.4916
-5015000,1.4966
-5015100,1.4886
-5015200,1.4936
-5015300,1.4796
-5015400,1.4796
-5015500,1.4896
-5015600,1.4996
-5015700,1.5006
-5015800,1.5096
-5015900,1.5156
-5016000,1.5246
-5016100,1.5296
-5016200,1.5296
-5016300,1.5356
-5016400,1.5326
-5016500,1.5396
-5016600,1.5336
-5016700,1.5426
-5016800,1.5356
-5016900,1.5446
-5017000,1.5456
-5017100,1.5496
-5017200,1.5466
-5017300,1.5456
-5017400,1.5486
-5017500,1.5476
-5017600,1.5386
-5017700,1.5416
-5017800,1.5386
-5017900,1.5376
-5018000,1.5406
-5018100,1.5386
-5018200,1.5366
-5018300,1.5286
-5018400,1.5266
-5018500,1.5296
-5018600,1.5236
-5018700,1.5276
-5018800,1.5216
-5018900,1.5206
-5019000,1.5196
-5019100,1.5236
-5019200,1.5176
-5019300,1.5226
-5019400,1.5216
-5019500,1.5216
-5019600,1.5216
-5019700,1.5216
-5019800,1.5216
-5019900,1.5166
-5020000,1.5166
-5020100,1.5216
-5020200,1.5206
-5020300,1.5206
-5020400,1.5156
-5020500,1.5206
-5020600,1.5216
-5020700,1.5146
-5020800,1.5146
-5020900,1.5126
-5021000,1.5126
-5021100,1.5186
-5021200,1.5216
-5021300,1.5226
-5021400,1.5226
-5021500,1.5286
-5021600,1.5266
-5021700,1.5316
-5021800,1.5296
-5021900,1.5256
-5022000,1.5306
-5022100,1.5316
-5022200,1.5316
-5022300,1.5296
-5022400,1.5296
-5022500,1.5196
-5022600,1.5156
-5022700,1.5146
-5022800,1.5156
-5022900,1.5176
-5023000,1.5186
-5023100,1.5186
-5023200,1.5176
-5023300,1.5176
-5023400,1.5186
-5023500,1.5176
-5023600,1.5136
-5023700,1.5166
-5023800,1.5096
-5023900,1.5186
-5024000,1.5166
-5024100,1.5156
-5024200,1.5156
-5024300,1.5146
-5024400,1.5116
-5024500,1.5126
-5024600,1.5116
-5024700,1.5116
-5024800,1.5106
-5024900,1.5106
-5025000,1.5106
-5025100,1.5026
-5025200,1.5016
-5025300,1.5016
-5025400,1.5006
-5025500,1.4986
-5025600,1.4976
-5025700,1.4966
-5025800,1.4946
-5025900,1.4856
-5026000,1.4846
-5026100,1.4816
-5026200,1.4796
-5026300,1.4746
-5026400,1.4726
-5026500,1.4626
-5026600,1.4496
-5026700,1.4446
-5026800,1.4326
-5026900,1.4286
-5027000,1.4256
-5027100,1.4076
-5027200,1.4026
-5027300,1.3956
-5027400,1.3876
-5027500,1.3816
-5027600,1.3806
-5027700,1.3756
-5027800,1.3806
-5027900,1.3746
-5028000,1.3746
-5028100,1.3736
-5028200,1.3746
-5028300,1.3746
-5028400,1.3746
-5028500,1.3756
-5028600,1.3736
-5028700,1.3796
-5028800,1.3726
-5028900,1.3706
-5029000,1.3716
-5029100,1.3706
-5029200,1.3706
-5029300,1.3766
-5029400,1.3706
-5029500,1.3776
-5029600,1.3706
-5029700,1.3696
-5029800,1.3666
-5029900,1.3596
-5030000,1.3636
-5030100,1.3646
-5030200,1.3706
-5030300,1.3466
-5030400,1.3486
-5030500,1.3466
-5030600,1.3486
-5030700,1.3546
-5030800,1.3496
-5030900,1.3466
-5031000,1.3446
-5031100,1.3526
-5031200,1.3466
-5031300,1.3506
-5031400,1.3476
-5031500,1.3526
-5031600,1.3516
-5031700,1.3626
-5031800,1.3726
-5031900,1.3716
-5032000,1.3776
-5032100,1.3786
-5032200,1.4046
-5032300,1.4006
-5032400,1.4206
-5032500,1.4026
-5032600,1.3966
-5032700,1.3906
-5032800,1.3636
-5032900,1.3586
-5033000,1.3496
-5033100,1.3756
-5033200,1.3686
-5033300,1.3456
-5033400,1.4076
-5033500,1.4206
-5033600,1.4476
-5033700,1.4836
-5033800,1.5446
-5033900,1.6366
-5034000,1.7386
-5034100,1.7296
-5034200,1.7266
-5034300,1.7356
-5034400,1.7026
-5034500,1.6926
-5034600,1.7036
-5034700,1.6826
-5034800,1.6376
-5034900,1.5856
-5035000,1.5476
-5035100,1.4886
-5035200,1.4486
-5035300,1.3736
-5035400,1.3046
-5035500,1.2356
-5035600,1.1516
-5035700,1.0796
-5035800,1.0056
-5035900,0.9326
-5036000,0.9096
-5036100,0.8686
-5036200,0.8346
-5036300,0.8076
-5036400,0.7876
-5036500,0.7656
-5036600,0.7516
-5036700,0.7246
-5036800,0.7036
-5036900,0.6736
-5037000,0.6316
-5037100,0.5886
-5037200,0.5636
-5037300,0.5266
-5037400,0.4896
-5037500,0.4586
-5037600,0.4326
-5037700,0.3916
-5037800,0.3796
-5037900,0.3526
-5038000,0.3306
-5038100,0.3236
-5038200,0.3036
-5038300,0.2866
-5038400,0.2536
-5038500,0.2486
-5038600,0.2326
-5038700,0.2336
-5038800,0.2296
-5038900,0.2426
-5039000,0.2356
-5039100,0.2336
-5039200,0.2386
-5039300,0.2296
-5039400,0.2276
-5039500,0.2326
-5039600,0.2266
-5039700,0.2266
-5039800,0.2356
-5039900,0.2256
-5040000,0.2236
-5040100,0.2336
-5040200,0.2266
-5040300,0.2336
-5040400,0.2436
-5040500,0.2436
-5040600,0.2456
-5040700,0.2496
-5040800,0.2456
-5040900,0.2596
-5041000,0.2576
-5041100,0.2626
-5041200,0.2626
-5041300,0.2696
-5041400,0.2756
-5041500,0.2866
-5041600,0.2876
-5041700,0.2986
-5041800,0.3036
-5041900,0.3126
-5042000,0.3326
-5042100,0.3366
-5042200,0.3456
-5042300,0.3546
-5042400,0.3586
-5042500,0.3566
-5042600,0.3706
-5042700,0.3796
-5042800,0.3916
-5042900,0.3986
-5043000,0.3996
-5043100,0.4016
-5043200,0.4126
-5043300,0.4126
-5043400,0.4206
-5043500,0.4316
-5043600,0.4366
-5043700,0.4516
-5043800,0.4536
-5043900,0.4696
-5044000,0.4656
-5044100,0.4796
-5044200,0.4916
-5044300,0.5066
-5044400,0.4976
-5044500,0.5086
-5044600,0.5056
-5044700,0.5256
-5044800,0.5346
-5044900,0.5476
-5045000,0.5476
-5045100,0.5526
-5045200,0.5626
-5045300,0.5716
-5045400,0.5806
-5045500,0.5926
-5045600,0.5956
-5045700,0.6056
-5045800,0.6116
-5045900,0.6176
-5046000,0.6356
-5046100,0.6446
-5046200,0.6506
-5046300,0.6586
-5046400,0.6696
-5046500,0.6746
-5046600,0.6866
-5046700,0.6846
-5046800,0.6826
-5046900,0.6726
-5047000,0.6636
-5047100,0.6726
-5047200,0.6896
-5047300,0.6846
-5047400,0.6966
-5047500,0.6966
-5047600,0.7006
-5047700,0.7046
-5047800,0.7056
-5047900,0.7046
-5048000,0.7146
-5048100,0.7166
-5048200,0.7316
-5048300,0.7226
-5048400,0.7296
-5048500,0.7316
-5048600,0.7396
-5048700,0.7346
-5048800,0.7416
-5048900,0.7366
-5049000,0.7396
-5049100,0.7446
-5049200,0.7496
-5049300,0.7516
-5049400,0.7556
-5049500,0.7616
-5049600,0.7736
-5049700,0.7866
-5049800,0.7936
-5049900,0.7976
-5050000,0.8026
-5050100,0.8086
-5050200,0.8146
-5050300,0.8186
-5050400,0.8226
-5050500,0.8226
-5050600,0.8246
-5050700,0.8236
-5050800,0.8326
-5050900,0.8256
-5051000,0.8226
-5051100,0.8306
-5051200,0.8306
-5051300,0.8336
-5051400,0.8406
-5051500,0.8496
-5051600,0.8556
-5051700,0.8566
-5051800,0.8666
-5051900,0.8746
-5052000,0.8916
-5052100,0.8956
-5052200,0.9056
-5052300,0.9236
-5052400,0.9336
-5052500,0.9486
-5052600,0.9646
-5052700,0.9666
-5052800,0.9756
-5052900,0.9926
-5053000,1.0106
-5053100,1.0236
-5053200,1.0426
-5053300,1.0596
-5053400,1.0736
-5053500,1.0966
-5053600,1.1096
-5053700,1.1256
-5053800,1.1296
-5053900,1.1396
-5054000,1.1446
-5054100,1.1536
-5054200,1.1586
-5054300,1.1686
-5054400,1.1696
-5054500,1.1706
-5054600,1.1816
-5054700,1.1816
-5054800,1.1876
-5054900,1.2016
-5055000,1.2036
-5055100,1.2166
-5055200,1.2246
-5055300,1.2316
-5055400,1.2346
-5055500,1.2476
-5055600,1.2526
-5055700,1.2616
-5055800,1.2726
-5055900,1.2846
-5056000,1.2966
-5056100,1.3066
-5056200,1.3166
-5056300,1.3316
-5056400,1.3416
-5056500,1.3476
-5056600,1.3586
-5056700,1.3696
-5056800,1.3866
-5056900,1.3956
-5057000,1.4136
-5057100,1.4226
-5057200,1.4366
-5057300,1.4516
-5057400,1.4656
-5057500,1.4766
-5057600,1.4936
-5057700,1.5106
-5057800,1.5286
-5057900,1.5476
-5058000,1.5546
-5058100,1.5616
-5058200,1.5846
-5058300,1.5976
-5058400,1.6226
-5058500,1.6366
-5058600,1.6366
-5058700,1.6246
-5058800,1.6206
-5058900,1.6066
-5059000,1.6076
-5059100,1.6066
-5059200,1.6086
-5059300,1.5906
-5059400,1.5806
-5059500,1.5726
-5059600,1.5646
-5059700,1.5696
-5059800,1.5596
-5059900,1.5636
-5060000,1.5566
-5060100,1.5486
-5060200,1.5566
-5060300,1.5496
-5060400,1.5416
-5060500,1.5466
-5060600,1.5476
-5060700,1.5566
-5060800,1.5526
-5060900,1.5596
-5061000,1.5706
-5061100,1.5626
-5061200,1.5686
-5061300,1.5776
-5061400,1.5896
-5061500,1.6046
-5061600,1.6026
-5061700,1.6176
-5061800,1.6226
-5061900,1.6346
-5062000,1.6356
-5062100,1.6426
-5062200,1.6406
-5062300,1.6636
-5062400,1.6666
-5062500,1.6656
-5062600,1.6436
-5062700,1.6496
-5062800,1.6616
-5062900,1.6636
-5063000,1.6736
-5063100,1.6916
-5063200,1.6856
-5063300,1.6846
-5063400,1.6976
-5063500,1.7246
-5063600,1.7076
-5063700,1.7116
-5063800,1.7196
-5063900,1.7296
-5064000,1.7476
-5064100,1.7546
-5064200,1.7756
-5064300,1.7686
-5064400,1.7836
-5064500,1.7916
-5064600,1.7886
-5064700,1.8026
-5064800,1.7876
-5064900,1.7896
-5065000,1.7856
-5065100,1.7636
-5065200,1.7706
-5065300,1.7736
-5065400,1.7786
-5065500,1.7886
-5065600,1.7886
-5065700,1.8206
-5065800,1.8166
-5065900,1.8216
-5066000,1.8496
-5066100,1.8736
-5066200,1.8646
-5066300,1.8826
-5066400,1.8636
-5066500,1.8896
-5066600,1.9016
-5066700,1.8866
-5066800,1.8376
-5066900,1.8166
-5067000,1.8116
-5067100,1.8006
-5067200,1.7776
-5067300,1.7586
-5067400,1.7526
-5067500,1.7696
-5067600,1.7736
-5067700,1.7436
-5067800,1.7286
-5067900,1.7366
-5068000,1.7326
-5068100,1.7196
-5068200,1.7196
-5068300,1.7166
-5068400,1.7116
-5068500,1.7216
-5068600,1.7326
-5068700,1.7486
-5068800,1.7626
-5068900,1.7616
-5069000,1.7756
-5069100,1.7946
-5069200,1.8076
-5069300,1.8096
-5069400,1.8256
-5069500,1.8236
-5069600,1.8376
-5069700,1.8566
-5069800,1.8596
-5069900,1.8486
-5070000,1.8376
-5070100,1.8376
-5070200,1.8346
-5070300,1.8476
-5070400,1.8536
-5070500,1.8756
-5070600,1.8616
-5070700,1.8616
-5070800,1.8706
-5070900,1.8736
-5071000,1.8786
-5071100,1.8906
-5071200,1.9116
-5071300,1.9236
-5071400,1.9406
-5071500,1.9526
-5071600,1.9706
-5071700,1.9766
-5071800,2.0106
-5071900,2.0276
-5072000,2.0446
-5072100,2.0426
-5072200,2.0506
-5072300,2.0446
-5072400,2.0576
-5072500,2.0626
-5072600,2.0526
-5072700,2.0616
-5072800,2.0586
-5072900,2.0476
-5073000,2.0316
-5073100,2.0336
-5073200,2.0256
-5073300,2.0236
-5073400,2.0286
-5073500,2.0226
-5073600,2.0206
-5073700,2.0206
-5073800,2.0156
-5073900,2.0046
-5074000,2.0086
-5074100,2.0046
-5074200,2.0086
-5074300,2.0046
-5074400,2.0036
-5074500,2.0046
-5074600,2.0046
-5074700,2.0036
-5074800,2.0046
-5074900,2.0056
-5075000,2.0066
-5075100,2.0086
-5075200,2.0106
-5075300,2.0126
-5075400,2.0146
-5075500,2.0176
-5075600,2.0196
-5075700,2.0216
-5075800,2.0226
-5075900,2.0246
-5076000,2.0266
-5076100,2.0286
-5076200,2.0296
-5076300,2.0316
-5076400,2.0326
-5076500,2.0366
-5076600,2.0366
-5076700,2.0376
-5076800,2.0406
-5076900,2.0426
-5077000,2.0426
-5077100,2.0476
-5077200,2.0426
-5077300,2.0346
-5077400,2.0386
-5077500,2.0346
-5077600,2.0366
-5077700,2.0376
-5077800,2.0376
-5077900,2.0386
-5078000,2.0376
-5078100,2.0436
-5078200,2.0406
-5078300,2.0446
-5078400,2.0436
-5078500,2.0426
-5078600,2.0446
-5078700,2.0436
-5078800,2.0436
-5078900,2.0456
-5079000,2.0446
-5079100,2.0536
-5079200,2.0546
-5079300,2.0516
-5079400,2.0536
-5079500,2.0456
-5079600,2.0476
-5079700,2.0486
-5079800,2.0496
-5079900,2.0516
-5080000,2.0526
-5080100,2.0536
-5080200,2.0576
-5080300,2.0596
-5080400,2.0606
-5080500,2.0616
-5080600,2.0626
-5080700,2.0626
-5080800,2.0656
-5080900,2.0696
-5081000,2.0736
-5081100,2.0716
-5081200,2.0676
-5081300,2.0666
-5081400,2.0656
-5081500,2.0656
-5081600,2.0566
-5081700,2.0626
-5081800,2.0686
-5081900,2.0686
-5082000,2.0686
-5082100,2.0736
-5082200,2.0686
-5082300,2.0736
-5082400,2.0686
-5082500,2.0676
-5082600,2.0696
-5082700,2.0706
-5082800,2.0786
-5082900,2.0806
-5083000,2.0786
-5083100,2.0756
-5083200,2.0666
-5083300,2.0676
-5083400,2.0736
-5083500,2.0696
-5083600,2.0776
-5083700,2.0756
-5083800,2.0866
-5083900,2.0776
-5084000,2.0856
-5084100,2.0836
-5084200,2.0946
-5084300,2.0896
-5084400,2.0976
-5084500,2.0936
-5084600,2.0866
-5084700,2.0736
-5084800,2.0806
-5084900,2.0826
-5085000,2.0856
-5085100,2.0846
-5085200,2.0916
-5085300,2.0956
-5085400,2.0886
-5085500,2.0846
-5085600,2.0886
-5085700,2.0876
-5085800,2.0806
-5085900,2.0856
-5086000,2.0866
-5086100,2.0916
-5086200,2.0856
-5086300,2.0766
-5086400,2.0716
-5086500,2.0716
-5086600,2.0666
-5086700,2.0656
-5086800,2.0536
-5086900,2.0566
-5087000,2.0386
-5087100,2.0396
-5087200,2.0476
-5087300,2.0536
-5087400,2.0516
-5087500,2.0556
-5087600,2.0536
-5087700,2.0516
-5087800,2.0456
-5087900,2.0486
-5088000,2.0486
-5088100,2.0366
-5088200,2.0336
-5088300,2.0156
-5088400,2.0056
-5088500,2.0186
-5088600,2.0096
-5088700,2.0206
-5088800,2.0186
-5088900,2.0246
-5089000,2.0266
-5089100,2.0416
-5089200,2.0466
-5089300,2.0366
-5089400,2.0456
-5089500,2.0306
-5089600,2.0266
-5089700,2.0406
-5089800,2.0316
-5089900,2.0086
-5090000,1.9956
-5090100,1.9726
-5090200,1.9396
-5090300,1.9056
-5090400,1.8936
-5090500,1.8606
-5090600,1.8726
-5090700,1.8696
-5090800,1.8916
-5090900,1.9366
-5091000,1.9826
-5091100,2.0056
-5091200,2.0026
-5091300,2.0096
-5091400,1.9916
-5091500,1.9416
-5091600,1.8996
-5091700,1.8506
-5091800,1.7876
-5091900,1.7236
-5092000,1.6556
-5092100,1.6016
-5092200,1.5316
-5092300,1.4876
-5092400,1.4226
-5092500,1.3736
-5092600,1.3236
-5092700,1.2486
-5092800,1.1976
-5092900,1.1476
-5093000,1.1356
-5093100,1.1166
-5093200,1.0956
-5093300,1.0816
-5093400,1.0716
-5093500,1.0636
-5093600,1.0396
-5093700,1.0206
-5093800,1.0096
-5093900,0.9816
-5094000,0.9726
-5094100,0.9666
-5094200,0.9646
-5094300,0.9506
-5094400,0.9546
-5094500,0.9446
-5094600,0.9486
-5094700,0.9436
-5094800,0.9476
-5094900,0.9416
-5095000,0.9396
-5095100,0.9376
-5095200,0.9416
-5095300,0.9336
-5095400,0.9346
-5095500,0.9276
-5095600,0.9286
-5095700,0.9306
-5095800,0.9356
-5095900,0.9316
-5096000,0.9406
-5096100,0.9396
-5096200,0.9466
-5096300,0.9486
-5096400,0.9466
-5096500,0.9486
-5096600,0.9506
-5096700,0.9586
-5096800,0.9546
-5096900,0.9546
-5097000,0.9616
-5097100,0.9626
-5097200,0.9646
-5097300,0.9556
-5097400,0.9516
-5097500,0.9486
-5097600,0.9476
-5097700,0.9436
-5097800,0.9416
-5097900,0.9406
-5098000,0.9306
-5098100,0.9306
-5098200,0.9376
-5098300,0.9346
-5098400,0.9346
-5098500,0.9346
-5098600,0.9416
-5098700,0.9386
-5098800,0.9446
-5098900,0.9466
-5099000,0.9426
-5099100,0.9446
-5099200,0.9526
-5099300,0.9496
-5099400,0.9586
-5099500,0.9616
-5099600,0.9606
-5099700,0.9626
-5099800,0.9706
-5099900,0.9746
-5100000,0.9786
-5100100,0.9826
-5100200,0.9866
-5100300,0.9906
-5100400,0.9946
-5100500,1.0006
-5100600,1.0046
-5100700,1.0106
-5100800,1.0156
-5100900,1.0196
-5101000,1.0266
-5101100,1.0276
-5101200,1.0406
-5101300,1.0486
-5101400,1.0506
-5101500,1.0606
-5101600,1.0696
-5101700,1.0776
-5101800,1.0956
-5101900,1.1066
-5102000,1.1056
-5102100,1.1046
-5102200,1.1196
-5102300,1.1306
-5102400,1.1426
-5102500,1.1516
-5102600,1.1596
-5102700,1.1676
-5102800,1.1786
-5102900,1.1926
-5103000,1.2036
-5103100,1.2026
-5103200,1.2166
-5103300,1.2316
-5103400,1.2426
-5103500,1.2536
-5103600,1.2716
-5103700,1.2926
-5103800,1.3146
-5103900,1.3446
-5104000,1.3566
-5104100,1.3746
-5104200,1.4046
-5104300,1.4306
-5104400,1.4466
-5104500,1.4736
-5104600,1.5076
-5104700,1.5596
-5104800,1.5926
-5104900,1.6106
-5105000,1.6556
-5105100,1.6656
-5105200,1.6666
-5105300,1.6846
-5105400,1.6676
-5105500,1.6936
-5105600,1.7006
-5105700,1.7026
-5105800,1.7266
-5105900,1.7256
-5106000,1.7486
-5106100,1.7426
-5106200,1.7566
-5106300,1.7786
-5106400,1.8126
-5106500,1.8206
-5106600,1.8316
-5106700,1.8576
-5106800,1.8306
-5106900,1.8256
-5107000,1.8426
-5107100,1.8816
-5107200,1.9026
-5107300,1.8756
-5107400,1.8756
-5107500,1.8556
-5107600,1.8746
-5107700,1.8766
-5107800,1.9016
-5107900,1.9106
-5108000,1.9436
-5108100,1.9506
-5108200,1.9426
-5108300,1.9216
-5108400,1.9246
-5108500,1.8746
-5108600,1.8466
-5108700,1.8176
-5108800,1.7996
-5108900,1.7866
-5109000,1.7636
-5109100,1.7716
-5109200,1.7826
-5109300,1.7786
-5109400,1.7476
-5109500,1.7626
-5109600,1.7746
-5109700,1.7486
-5109800,1.7636
-5109900,1.7766
-5110000,1.7686
-5110100,1.7766
-5110200,1.7866
-5110300,1.8036
-5110400,1.8116
-5110500,1.8186
-5110600,1.8266
-5110700,1.8396
-5110800,1.8506
-5110900,1.8526
-5111000,1.8796
-5111100,1.8986
-5111200,1.8946
-5111300,1.9056
-5111400,1.8976
-5111500,1.9006
-5111600,1.8926
-5111700,1.9046
-5111800,1.9006
-5111900,1.9166
-5112000,1.9156
-5112100,1.9176
-5112200,1.8996
-5112300,1.8936
-5112400,1.8956
-5112500,1.9086
-5112600,1.9096
-5112700,1.9196
-5112800,1.9126
-5112900,1.9146
-5113000,1.9126
-5113100,1.9266
-5113200,1.9256
-5113300,1.9196
-5113400,1.9246
-5113500,1.9296
-5113600,1.9216
-5113700,1.9356
-5113800,1.9506
-5113900,1.9696
-5114000,1.9686
-5114100,1.9596
-5114200,1.9596
-5114300,1.9606
-5114400,1.9696
-5114500,1.9756
-5114600,1.9916
-5114700,1.9876
-5114800,1.9846
-5114900,1.9746
-5115000,1.9866
-5115100,1.9896
-5115200,2.0026
-5115300,2.0036
-5115400,2.0006
-5115500,2.0026
-5115600,2.0006
-5115700,2.0096
-5115800,2.0076
-5115900,2.0126
-5116000,2.0116
-5116100,2.0106
-5116200,2.0146
-5116300,2.0116
-5116400,2.0146
-5116500,2.0156
-5116600,2.0086
-5116700,2.0126
-5116800,2.0176
-5116900,2.0236
-5117000,2.0306
-5117100,2.0366
-5117200,2.0446
-5117300,2.0556
-5117400,2.0576
-5117500,2.0656
-5117600,2.0746
-5117700,2.0886
-5117800,2.0976
-5117900,2.1076
-5118000,2.1106
-5118100,2.1246
-5118200,2.1366
-5118300,2.1366
-5118400,2.1436
-5118500,2.1526
-5118600,2.1586
-5118700,2.1716
-5118800,2.1876
-5118900,2.2026
-5119000,2.2186
-5119100,2.2296
-5119200,2.2456
-5119300,2.2546
-5119400,2.2646
-5119500,2.2726
-5119600,2.2786
-5119700,2.2806
-5119800,2.2846
-5119900,2.2876
-5120000,2.2856
-5120100,2.2886
-5120200,2.2866
-5120300,2.2876
-5120400,2.2906
-5120500,2.2956
-5120600,2.3026
-5120700,2.3036
-5120800,2.3006
-5120900,2.3016
-5121000,2.3046
-5121100,2.3076
-5121200,2.3066
-5121300,2.3076
-5121400,2.3086
-5121500,2.3106
-5121600,2.3126
-5121700,2.3136
-5121800,2.3156
-5121900,2.3066
-5122000,2.3076
-5122100,2.3086
-5122200,2.3056
-5122300,2.3056
-5122400,2.3056
-5122500,2.3016
-5122600,2.2976
-5122700,2.2956
-5122800,2.2966
-5122900,2.2956
-5123000,2.2966
-5123100,2.2986
-5123200,2.2996
-5123300,2.3026
-5123400,2.3036
-5123500,2.3036
-5123600,2.3066
-5123700,2.3056
-5123800,2.3076
-5123900,2.3076
-5124000,2.3096
-5124100,2.3106
-5124200,2.3116
-5124300,2.3136
-5124400,2.3146
-5124500,2.3136
-5124600,2.3176
-5124700,2.3186
-5124800,2.3196
-5124900,2.3176
-5125000,2.3196
-5125100,2.3206
-5125200,2.3216
-5125300,2.3216
-5125400,2.3216
-5125500,2.3136
-5125600,2.3156
-5125700,2.3166
-5125800,2.3176
-5125900,2.3176
-5126000,2.3186
-5126100,2.3196
-5126200,2.3206
-5126300,2.3226
-5126400,2.3216
-5126500,2.3236
-5126600,2.3236
-5126700,2.3266
-5126800,2.3266
-5126900,2.3276
-5127000,2.3306
-5127100,2.3306
-5127200,2.3296
-5127300,2.3276
-5127400,2.3276
-5127500,2.3286
-5127600,2.3186
-5127700,2.3136
-5127800,2.3136
-5127900,2.3156
-5128000,2.3176
-5128100,2.3176
-5128200,2.3126
-5128300,2.3146
-5128400,2.3146
-5128500,2.3156
-5128600,2.3166
-5128700,2.3196
-5128800,2.2976
-5128900,2.3016
-5129000,2.3016
-5129100,2.3036
-5129200,2.3056
-5129300,2.3076
-5129400,2.3096
-5129500,2.3116
-5129600,2.3066
-5129700,2.3086
-5129800,2.3116
-5129900,2.3136
-5130000,2.3146
-5130100,2.3156
-5130200,2.3166
-5130300,2.3176
-5130400,2.3086
-5130500,2.3096
-5130600,2.3066
-5130700,2.3036
-5130800,2.3026
-5130900,2.3036
-5131000,2.3056
-5131100,2.2966
-5131200,2.2886
-5131300,2.2816
-5131400,2.2826
-5131500,2.2826
-5131600,2.2806
-5131700,2.2846
-5131800,2.2736
-5131900,2.2646
-5132000,2.2636
-5132100,2.2536
-5132200,2.2526
-5132300,2.2396
-5132400,2.2246
-5132500,2.2146
-5132600,2.2126
-5132700,2.1986
-5132800,2.1936
-5132900,2.1936
-5133000,2.1886
-5133100,2.1866
-5133200,2.1796
-5133300,2.1806
-5133400,2.1746
-5133500,2.1596
-5133600,2.1636
-5133700,2.1526
-5133800,2.1466
-5133900,2.1496
-5134000,2.1336
-5134100,2.1096
-5134200,2.0936
-5134300,2.1006
-5134400,2.0986
-5134500,2.0816
-5134600,2.0896
-5134700,2.0556
-5134800,2.0366
-5134900,2.0286
-5135000,1.9926
-5135100,1.9646
-5135200,1.9196
-5135300,1.8876
-5135400,1.8476
-5135500,1.8336
-5135600,1.8036
-5135700,1.8826
-5135800,1.9126
-5135900,1.9256
-5136000,1.9086
-5136100,1.8786
-5136200,1.8276
-5136300,1.7246
-5136400,1.6416
-5136500,1.5606
-5136600,1.4506
-5136700,1.3936
-5136800,1.2986
-5136900,1.2416
-5137000,1.1746
-5137100,1.0796
-5137200,1.0326
-5137300,0.9606
-5137400,0.8906
-5137500,0.8326
-5137600,0.8116
-5137700,0.7836
-5137800,0.7596
-5137900,0.7596
-5138000,0.7476
-5138100,0.7466
-5138200,0.7476
-5138300,0.7496
-5138400,0.7506
-5138500,0.7536
-5138600,0.7576
-5138700,0.7616
-5138800,0.7646
-5138900,0.7706
-5139000,0.7746
-5139100,0.7796
-5139200,0.7856
-5139300,0.7896
-5139400,0.7936
-5139500,0.7986
-5139600,0.8036
-5139700,0.8066
-5139800,0.8096
-5139900,0.8126
-5140000,0.8166
-5140100,0.8186
-5140200,0.8216
-5140300,0.8236
-5140400,0.8246
-5140500,0.8266
-5140600,0.8276
-5140700,0.8286
-5140800,0.8296
-5140900,0.8296
-5141000,0.8296
-5141100,0.8296
-5141200,0.8286
-5141300,0.8286
-5141400,0.8276
-5141500,0.8266
-5141600,0.8246
-5141700,0.8226
-5141800,0.8216
-5141900,0.8206
-5142000,0.8196
-5142100,0.8176
-5142200,0.8156
-5142300,0.8156
-5142400,0.8136
-5142500,0.8116
-5142600,0.8106
-5142700,0.8116
-5142800,0.8106
-5142900,0.8086
-5143000,0.8076
-5143100,0.8066
-5143200,0.8056
-5143300,0.8046
-5143400,0.8036
-5143500,0.8036
-5143600,0.8036
-5143700,0.8046
-5143800,0.8036
-5143900,0.8046
-5144000,0.8046
-5144100,0.8056
-5144200,0.8056
-5144300,0.8076
-5144400,0.8086
-5144500,0.8066
-5144600,0.8076
-5144700,0.8056
-5144800,0.8026
-5144900,0.7986
-5145000,0.7996
-5145100,0.7986
-5145200,0.7976
-5145300,0.7966
-5145400,0.7956
-5145500,0.7946
-5145600,0.7926
-5145700,0.7886
-5145800,0.7856
-5145900,0.7806
-5146000,0.7786
-5146100,0.7796
-5146200,0.7766
-5146300,0.7786
-5146400,0.7766
-5146500,0.7776
-5146600,0.7756
-5146700,0.7716
-5146800,0.7706
-5146900,0.7676
-5147000,0.7676
-5147100,0.7676
-5147200,0.7676
-5147300,0.7686
-5147400,0.7686
-5147500,0.7686
-5147600,0.7686
-5147700,0.7686
-5147800,0.7696
-5147900,0.7686
-5148000,0.7686
-5148100,0.7676
-5148200,0.7676
-5148300,0.7676
-5148400,0.7676
-5148500,0.7666
-5148600,0.7666
-5148700,0.7666
-5148800,0.7666
-5148900,0.7666
-5149000,0.7676
-5149100,0.7676
-5149200,0.7676
-5149300,0.7686
-5149400,0.7686
-5149500,0.7696
-5149600,0.7696
-5149700,0.7696
-5149800,0.7706
-5149900,0.7716
-5150000,0.7726
-5150100,0.7736
-5150200,0.7746
-5150300,0.7756
-5150400,0.7756
-5150500,0.7766
-5150600,0.7766
-5150700,0.7776
-5150800,0.7766
-5150900,0.7766
-5151000,0.7766
-5151100,0.7756
-5151200,0.7746
-5151300,0.7736
-5151400,0.7736
-5151500,0.7716
-5151600,0.7696
-5151700,0.7716
-5151800,0.7766
-5151900,0.7806
-5152000,0.7816
-5152100,0.7796
-5152200,0.7796
-5152300,0.7796
-5152400,0.7776
-5152500,0.7756
-5152600,0.7786
-5152700,0.7806
-5152800,0.7846
-5152900,0.7916
-5153000,0.7916
-5153100,0.7916
-5153200,0.7916
-5153300,0.7926
-5153400,0.7916
-5153500,0.7906
-5153600,0.7926
-5153700,0.7916
-5153800,0.7916
-5153900,0.7926
-5154000,0.7916
-5154100,0.7916
-5154200,0.7896
-5154300,0.7886
-5154400,0.7866
-5154500,0.7866
-5154600,0.7836
-5154700,0.7846
-5154800,0.7826
-5154900,0.7806
-5155000,0.7776
-5155100,0.7776
-5155200,0.7746
-5155300,0.7726
-5155400,0.7706
-5155500,0.7686
-5155600,0.7676
-5155700,0.7626
-5155800,0.7616
-5155900,0.7596
-5156000,0.7586
-5156100,0.7566
-5156200,0.7556
-5156300,0.7516
-5156400,0.7516
-5156500,0.7506
-5156600,0.7486
-5156700,0.7486
-5156800,0.7466
-5156900,0.7426
-5157000,0.7436
-5157100,0.7416
-5157200,0.7406
-5157300,0.7396
-5157400,0.7376
-5157500,0.7346
-5157600,0.7356
-5157700,0.7366
-5157800,0.7346
-5157900,0.7336
-5158000,0.7336
-5158100,0.7316
-5158200,0.7326
-5158300,0.7336
-5158400,0.7336
-5158500,0.7326
-5158600,0.7326
-5158700,0.7316
-5158800,0.7286
-5158900,0.7286
-5159000,0.7246
-5159100,0.7246
-5159200,0.7216
-5159300,0.7216
-5159400,0.7186
-5159500,0.7156
-5159600,0.7116
-5159700,0.7086
-5159800,0.7036
-5159900,0.6966
-5160000,0.6916
-5160100,0.6816
-5160200,0.6726
-5160300,0.6586
-5160400,0.6446
-5160500,0.6266
-5160600,0.6126
-5160700,0.6046
-5160800,0.5836
-5160900,0.5656
-5161000,0.5426
-5161100,0.5156
-5161200,0.4986
-5161300,0.4856
-5161400,0.4566
-5161500,0.4526
-5161600,0.4466
-5161700,0.4396
-5161800,0.4396
-5161900,0.4326
-5162000,0.4216
-5162100,0.4066
-5162200,0.3966
-5162300,0.3886
-5162400,0.3756
-5162500,0.3716
-5162600,0.3576
-5162700,0.3386
-5162800,0.3386
-5162900,0.3206
-5163000,0.3166
-5163100,0.3126
-5163200,0.3006
-5163300,0.2916
-5163400,0.2796
-5163500,0.2636
-5163600,0.2486
-5163700,0.2386
-5163800,0.2216
-5163900,0.2046
-5164000,0.1856
-5164100,0.1466
-5164200,0.1126
-5164300,0.0846
-5164400,0.0476
-5164500,0.0236
-5164600,-0.0034
-5164700,-0.0244
-5164800,-0.0434
-5164900,-0.0574
-5165000,-0.0774
-5165100,-0.0974
-5165200,-0.1134
-5165300,-0.1284
-5165400,-0.1454
-5165500,-0.1624
-5165600,-0.1824
-5165700,-0.2024
-5165800,-0.2234
-5165900,-0.2464
-5166000,-0.2654
-5166100,-0.2844
-5166200,-0.3024
-5166300,-0.3274
-5166400,-0.3504
-5166500,-0.3754
-5166600,-0.4004
-5166700,-0.4314
-5166800,-0.4574
-5166900,-0.4994
-5167000,-0.5214
-5167100,-0.5454
-5167200,-0.5604
-5167300,-0.5854
-5167400,-0.6114
-5167500,-0.6384
-5167600,-0.6634
-5167700,-0.6844
-5167800,-0.7154
-5167900,-0.7464
-5168000,-0.7744
-5168100,-0.7904
-5168200,-0.8134
-5168300,-0.8474
-5168400,-0.8824
-5168500,-0.9164
-5168600,-0.9484
-5168700,-0.9854
-5168800,-1.0184
-5168900,-1.0514
-5169000,-1.0794
-5169100,-1.1144
-5169200,-1.1534
-5169300,-1.1934
-5169400,-1.2364
-5169500,-1.2624
-5169600,-1.2904
-5169700,-1.3224
-5169800,-1.3444
-5169900,-1.3634
-5170000,-1.3954
-5170100,-1.4214
-5170200,-1.4454
-5170300,-1.4674
-5170400,-1.4834
-5170500,-1.4934
-5170600,-1.5214
-5170700,-1.5424
-5170800,-1.5564
-5170900,-1.5734
-5171000,-1.5814
-5171100,-1.5844
-5171200,-1.6074
-5171300,-1.6084
-5171400,-1.6064
-5171500,-1.6194
-5171600,-1.6274
-5171700,-1.6404
-5171800,-1.6144
-5171900,-1.5944
-5172000,-1.5824
-5172100,-1.5584
-5172200,-1.5424
-5172300,-1.5234
-5172400,-1.4974
-5172500,-1.4794
-5172600,-1.4534
-5172700,-1.4294
-5172800,-1.4064
-5172900,-1.3784
-5173000,-1.3504
-5173100,-1.3204
-5173200,-1.2844
-5173300,-1.2544
-5173400,-1.2254
-5173500,-1.1914
-5173600,-1.1604
-5173700,-1.1234
-5173800,-1.0884
-5173900,-1.0524
-5174000,-1.0184
-5174100,-0.9804
-5174200,-0.9444
-5174300,-0.9034
-5174400,-0.8534
-5174500,-0.8064
-5174600,-0.7754
-5174700,-0.7194
-5174800,-0.6754
-5174900,-0.6274
-5175000,-0.5954
-5175100,-0.5554
-5175200,-0.5064
-5175300,-0.4614
-5175400,-0.4044
-5175500,-0.3704
-5175600,-0.3184
-5175700,-0.2734
-5175800,-0.2404
-5175900,-0.2034
-5176000,-0.1734
-5176100,-0.1304
-5176200,-0.1054
-5176300,-0.0784
-5176400,-0.0464
-5176500,-0.0094
-5176600,0.0246
-5176700,0.0576
-5176800,0.0956
-5176900,0.1316
-5177000,0.1556
-5177100,0.1936
-5177200,0.2116
-5177300,0.2526
-5177400,0.2796
-5177500,0.3106
-5177600,0.3266
-5177700,0.3466
-5177800,0.3656
-5177900,0.3846
-5178000,0.4056
-5178100,0.4166
-5178200,0.4406
-5178300,0.4566
-5178400,0.4646
-5178500,0.4876
-5178600,0.5066
-5178700,0.5336
-5178800,0.5476
-5178900,0.5596
-5179000,0.5796
-5179100,0.5966
-5179200,0.6056
-5179300,0.6006
-5179400,0.6066
-5179500,0.6106
-5179600,0.6196
-5179700,0.6286
-5179800,0.6386
-5179900,0.6496
-5180000,0.6596
-5180100,0.6636
-5180200,0.6686
-5180300,0.6766
-5180400,0.6876
-5180500,0.6906
-5180600,0.6996
-5180700,0.7076
-5180800,0.7166
-5180900,0.7236
-5181000,0.7336
-5181100,0.7436
-5181200,0.7576
-5181300,0.7696
-5181400,0.7806
-5181500,0.7926
-5181600,0.8006
-5181700,0.8146
-5181800,0.8276
-5181900,0.8396
-5182000,0.8556
-5182100,0.8786
-5182200,0.8846
-5182300,0.8746
-5182400,0.8786
-5182500,0.8856
-5182600,0.8836
-5182700,0.8856
-5182800,0.8866
-5182900,0.8906
-5183000,0.8906
-5183100,0.8936
-5183200,0.8976
-5183300,0.9016
-5183400,0.9026
-5183500,0.9046
-5183600,0.9076
-5183700,0.9076
-5183800,0.9026
-5183900,0.9036
-5184000,0.9056
-5184100,0.9106
-5184200,0.9176
-5184300,0.9156
-5184400,0.9206
-5184500,0.9226
-5184600,0.9256
-5184700,0.9306
-5184800,0.9376
-5184900,0.9406
-5185000,0.9436
-5185100,0.9496
-5185200,0.9536
-5185300,0.9636
-5185400,0.9726
-5185500,0.9786
-5185600,0.9806
-5185700,0.9856
-5185800,0.9896
-5185900,0.9926
-5186000,0.9926
-5186100,0.9896
-5186200,0.9896
-5186300,0.9896
-5186400,0.9886
-5186500,0.9856
-5186600,0.9856
-5186700,0.9846
-5186800,0.9846
-5186900,0.9836
-5187000,0.9826
-5187100,0.9826
-5187200,0.9826
-5187300,0.9826
-5187400,0.9816
-5187500,0.9816
-5187600,0.9806
-5187700,0.9766
-5187800,0.9756
-5187900,0.9756
-5188000,0.9766
-5188100,0.9766
-5188200,0.9776
-5188300,0.9776
-5188400,0.9766
-5188500,0.9776
-5188600,0.9786
-5188700,0.9786
-5188800,0.9756
-5188900,0.9736
-5189000,0.9746
-5189100,0.9756
-5189200,0.9766
-5189300,0.9746
-5189400,0.9776
-5189500,0.9786
-5189600,0.9786
-5189700,0.9776
-5189800,0.9746
-5189900,0.9676
-5190000,0.9646
-5190100,0.9626
-5190200,0.9596
-5190300,0.9556
-5190400,0.9506
-5190500,0.9456
-5190600,0.9406
-5190700,0.9316
-5190800,0.9266
-5190900,0.9226
-5191000,0.9186
-5191100,0.9146
-5191200,0.9106
-5191300,0.9076
-5191400,0.9046
-5191500,0.9006
-5191600,0.8976
-5191700,0.8946
-5191800,0.8916
-5191900,0.8866
-5192000,0.8846
-5192100,0.8836
-5192200,0.8846
-5192300,0.8806
-5192400,0.8826
-5192500,0.8836
-5192600,0.8816
-5192700,0.8786
-5192800,0.8716
-5192900,0.8706
-5193000,0.8656
-5193100,0.8616
-5193200,0.8606
-5193300,0.8576
-5193400,0.8536
-5193500,0.8536
-5193600,0.8506
-5193700,0.8486
-5193800,0.8496
-5193900,0.8486
-5194000,0.8466
-5194100,0.8466
-5194200,0.8456
-5194300,0.8436
-5194400,0.8436
-5194500,0.8446
-5194600,0.8466
-5194700,0.8486
-5194800,0.8496
-5194900,0.8526
-5195000,0.8516
-5195100,0.8506
-5195200,0.8536
-5195300,0.8546
-5195400,0.8526
-5195500,0.8566
-5195600,0.8586
-5195700,0.8586
-5195800,0.8616
-5195900,0.8656
-5196000,0.8656
-5196100,0.8666
-5196200,0.8696
-5196300,0.8676
-5196400,0.8696
-5196500,0.8686
-5196600,0.8666
-5196700,0.8676
-5196800,0.8666
-5196900,0.8646
-5197000,0.8656
-5197100,0.8666
-5197200,0.8666
-5197300,0.8676
-5197400,0.8666
-5197500,0.8646
-5197600,0.8656
-5197700,0.8696
-5197800,0.8696
-5197900,0.8696
-5198000,0.8676
-5198100,0.8656
-5198200,0.8596
-5198300,0.8576
-5198400,0.8586
-5198500,0.8606
-5198600,0.8626
-5198700,0.8656
-5198800,0.8686
-5198900,0.8696
-5199000,0.8716
-5199100,0.8716
-5199200,0.8726
-5199300,0.8756
-5199400,0.8756
-5199500,0.8806
-5199600,0.8806
-5199700,0.8826
-5199800,0.8836
-5199900,0.8846
-5200000,0.8846
-5200100,0.8876
-5200200,0.8876
-5200300,0.8886
-5200400,0.8906
-5200500,0.8926
-5200600,0.8936
-5200700,0.8936
-5200800,0.8956
-5200900,0.8956
-5201000,0.8996
-5201100,0.9046
-5201200,0.9046
-5201300,0.9056
-5201400,0.9076
-5201500,0.9106
-5201600,0.9126
-5201700,0.9156
-5201800,0.9206
-5201900,0.9216
-5202000,0.9276
-5202100,0.9316
-5202200,0.9356
-5202300,0.9376
-5202400,0.9416
-5202500,0.9446
-5202600,0.9486
-5202700,0.9526
-5202800,0.9556
-5202900,0.9596
-5203000,0.9626
-5203100,0.9666
-5203200,0.9696
-5203300,0.9726
-5203400,0.9766
-5203500,0.9796
-5203600,0.9826
-5203700,0.9856
-5203800,0.9886
-5203900,0.9906
-5204000,0.9936
-5204100,0.9956
-5204200,0.9986
-5204300,1.0006
-5204400,1.0026
-5204500,1.0046
-5204600,1.0056
-5204700,1.0076
-5204800,1.0086
-5204900,1.0096
-5205000,1.0116
-5205100,1.0126
-5205200,1.0126
-5205300,1.0136
-5205400,1.0156
-5205500,1.0146
-5205600,1.0146
-5205700,1.0146
-5205800,1.0136
-5205900,1.0126
-5206000,1.0116
-5206100,1.0106
-5206200,1.0096
-5206300,1.0086
-5206400,1.0076
-5206500,1.0066
-5206600,1.0066
-5206700,1.0056
-5206800,1.0036
-5206900,1.0026
-5207000,1.0016
-5207100,1.0006
-5207200,0.9986
-5207300,0.9976
-5207400,0.9956
-5207500,0.9936
-5207600,0.9916
-5207700,0.9906
-5207800,0.9896
-5207900,0.9826
-5208000,0.9816
-5208100,0.9796
-5208200,0.9776
-5208300,0.9756
-5208400,0.9746
-5208500,0.9736
-5208600,0.9726
-5208700,0.9696
-5208800,0.9666
-5208900,0.9626
-5209000,0.9596
-5209100,0.9556
-5209200,0.9526
-5209300,0.9496
-5209400,0.9466
-5209500,0.9436
-5209600,0.9416
-5209700,0.9376
-5209800,0.9346
-5209900,0.9326
-5210000,0.9306
-5210100,0.9286
-5210200,0.9276
-5210300,0.9236
-5210400,0.9216
-5210500,0.9196
-5210600,0.9166
-5210700,0.9136
-5210800,0.9096
-5210900,0.9066
-5211000,0.9036
-5211100,0.9006
-5211200,0.8976
-5211300,0.8956
-5211400,0.8926
-5211500,0.8896
-5211600,0.8856
-5211700,0.8816
-5211800,0.8776
-5211900,0.8736
-5212000,0.8706
-5212100,0.8666
-5212200,0.8616
-5212300,0.8586
-5212400,0.8546
-5212500,0.8496
-5212600,0.8476
-5212700,0.8446
-5212800,0.8406
-5212900,0.8376
-5213000,0.8336
-5213100,0.8316
-5213200,0.8276
-5213300,0.8246
-5213400,0.8226
-5213500,0.8196
-5213600,0.8166
-5213700,0.8136
-5213800,0.8096
-5213900,0.8086
-5214000,0.8056
-5214100,0.8036
-5214200,0.8006
-5214300,0.7986
-5214400,0.7956
-5214500,0.7946
-5214600,0.7926
-5214700,0.7906
-5214800,0.7896
-5214900,0.7876
-5215000,0.7856
-5215100,0.7846
-5215200,0.7826
-5215300,0.7816
-5215400,0.7826
-5215500,0.7806
-5215600,0.7796
-5215700,0.7776
-5215800,0.7766
-5215900,0.7756
-5216000,0.7736
-5216100,0.7726
-5216200,0.7706
-5216300,0.7716
-5216400,0.7696
-5216500,0.7706
-5216600,0.7706
-5216700,0.7706
-5216800,0.7696
-5216900,0.7706
-5217000,0.7696
-5217100,0.7686
-5217200,0.7706
-5217300,0.7706
-5217400,0.7696
-5217500,0.7726
-5217600,0.7726
-5217700,0.7736
-5217800,0.7736
-5217900,0.7756
-5218000,0.7766
-5218100,0.7776
-5218200,0.7776
-5218300,0.7806
-5218400,0.7816
-5218500,0.7826
-5218600,0.7826
-5218700,0.7846
-5218800,0.7876
-5218900,0.7886
-5219000,0.7896
-5219100,0.7906
-5219200,0.7916
-5219300,0.7906
-5219400,0.7926
-5219500,0.7966
-5219600,0.7976
-5219700,0.7996
-5219800,0.8006
-5219900,0.8016
-5220000,0.8046
-5220100,0.8066
-5220200,0.8086
-5220300,0.8106
-5220400,0.8146
-5220500,0.8156
-5220600,0.8186
-5220700,0.8206
-5220800,0.8246
-5220900,0.8286
-5221000,0.8316
-5221100,0.8306
-5221200,0.8356
-5221300,0.8376
-5221400,0.8406
-5221500,0.8426
-5221600,0.8426
-5221700,0.8476
-5221800,0.8486
-5221900,0.8486
-5222000,0.8526
-5222100,0.8546
-5222200,0.8566
-5222300,0.8576
-5222400,0.8606
-5222500,0.8626
-5222600,0.8656
-5222700,0.8666
-5222800,0.8686
-5222900,0.8746
-5223000,0.8776
-5223100,0.8806
-5223200,0.8846
-5223300,0.8876
-5223400,0.8886
-5223500,0.8946
-5223600,0.8976
-5223700,0.8996
-5223800,0.9036
-5223900,0.9056
-5224000,0.9096
-5224100,0.9126
-5224200,0.9156
-5224300,0.9176
-5224400,0.9216
-5224500,0.9246
-5224600,0.9266
-5224700,0.9296
-5224800,0.9326
-5224900,0.9356
-5225000,0.9376
-5225100,0.9396
-5225200,0.9416
-5225300,0.9436
-5225400,0.9456
-5225500,0.9476
-5225600,0.9506
-5225700,0.9526
-5225800,0.9546
-5225900,0.9576
-5226000,0.9596
-5226100,0.9616
-5226200,0.9636
-5226300,0.9656
-5226400,0.9686
-5226500,0.9706
-5226600,0.9726
-5226700,0.9746
-5226800,0.9766
-5226900,0.9786
-5227000,0.9796
-5227100,0.9816
-5227200,0.9836
-5227300,0.9846
-5227400,0.9866
-5227500,0.9876
-5227600,0.9876
-5227700,0.9886
-5227800,0.9886
-5227900,0.9896
-5228000,0.9896
-5228100,0.9896
-5228200,0.9896
-5228300,0.9896
-5228400,0.9896
-5228500,0.9896
-5228600,0.9896
-5228700,0.9896
-5228800,0.9896
-5228900,0.9906
-5229000,0.9906
-5229100,0.9916
-5229200,0.9926
-5229300,0.9956
-5229400,0.9976
-5229500,1.0006
-5229600,1.0036
-5229700,1.0076
-5229800,1.0116
-5229900,1.0176
-5230000,1.0236
-5230100,1.0256
-5230200,1.0246
-5230300,1.0316
-5230400,1.0336
-5230500,1.0416
-5230600,1.0526
-5230700,1.0536
-5230800,1.0596
-5230900,1.0646
-5231000,1.0716
-5231100,1.0826
-5231200,1.0936
-5231300,1.0966
-5231400,1.0886
-5231500,1.0996
-5231600,1.1126
-5231700,1.1256
-5231800,1.1336
-5231900,1.1366
-5232000,1.1406
-5232100,1.1496
-5232200,1.1616
-5232300,1.1646
-5232400,1.1726
-5232500,1.1826
-5232600,1.1946
-5232700,1.2026
-5232800,1.1996
-5232900,1.1976
-5233000,1.1966
-5233100,1.1946
-5233200,1.1886
-5233300,1.1856
-5233400,1.1866
-5233500,1.1826
-5233600,1.1716
-5233700,1.1646
-5233800,1.1616
-5233900,1.1656
-5234000,1.1526
-5234100,1.1576
-5234200,1.1526
-5234300,1.1476
-5234400,1.1366
-5234500,1.1366
-5234600,1.1156
-5234700,1.1196
-5234800,1.1166
-5234900,1.1126
-5235000,1.1066
-5235100,1.0986
-5235200,1.0856
-5235300,1.0886
-5235400,1.0846
-5235500,1.0846
-5235600,1.0666
-5235700,1.0646
-5235800,1.0526
-5235900,1.0376
-5236000,1.0326
-5236100,1.0136
-5236200,1.0126
-5236300,0.9946
-5236400,0.9756
-5236500,0.9586
-5236600,0.9366
-5236700,0.9316
-5236800,0.9176
-5236900,0.8936
-5237000,0.8796
-5237100,0.8626
-5237200,0.8556
-5237300,0.8486
-5237400,0.8376
-5237500,0.8216
-5237600,0.8086
-5237700,0.8086
-5237800,0.8026
-5237900,0.7996
-5238000,0.7936
-5238100,0.7836
-5238200,0.7766
-5238300,0.7746
-5238400,0.7726
-5238500,0.7726
-5238600,0.7696
-5238700,0.7636
-5238800,0.7646
-5238900,0.7596
-5239000,0.7566
-5239100,0.7546
-5239200,0.7526
-5239300,0.7476
-5239400,0.7416
-5239500,0.7376
-5239600,0.7366
-5239700,0.7336
-5239800,0.7306
-5239900,0.7286
-5240000,0.7286
-5240100,0.7286
-5240200,0.7286
-5240300,0.7286
-5240400,0.7286
-5240500,0.7286
-5240600,0.7286
-5240700,0.7276
-5240800,0.7266
-5240900,0.7236
-5241000,0.7226
-5241100,0.7236
-5241200,0.7226
-5241300,0.7206
-5241400,0.7166
-5241500,0.7126
-5241600,0.7076
-5241700,0.7086
-5241800,0.7046
-5241900,0.6996
-5242000,0.6956
-5242100,0.6876
-5242200,0.6876
-5242300,0.6806
-5242400,0.6716
-5242500,0.6666
-5242600,0.6626
-5242700,0.6556
-5242800,0.6456
-5242900,0.6446
-5243000,0.6446
-5243100,0.6406
-5243200,0.6326
-5243300,0.6326
-5243400,0.6336
-5243500,0.6296
-5243600,0.6236
-5243700,0.6176
-5243800,0.6116
-5243900,0.6146
-5244000,0.6106
-5244100,0.6086
-5244200,0.6096
-5244300,0.6096
-5244400,0.6046
-5244500,0.5956
-5244600,0.5976
-5244700,0.5966
-5244800,0.5916
-5244900,0.5956
-5245000,0.6006
-5245100,0.6016
-5245200,0.5936
-5245300,0.5836
-5245400,0.5836
-5245500,0.5846
-5245600,0.5876
-5245700,0.5886
-5245800,0.5946
-5245900,0.5966
-5246000,0.5936
-5246100,0.5916
-5246200,0.5926
-5246300,0.5926
-5246400,0.5926
-5246500,0.5896
-5246600,0.5916
-5246700,0.5916
-5246800,0.5956
-5246900,0.5966
-5247000,0.5966
-5247100,0.5966
-5247200,0.5946
-5247300,0.5976
-5247400,0.5976
-5247500,0.5976
-5247600,0.5996
-5247700,0.6036
-5247800,0.6076
-5247900,0.6066
-5248000,0.6116
-5248100,0.6136
-5248200,0.6156
-5248300,0.6176
-5248400,0.6196
-5248500,0.6206
-5248600,0.6216
-5248700,0.6266
-5248800,0.6286
-5248900,0.6306
-5249000,0.6336
-5249100,0.6386
-5249200,0.6406
-5249300,0.6436
-5249400,0.6446
-5249500,0.6456
-5249600,0.6506
-5249700,0.6496
-5249800,0.6566
-5249900,0.6606
-5250000,0.6596
-5250100,0.6626
-5250200,0.6656
-5250300,0.6636
-5250400,0.6686
-5250500,0.6736
-5250600,0.6736
-5250700,0.6766
-5250800,0.6806
-5250900,0.6806
-5251000,0.6846
-5251100,0.6846
-5251200,0.6856
-5251300,0.6896
-5251400,0.6936
-5251500,0.6946
-5251600,0.6936
-5251700,0.6966
-5251800,0.7016
-5251900,0.7056
-5252000,0.7036
-5252100,0.7086
-5252200,0.7136
-5252300,0.7116
-5252400,0.7186
-5252500,0.7196
-5252600,0.7176
-5252700,0.7256
-5252800,0.7266
-5252900,0.7266
-5253000,0.7306
-5253100,0.7346
-5253200,0.7306
-5253300,0.7396
-5253400,0.7406
-5253500,0.7386
-5253600,0.7456
-5253700,0.7466
-5253800,0.7446
-5253900,0.7476
-5254000,0.7486
-5254100,0.7466
-5254200,0.7506
-5254300,0.7556
-5254400,0.7576
-5254500,0.7616
-5254600,0.7666
-5254700,0.7716
-5254800,0.7756
-5254900,0.7786
-5255000,0.7856
-5255100,0.7896
-5255200,0.7976
-5255300,0.7986
-5255400,0.8066
-5255500,0.8156
-5255600,0.8236
-5255700,0.8246
-5255800,0.8186
-5255900,0.8266
-5256000,0.8356
-5256100,0.8456
-5256200,0.8506
-5256300,0.8576
-5256400,0.8616
-5256500,0.8686
-5256600,0.8706
-5256700,0.8746
-5256800,0.8776
-5256900,0.8836
-5257000,0.8876
-5257100,0.8916
-5257200,0.8986
-5257300,0.9026
-5257400,0.9076
-5257500,0.9166
-5257600,0.9166
-5257700,0.9266
-5257800,0.9336
-5257900,0.9416
-5258000,0.9416
-5258100,0.9486
-5258200,0.9506
-5258300,0.9556
-5258400,0.9606
-5258500,0.9666
-5258600,0.9736
-5258700,0.9836
-5258800,0.9756
-5258900,0.9786
-5259000,0.9806
-5259100,0.9776
-5259200,0.9796
-5259300,0.9826
-5259400,0.9836
-5259500,0.9886
-5259600,0.9916
-5259700,0.9966
-5259800,1.0046
-5259900,1.0086
-5260000,1.0086
-5260100,1.0076
-5260200,1.0076
-5260300,1.0066
-5260400,1.0066
-5260500,1.0056
-5260600,1.0066
-5260700,1.0076
-5260800,1.0056
-5260900,1.0066
-5261000,1.0056
-5261100,1.0056
-5261200,1.0056
-5261300,1.0006
-5261400,1.0016
-5261500,1.0046
-5261600,1.0056
-5261700,1.0086
-5261800,1.0126
-5261900,1.0166
-5262000,1.0186
-5262100,1.0216
-5262200,1.0246
-5262300,1.0286
-5262400,1.0296
-5262500,1.0316
-5262600,1.0316
-5262700,1.0326
-5262800,1.0326
-5262900,1.0316
-5263000,1.0326
-5263100,1.0326
-5263200,1.0326
-5263300,1.0346
-5263400,1.0366
-5263500,1.0386
-5263600,1.0416
-5263700,1.0456
-5263800,1.0506
-5263900,1.0546
-5264000,1.0576
-5264100,1.0616
-5264200,1.0666
-5264300,1.0726
-5264400,1.0806
-5264500,1.0906
-5264600,1.1046
-5264700,1.1116
-5264800,1.1196
-5264900,1.1256
-5265000,1.1276
-5265100,1.1306
-5265200,1.1366
-5265300,1.1416
-5265400,1.1426
-5265500,1.1456
-5265600,1.1426
-5265700,1.1446
-5265800,1.1376
-5265900,1.1406
-5266000,1.1356
-5266100,1.1386
-5266200,1.1336
-5266300,1.1366
-5266400,1.1346
-5266500,1.1346
-5266600,1.1356
-5266700,1.1396
-5266800,1.1426
-5266900,1.1486
-5267000,1.1506
-5267100,1.1556
-5267200,1.1606
-5267300,1.1626
-5267400,1.1666
-5267500,1.1556
-5267600,1.1506
-5267700,1.1516
-5267800,1.1516
-5267900,1.1516
-5268000,1.1516
-5268100,1.1546
-5268200,1.1586
-5268300,1.1576
-5268400,1.1556
-5268500,1.1546
-5268600,1.1536
-5268700,1.1526
-5268800,1.1496
-5268900,1.1486
-5269000,1.1486
-5269100,1.1476
-5269200,1.1476
-5269300,1.1496
-5269400,1.1486
-5269500,1.1486
-5269600,1.1496
-5269700,1.1506
-5269800,1.1526
-5269900,1.1536
-5270000,1.1546
-5270100,1.1566
-5270200,1.1546
-5270300,1.1566
-5270400,1.1556
-5270500,1.1566
-5270600,1.1446
-5270700,1.1516
-5270800,1.1496
-5270900,1.1486
-5271000,1.1566
-5271100,1.1496
-5271200,1.1626
-5271300,1.1606
-5271400,1.1536
-5271500,1.1466
-5271600,1.1586
-5271700,1.1496
-5271800,1.1526
-5271900,1.1476
-5272000,1.1346
-5272100,1.1326
-5272200,1.1286
-5272300,1.1386
-5272400,1.1406
-5272500,1.1436
-5272600,1.1466
-5272700,1.1496
-5272800,1.1516
-5272900,1.1546
-5273000,1.1576
-5273100,1.1596
-5273200,1.1626
-5273300,1.1646
-5273400,1.1676
-5273500,1.1696
-5273600,1.1716
-5273700,1.1726
-5273800,1.1746
-5273900,1.1756
-5274000,1.1766
-5274100,1.1786
-5274200,1.1796
-5274300,1.1816
-5274400,1.1826
-5274500,1.1846
-5274600,1.1856
-5274700,1.1866
-5274800,1.1876
-5274900,1.1886
-5275000,1.1896
-5275100,1.1916
-5275200,1.1926
-5275300,1.1926
-5275400,1.1936
-5275500,1.1946
-5275600,1.1946
-5275700,1.1956
-5275800,1.1956
-5275900,1.1966
-5276000,1.1966
-5276100,1.1966
-5276200,1.1976
-5276300,1.1976
-5276400,1.1976
-5276500,1.1976
-5276600,1.1976
-5276700,1.1966
-5276800,1.1966
-5276900,1.1956
-5277000,1.1956
-5277100,1.1936
-5277200,1.1926
-5277300,1.1926
-5277400,1.1916
-5277500,1.1906
-5277600,1.1906
-5277700,1.1896
-5277800,1.1896
-5277900,1.1886
-5278000,1.1886
-5278100,1.1886
-5278200,1.1886
-5278300,1.1886
-5278400,1.1886
-5278500,1.1896
-5278600,1.1906
-5278700,1.1916
-5278800,1.1936
-5278900,1.1966
-5279000,1.2006
-5279100,1.1906
-5279200,1.1866
-5279300,1.1876
-5279400,1.1906
-5279500,1.1896
-5279600,1.1886
-5279700,1.1886
-5279800,1.1886
-5279900,1.1886
-5280000,1.1886
-5280100,1.1896
-5280200,1.1916
-5280300,1.1946
-5280400,1.1996
-5280500,1.2076
-5280600,1.2176
-5280700,1.2256
-5280800,1.2286
-5280900,1.2256
-5281000,1.2236
-5281100,1.2206
-5281200,1.2186
-5281300,1.2156
-5281400,1.2136
-5281500,1.2116
-5281600,1.2106
-5281700,1.2086
-5281800,1.2076
-5281900,1.2066
-5282000,1.2056
-5282100,1.2036
-5282200,1.2026
-5282300,1.2016
-5282400,1.2016
-5282500,1.2006
-5282600,1.2006
-5282700,1.2006
-5282800,1.2016
-5282900,1.2026
-5283000,1.2026
-5283100,1.2026
-5283200,1.2036
-5283300,1.1996
-5283400,1.1996
-5283500,1.2006
-5283600,1.2016
-5283700,1.2026
-5283800,1.2036
-5283900,1.2046
-5284000,1.2056
-5284100,1.2066
-5284200,1.2066
-5284300,1.2076
-5284400,1.2076
-5284500,1.2076
-5284600,1.2066
-5284700,1.2036
-5284800,1.1996
-5284900,1.1926
-5285000,1.1876
-5285100,1.1826
-5285200,1.1766
-5285300,1.1706
-5285400,1.1696
-5285500,1.1556
-5285600,1.1496
-5285700,1.1396
-5285800,1.1266
-5285900,1.1416
-5286000,1.1346
-5286100,1.1336
-5286200,1.1316
-5286300,1.1366
-5286400,1.1366
-5286500,1.1346
-5286600,1.1316
-5286700,1.1266
-5286800,1.1206
-5286900,1.1226
-5287000,1.1266
-5287100,1.1296
-5287200,1.1336
-5287300,1.1356
-5287400,1.1396
-5287500,1.1436
-5287600,1.1476
-5287700,1.1526
-5287800,1.1576
-5287900,1.1606
-5288000,1.1676
-5288100,1.1716
-5288200,1.1746
-5288300,1.1796
-5288400,1.1836
-5288500,1.1896
-5288600,1.1926
-5288700,1.1976
-5288800,1.2006
-5288900,1.2046
-5289000,1.2076
-5289100,1.2126
-5289200,1.2166
-5289300,1.2186
-5289400,1.2236
-5289500,1.2276
-5289600,1.2336
-5289700,1.2376
-5289800,1.2416
-5289900,1.2456
-5290000,1.2526
-5290100,1.2556
-5290200,1.2596
-5290300,1.2646
-5290400,1.2696
-5290500,1.2746
-5290600,1.2786
-5290700,1.2826
-5290800,1.2876
-5290900,1.2926
-5291000,1.2966
-5291100,1.2916
-5291200,1.2966
-5291300,1.3006
-5291400,1.3056
-5291500,1.3096
-5291600,1.3146
-5291700,1.3196
-5291800,1.3246
-5291900,1.3296
-5292000,1.3356
-5292100,1.3406
-5292200,1.3466
-5292300,1.3526
-5292400,1.3596
-5292500,1.3656
-5292600,1.3736
-5292700,1.3816
-5292800,1.3906
-5292900,1.3996
-5293000,1.4106
-5293100,1.4226
-5293200,1.4356
-5293300,1.4496
-5293400,1.4496
-5293500,1.4616
-5293600,1.4756
-5293700,1.4906
-5293800,1.4986
-5293900,1.5146
-5294000,1.5316
-5294100,1.5496
-5294200,1.5686
-5294300,1.5906
-5294400,1.6066
-5294500,1.6336
-5294600,1.6316
-5294700,1.6196
-5294800,1.6206
-5294900,1.5986
-5295000,1.6066
-5295100,1.5996
-5295200,1.6156
-5295300,1.5936
-5295400,1.5846
-5295500,1.5746
-5295600,1.5656
-5295700,1.5706
-5295800,1.5786
-5295900,1.5866
-5296000,1.6056
-5296100,1.6036
-5296200,1.6076
-5296300,1.6196
-5296400,1.6256
-5296500,1.6316
-5296600,1.6006
-5296700,1.5826
-5296800,1.5846
-5296900,1.5836
-5297000,1.6056
-5297100,1.6046
-5297200,1.6226
-5297300,1.6146
-5297400,1.6136
-5297500,1.5976
-5297600,1.6036
-5297700,1.5876
-5297800,1.5626
-5297900,1.5366
-5298000,1.5466
-5298100,1.5566
-5298200,1.5696
-5298300,1.5846
-5298400,1.5936
-5298500,1.6116
-5298600,1.6356
-5298700,1.6556
-5298800,1.6586
-5298900,1.6746
-5299000,1.6766
-5299100,1.6886
-5299200,1.6876
-5299300,1.6826
-5299400,1.6926
-5299500,1.7006
-5299600,1.7146
-5299700,1.7046
-5299800,1.7076
-5299900,1.6996
-5300000,1.7006