Time: (years),Global Mean SAOD
-9500,0.0029102604
-9499,0.0029102604
-9498,0.0029102604
-9497,0.0029102604
-9496,0.0330664621
-9495,0.0237473149
-9494,0.0103963024
-9493,0.4129879838
-9492,0.3040429121
-9491,0.2185276609
-9490,0.1097282269
-9489,0.0403491792
-9488,0.0155571869
-9487,0.0071617146
-9486,0.0043385152
-9485,0.0033900325
-9484,0.0030714209
-9483,0.0029643961
-9482,0.0029284449
-9481,0.0029163684
-9480,0.002912312
-9479,0.0029109494
-9478,0.0029104917
-9477,0.002910338
-9476,0.005205913
-9475,0.0044964795
-9474,0.0034801342
-9473,0.0031033701
-9472,0.0029752039
-9471,0.0029320782
-9470,0.0029175887
-9469,0.0029127218
-9468,0.0029110871
-9467,0.0029105382
-9466,0.0029103533
-9465,0.0029102911
-9464,0.0029102705
-9463,0.061838747
-9462,0.0436428444
-9461,0.0175453357
-9460,0.007869636
-9459,0.0045781364
-9458,0.0034706075
-9457,0.003098491
-9456,0.0029734893
-9455,0.0029314992
-9454,0.0029173944
-9453,0.0029126564
-9452,0.0029110649
-9451,0.0029105302
-9450,0.0075016054
-9449,0.0060827128
-9448,0.0040500133
-9447,0.0032964822
-9446,0.0030401488
-9445,0.0029538976
-9444,0.0029249185
-9443,0.0029151842
-9442,0.0029119138
-9441,0.0029108155
-9440,0.0029104468
-9439,0.0733475845
-9438,0.0515766983
-9437,0.020394674
-9436,0.0088351687
-9435,0.0049028546
-9434,0.003579702
-9433,0.0583370813
-9432,0.0411258542
-9431,0.0166382293
-9430,0.007562154
-9429,0.0044747267
-9428,0.0034358655
-9427,0.0576626587
-9426,0.0406770335
-9425,0.0164773603
-9424,0.0075076572
-9423,0.004456399
-9422,0.0034297083
-9421,0.0664261078
-9420,0.0467325989
-9419,0.0186529619
-9418,0.1252788435
-9417,0.0855953717
-9416,0.0325760236
-9415,0.0129612753
-9414,0.0062904119
-9413,0.0040458674
-9412,0.0032917308
-9411,0.0143078443
-9410,0.0107401589
-9409,0.0057222696
-9408,0.0038631086
-9407,0.0032307073
-9406,0.0030179186
-9405,0.0029464241
-9404,0.002922408
-9403,0.0029143406
-9402,0.1338512878
-9401,0.0935272507
-9400,0.0354700636
-9399,0.0139438135
-9398,0.0066209333
-9397,0.0041569153
-9396,0.0033290345
-9395,0.3561853101
-9394,0.2701621105
-9393,0.1031867359
-9392,0.0369235763
-9391,0.0143506875
-9390,0.0067539067
-9389,0.004201414
-9388,0.1448510748
-9387,0.1028401115
-9386,0.0407912946
-9385,0.0164448627
-9384,0.0074935002
-9383,0.0044514945
-9382,0.0034280533
-9381,0.0030841957
-9380,0.0029686869
-9379,0.0029298861
-9378,0.0335961994
-9377,0.0241094047
-9376,0.0105264319
-9375,0.0054911337
-9374,0.0037782286
-9373,0.0442120097
-9372,0.0313428907
-9371,0.0131229768
-9370,0.0063709252
-9369,0.0040741051
-9368,0.0033012703
-9367,0.0030416071
-9366,0.002954381
-9365,0.0029250802
-9364,0.0029152381
-9363,0.0029119322
-9362,0.0029108215
-9361,0.0029104487
-9360,0.0029103233
-9359,0.002910281
-9358,0.027745927
-9357,0.0200696827
-9356,0.0090751314
-9355,0.0049993371
-9354,0.0036128338
-9353,0.0031462998
-9352,0.0727646275
-9351,0.0519948273
-9350,0.022781331
-9349,0.0128672474
-9348,0.010533895
-9347,0.0092952993
-9346,0.0073266618
-9345,0.0064101763
-9344,0.007819383
-9343,0.0109843109
-9342,0.0104572158
-9341,0.0060836945
-9340,0.035728134
-9339,0.0251973255
-9338,0.0109087809
-9337,0.0056203379
-9336,0.0038216644
-9335,0.0032164591
-9334,0.0041980206
-9333,0.0065707115
-9332,0.0076117862
-9331,0.0087279492
-9330,0.009904434
-9329,0.0105025692
-9328,0.0102543364
-9327,0.010099828
-9326,0.0094817092
-9325,0.0098633264
-9324,0.0106676274
-9323,0.00943535
-9322,0.0056186746
-9321,0.0038435326
-9320,0.0032248243
-9319,0.0030159741
-9318,0.0875748368
-9317,0.0613939866
-9316,0.0239214553
-9315,0.0100302707
-9314,0.0053047766
-9313,0.0037147334
-9312,0.003180497
-9311,0.0049488216
-9310,0.0089011371
-9309,0.0099065151
-9308,0.0081910485
-9307,0.0085779556
-9306,0.0105646192
-9305,0.0110443877
-9304,0.0097216854
-9303,0.0096980524
-9302,0.0103266979
-9301,0.0091145457
-9300,0.0054837254
-9299,0.0037969658
-9298,0.0316970868
-9297,0.0226935628
-9296,0.0100154727
-9295,0.0053178898
-9294,0.003719961
-9293,0.0031822909
-9292,0.00300164
-9291,0.0029409554
-9290,0.0069900929
-9289,0.0057256436
-9288,0.0039216504
-9287,0.0032529813
-9286,0.0030255192
-9285,0.0029489826
-9284,0.0029232675
-9283,0.0029146294
-9282,0.0029117277
-9281,0.0029107532
-9280,0.0029104256
-9279,0.0029103153
-9278,0.0029102785
-9277,0.0210665928
-9276,0.0154557528
-9275,0.007417426
-9274,0.0044375804
-9273,0.0064499622
-9272,0.0051737423
-9271,0.0037194231
-9270,0.0031842855
-9269,0.0030024083
-9268,0.0029412179
-9267,0.0029206589
-9266,0.0029137532
-9265,0.0029114335
-9264,0.0029106541
-9263,0.0029103925
-9262,0.0029103046
-9261,0.0029102751
-9260,0.002910265
-9259,0.0029102613
-9258,0.0029102604
-9257,0.0029102604
-9256,0.1948070655
-9255,0.1474945097
-9254,0.0550008546
-9253,0.0205621014
-9252,0.0088467189
-9251,0.0049047009
-9250,0.0035802289
-9249,0.0031353105
-9248,0.0029858567
-9247,0.0029356536
-9246,0.0076143913
-9245,0.0061576485
-9244,0.0040768683
-9243,0.0062272867
-9242,0.005062022
-9241,0.0843049148
-9240,0.0588995988
-9239,0.0230208279
-9238,0.0097248536
-9237,0.0052020489
-9236,0.0036802195
-9235,0.0031689036
-9234,0.0029971415
-9233,0.0029394441
-9232,0.0029200633
-9231,0.0029135535
-9230,0.0029113662
-9229,0.0029106317
-9228,0.0029103848
-9227,0.002910302
-9226,0.0029102743
-9225,0.737739179
-9224,0.4717628186
-9223,0.2050248077
-9222,0.0722276102
-9221,0.0262490726
-9220,0.0107524979
-9219,0.0055446651
-9218,0.2143017596
-9217,0.1504272812
-9216,0.055903765
-9215,0.0208678065
-9214,0.0089495076
-9213,0.0049392312
-9212,0.0035918285
-9211,0.0636602849
-9210,0.0448054624
-9209,0.0179599816
-9208,0.0080100066
-9207,0.0046253351
-9206,0.0034864638
-9205,0.0031038169
-9204,0.0029752777
-9203,0.2294808973
-9202,0.1721026636
-9201,0.0637579593
-9200,0.0235297666
-9199,0.0098447716
-9198,0.0052400112
-9197,0.0036928663
-9196,0.0031731468
-9195,0.0029985665
-9194,0.0029399234
-9193,0.0029202242
-9192,0.002913607
-9191,0.0041044034
-9190,0.006561373
-9189,0.0075533129
-9188,0.0072565256
-9187,0.1415139602
-9186,0.0981546118
-9185,0.038767897
-9184,0.0195657642
-9183,0.2186130669
-9182,0.1593887595
-9181,0.0631886915
-9180,0.0255586861
-9179,0.0151273774
-9178,0.0118729582
-9177,0.0099708866
-9176,0.009853112
-9175,0.0577978604
-9174,0.0419362435
-9173,0.0534715003
-9172,0.032810906
-9171,0.013542012
-9170,0.0083099966
-9169,0.008883918
-9168,0.0073920515
-9167,0.0068058772
-9166,0.0066785336
-9165,0.0068561892
-9164,0.0069873055
-9163,0.0062412864
-9162,0.0042875552
-9161,0.0033846556
-9160,0.0030701485
-9159,0.0029639923
-9158,0.00292831
-9157,0.0029163234
-9156,0.0029122967
-9155,0.002910944
-9154,0.0029104894
-9153,0.0029103368
-9152,0.2066047827
-9151,0.1460902753
-9150,0.0587845294
-9149,0.032259182
-9148,0.0194082106
-9147,0.0141288693
-9146,0.0110846176
-9145,0.0103636728
-9144,0.0104515571
-9143,0.0106379206
-9142,0.0102931468
-9141,0.0094551848
-9140,0.1344838232
-9139,0.0937586844
-9138,0.0356793645
-9137,0.0147261837
-9136,0.0088074754
-9135,0.0063803257
-9134,0.0042727126
-9133,0.0033768715
-9132,0.0030674066
-9131,0.0029630657
-9130,0.0029279986
-9129,0.0029162184
-9128,0.0029122614
-9127,0.0029109325
-9126,0.002910486
-9125,0.1358236072
-9124,0.095845112
-9123,0.0362990127
-9122,0.0142246424
-9121,0.0067153784
-9120,0.0041886459
-9119,0.0033396932
-9118,0.0030545113
-9117,0.0029587156
-9116,0.0029265368
-9115,0.0029157276
-9114,0.0029120962
-9113,0.0029108767
-9112,0.0029104669
-9111,0.0029103296
-9110,0.0029102833
-9109,0.002910268
-9108,0.0029102624
-9107,0.0029102606
-9106,0.0029102604
-9105,0.0029102604
-9104,0.0029102604
-9103,0.0029102604
-9102,0.0029102604
-9101,0.0029102604
-9100,0.0029102604
-9099,0.0029102604
-9098,0.0029102604
-9097,0.0029102604
-9096,0.0029102604
-9095,0.0029102604
-9094,0.0029102604
-9093,0.0029102604
-9092,0.0066667417
-9091,0.0055058787
-9090,0.0038427764
-9089,0.0032262567
-9088,0.0030165316
-9087,0.0029459631
-9086,0.0029222533
-9085,0.0029142886
-9084,0.002911613
-9083,0.0029107149
-9082,0.1312781611
-9081,0.091794865
-9080,0.0348481973
-9079,0.0137330965
-9078,0.0065500687
-9077,0.0041331071
-9076,0.0033210367
-9075,0.0030482446
-9074,0.0029566103
-9073,0.002925829
-9072,0.0029154896
-9071,0.0029120166
-9070,0.0757024985
-9069,0.0532279446
-9068,0.0209903468
-9067,0.009037073
-9066,0.1464768088
-9065,0.103458794
-9064,0.0390182209
-9063,0.0151454091
-9062,0.0070250089
-9061,0.0042926694
-9060,0.0033746366
-9059,0.0030662495
-9058,0.0029626584
-9057,0.0029278612
-9056,0.0029161724
-9055,0.0029122461
-9054,0.0029109272
-9053,0.002910484
-9052,0.0029103354
-9051,0.0029102856
-9050,0.0029102686
-9049,0.0190847429
-9048,0.0140855097
-9047,0.0069251954
-9046,0.0042707925
-9045,0.0080634198
-9044,0.006308507
-9043,0.0041275447
-9042,0.0033226022
-9041,0.0619031733
-9040,0.0436203477
-9039,0.0175351011
-9038,0.0078661043
-9037,0.0045769486
-9036,0.0034702085
-9035,0.2933641042
-9034,0.2255386325
-9033,0.084395013
-9032,0.0305290189
-9031,0.0121989475
-9030,0.1700427758
-9029,0.1231372368
-9028,0.0460797811
-9027,0.0175379935
-9026,0.0078296389
-9025,0.0045629958
-9024,0.0034654439
-9023,0.0030967524
-9022,0.0029729048
-9021,0.0508286429
-9020,0.0360104899
-9019,0.0148020282
-9018,0.0069399928
-9017,0.0922338099
-9016,0.0641445306
-9015,0.0248992949
-9014,0.010361188
-9013,0.0094855693
-9012,0.0065640363
-9011,0.0042032814
-9010,0.0033475841
-9009,0.5340563886
-9008,0.3769247496
-9007,0.1505562678
-9006,0.0531473428
-9005,0.0198146009
-9004,0.0085899388
-9003,0.004818186
-9002,0.003551156
-9001,0.0071950655
-9000,0.0057944963
-8999,0.0039447789
-8998,0.0032607503
-8997,0.0030281288
-8996,0.0029498593
-8995,0.0029235622
-8994,0.0062538222
-8993,0.0052189765
-8992,0.0037396679
-8991,0.0031913158
-8990,0.1060416648
-8989,0.0741661474
-8988,0.0285127439
-8987,0.0115861551
-8986,0.0058280333
-8985,0.0038905294
-8984,0.0032395504
-8983,0.0030208727
-8982,0.0216263369
-8981,0.0158283557
-8980,0.0075510569
-8979,0.0044828651
-8978,0.0034391392
-8977,0.0030879445
-8976,0.002969947
-8975,0.0029303093
-8974,0.0029169948
-8973,0.0029125224
-8972,0.0029110199
-8971,0.0029105151
-8970,0.0034703342
-8969,0.0529123965
-8968,0.038045292
-8967,0.0156493481
-8966,0.0091798255
-8965,0.0103243129
-8964,0.0106281371
-8963,0.0660453524
-8962,0.0467380647
-8961,0.0188661784
-8960,0.0083261094
-8959,0.0047320528
-8958,0.003522336
-8957,0.003115868
-8956,0.0029793261
-8955,0.0029334599
-8954,0.0029180531
-8953,0.002912878
-8952,0.0029111392
-8951,0.0029105554
-8950,0.0029103594
-8949,0.0029102932
-8948,0.0029102712
-8947,0.0029102634
-8946,0.0029102609
-8945,0.0029102604
-8944,0.0116753819
-8943,0.0089667039
-8942,0.0050861336
-8941,0.0036475872
-8940,0.003158228
-8939,0.0029935681
-8938,0.0029382442
-8937,0.0029196602
-8936,0.0029134178
-8935,0.0029113208
-8934,0.002910616
-8933,0.0061451278
-8932,0.0051454169
-8931,0.0037132742
-8930,0.0031823733
-8929,0.0030017733
-8928,0.0029410051
-8927,0.0029205876
-8926,0.0029137292
-8925,0.0029114253
-8924,0.0029106514
-8923,0.0029103912
-8922,0.0029103041
-8921,0.002910275
-8920,0.002910265
-8919,0.0029102613
-8918,0.0029102604
-8917,0.0029102604
-8916,0.0029102604
-8915,0.0029102604
-8914,0.0029102604
-8913,0.0029102604
-8912,0.0029102604
-8911,0.0029102604
-8910,0.0029102604
-8909,0.0029102604
-8908,0.0029102604
-8907,0.0029102604
-8906,0.0029102604
-8905,0.1535619932
-8904,0.1079448058
-8903,0.0406504361
-8902,0.0156992876
-8901,0.0072113136
-8900,0.0043552618
-8899,0.0033956624
-8898,0.0030733126
-8897,0.0029650311
-8896,0.0452953714
-8895,0.0321883901
-8894,0.0134288833
-8893,0.0064746782
-8892,0.0041090029
-8891,0.0033129952
-8890,0.0030455458
-8889,0.002955704
-8888,0.0029255252
-8887,0.0074022959
-8886,0.0060123045
-8885,0.0040246782
-8884,0.0032878955
-8883,0.003037261
-8882,0.0029529275
-8881,0.0029245924
-8880,0.0029150742
-8879,0.002911877
-8878,0.0037142643
-8877,0.0053691006
-8876,0.0382828262
-8875,0.026689542
-8874,0.0124376399
-8873,0.0088545931
-8872,0.0390300568
-8871,0.026698336
-8870,0.0122592785
-8869,0.0083298993
-8868,0.007573126
-8867,0.0076920425
-8866,0.006837392
-8865,0.004535299
-8864,0.0505325711
-8863,0.0356153116
-8862,0.0146558371
-8861,0.0068902734
-8860,0.011239992
-8859,0.0081906845
-8858,0.0047968364
-8857,0.0035491081
-8856,0.0031250885
-8855,0.0029824332
-8854,0.0029345038
-8853,0.0029184036
-8852,0.0029129956
-8851,0.0029111786
-8850,0.0029105686
-8849,0.0029103635
-8848,0.0029102947
-8847,0.0029102717
-8846,0.0029102637
-8845,0.0029102609
-8844,0.0029102604
-8843,0.0234675087
-8842,0.017113646
-8841,0.0098913572
-8840,0.0059372641
-8839,0.0039580606
-8838,0.0032636356
-8837,0.1740642777
-8836,0.1246338183
-8835,0.046647237
-8834,0.0540244782
-8833,0.0329821358
-8832,0.0135990001
-8831,0.00652741
-8830,0.0041265136
-8829,0.0033188684
-8828,0.0030475187
-8827,0.0315486771
-8826,0.0226807083
-8825,0.0100128346
-8824,0.0053170793
-8823,0.0037196918
-8822,0.0031822
-8821,0.003001609
-8820,0.0314115686
-8819,0.0226008896
-8818,0.0099851442
-8817,0.0053077185
-8816,0.0037165446
-8815,0.0031811432
-8814,0.0291934822
-8813,0.0210375264
-8812,0.0094221372
-8811,0.013464632
-8810,0.0094204093
-8809,0.0052318416
-8808,0.0036962276
-8807,0.0031745528
-8806,0.0029990511
-8805,0.002940086
-8804,0.0029202787
-8803,0.0029136253
-8802,0.0029113906
-8801,0.0029106402
-8800,0.0029103881
-8799,0.0029103031
-8798,0.0029102748
-8797,0.0029102649
-8796,0.0063537029
-8795,0.0052895778
-8794,0.003765067
-8793,0.0031999235
-8792,0.0030076754
-8791,0.0060733895
-8790,0.0050842697
-8789,0.0444711393
-8788,0.031363062
-8787,0.0131272221
-8786,0.0063722179
-8785,0.004074532
-8784,0.0033014138
-8783,0.0030416555
-8782,0.0029543973
-8781,0.002925086
-8780,0.0181498591
-8779,0.0134386081
-8778,0.0066926966
-8777,0.0041919932
-8776,0.0033413152
-8775,0.0030550791
-8774,0.0029589066
-8773,0.0029266007
-8772,0.0029157489
-8771,0.0029121037
-8770,0.002910879
-8769,0.0029104679
-8768,0.0029103299
-8767,0.0029102835
-8766,0.004475469
-8765,0.0039917705
-8764,0.0032988096
-8763,0.0030419256
-8762,0.0052501668
-8761,0.0045113478
-8760,0.0034851289
-8759,0.0031050474
-8758,0.0029757674
-8757,0.002932268
-8756,0.0029176526
-8755,0.0049996771
-8754,0.0043531039
-8753,0.0034286051
-8752,0.1102923503
-8751,0.0770760956
-8750,0.0305643494
-8749,0.0150198693
-8748,0.009930366
-8747,0.0083740023
-8746,0.0076795892
-8745,0.0076744095
-8744,0.0077673144
-8743,0.0077167083
-8742,0.0071521758
-8741,0.008410345
-8740,0.0111643048
-8739,0.0120510842
-8738,0.0109236115
-8737,0.0110374964
-8736,0.0117204525
-8735,0.0122016621
-8734,0.0119152156
-8733,0.0112374147
-8732,0.0094352219
-8731,0.0084920667
-8730,0.0075662015
-8729,0.0072003312
-8728,0.0068139961
-8727,0.0066110573
-8726,0.0072607141
-8725,0.0083788103
-8724,0.0076839964
-8723,0.0916717482
-8722,0.064428202
-8721,0.0273003266
-8720,0.0140839001
-8719,0.0099550473
-8718,0.0089884412
-8717,0.0089126113
-8716,0.0077645368
-8715,0.004914772
-8714,0.0036005983
-8713,0.0031429251
-8712,0.0305372488
-8711,0.0219705043
-8710,0.0097574279
-8709,0.0052305195
-8708,0.0036905806
-8707,0.0445999712
-8706,0.0316213953
-8705,0.0132232652
-8704,0.00640492
-8703,0.0040855388
-8702,0.0033051123
-8701,0.007216766
-8700,0.0058388351
-8699,0.003961356
-8698,0.0032663951
-8697,0.0030300285
-8696,0.0029504973
-8695,0.002923776
-8694,0.0029147999
-8693,0.0132421091
-8692,0.0100487225
-8691,0.0054748533
-8690,0.0037793101
-8689,0.0122806904
-8688,0.0092811963
-8687,0.0051968264
-8686,0.0036849996
-8685,0.0031708056
-8684,0.0029977934
-8683,0.0077396123
-8682,0.0062367605
-8681,0.004105127
-8680,0.0033151484
-8679,0.0030464261
-8678,0.0029560064
-8677,0.0029256267
-8676,0.0029154216
-8675,0.0029119937
-8674,0.0029108422
-8673,0.0598863738
-8672,0.0422760528
-8671,0.0170532242
-8670,0.0077028582
-8669,0.0045220495
-8668,0.0034517643
-8667,0.0030921608
-8666,0.0029713624
-8665,0.0215053508
-8664,0.0157506676
-8663,0.0075232767
-8662,0.0044734567
-8661,0.0034359755
-8660,0.0030868815
-8659,0.00296959
-8658,0.0029301895
-8657,0.0029169548
-8656,0.0029125087
-8655,0.0029110153
-8654,0.0029105136
-8653,0.2955288624
-8652,0.2286023454
-8651,0.093460618
-8650,0.035881489
-8649,0.0141017673
-8648,0.0066748874
-8647,0.0041750789
-8646,0.0033351375
-8645,0.0030529814
-8644,0.0029582015
-8643,0.0029263643
-8642,0.0029156695
-8641,0.0029120767
-8640,0.0029108698
-8639,0.0029104644
-8638,0.054845627
-8637,0.0388105701
-8636,0.0158097779
-8635,0.0072815253
-8634,0.004380352
-8633,0.0034041593
-8632,0.0030761699
-8631,0.0029659909
-8630,0.0029289805
-8629,0.0029165485
-8628,0.0029123724
-8627,0.0029109694
-8626,0.0029104983
-8625,0.0029103402
-8624,0.002910287
-8623,0.002910269
-8622,0.0516167759
-8621,0.0365774805
-8620,0.0150068548
-8619,0.0070094252
-8618,0.0042888413
-8617,0.0402911511
-8616,0.0285852715
-8615,0.0121320541
-8614,0.0060350991
-8613,0.003961162
-8612,0.0032633256
-8611,0.0030288611
-8610,0.0045326753
-8609,0.0077664542
-8608,0.1071583753
-8607,0.0736479
-8606,0.0295806947
-8605,0.015436239
-8604,0.0108785402
-8603,0.0099830258
-8602,0.0102205717
-8601,0.0097525495
-8600,0.0079327657
-8599,0.0063643236
-8598,0.0043022301
-8597,0.0033883731
-8596,0.0030713423
-8595,0.0029643908
-8594,0.0029284436
-8593,0.0029163678
-8592,0.0234695547
-8591,0.0171143313
-8590,0.0080133465
-8589,0.0046395315
-8588,0.0034918279
-8587,0.003105646
-8586,0.0029758932
-8585,0.0029323069
-8584,0.0029176658
-8583,0.0029127476
-8582,0.0029110955
-8581,0.0029105404
-8580,0.0595376628
-8579,0.0420541203
-8578,0.016975384
-8577,0.0076765192
-8576,0.0045131921
-8575,0.0034487889
-8574,0.0939813149
-8573,0.0657687302
-8572,0.0254920325
-8571,0.0105624421
-8570,0.0054837482
-8569,0.0037748613
-8568,0.0032006952
-8567,0.0030078206
-8566,0.0029430314
-8565,0.0029212683
-8564,0.0029139579
-8563,0.0029115022
-8562,0.002910677
-8561,0.0029104
-8560,0.0029103069
-8559,0.0029102757
-8558,0.0029102652
-8557,0.0800260292
-8556,0.056190976
-8555,0.0220524477
-8554,0.0093969366
-8553,0.0050917823
-8552,0.0071909621
-8551,0.0056078765
-8550,0.0038736721
-8549,0.1747623856
-8548,0.1227662613
-8547,0.0459716336
-8546,0.017502337
-8545,0.0078176851
-8544,0.0045589803
-8543,0.0034640952
-8542,0.0030962998
-8541,0.0029727526
-8540,0.0029312519
-8539,0.0029173113
-8538,0.0029126286
-8537,0.0159549955
-8536,0.0119228281
-8535,0.006148203
-8534,0.0040074951
-8533,0.0032792691
-8532,0.0030342338
-8531,0.0029519045
-8530,0.0029242487
-8529,0.0092801069
-8528,0.0073099692
-8527,0.0044908885
-8526,0.0034458777
-8525,0.0030903913
-8524,0.1738374148
-8523,0.12432645
-8522,0.0665716346
-8521,0.0315373977
-8520,0.0128556135
-8519,0.006265972
-8518,0.0040381592
-8517,0.0032891639
-8516,0.1858896549
-8515,0.1391122783
-8514,0.0519068681
-8513,0.0195136042
-8512,0.0084940981
-8511,0.0047862333
-8510,0.0035404338
-8509,0.0031219426
-8508,0.0029813662
-8507,0.0029341455
-8506,0.0029182835
-8505,0.0029129553
-8504,0.0029111657
-8503,0.0029105642
-8502,0.0029103623
-8501,0.0029102943
-8500,0.0029102716
-8499,0.0029102637
-8498,0.0029102609
-8497,0.0029102604
-8496,0.0029102604
-8495,0.0029102604
-8494,0.0029102604
-8493,0.0029102604
-8492,0.030772114
-8491,0.0221605319
-8490,0.0098263131
-8489,0.0052538882
-8488,0.0070375349
-8487,0.0054822769
-8486,0.0038281147
-8485,0.0032210257
-8484,0.2398914595
-8483,0.1804303446
-8482,0.0667720537
-8481,0.0245511059
-8480,0.0101882542
-8479,0.0053554088
-8478,0.00373163
-8477,0.0031861682
-8476,0.0030029404
-8475,0.0029413921
-8474,0.0029207175
-8473,0.0029137726
-8472,0.0029114398
-8471,0.0029106564
-8470,0.0029103929
-8469,0.0029103045
-8468,0.0029102751
-8467,0.002910265
-8466,0.0029102613
-8465,0.0029102604
-8464,0.0563049602
-8463,0.0398194854
-8462,0.0161723974
-8461,0.0074044092
-8460,0.0044216788
-8459,0.0034180437
-8458,0.0030808343
-8457,0.0029675581
-8456,0.0029295072
-8455,0.0029167252
-8454,0.1312015467
-8453,0.0915861591
-8452,0.0347709584
-8451,0.0137068677
-8450,0.0065412422
-8449,0.0072605417
-8448,0.0054830559
-8447,0.0038250078
-8446,0.003219829
-8445,0.0639226017
-8444,0.0450469266
-8443,0.0180492077
-8442,0.0080403535
-8441,0.0046355492
-8440,0.2680134283
-8439,0.1989483772
-8438,0.0733435176
-8437,0.026777768
-8436,0.0109370839
-8435,0.0056069868
-8434,0.0038161397
-8433,0.0179274411
-8432,0.0131786515
-8431,0.0065969548
-8430,0.0041594497
-8429,0.0279573214
-8428,0.0200666242
-8427,0.009070739
-8426,0.004997709
-8425,0.0036122799
-8424,0.0031461135
-8423,0.0029894873
-8422,0.0029368732
-8421,0.0029191994
-8420,0.002913263
-8419,0.0029112687
-8418,0.0029105984
-8417,0.0029103738
-8416,0.0029102982
-8415,0.0029102728
-8414,0.0029102642
-8413,0.002910261
-8412,0.0029102604
-8411,0.0176231448
-8410,0.0130764332
-8409,0.2795208773
-8408,0.2045087175
-8407,0.0955355135
-8406,0.0892884331
-8405,0.0807576833
-8404,0.0516065384
-8403,0.0340770239
-8402,0.0191013135
-8401,0.0654277333
-8400,0.0434803572
-8399,0.0174288504
-8398,0.0078276898
-8397,0.0045639194
-8396,0.003465826
-8395,0.0030968844
-8394,0.0029729495
-8393,0.0029313182
-8392,0.0029173338
-8391,0.0029126362
-8390,0.0029110578
-8389,0.0029105275
-8388,0.0029103497
-8387,0.0029102902
-8386,0.0029102704
-8385,0.016371606
-8384,0.012210953
-8383,0.0062517235
-8382,0.124283853
-8381,0.0864094135
-8380,0.0329039409
-8379,0.0130738601
-8378,0.1028079499
-8377,0.0718170276
-8376,0.0305343427
-8375,0.0173437008
-8374,0.015754288
-8373,0.0144845005
-8372,0.0111013299
-8371,0.0097577738
-8370,0.0092196749
-8369,0.0078698931
-8368,0.0049502621
-8367,0.0036125243
-8366,0.0031469317
-8365,0.0029897956
-8364,0.0542779109
-8363,0.0383916417
-8362,0.0156574626
-8361,0.0072298703
-8360,0.0043629798
-8359,0.0033983227
-8358,0.0178921251
-8357,0.0132033077
-8356,0.0066069614
-8355,0.0041628992
-8354,0.0033315303
-8353,0.0030517917
-8352,0.0029578028
-8351,0.0077261787
-8350,0.0062322492
-8349,0.0041036122
-8348,0.0089493616
-8347,0.0069396834
-8346,0.0043547251
-8345,0.0033996042
-8344,0.0030748235
-8343,0.0029655468
-8342,0.0029288315
-8341,0.0029164983
-8340,0.0029123556
-8339,0.0029109638
-8338,0.0029104963
-8337,0.0029103391
-8336,0.0029102865
-8335,0.0029102687
-8334,0.0029102627
-8333,0.0029102607
-8332,0.0029102604
-8331,0.0029102604
-8330,0.0029102604
-8329,0.0029102604
-8328,0.1337173955
-8327,0.0935252344
-8326,0.0354698496
-8325,0.013943753
-8324,0.0066209145
-8323,0.0041569088
-8322,0.003329032
-8321,0.0030509303
-8320,0.0029575124
-8319,0.0029261324
-8318,0.0029155917
-8317,0.0029120512
-8316,0.0029108614
-8315,0.0029104616
-8314,0.0029103275
-8313,0.0029102823
-8312,0.0029102674
-8311,0.0228413995
-8310,0.0166810552
-8309,0.0078577004
-8308,0.0045867888
-8307,0.1083850008
-8306,0.0756198837
-8305,0.0290318996
-8304,0.0117619349
-8303,0.0088818628
-8302,0.0130744774
-8301,0.0150256265
-8300,0.014314661
-8299,0.0148458798
-8298,0.0158550489
-8297,0.0161827472
-8296,0.0177676741
-8295,0.0195596228
-8294,0.0212440448
-8293,0.0219828165
-8292,0.0230591214
-8291,0.0232917896
-8290,0.0221638459
-8289,0.0181442044
-8288,0.2243828326
-8287,0.1615664707
-8286,0.4260613755
-8285,0.2976518703
-8284,0.1198771315
-8283,0.0463601619
-8282,0.0215664689
-8281,0.0141210382
-8280,0.0125663598
-8279,0.0124048724
-8278,0.0120361108
-8277,0.0117669963
-8276,0.4973832281
-8275,0.3506842522
-8274,0.2223326494
-8273,0.1035454209
-8272,0.0379399617
-8271,0.0154875644
-8270,0.0091937615
-8269,0.0066126711
-8268,0.0043643288
-8267,0.0034082635
-8266,0.0030779801
-8265,0.002966619
-8264,0.0029291926
-8263,0.0216998883
-8262,0.0158901065
-8261,0.0075734853
-8260,0.0084556504
-8259,0.0061815191
-8258,0.0040731281
-8257,0.0050776824
-8256,0.0042682914
-8255,0.0033950696
-8254,0.0113178037
-8253,0.0086614011
-8252,0.0049751619
-8251,0.0036099275
-8250,0.0078411617
-8249,0.0062338357
-8248,0.0041024615
-8247,0.0033141769
-8246,0.0030460963
-8245,0.0029558956
-8244,0.0029255894
-8243,0.0029154093
-8242,0.031086896
-8241,0.0223774085
-8240,0.0099042167
-8239,0.0101845829
-8238,0.0070960446
-8237,0.0043954972
-8236,0.0034127653
-8235,0.0030792202
-8234,0.0307083371
-8233,0.0221053446
-8232,0.0098067792
-8231,0.0052472647
-8230,0.003696213
-8229,0.0031743124
-8228,0.0029989603
-8227,0.0029400556
-8226,0.0029202692
-8225,0.0479678388
-8224,0.0340546547
-8223,0.0141006075
-8222,0.0067023299
-8221,0.0041855633
-8220,0.0033387167
-8219,0.0030541863
-8218,0.0044194604
-8217,0.0039359074
-8216,0.0032783604
-8215,0.0375541975
-8214,0.0268136332
-8213,0.0114981243
-8212,0.0058203918
-8211,0.0038889595
-8210,0.0032390688
-8209,0.003020713
-8208,0.0029473624
-8207,0.002922723
-8206,0.0029144463
-8205,0.0029116664
-8204,0.0029107327
-8203,0.0029104188
-8202,0.0029103133
-8201,0.0029102776
-8200,0.0083362942
-8199,0.0066594889
-8198,0.0042572298
-8197,0.0033667007
-8196,0.0030637637
-8195,0.0029618316
-8194,0.0029275837
-8193,0.0029160792
-8192,0.0029122147
-8191,0.0029109164
-8190,0.0029104808
-8189,0.0029103345
-8188,0.0029102854
-8187,0.0029102686
-8186,0.0029102626
-8185,0.0029102607
-8184,0.0029102604
-8183,0.0029102604
-8182,0.2501536821
-8181,0.2000033358
-8180,0.0754638221
-8179,0.027496881
-8178,0.0111789657
-8177,0.0056882541
-8176,0.0038434389
-8175,0.0032237259
-8174,0.0030155568
-8173,0.0029456301
-8172,0.0029221413
-8171,0.0082359331
-8170,0.0065887268
-8169,0.0042317757
-8168,0.1809966086
-8167,0.1264859822
-8166,0.0473066178
-8165,0.0179546341
-8164,0.007969789
-8163,0.0046100809
-8162,0.0034812607
-8161,0.0170845239
-8160,0.0126361608
-8159,0.0064029391
-8158,0.0040937423
-8157,0.0033082698
-8156,0.0030439765
-8155,0.0029551775
-8154,0.0029253482
-8153,0.0029153284
-8152,0.0029119625
-8151,0.0029108317
-8150,0.0162674451
-8149,0.0121389209
-8148,0.0062258431
-8147,0.0040338048
-8146,0.0228018498
-8145,0.0165196071
-8144,0.0077967311
-8143,0.0045660027
-8142,0.0034670942
-8141,0.0911699907
-8140,0.0638241415
-8139,0.0247933511
-8138,0.0103256765
-8137,0.005404122
-8136,0.0037481097
-8135,0.003191709
-8134,0.003004802
-8133,0.4954390821
-8132,0.3563234806
-8131,0.1396760699
-8130,0.049406563
-8129,0.0185541246
-8128,0.0081663534
-8127,0.0046758906
-8126,0.0035033573
-8125,0.003109488
-8124,0.002977183
-8123,0.0029327401
-8122,0.0029178113
-8121,0.0029127961
-8120,0.0029111116
-8119,0.0029105463
-8118,0.0029103561
-8117,0.0029102919
-8116,0.0029102708
-8115,0.0029102634
-8114,0.012927545
-8113,0.0098319117
-8112,0.0053969735
-8111,0.0037529201
-8110,0.003193652
-8109,0.0030054691
-8108,0.0029422421
-8107,0.0029210031
-8106,0.0029138686
-8105,0.002911472
-8104,0.002910667
-8103,0.0029103962
-8102,0.0110493477
-8101,0.008534115
-8100,0.0049307191
-8099,0.0035949228
-8098,0.0083578518
-8097,0.0065926441
-8096,0.0042314085
-8095,0.0033578743
-8094,0.0030607922
-8093,0.0029608333
-8092,0.0029272485
-8091,0.0029159665
-8090,0.0029121767
-8089,0.0029109038
-8088,0.0029104761
-8087,0.0029103324
-8086,0.0029102849
-8085,0.0029102684
-8084,0.0029102625
-8083,0.0029102606
-8082,0.0029102604
-8081,0.0029102604
-8080,0.0029102604
-8079,0.0029102604
-8078,0.0029102604
-8077,0.0029102604
-8076,0.0029102604
-8075,0.0029102604
-8074,0.0029102604
-8073,0.1892381096
-8072,0.1344064514
-8071,0.050156891
-8070,0.0189207065
-8069,0.0125554799
-8068,0.1112054927
-8067,0.0814765436
-8066,0.0320001741
-8065,0.0138514856
-8064,0.0768152871
-8063,0.0538830923
-8062,0.0214140532
-8061,0.0091886707
-8060,0.0050221017
-8059,0.0048127992
-8058,0.0803244101
-8057,0.0575560325
-8056,0.0227880926
-8055,0.0129921833
-8054,0.0153867334
-8053,0.0149873804
-8052,0.0102182786
-8051,0.0079591092
-8050,0.00690179
-8049,0.007095259
-8048,0.0079095651
-8047,0.0072176053
-8046,0.0047036939
-8045,0.0035284508
-8044,0.0031186334
-8043,0.0029802872
-8042,0.0029337837
-8041,0.0029181619
-8040,0.0029129143
-8039,0.0029111518
-8038,0.0029105594
-8037,0.0029103601
-8036,0.0029102934
-8035,0.1571244081
-8034,0.110325612
-8033,0.0415052958
-8032,0.0159889624
-8031,0.0073087333
-8030,0.0043879911
-8029,0.003406657
-8028,0.0030770056
-8027,0.0029662719
-8026,0.2306486109
-8025,0.1736731093
-8024,0.0643792465
-8023,0.1601933045
-8022,0.1047135835
-8021,0.039325802
-8020,0.0152434597
-8019,0.0070577009
-8018,0.0043036393
-8017,0.0033783211
-8016,0.0030674873
-8015,0.0029630741
-8014,0.0029280008
-8013,0.0029162194
-8012,0.0029122616
-8011,0.0029109326
-8010,0.002910486
-8009,0.0029103358
-8008,0.0029102856
-8007,0.0029102686
-8006,0.0029102626
-8005,0.0029102607
-8004,0.0029102604
-8003,0.0029102604
-8002,0.0029102604
-8001,0.0071466943
-8000,0.0158740982
-7999,0.0195583748
-7998,0.0188364279
-7997,0.0184666664
-7996,0.0174319227
-7995,0.0155660784
-7994,0.0114675022
-7993,0.0109119771
-7992,0.0125412066
-7991,0.013248088
-7990,0.014793081
-7989,0.0165310711
-7988,0.0174909087
-7987,0.1530420885
-7986,0.1084733956
-7985,0.0414285498
-7984,0.017473165
-7983,0.0118543228
-7982,0.0099963571
-7981,0.0082912765
-7980,0.0067389597
-7979,0.0044618941
-7978,0.003443544
-7977,0.0030899447
-7976,0.0029706425
-7975,0.0029305442
-7974,0.0029170738
-7973,0.002912549
-7972,0.0029110291
-7971,0.0029105186
-7970,0.0029103467
-7969,0.0029102893
-7968,0.0029102699
-7967,0.1344015177
-7966,0.0940297212
-7965,0.03565117
-7964,0.0140051993
-7963,0.0066415794
-7962,0.0041638516
-7961,0.0033313644
-7960,0.003051714
-7959,0.002957776
-7958,0.0029262213
-7957,0.0048982088
-7956,0.0042819705
-7955,0.0034030261
-7954,0.0030772389
-7953,0.0062011638
-7952,0.0051642429
-7951,0.094661907
-7950,0.0660475592
-7949,0.0255896446
-7948,0.0105953568
-7947,0.0090425963
-7946,0.0062299944
-7945,0.0040826542
-7944,0.0070631628
-7943,0.0056391593
-7942,0.0038875528
-7941,0.0032412981
-7940,0.0265006716
-7939,0.0191698004
-7938,0.0087509594
-7937,0.0048894482
-7936,0.0235070125
-7935,0.0169046774
-7934,0.0079328178
-7933,0.0046120218
-7932,0.003482566
-7931,0.0031025343
-7930,0.0038026569
-7929,0.0054651185
-7928,0.0095070498
-7927,0.0162344443
-7926,0.0179591238
-7925,0.0149155194
-7924,0.1638072265
-7923,0.1134489352
-7922,0.0437678157
-7921,0.0199998502
-7920,0.0111718303
-7919,0.0060181916
-7918,0.0039693787
-7917,0.0254935904
-7916,0.0183869928
-7915,0.0084677963
-7914,0.0047934117
-7913,0.0035435741
-7912,0.003123031
-7911,0.0029817332
-7910,0.0029342684
-7909,0.0029183246
-7908,0.0029129688
-7907,0.0029111703
-7906,0.0029105657
-7905,0.0029103626
-7904,0.0029102944
-7903,0.0047606681
-7902,0.0085726279
-7901,0.0101751344
-7900,0.0098459653
-7899,0.0095613707
-7898,0.0088690142
-7897,0.0088853244
-7896,0.0090381179
-7895,0.0094201633
-7894,0.0095967725
-7893,0.0091119159
-7892,0.0074711464
-7891,0.1666550499
-7890,0.1154873374
-7889,0.0433395836
-7888,0.0171696071
-7887,0.0092310274
-7886,0.007091087
-7885,0.0068584933
-7884,0.0060919206
-7883,0.0042236531
-7882,0.0033625659
-7881,0.0050452871
-7880,0.0043313976
-7879,0.0034196301
-7878,0.1400285743
-7877,0.0990754562
-7876,0.0374582346
-7875,0.0146174082
-7874,0.0068474662
-7873,0.0042330223
-7872,0.0033545996
-7871,0.0030595186
-7870,0.005569065
-7869,0.0047296146
-7868,0.0035634983
-7867,0.0031316026
-7866,0.002984698
-7865,0.0107612712
-7864,0.0083262003
-7863,0.0048558261
-7862,0.0035695356
-7861,0.0031319785
-7860,0.002984749
-7859,0.0547979724
-7858,0.0387515576
-7857,0.0157867834
-7856,0.0072736931
-7855,0.0043777174
-7854,0.003403274
-7853,0.0030758721
-7852,0.0029658907
-7851,0.0029289469
-7850,0.0029165373
-7849,0.0029123687
-7848,0.0029109682
-7847,0.002910498
-7846,0.00291034
-7845,0.002910287
-7844,0.002910269
-7843,0.0029102627
-7842,0.3779978423
-7841,0.283462393
-7840,0.1065947652
-7839,0.0380855357
-7838,0.0147417789
-7837,0.1541521626
-7836,0.1072587078
-7835,0.040373607
-7834,0.0156041761
-7833,0.0071792696
-7832,0.0043444939
-7831,0.0033920451
-7830,0.0030720973
-7829,0.002964623
-7828,0.0029285213
-7827,0.0029163941
-7826,0.0029123205
-7825,0.0029109518
-7824,0.002910492
-7823,0.002910338
-7822,0.0352592514
-7821,0.0252607705
-7820,0.0109401374
-7819,0.0056313283
-7818,0.0038253773
-7817,0.0032177068
-7816,0.0030135367
-7815,0.0029449518
-7814,0.0029219132
-7813,0.0029141742
-7812,0.0029115748
-7811,0.0029107014
-7810,0.0047886487
-7809,0.0042081188
-7808,0.0033765347
-7807,0.0030682638
-7806,0.1174754617
-7805,0.0820835959
-7804,0.0313574211
-7803,0.0125501341
-7802,0.0061522256
-7801,0.0039994457
-7800,0.0032761373
-7799,0.0030331628
-7798,0.0029515444
-7797,0.0029241276
-7796,0.0029149184
-7795,0.0029118248
-7794,0.0029107858
-7793,0.0029104367
-7792,0.0029103195
-7791,0.00291028
-7790,0.0029102667
-7789,0.002910262
-7788,0.0029102605
-7787,0.0029102604
-7786,0.0029102604
-7785,0.0029102604
-7784,0.0029102604
-7783,0.0029102604
-7782,0.0029102604
-7781,0.0029102604
-7780,0.0029102604
-7779,0.0029102604
-7778,0.0029102604
-7777,0.1809824752
-7776,0.1289240518
-7775,0.0481881471
-7774,0.0182535859
-7773,0.0080703448
-7772,0.0046438659
-7771,0.0034926103
-7770,0.0031058783
-7769,0.0063150642
-7768,0.0052395487
-7767,0.0037465782
-7766,0.003193637
-7765,0.0030055607
-7764,0.0041109485
-7763,0.0064972447
-7762,0.007456082
-7761,0.0071507513
-7760,0.0550046854
-7759,0.0379973022
-7758,0.0154970831
-7757,0.0755882917
-7756,0.052876838
-7755,0.0241839699
-7754,0.0135285209
-7753,0.0090142184
-7752,0.0084481234
-7751,0.0098369839
-7750,0.0114299286
-7749,0.0129006206
-7748,0.0144662821
-7747,0.0157625184
-7746,0.0182534103
-7745,0.0213832546
-7744,0.021192487
-7743,0.0168290628
-7742,0.0142092123
-7741,0.0115519795
-7740,0.0110257915
-7739,0.0113713915
-7738,0.0115592665
-7737,0.0109358792
-7736,0.0091734682
-7735,0.0054835357
-7734,0.1098420909
-7733,0.0786382216
-7732,0.0331636691
-7731,0.0167173572
-7730,0.011130203
-7729,0.0092488434
-7728,0.0080987135
-7727,0.0067735881
-7726,0.0044869456
-7725,0.0034525691
-7724,0.0030930041
-7723,0.0924009073
-7722,0.0647192073
-7721,0.0251159073
-7720,0.010435023
-7719,0.0054408982
-7718,0.0037604654
-7717,0.0031958593
-7716,0.003006196
-7715,0.0029424858
-7714,0.0029210851
-7713,0.0029138962
-7712,0.0029114811
-7711,0.0211721817
-7710,0.0155276175
-7709,0.0074433009
-7708,0.0044463622
-7707,0.0034268635
-7706,0.0030838204
-7705,0.0029685616
-7704,0.002929844
-7703,0.0029168385
-7702,0.0029124699
-7701,0.0029110022
-7700,0.0521644211
-7699,0.0369407875
-7698,0.0151364218
-7697,0.0070533155
-7696,0.0043036032
-7695,0.003378374
-7694,0.003067508
-7693,0.0029630812
-7692,0.0068931776
-7691,0.0056560392
-7690,0.0038965856
-7689,0.0032444849
-7688,0.0030226615
-7687,0.0029480226
-7686,0.0029229451
-7685,0.0029145211
-7684,0.0029116911
-7683,0.0029107405
-7682,0.0029104215
-7681,0.0211718257
-7680,0.0155274968
-7679,0.007443259
-7678,0.0044463476
-7677,0.0034268584
-7676,0.0386476054
-7675,0.0275516263
-7674,0.0117626703
-7673,0.0059100159
-7672,0.0039190991
-7671,0.0032491942
-7670,0.0030241141
-7669,0.0029485047
-7668,0.0029231071
-7667,0.0029145759
-7666,0.0029117099
-7665,0.0029107469
-7664,0.0029104234
-7663,0.0029103147
-7662,0.0029102782
-7661,0.0029102661
-7660,0.0029102618
-7659,0.0029102605
-7658,0.0029102604
-7657,0.0201274669
-7656,0.0148068469
-7655,0.0071842972
-7654,0.0043585812
-7653,0.00339734
-7652,0.0030739012
-7651,0.0029652299
-7650,0.0029287249
-7649,0.0029164625
-7648,0.0029123435
-7647,0.0029109597
-7646,0.0029104951
-7645,0.0029103386
-7644,0.0029102864
-7643,0.057381744
-7642,0.0405456187
-7641,0.0164315309
-7640,0.0074921849
-7639,0.0044511984
-7638,0.0034279609
-7637,0.0030841646
-7636,0.0029686762
-7635,0.0029298825
-7634,0.0029168516
-7633,0.0029124744
-7632,0.0029110038
-7631,0.0029105098
-7630,0.0029103441
-7629,0.002910288
-7628,0.0029102692
-7627,0.0029102627
-7626,0.0809214129
-7625,0.0568344871
-7624,0.0222854972
-7623,0.009475944
-7622,0.0051183511
-7621,0.0036521004
-7620,0.0031594576
-7619,0.0029939682
-7618,0.0029383784
-7617,0.002919705
-7616,0.0029134325
-7615,0.0029113254
-7614,0.0029106176
-7613,0.00291038
-7612,0.0029103002
-7611,0.0670864454
-7610,0.0472507753
-7609,0.0188404983
-7608,0.0083085082
-7607,0.0047257347
-7606,0.0035201952
-7605,0.0031151481
-7604,0.0029790844
-7603,0.0029333791
-7602,0.0029180257
-7601,0.0029128687
-7600,0.0850357741
-7599,0.0596519974
-7598,0.0232958839
-7597,0.0098182967
-7596,0.0052334883
-7595,0.003690783
-7594,0.0031724515
-7593,0.0029983328
-7592,0.0059658986
-7591,0.0050111124
-7590,0.0036647919
-7589,0.0031659342
-7588,0.0029962441
-7587,0.0029391477
-7586,0.0029199637
-7585,0.0029135197
-7584,0.0029113547
-7583,0.0029106277
-7582,0.0029103833
-7581,0.0029103015
-7580,0.0029102742
-7579,0.0029102647
-7578,0.0029102612
-7577,0.0029102604
-7576,0.0029102604
-7575,0.0029102604
-7574,0.0029102604
-7573,0.0029102604
-7572,0.0029102604
-7571,0.0029102604
-7570,0.0029102604
-7569,0.0303547091
-7568,0.0218721446
-7567,0.009722704
-7566,0.086978514
-7565,0.0602034454
-7564,0.0234787281
-7563,0.0098795439
-7562,0.0052540523
-7561,0.0036976902
-7560,0.0031747725
-7559,0.0029991133
-7558,0.0029401067
-7557,0.0029202857
-7556,0.0029136277
-7555,0.0029113913
-7554,0.0029106402
-7553,0.0029103881
-7552,0.0029103031
-7551,0.0029102748
-7550,0.0029102649
-7549,0.0029102613
-7548,0.0029102604
-7547,0.0029102604
-7546,0.0029102604
-7545,0.231740341
-7544,0.1825176326
-7543,0.0684184947
-7542,0.0251089093
-7541,0.0103758476
-7540,0.0054184345
-7539,0.0037528013
-7538,0.0031932797
-7537,0.0030053293
-7536,0.0029421945
-7535,0.0234782313
-7534,0.0171172433
-7533,0.0080143248
-7532,0.0046398603
-7531,0.0034919386
-7530,0.0031056835
-7529,0.0029759059
-7528,0.0029323111
-7527,0.002917667
-7526,0.0029127479
-7525,0.0029110956
-7524,0.0029105405
-7523,0.0029103542
-7522,0.0029102912
-7521,0.0042980678
-7520,0.0071570372
-7519,0.0093571562
-7518,0.0111667354
-7517,0.0119670884
-7516,0.0115777873
-7515,0.0110407418
-7514,0.0096736571
-7513,0.0096554446
-7512,0.0102459626
-7511,0.1613918033
-7510,0.1121417497
-7509,0.0421214228
-7508,0.0178761499
-7507,0.012519185
-7506,0.00968083
-7505,0.0991968175
-7504,0.068515538
-7503,0.0300658727
-7502,0.0219172329
-7501,0.2073602816
-7500,0.1444333041
-7499,0.0572269877
-7498,0.0309859565
-7497,0.0218564857
-7496,0.0157486142
-7495,0.0131654097
-7494,0.0124706357
-7493,0.0117244635
-7492,0.0115759357
-7491,0.0111799133
-7490,0.0112937537
-7489,0.0112194322
-7488,0.0110983475
-7487,0.0113727367
-7486,0.011239451
-7485,0.0095820503
-7484,0.0562411391
-7483,0.0422537872
-7482,0.0262974918
-7481,0.0197632644
-7480,0.014217022
-7479,0.0117933566
-7478,0.0111717156
-7477,0.0106096385
-7476,0.0093770889
-7475,0.0066790428
-7474,0.0054240234
-7473,0.0049865941
-7472,0.0048389358
-7471,0.0057844171
-7470,0.0076405818
-7469,0.0091300489
-7468,0.010281202
-7467,0.0103224982
-7466,0.0089540975
-7465,0.0082450165
-7464,0.0081711477
-7463,0.0079748371
-7462,0.008080434
-7461,0.0080703546
-7460,0.0070705755
-7459,0.0046273559
-7458,0.0629819337
-7457,0.0442056437
-7456,0.0177418456
-7455,0.0079360139
-7454,0.0046004528
-7453,0.1145809598
-7452,0.079885814
-7451,0.0305608487
-7450,0.0122799698
-7449,0.0060613608
-7448,0.0039689188
-7447,0.0032658832
-7446,0.0030297179
-7445,0.0029503872
-7444,0.0197243341
-7443,0.0145226306
-7442,0.0070821343
-7441,0.0043239694
-7440,0.0033857017
-7439,0.0030699916
-7438,0.0029639162
-7437,0.0029282837
-7436,0.0029163143
-7435,0.0029122934
-7434,0.0029109429
-7433,0.0036409084
-7432,0.0051454807
-7431,0.0058013319
-7430,0.0063780449
-7429,0.0068657595
-7428,0.0069079386
-7427,0.00630903
-7426,0.0059534065
-7425,0.0054870142
-7424,0.0052585616
-7423,0.0053252264
-7422,0.0053874652
-7421,0.0049296313
-7420,0.0037449702
-7419,0.0031977582
-7418,0.003007157
-7417,0.0029428233
-7416,0.0029211988
-7415,0.0029139344
-7414,0.0029114941
-7413,0.0029106743
-7412,0.002910399
-7411,0.0029103065
-7410,0.0029102756
-7409,0.0047885054
-7408,0.0042080702
-7407,0.0420891473
-7406,0.0298175535
-7405,0.0125735049
-7404,0.0061846399
-7403,0.1486542172
-7402,0.1056599681
-7401,0.0398165684
-7400,0.0154162621
-7399,0.0071161126
-7398,0.0043232772
-7397,0.0033849182
-7396,0.0030697032
-7395,0.0029638188
-7394,0.0029282511
-7393,0.0029163036
-7392,0.0029122902
-7391,0.0029109424
-7390,0.002910489
-7389,0.0029103368
-7388,0.0029102859
-7387,0.0029102687
-7386,0.0029102627
-7385,0.0029102607
-7384,0.0029102604
-7383,0.0550564381
-7382,0.0389557426
-7381,0.0158616133
-7380,0.0072990828
-7379,0.0824411653
-7378,0.0573357412
-7377,0.0224521476
-7376,0.0095318875
-7375,0.0051371447
-7374,0.0036584136
-7373,0.0031615779
-7372,0.0029946802
-7371,0.0029386176
-7370,0.0029197858
-7369,0.0029134596
-7368,0.0517478366
-7367,0.0366526713
-7366,0.0150329034
-7365,0.0297658176
-7364,0.0200097192
-7363,0.0090213208
-7362,0.0049797163
-7361,0.0036061702
-7360,0.0031440578
-7359,0.0029887964
-7358,0.0029366412
-7357,0.0029191221
-7356,0.0029132368
-7355,0.0029112598
-7354,0.0029105959
-7353,0.0029103731
-7352,0.0029102978
-7351,0.0029102727
-7350,0.0450432474
-7349,0.0320345321
-7348,0.0133749358
-7347,0.0064564263
-7346,0.0041028643
-7345,0.0033109331
-7344,0.0030448533
-7343,0.0029554714
-7342,0.0029254469
-7341,0.0029153616
-7340,0.0029119736
-7339,0.0029108358
-7338,0.0441292958
-7337,0.0313891886
-7336,0.0131418949
-7335,0.0063774329
-7334,0.0040762984
-7333,0.0033020076
-7332,0.0703485715
-7331,0.0494579255
-7330,0.0196324296
-7329,0.0085768254
-7328,0.0048159697
-7327,0.0035505112
-7326,0.0031253319
-7325,0.0029825054
-7324,0.0029345279
-7323,0.0029184117
-7322,0.0029129981
-7321,0.0029111797
-7320,0.0029105687
-7319,0.0029103635
-7318,0.0029102947
-7317,0.0029102717
-7316,0.0029102637
-7315,0.0029102609
-7314,0.0029102604
-7313,0.0029102604
-7312,0.0029102604
-7311,0.0029102604
-7310,0.0029102604
-7309,0.0029102604
-7308,0.004997194
-7307,0.0043522702
-7306,0.0034283249
-7305,0.0030858137
-7304,0.0029692993
-7303,0.0029300947
-7302,0.002916923
-7301,0.0029124983
-7300,0.0029110117
-7299,0.0699041743
-7298,0.0491975139
-7297,0.019539902
-7296,0.0085455136
-7295,0.0048054411
-7294,0.003546974
-7293,0.0031241439
-7292,0.0029821061
-7291,0.0029343942
-7290,0.0161710061
-7289,0.0120694792
-7288,0.006200833
-7287,0.0040253273
-7286,0.0032852661
-7285,0.0475943365
-7284,0.0337385922
-7283,0.0139849803
-7282,0.0066630865
-7281,0.0041723644
-7280,0.0033342825
-7279,0.0030526967
-7278,0.0029581063
-7277,0.002926332
-7276,0.0404600422
-7275,0.0288644547
-7274,0.0122358279
-7273,0.0060704138
-7272,0.0039730451
-7271,0.0032673185
-7270,0.0030302025
-7269,0.00295055
-7268,0.0029237938
-7267,0.0084451813
-7266,0.0067331139
-7265,0.004283645
-7264,0.0033756502
-7263,0.0297807602
-7262,0.0214200357
-7261,0.0095590473
-7260,0.0051632694
-7259,0.0036679629
-7258,0.0031648212
-7257,0.0108217743
-7256,0.008346523
-7255,0.0048626526
-7254,0.0569997881
-7253,0.0400471236
-7252,0.0162472534
-7251,0.007429521
-7250,0.0044301143
-7249,0.0034208769
-7248,0.0030817854
-7247,0.0581698154
-7246,0.0410696593
-7245,0.0166193531
-7244,0.007555813
-7243,0.0044725966
-7242,0.0034351501
-7241,0.0030865798
-7240,0.0185178634
-7239,0.0136728191
-7238,0.0067764639
-7237,0.0042203728
-7236,0.0316301199
-7235,0.0225969543
-7234,0.0099796513
-7233,0.0053057026
-7232,0.0037158604
-7231,0.0184162336
-7230,0.0135275422
-7229,0.006722611
-7228,0.0042020529
-7227,0.0778516568
-7226,0.0545344664
-7225,0.0214539035
-7224,0.0091939625
-7223,0.0050235134
-7222,0.003620238
-7221,0.0031487546
-7220,0.0029903733
-7219,0.0029371705
-7218,0.0029192998
-7217,0.0029132965
-7216,0.0029112794
-7215,0.099748789
-7214,0.069817679
-7213,0.0269481169
-7212,0.0110559225
-7211,0.0056497124
-7210,0.0038306196
-7209,0.0032194254
-7208,0.0030141123
-7207,0.0029451449
-7206,0.002921978
-7205,0.0029141962
-7204,0.0029115823
-7203,0.002910704
-7202,0.0541166096
-7201,0.0383064006
-7200,0.0156284877
-7199,0.0072200885
-7198,0.0476415223
-7197,0.033315174
-7196,0.0138234719
-7195,0.0422961555
-7194,0.0288114553
-7193,0.0121868123
-7192,0.0060525536
-7191,0.0039669829
-7190,0.0032652788
-7189,0.0030295168
-7188,0.0029503197
-7187,0.0029237163
-7186,0.1094949257
-7185,0.0765857192
-7184,0.0414874564
-7183,0.020244843
-7182,0.0089320328
-7181,0.0049420775
-7180,0.0035931798
-7179,0.0031396784
-7178,0.0029873244
-7177,0.0029361463
-7176,0.0029189552
-7175,0.0029131807
-7174,0.0029112409
-7173,0.0029105896
-7172,0.002910371
-7171,0.0029102971
-7170,0.0029102723
-7169,0.0029102641
-7168,0.002910261
-7167,0.0029102604
-7166,0.0029102604
-7165,0.0029102604
-7164,0.0029102604
-7163,0.0029102604
-7162,0.0029102604
-7161,0.0029102604
-7160,0.0244066712
-7159,0.017762532
-7158,0.0082462423
-7157,0.0047184537
-7156,0.0035183701
-7155,0.0031145632
-7154,0.0029788888
-7153,0.0029333132
-7152,0.0029180037
-7151,0.0029128613
-7150,0.0052067609
-7149,0.004496765
-7148,0.0034802296
-7147,0.0031034021
-7146,0.0029752147
-7145,0.002932082
-7144,0.0029175904
-7143,0.0029127221
-7142,0.0029110874
-7141,0.0029105382
-7140,0.0029103533
-7139,0.0029102911
-7138,0.0029102705
-7137,0.0123014683
-7136,0.0093993101
-7135,0.0052415542
-7134,0.0037002541
-7133,0.00317594
-7132,0.0029995184
-7131,0.0190096352
-7130,0.014023813
-7129,0.0069027453
-7128,0.0453583599
-7127,0.0317703897
-7126,0.0132688357
-7125,0.0064200078
-7124,0.004090595
-7123,0.00330681
-7122,0.1106298665
-7121,0.0772884654
-7120,0.0296311132
-7119,0.0119650608
-7118,0.0059554602
-7117,0.0039333394
-7116,0.3216461567
-7115,0.2460882386
-7114,0.0926062379
-7113,0.0333205756
-7112,0.0258684735
-7111,0.0151427739
-7110,0.0072247571
-7109,0.0043688828
-7108,0.003400651
-7107,0.0030750064
-7106,0.0029656009
-7105,0.0029288494
-7104,0.0029165045
-7103,0.0029123576
-7102,0.0029109648
-7101,0.0216937652
-7100,0.0158880481
-7099,0.0075727933
-7098,0.0044902435
-7097,0.0034416213
-7096,0.0030887785
-7095,0.0029702274
-7094,0.0029304038
-7093,0.0029170264
-7092,0.0029125327
-7091,0.0029110235
-7090,0.0029105163
-7089,0.0029103461
-7088,0.0029102889
-7087,0.0029102696
-7086,0.0029102629
-7085,0.0029102607
-7084,0.0029102604
-7083,0.0029102604
-7082,0.0029102604
-7081,0.0029102604
-7080,0.0029102604
-7079,0.0029102604
-7078,0.0029102604
-7077,0.0029102604
-7076,0.0029102604
-7075,0.0029102604
-7074,0.0029102604
-7073,0.0029102604
-7072,0.0029102604
-7071,0.0029102604
-7070,0.0029102604
-7069,0.0029102604
-7068,0.0029102604
-7067,0.0029102604
-7066,0.0029102604
-7065,0.0029102604
-7064,0.0029102604
-7063,0.0029102604
-7062,0.0029102604
-7061,0.0029102604
-7060,0.0029102604
-7059,0.0029102604
-7058,0.0242898231
-7057,0.0176887634
-7056,0.0082203101
-7055,0.0047096769
-7054,0.0035154185
-7053,0.0031135717
-7052,0.0029785562
-7051,0.0029332017
-7050,0.0029179666
-7049,0.2432219115
-7048,0.1853111657
-7047,0.0688844189
-7046,0.0252669933
-7045,0.0104290177
-7044,0.0054362972
-7043,0.0037588016
-7042,0.0031952956
-7041,0.0030060067
-7040,0.0029424224
-7039,0.0029210638
-7038,0.0029138894
-7037,0.0029114791
-7036,0.0029106696
-7035,0.0160586882
-7034,0.0119947043
-7033,0.0061740309
-7032,0.0040162469
-7031,0.0032822121
-7030,0.0030352225
-7029,0.002952237
-7028,0.0029243603
-7027,0.0029149962
-7026,0.0029118504
-7025,0.0029107942
-7024,0.0029104392
-7023,0.0029103201
-7022,0.0029102801
-7021,0.0227255243
-7020,0.0166074352
-7019,0.0078317699
-7018,0.0045780121
-7017,0.0421855485
-7016,0.0298472012
-7015,0.0125835064
-7014,0.0061880268
-7013,0.0040125911
-7012,0.1348834543
-7011,0.0949601303
-7010,0.0359781564
-7009,0.0141157903
-7008,0.0066787657
-7007,0.1547474716
-7006,0.108728156
-7005,0.0409227462
-7004,0.015791165
-7003,0.0072421956
-7002,0.0043656367
-7001,0.0033991471
-7000,0.0030744828
-6999,0.0071392929
-6998,0.0058128111
-6997,0.0039526144
-6996,0.0032634589
-6995,0.0030290418
-6994,0.088266025
-6993,0.0618957523
-6992,0.0241032375
-6991,0.0100918968
-6990,0.0165954625
-6989,0.0115083192
-6988,0.0059803385
-6987,0.0039498054
-6986,0.0236083787
-6985,0.0170868938
-6984,0.008000762
-6983,0.0046351511
-6982,0.0034903494
-6981,0.0031051494
-6980,0.0029757265
-6979,0.0029322508
-6978,0.0629880762
-6977,0.0444362822
-6976,0.0178310216
-6975,0.0079664608
-6974,0.008262835
-6973,0.0060050661
-6972,0.0040087794
-6971,0.0032819428
-6970,0.0030352338
-6969,0.0029522451
-6968,0.0029243629
-6967,0.0029149974
-6966,0.0029118511
-6965,0.0029107942
-6964,0.002910439
-6963,0.0029103201
-6962,0.0029102801
-6961,0.0029102667
-6960,0.002910262
-6959,0.0029102605
-6958,0.0029102604
-6957,0.0329634979
-6956,0.0236746015
-6955,0.0103702728
-6954,0.0054382193
-6953,0.0037604332
-6952,0.0031958881
-6951,0.0030062074
-6950,0.0197430848
-6949,0.0145289293
-6948,0.0070842507
-6947,0.0043246813
-6946,0.0033859409
-6945,0.0030700719
-6944,0.0029639434
-6943,0.0029282927
-6942,0.0029163174
-6941,0.0029122948
-6940,0.0029109435
-6939,0.0029104892
-6938,0.0029103368
-6937,0.0029102859
-6936,0.0029102687
-6935,0.0029102627
-6934,0.0029102607
-6933,0.0029102604
-6932,0.0029102604
-6931,0.0029102604
-6930,0.0029102604
-6929,0.0029102604
-6928,0.047962145
-6927,0.0340524801
-6926,0.0141001941
-6925,0.0067021999
-6924,0.00418552
-6923,0.0931853259
-6922,0.0651308955
-6921,0.025260938
-6920,0.0104840475
-6919,0.0054573796
-6918,0.0037660022
-6917,0.0031977193
-6916,0.0030068214
-6915,0.0029426964
-6914,0.0029211559
-6913,0.0029139199
-6912,0.0153287466
-6911,0.0114906364
-6910,0.0059928866
-6909,0.0039548534
-6908,0.0032615637
-6907,0.0030282851
-6906,0.0029499068
-6905,0.0094974199
-6904,0.0074570662
-6903,0.3173487619
-6902,0.243616454
-6901,0.0930015614
-6900,0.0334548229
-6899,0.0131833379
-6898,0.1023072367
-6897,0.0703918567
-6896,0.0271301581
-6895,0.0111165165
-6894,0.0056700387
-6893,0.003837446
-6892,0.0282660834
-6891,0.0203184971
-6890,0.0091620802
-6889,0.0050286972
-6888,0.0036227026
-6887,0.0031496155
-6886,0.0029906639
-6885,0.0029372684
-6884,0.0029193324
-6883,0.0029133073
-6882,0.0029112838
-6881,0.0296245908
-6880,0.021367565
-6879,0.0095414206
-6878,0.0051573479
-6877,0.0414412183
-6876,0.0292637794
-6875,0.0123723719
-6874,0.0061164148
-6873,0.003988505
-6872,0.0032725118
-6871,0.0030319464
-6870,0.0029511357
-6869,0.0029239907
-6868,0.0029148723
-6867,0.0029118096
-6866,0.0029107806
-6865,0.0029104349
-6864,0.0029103186
-6863,0.0029102797
-6862,0.0029102667
-6861,0.002910262
-6860,0.0029102605
-6859,0.0029102604
-6858,0.0029102604
-6857,0.1054236218
-6856,0.073772952
-6855,0.0283725328
-6854,0.0115386816
-6853,0.0058120696
-6852,0.0038851658
-6851,0.0032377487
-6850,0.0030202674
-6849,0.0218348364
-6848,0.0159724839
-6847,0.007602841
-6846,0.0045004134
-6845,0.0034450408
-6844,0.0030899274
-6843,0.0029706134
-6842,0.0029305333
-6841,0.0029170702
-6840,0.0029125476
-6839,0.0029110287
-6838,0.0029105183
-6837,0.0029103466
-6836,0.0029102893
-6835,0.0029102699
-6834,0.0029102629
-6833,0.0119884238
-6832,0.0091830035
-6831,0.0051638418
-6830,0.00367392
-6829,0.0031670839
-6828,0.0029965433
-6827,0.0029392439
-6826,0.0029199957
-6825,0.00291353
-6824,0.0029113579
-6823,0.0029106285
-6822,0.002910384
-6821,0.0029103017
-6820,0.0029102742
-6819,0.0029102647
-6818,0.0029102612
-6817,0.0029102604
-6816,0.0029102604
-6815,0.0029102604
-6814,0.007292822
-6813,0.005938482
-6812,0.0039981965
-6811,0.0032789235
-6810,0.0235914946
-6809,0.0171553049
-6808,0.0080271113
-6807,0.0046441553
-6806,0.0034933813
-6805,0.0031061679
-6804,0.0029760685
-6803,0.0029323656
-6802,0.0075089407
-6801,0.0060851771
-6800,0.0040508408
-6799,0.00329676
-6798,0.0030402417
-6797,0.0029539285
-6796,0.0067857569
-6795,0.0055829067
-6794,0.0038703353
-6793,0.0032355907
-6792,0.052690986
-6791,0.0372658583
-6790,0.0152523536
-6789,0.0070925642
-6788,0.0043168014
-6787,0.0033828079
-6786,0.0170521017
-6785,0.0126247701
-6784,0.0063991504
-6783,0.0040924802
-6782,0.0033078478
-6781,0.0030438354
-6780,0.00295513
-6779,0.0029253324
-6778,0.0029153228
-6777,0.0029119606
-6776,0.0353641535
-6775,0.0253330602
-6774,0.0109661062
-6773,0.0056401284
-6772,0.0038283369
-6771,0.0032187016
-6770,0.0030138706
-6769,0.0029450639
-6768,0.0320360204
-6767,0.0230296381
-6766,0.0101384656
-6765,0.0053596622
-6764,0.0037340135
-6763,0.0812982728
-6762,0.0569977215
-6761,0.0223425685
-6760,0.0094952058
-6759,0.0051248264
-6758,0.0036542762
-6757,0.0031601886
-6756,0.0029942136
-6755,0.002938461
-6754,0.0029197327
-6753,0.0029134422
-6752,0.0029113286
-6751,0.0029106187
-6750,0.0029103805
-6749,0.0029103005
-6748,0.0029102738
-6747,0.0225283494
-6746,0.0164647609
-6745,0.0077799915
-6744,0.0595201348
-6743,0.0414561298
-6742,0.0167474036
-6741,0.0075987096
-6740,0.0044869985
-6739,0.0271277802
-6738,0.0194545408
-6737,0.0088499742
-6736,0.004922862
-6735,0.0035871062
-6734,0.0031376562
-6733,0.0626757016
-6732,0.0441761976
-6731,0.017735293
-6730,0.0079339637
-6729,0.0045997706
-6728,0.0034778759
-6727,0.0127012721
-6726,0.0096073637
-6725,0.0053148347
-6724,0.0037250297
-6723,0.0031842707
-6722,0.0030023171
-6721,0.0029411834
-6720,0.0029206476
-6719,0.0029137495
-6718,0.0590525412
-6717,0.0416995813
-6716,0.0168461066
-6715,0.0076326714
-6714,0.0044984446
-6713,0.0034438339
-6712,0.0030894975
-6711,0.0029704678
-6710,0.0029304845
-6709,0.0029170537
-6708,0.212798471
-6707,0.1579573675
-6706,0.0586269855
-6705,0.0217910535
-6704,0.0092600297
-6703,0.0050435581
-6702,0.0036268742
-6701,0.0031509792
-6700,0.0029911201
-6699,0.0029374218
-6698,0.0029193843
-6697,0.0029133248
-6696,0.0029112892
-6695,0.0029106055
-6694,0.0029103757
-6693,0.0235718947
-6692,0.0171857531
-6691,0.0080390213
-6690,0.0046482325
-6689,0.0034947539
-6688,0.003106629
-6687,0.0029762234
-6686,0.0029324177
-6685,0.002917703
-6684,0.0029127599
-6683,0.0029110998
-6682,0.0251374148
-6681,0.0182673139
-6680,0.0084275926
-6679,0.0047799073
-6678,0.0170003831
-6677,0.0124222019
-6676,0.0063226858
-6675,0.004066412
-6674,0.0032990734
-6673,0.0030408869
-6672,0.0029541398
-6671,0.0029249993
-6670,0.0029152109
-6669,0.0174167826
-6668,0.0129324963
-6667,0.0065109396
-6666,0.7488250542
-6665,0.4797449856
-6664,0.2051922483
-6663,0.0722222382
-6662,0.026247241
-6661,0.0107518798
-6660,0.0055444574
-6659,0.0037951207
-6658,0.106249726
-6657,0.0742365089
-6656,0.0285356905
-6655,0.0115938462
-6654,0.0058306149
-6653,0.0038913963
-6652,0.0032398418
-6651,0.0030209705
-6650,0.0646191806
-6649,0.0455329034
-6648,0.0182230246
-6647,0.0080992544
-6646,0.00465536
-6645,0.0034965521
-6644,0.0031072061
-6643,0.0029764166
-6642,0.0029324824
-6641,0.0029177247
-6640,0.0029127674
-6639,0.0029111022
-6638,0.0029105428
-6637,0.0116758813
-6636,0.0089665584
-6635,0.0050861081
-6634,0.0036475851
-6633,0.0031582283
-6632,0.0029935681
-6631,0.0029382446
-6630,0.0029196604
-6629,0.0029134173
-6628,0.0029113205
-6627,0.002910616
-6626,0.0029103794
-6625,0.0029103002
-6624,0.0029102737
-6623,0.0029102646
-6622,0.0029102612
-6621,0.0663559645
-6620,0.0467460794
-6619,0.018659179
-6618,0.0082470655
-6617,0.0047050713
-6616,0.0035132531
-6615,0.0031128162
-6614,0.0029783008
-6613,0.037995222
-6612,0.0271430015
-6611,0.0116161883
-6610,0.0058604124
-6609,0.0039024196
-6608,0.0032435903
-6607,0.0030222312
-6606,0.0029478724
-6605,0.0029228945
-6604,0.0029145036
-6603,0.0175202235
-6602,0.0130048115
-6601,0.0065368764
-6600,0.0041391928
-6599,0.0033235581
-6598,0.0030491134
-6597,0.0029569033
-6596,0.0029259278
-6595,0.002915523
-6594,0.0029120276
-6593,0.0029108538
-6592,0.0029104593
-6591,0.0029103268
-6590,0.0256589125
-6589,0.0186277197
-6588,0.0085570773
-6587,0.0048237853
-6586,0.0056407276
-6585,0.0045684747
-6584,0.0035009513
-6583,0.0031102095
-6582,0.0084035232
-6581,0.0066820751
-6580,0.0042648169
-6579,0.0033692496
-6578,0.0030646201
-6577,0.0463474233
-6576,0.0329173927
-6575,0.0136916333
-6574,0.0086506595
-6573,0.0055809592
-6572,0.0038411208
-6571,0.0032244795
-6570,0.0030158792
-6569,0.0029457413
-6568,0.0029221787
-6567,0.0029142637
-6566,0.0029116047
-6565,0.0029107114
-6564,0.0149108346
-6563,0.0112016279
-6562,0.0058891017
-6561,0.0039196942
-6560,0.0032497411
-6559,0.0030243136
-6558,0.0029485724
-6557,0.0029231292
-6556,0.0029145827
-6555,0.0055203799
-6554,0.0047132611
-6553,0.0035580054
-6552,0.0031297574
-6551,0.002984078
-6550,0.0029350596
-6549,0.1945922522
-6548,0.147288096
-6547,0.0549240633
-6546,0.0205360772
-6545,0.0088379655
-6544,0.0049017601
-6543,0.0035792411
-6542,0.0031349785
-6541,0.0029857455
-6540,0.0029356161
-6539,0.0333894178
-6538,0.0239658523
-6537,0.0104748444
-6536,0.0054736527
-6535,0.0037723498
-6534,0.0031998915
-6533,0.0030075525
-6532,0.0029429417
-6531,0.0029212379
-6530,0.0029139473
-6529,0.0029114984
-6528,0.0029106756
-6527,0.0029103996
-6526,0.0029103067
-6525,0.0029102757
-6524,0.0029102652
-6523,0.0029102613
-6522,0.0029102604
-6521,0.0029102604
-6520,0.0029102604
-6519,0.0029102604
-6518,0.0029102604
-6517,0.0029102604
-6516,0.0029102604
-6515,0.0029102604
-6514,0.0123018957
-6513,0.0093991169
-6512,0.0052415138
-6511,0.0037002472
-6510,0.0031759389
-6509,0.0029995185
-6508,0.0029402431
-6507,0.0029203315
-6506,0.0029136429
-6505,0.0092765445
-6504,0.0073087732
-6503,0.0044904869
-6502,0.0034457429
-6501,0.0030903464
-6500,0.0029707622
-6499,0.0029305835
-6498,0.0029170871
-6497,0.0029125532
-6496,0.0029110302
-6495,0.0029105189
-6494,0.0029103468
-6493,0.0029102893
-6492,0.1472858436
-6491,0.1029731811
-6490,0.0388632486
-6489,0.0150936438
-6488,0.1056197796
-6487,0.0724198098
-6486,0.0278508436
-6485,0.0113604575
-6484,0.005752068
-6483,0.0038650048
-6482,0.0032309759
-6481,0.003017992
-6480,0.0029464483
-6479,0.002922416
-6478,0.0029143433
-6477,0.0029116313
-6476,0.0029107204
-6475,0.0029104143
-6474,0.0665248447
-6473,0.0468840419
-6472,0.018710856
-6471,0.0082646192
-6470,0.004710975
-6469,0.0035152369
-6468,0.0031134827
-6467,0.0029785247
-6466,0.0029331912
-6465,0.0029179627
-6464,0.0029128473
-6463,0.0327556586
-6462,0.0235306937
-6461,0.0103185656
-6460,0.0666374063
-6459,0.0460706603
-6458,0.0183987515
-6457,0.0081580156
-6456,0.0046750847
-6455,0.0035031775
-6454,0.003109432
-6453,0.071601343
-6452,0.0503685075
-6451,0.0199617886
-6450,0.0086884881
-6449,0.0048535233
-6448,0.0035631279
-6447,0.0031295701
-6446,0.0029839289
-6445,0.0029350061
-6444,0.0029185727
-6443,0.0029130525
-6442,0.0029111978
-6441,0.0029105748
-6440,0.0029103655
-6439,0.0228414312
-6438,0.0166810652
-6437,0.0078577029
-6436,0.0045867895
-6435,0.0034740903
-6434,0.0030996869
-6433,0.0029738917
-6432,0.0029316349
-6431,0.0029174401
-6430,0.0029126718
-6429,0.0029110704
-6428,0.0352595025
-6427,0.0252608576
-6426,0.0109401653
-6425,0.0056313379
-6424,0.0038253807
-6423,0.0032177085
-6422,0.0091699913
-6421,0.0071988829
-6420,0.0044502062
-6419,0.0034320592
-6418,0.0144595331
-6417,0.0108281719
-6416,0.0057535182
-6415,0.7002904468
-6414,0.454301791
-6413,0.1958866851
-6412,0.0689451348
-6411,0.0251415535
-6410,0.0103802468
-6409,0.0054196122
-6408,0.0037531834
-6407,0.0031934075
-6406,0.0030053722
-6405,0.0029422094
-6404,0.0029209922
-6403,0.0123055019
-6402,0.0094003282
-6401,0.0052419211
-6400,0.0037003838
-6399,0.0031759849
-6398,0.0029995337
-6397,0.0029402485
-6396,0.0029203338
-6395,0.0029136439
-6394,0.0029113967
-6393,0.0029106418
-6392,0.0029103885
-6391,0.0458776577
-6390,0.0326112872
-6389,0.0135821641
-6388,0.0065266501
-6387,0.0041264812
-6386,0.0033188672
-6385,0.0030475189
-6384,0.0029563666
-6383,0.0029257479
-6382,0.0679936361
-6381,0.0478966596
-6380,0.0303440931
-6379,0.0161743351
-6378,0.0075498744
-6377,0.0044771283
-6376,0.0034369695
-6375,0.0030872045
-6374,0.0029696981
-6373,0.0195213522
-6372,0.0143809515
-6371,0.00703113
-6370,0.0043066714
-6369,0.003379882
-6368,0.0030680358
-6367,0.0029632595
-6366,0.0029280626
-6365,0.0029162398
-6364,0.0029122686
-6363,0.0180419058
-6362,0.0133647558
-6361,0.0066662445
-6360,0.0041830421
-6359,0.0033383067
-6358,0.0030540684
-6357,0.0029585678
-6356,0.0029264871
-6355,0.002915711
-6354,0.0029120909
-6353,0.0029108752
-6352,0.0029104662
-6351,0.0029103294
-6350,0.0029102833
-6349,0.002910268
-6348,0.0029102624
-6347,0.0029102606
-6346,0.0029102604
-6345,0.0029102604
-6344,0.0029102604
-6343,0.0029102604
-6342,0.0029102604
-6341,0.0029102604
-6340,0.3909952203
-6339,0.2921420969
-6338,0.1166726846
-6337,0.0415266195
-6336,0.0159002235
-6335,0.0072745633
-6334,0.0214810546
-6333,0.0152259409
-6332,0.0073237367
-6331,0.0044053623
-6330,0.0034130527
-6329,0.0030791793
-6328,0.0029670033
-6327,0.0029293206
-6326,0.0029166626
-6325,0.0029124106
-6324,0.0029109824
-6323,0.0029105023
-6322,0.0029103411
-6321,0.0029102872
-6320,0.002910269
-6319,0.0320229911
-6318,0.023026303
-6317,0.0101372671
-6316,0.0053592384
-6315,0.0268999029
-6314,0.0191928094
-6313,0.0087536382
-6312,0.004890119
-6311,0.00357609
-6310,0.0031339547
-6309,0.0029854026
-6308,0.0029355012
-6307,0.0029187387
-6306,0.0029131078
-6305,0.0029112167
-6304,0.0029105816
-6303,0.0668474127
-6302,0.0471024558
-6301,0.0956958325
-6300,0.0614274987
-6299,0.0238102178
-6298,0.0099873331
-6297,0.0052901003
-6296,0.0344934887
-6295,0.0244478655
-6294,0.0106418117
-6293,0.0055299678
-6292,0.0037912769
-6291,0.00320625
-6290,0.0111491069
-6289,0.0085673355
-6288,0.0049418996
-6287,0.022590657
-6286,0.0162636882
-6285,0.0647501706
-6284,0.0439676494
-6283,0.0176250787
-6282,0.0078950824
-6281,0.3419481267
-6280,0.2599949788
-6279,0.0986417428
-6278,0.0353745594
-6277,0.01382934
-6276,0.0065787326
-6275,0.0041425687
-6274,0.0077067691
-6273,0.006077532
-6272,0.0495188125
-6271,0.0347271535
-6270,0.014333126
-6269,0.006780744
-6268,0.0042119173
-6267,0.0033475697
-6266,0.0075440689
-6265,0.0060599282
-6264,0.0040406759
-6263,0.0032932691
-6262,0.0030390661
-6261,0.002953534
-6260,0.0029247963
-6259,0.0029151427
-6258,0.0029119001
-6257,0.0029108106
-6256,0.0029104449
-6255,0.0029103222
-6254,0.0029102809
-6253,0.002910267
-6252,0.0029102621
-6251,0.0029102605
-6250,0.0248240783
-6249,0.0180509265
-6248,0.0083498537
-6247,0.0047535639
-6246,0.0035301781
-6245,0.0031185306
-6244,0.0029802216
-6243,0.002933761
-6242,0.0029181543
-6241,0.0372445557
-6240,0.0266315262
-6239,0.0114325877
-6238,0.0057982018
-6237,0.003881498
-6236,0.0032365618
-6235,0.0030198705
-6234,0.0029470794
-6233,0.0029226277
-6232,0.0029144145
-6231,0.0029116555
-6230,0.1878396897
-6229,0.1320990267
-6228,0.0493283792
-6227,0.0186398831
-6226,0.0082002486
-6225,0.0209655924
-6224,0.0147549497
-6223,0.0071517092
-6222,0.004346946
-6221,0.0033934001
-6220,0.0030725763
-6219,0.0029647847
-6218,0.1748945176
-6217,0.1290541028
-6216,0.0482422725
-6215,0.0182718287
-6214,0.0080764806
-6213,0.004645928
-6212,0.0034933025
-6211,0.0031061108
-6210,0.069409854
-6209,0.0488541279
-6208,0.0194177028
-6207,0.0085041143
-6206,0.0047915167
-6205,0.0035422961
-6204,0.1078279532
-6203,0.0753590927
-6202,0.0289404782
-6201,0.0185135979
-6200,0.0105632992
-6199,0.0055906121
-6198,0.0038156002
-6197,0.0032145996
-6196,0.0198130947
-6195,0.0145524484
-6194,0.0070921524
-6193,0.0043273351
-6192,0.0033868324
-6191,0.0121485357
-6190,0.009236791
-6189,0.0051819103
-6188,0.0036799892
-6187,0.0031691225
-6186,0.0029972281
-6185,0.002939474
-6184,0.0029200731
-6183,0.0029135561
-6182,0.0029113673
-6181,0.0029106321
-6180,0.0052060114
-6179,0.0044965125
-6178,0.0034801453
-6177,0.0031033738
-6176,0.0029752055
-6175,0.0029320789
-6174,0.002917589
-6173,0.0029127218
-6172,0.0029110871
-6171,0.0029105382
-6170,0.0029103533
-6169,0.0029102911
-6168,0.0029102705
-6167,0.0029102634
-6166,0.0029102608
-6165,0.0029102604
-6164,0.0029102604
-6163,0.0522685223
-6162,0.0370128027
-6161,0.0151622953
-6160,0.0070620827
-6159,0.0043065515
-6158,0.0033793643
-6157,0.0030678403
-6156,0.0029631932
-6155,0.0029280408
-6154,0.0029162327
-6153,0.0029122664
-6152,0.0029109343
-6151,0.0029104867
-6150,0.0029103361
-6149,0.0029102857
-6148,0.0029102686
-6147,0.0029102626
-6146,0.0029102607
-6145,0.0029102604
-6144,0.0029102604
-6143,0.0029102604
-6142,0.0029102604
-6141,0.1521349952
-6140,0.1068635574
-6139,0.040261901
-6138,0.0155676268
-6137,0.0071670357
-6136,0.0043403864
-6135,0.0033906657
-6134,0.003071634
-6133,0.0029644677
-6132,0.0029284689
-6131,0.0029163767
-6130,0.0029123145
-6129,0.00291095
-6128,0.0029104917
-6127,0.038285502
-6126,0.0273516469
-6125,0.0116913265
-6124,0.0058858823
-6123,0.0039109858
-6122,0.0032464686
-6121,0.0083448799
-6120,0.0066253236
-6119,0.0042440694
-6118,0.0033622035
-6117,0.0030622498
-6116,0.0029613232
-6115,0.0029274128
-6114,0.0029160217
-6113,0.0029121952
-6112,0.0465093664
-6111,0.0330458908
-6110,0.0137377196
-6109,0.0065793483
-6108,0.0041442025
-6107,0.0033248211
-6106,0.0030495188
-6105,0.0029570387
-6104,0.0761353126
-6103,0.0535216467
-6102,0.0210956734
-6101,0.0090727578
-6100,0.0049827586
-6099,0.0036065465
-6098,0.0031441554
-6097,0.002988828
-6096,0.0029366517
-6095,0.0110581682
-6094,0.0085370788
-6093,0.0049317139
-6092,0.003595257
-6091,0.0031406286
-6090,0.0029876553
-6089,0.0029362586
-6088,0.0145020102
-6087,0.0109161156
-6086,0.0057864584
-6085,0.0038849085
-6084,0.0032380421
-6083,0.0030203833
-6082,0.0029472522
-6081,0.002922686
-6080,0.002914434
-6079,0.002911662
-6078,0.0029107307
-6077,0.002910418
-6076,0.0029103129
-6075,0.0029102776
-6074,0.0029102658
-6073,0.0029102615
-6072,0.0029102604
-6071,0.0029102604
-6070,0.0029102604
-6069,0.0029102604
-6068,0.0029102604
-6067,0.0029102604
-6066,0.0431899423
-6065,0.0307402427
-6064,0.0129087486
-6063,0.0062984268
-6062,0.0040497276
-6061,0.0032930809
-6060,0.0030388561
-6059,0.0029534572
-6058,0.0029247705
-6057,0.0029151342
-6056,0.0029118974
-6055,0.00291081
-6054,0.0029104449
-6053,0.0029103222
-6052,0.1369699452
-6051,0.0959039341
-6050,0.0363246371
-6049,0.0157267208
-6048,0.011287961
-6047,0.0101002222
-6046,0.0093405676
-6045,0.0078085675
-6044,0.006980259
-6043,0.0061739653
-6042,0.0057635593
-6041,0.0052990704
-6040,0.0054019917
-6039,0.0058000177
-6038,0.1122734434
-6037,0.0778279215
-6036,0.0298138668
-6035,0.0135359864
-6034,0.0105953773
-6033,0.0086751331
-6032,0.0052675163
-6031,0.0263654956
-6030,0.018828892
-6029,0.0086230097
-6028,0.0048458581
-6027,0.0035612052
-6026,0.003128954
-6025,0.002983723
-6024,0.0079435787
-6023,0.0063793746
-6022,0.0041564007
-6021,0.0033325251
-6020,0.0030522699
-6019,0.00295797
-6018,0.1415359316
-6017,0.0987980625
-6016,0.0373627304
-6015,0.0145851533
-6014,0.0068366196
-6013,0.011742342
-6012,0.0085446133
-6011,0.0049241419
-6010,0.0035922544
-6009,0.0031395997
-6008,0.0029873089
-6007,0.0450941479
-6006,0.0320467047
-6005,0.0133779201
-6004,0.0064574059
-6003,0.0041031937
-6002,0.0033110434
-6001,0.00304489
-6000,0.0029554835
-5999,0.0029254512
-5998,0.0029153629
-5997,0.0029119743
-5996,0.0029108359
-5995,0.0029104537
-5994,0.0029103253
-5993,0.0029102819
-5992,0.0029102673
-5991,0.0029102622
-5990,0.0029102605
-5989,0.0029102604
-5988,0.0029102604
-5987,0.0029102604
-5986,0.0029102604
-5985,0.0029102604
-5984,0.0029102604
-5983,0.0029102604
-5982,0.0029102604
-5981,0.0029102604
-5980,0.0112579958
-5979,0.0086783005
-5978,0.0049825205
-5977,0.0036124762
-5976,0.0031464195
-5975,0.0029896009
-5974,0.0029369117
-5973,0.0029192124
-5972,0.0029132672
-5971,0.0029112701
-5970,0.002910599
-5969,0.0029103738
-5968,0.0029102982
-5967,0.0047885135
-5966,0.0042080736
-5965,0.0033765199
-5964,0.0030682588
-5963,0.0029633959
-5962,0.0229635982
-5961,0.0167591489
-5960,0.0078856169
-5959,0.0045962435
-5958,0.0034772695
-5957,0.0031007553
-5956,0.0029742507
-5955,0.0029317552
-5954,0.0029174806
-5953,0.0029126855
-5952,0.0029110749
-5951,0.002910534
-5950,0.0029103522
-5949,0.0029102907
-5948,0.0029102702
-5947,0.0029102632
-5946,0.005936315
-5945,0.0050011749
-5944,0.0091918296
-5943,0.0069861409
-5942,0.0043687407
-5941,0.0034042392
-5940,0.0030763771
-5939,0.0029660688
-5938,0.0029290067
-5937,0.0029165568
-5936,0.002912375
-5935,0.0029109705
-5934,0.0515382905
-5933,0.0365081809
-5932,0.0149809968
-5931,0.0070006458
-5930,0.00428589
-5929,0.0033724232
-5928,0.0030655088
-5927,0.0029624096
-5926,0.0029277775
-5925,0.0029161443
-5924,0.0029122365
-5923,0.2856086702
-5922,0.2162678173
-5921,0.0798471933
-5920,0.028984515
-5919,0.0116793625
-5918,0.0058563724
-5917,0.0193439388
-5916,0.01391326
-5915,0.0068555456
-5914,0.0042468603
-5913,0.0203682665
-5912,0.0148136587
-5911,0.0071832188
-5910,0.0043580655
-5909,0.0314677188
-5908,0.0224683137
-5907,0.0099330715
-5906,0.0052899039
-5905,0.0037105464
-5904,0.0031791277
-5903,0.0188620039
-5902,0.0138995546
-5901,0.0068576799
-5900,0.004247884
-5899,0.0033601122
-5898,0.0030613943
-5897,0.0029610282
-5896,0.0029273133
-5895,0.0029159885
-5894,0.0029121846
-5893,0.0029109065
-5892,0.0029104768
-5891,0.0029103329
-5890,0.002910285
-5889,0.0029102684
-5888,0.0339917806
-5887,0.0243941946
-5886,0.0106292987
-5885,0.0815982449
-5884,0.0563496786
-5883,0.0220889632
-5882,0.0094084371
-5881,0.0050956093
-5880,0.0036444582
-5879,0.0031568904
-5878,0.0029931062
-5877,0.0029380885
-5876,0.0029196077
-5875,0.0281512985
-5874,0.0203569727
-5873,0.0091790583
-5872,0.0050345683
-5871,0.0036246822
-5870,0.0031502808
-5869,0.0029908875
-5868,0.0029373438
-5867,0.011997521
-5866,0.0091860609
-5865,0.0051648687
-5864,0.0036742645
-5863,0.0031671994
-5862,0.0513113234
-5861,0.0363208113
-5860,0.0149130073
-5859,0.0069775773
-5858,0.0042781305
-5857,0.0033698164
-5856,0.0030646331
-5855,0.0029621156
-5854,0.08348704
-5853,0.0585760827
-5852,0.0229092081
-5851,0.0096872587
-5850,0.0051894193
-5849,0.0036759775
-5848,0.0031674782
-5847,0.2079013178
-5846,0.147344295
-5845,0.0548033737
-5844,0.0204951938
-5843,0.0088242076
-5842,0.0048971366
-5841,0.0035776881
-5840,0.0031344568
-5839,0.00298557
-5838,0.0029355573
-5837,0.0029187579
-5836,0.0029131142
-5835,0.0029112186
-5834,0.0029105822
-5833,0.0029103683
-5832,0.0029102962
-5831,0.0029102721
-5830,0.002910264
-5829,0.002910261
-5828,0.0029102604
-5827,0.0029102604
-5826,0.0029102604
-5825,0.0029102604
-5824,0.0029102604
-5823,0.0029102604
-5822,0.0029102604
-5821,0.0238849129
-5820,0.0174020399
-5819,0.0081167288
-5818,0.0046745657
-5817,0.0035036102
-5816,0.0031096049
-5815,0.0029772231
-5814,0.0029327536
-5813,0.0029178157
-5812,0.0029127982
-5811,0.0029111124
-5810,0.0029105465
-5809,0.0029103561
-5808,0.0564426153
-5807,0.0398967582
-5806,0.0161984158
-5805,0.0074131896
-5804,0.0044246314
-5803,0.0034190351
-5802,0.0030811668
-5801,0.0029676693
-5800,0.0029295443
-5799,0.1004276967
-5798,0.0703164691
-5797,0.0271299971
-5796,0.0111176073
-5795,0.0056704567
-5794,0.0038375889
-5793,0.003221767
-5792,0.0466088003
-5791,0.0330793144
-5790,0.0137493966
-5789,0.006583282
-5788,0.0059194189
-5787,0.0045509733
-5786,0.0034900228
-5785,0.0031063096
-5784,0.0169592753
-5783,0.0125935912
-5782,0.006388677
-5781,0.004088962
-5780,0.0033066666
-5779,0.0030434389
-5778,0.0029549967
-5777,0.0029252877
-5776,0.0029153082
-5775,0.0138688643
-5774,0.010481162
-5773,0.0056302482
-5772,0.0038319763
-5771,0.0032202404
-5770,0.0030144024
-5769,0.0029452431
-5768,0.0029220109
-5767,0.0029142072
-5766,0.0029115858
-5765,0.0029107053
-5764,0.0029104092
-5763,0.0029103102
-5762,0.002910277
-5761,0.0446508665
-5760,0.0317496255
-5759,0.0132713907
-5758,0.0064213154
-5757,0.0040910564
-5756,0.003306966
-5755,0.0030435209
-5754,0.0029550239
-5753,0.0029252968
-5752,0.0029153109
-5751,0.0029119568
-5750,0.0029108305
-5749,0.0029104516
-5748,0.0029103245
-5747,0.0293112142
-5746,0.0211511656
-5745,0.0094636787
-5744,0.0051310032
-5743,0.0036571137
-5742,0.0031611764
-5741,0.0029945474
-5740,0.002938573
-5739,0.0029197706
-5738,0.0029134546
-5737,0.0029113328
-5736,0.0029106201
-5735,0.0029103809
-5734,0.0029103006
-5733,0.0029102738
-5732,0.0029102646
-5731,0.0029102612
-5730,0.0029102604
-5729,0.0029102604
-5728,0.0029102604
-5727,0.0087536751
-5726,0.0069478897
-5725,0.0043608427
-5724,0.1492368304
-5723,0.1047204882
-5722,0.0394885126
-5721,0.0153053935
-5720,0.0462106586
-5719,0.031347659
-5718,0.0130942722
-5717,0.0063599046
-5716,0.0040703408
-5715,0.0033000037
-5714,0.0030411818
-5713,0.0029542379
-5712,0.0029250324
-5711,0.0029152221
-5710,0.0029119269
-5709,0.0029108195
-5708,0.0029104478
-5707,0.0029103231
-5706,0.002910281
-5705,0.002910267
-5704,0.0029102621
-5703,0.0029102605
-5702,0.0029102604
-5701,0.0029102604
-5700,0.0029102604
-5699,0.0029102604
-5698,0.1243728158
-5697,0.0868928726
-5696,0.0330867988
-5695,0.0131362111
-5694,0.0063493317
-5693,0.0040656668
-5692,0.0032983822
-5691,0.0030406346
-5690,0.0029540541
-5689,0.0029249707
-5688,0.0029152009
-5687,0.0593660761
-5686,0.0419160433
-5685,0.0169238706
-5684,0.0076590229
-5683,0.0045073071
-5682,0.0034468118
-5681,0.0030904975
-5680,0.0029708036
-5679,0.0029305971
-5678,0.0029170914
-5677,0.0029125548
-5676,0.0029110308
-5675,0.0029105191
-5674,0.0029103468
-5673,0.0029102893
-5672,0.0029102699
-5671,0.0029102629
-5670,0.0029102607
-5669,0.0029102604
-5668,0.0029102604
-5667,0.0029102604
-5666,0.0029102604
-5665,0.0029102604
-5664,0.0029102604
-5663,0.0029102604
-5662,0.0029102604
-5661,0.0029102604
-5660,0.0029102604
-5659,0.0029102604
-5658,0.0029102604
-5657,0.0029102604
-5656,0.0029102604
-5655,0.0029102604
-5654,0.0045798066
-5653,0.0040638673
-5652,0.0033247117
-5651,0.003050703
-5650,0.0029574916
-5649,0.0029261271
-5648,0.0029155899
-5647,0.0069815722
-5646,0.0057227816
-5645,0.0039206889
-5644,0.0032526581
-5643,0.0030254106
-5642,0.0029489459
-5641,0.002923255
-5640,0.002914625
-5639,0.0029117261
-5638,0.0029107526
-5637,0.0029104256
-5636,0.0029103153
-5635,0.1455902639
-5634,0.102176353
-5633,0.038578183
-5632,0.0149970757
-5631,0.0814439103
-5630,0.0557502968
-5629,0.0218635903
-5628,0.009331604
-5627,0.0050697468
-5626,0.0036357681
-5625,0.0031539709
-5624,0.7057073411
-5623,0.4627680731
-5622,0.206789767
-5621,0.0735243021
-5620,0.0266866309
-5619,0.010899572
-5618,0.005594075
-5617,0.0038117881
-5616,0.0032130931
-5615,0.0030119852
-5614,0.099523093
-5613,0.0696794336
-5612,0.0269000826
-5611,0.011039667
-5610,0.0056442427
-5609,0.003828781
-5608,0.0279501175
-5607,0.020101228
-5606,0.0090840469
-5605,0.0050022554
-5604,0.0036138102
-5603,0.0031466279
-5602,0.0029896599
-5601,0.0029369313
-5600,0.0029192188
-5599,0.0029132692
-5598,0.0029112707
-5597,0.0029105994
-5596,0.0029103739
-5595,0.0029102982
-5594,0.0029102728
-5593,0.0029102642
-5592,0.002910261
-5591,0.0029102604
-5590,0.0029102604
-5589,0.0029102604
-5588,0.0029102604
-5587,0.1369296888
-5586,0.096710265
-5585,0.0366098276
-5584,0.0143299672
-5583,0.0067508001
-5582,0.0042005465
-5581,0.0033436906
-5580,0.0030558545
-5579,0.0029591668
-5578,0.0815033627
-5577,0.0572058751
-5576,0.0224169467
-5575,0.0095204475
-5574,0.0051333196
-5573,0.0036571298
-5572,0.003161147
-5571,0.0029945356
-5570,0.0029385689
-5569,0.0029197689
-5568,0.002913454
-5567,0.0029113324
-5566,0.00291062
-5565,0.0029103809
-5564,0.119504963
-5563,0.083506144
-5562,0.03186943
-5561,0.0127236674
-5560,0.0062105886
-5559,0.004019054
-5558,0.003282724
-5557,0.0737420609
-5556,0.0518283844
-5555,0.0204863565
-5554,0.008866241
-5553,0.004913303
-5552,0.0035832121
-5551,0.0031363173
-5550,0.0939233472
-5549,0.065796463
-5548,0.0255059078
-5547,0.0105672409
-5546,0.0054853643
-5545,0.0037754044
-5544,0.0032008776
-5543,0.0030078818
-5542,0.0029430525
-5541,0.0029212752
-5540,0.00291396
-5539,0.0029115029
-5538,0.0187721066
-5537,0.0138693582
-5536,0.0068475367
-5535,0.0042444761
-5534,0.1580834552
-5533,0.1116255074
-5532,0.0419702299
-5531,0.0161463991
-5530,0.0073616764
-5529,0.0044057779
-5528,0.0034126315
-5527,0.0030790123
-5526,0.0504199462
-5525,0.035730683
-5524,0.0147023867
-5523,0.006906237
-5522,0.1111522153
-5521,0.0772543402
-5520,0.0296121882
-5519,0.0258364091
-5518,0.0155425371
-5517,0.0073777011
-5516,0.0044211064
-5515,0.0034182322
-5514,0.0030809138
-5513,0.0029675849
-5512,0.0029295158
-5511,0.0029167286
-5510,0.0380788949
-5509,0.0272081539
-5508,0.011639756
-5507,0.0058684061
-5506,0.0039051085
-5505,0.0032444941
-5504,0.0030225355
-5503,0.0029479746
-5502,0.0029229284
-5501,0.0029145156
-5500,0.0029116895
-5499,0.0029107403
-5498,0.0029104215
-5497,0.0029103142
-5496,0.0029102779
-5495,0.002910266
-5494,0.0029102618
-5493,0.0029102605
-5492,0.0029102604
-5491,0.008336288
-5490,0.0066594863
-5489,0.004257229
-5488,0.0033667005
-5487,0.0030637637
-5486,0.0029618316
-5485,0.0029275837
-5484,0.0029160792
-5483,0.0029122147
-5482,0.0029109164
-5481,0.0029104808
-5480,0.0029103345
-5479,0.0029102854
-5478,0.0029102686
-5477,0.0029102626
-5476,0.0029102607
-5475,0.0029102604
-5474,0.0029102604
-5473,0.0029102604
-5472,0.0029102604
-5471,0.0029102604
-5470,0.0029102604
-5469,0.0029102604
-5468,0.0067710885
-5467,0.0055779792
-5466,0.00386868
-5465,0.298032012
-5464,0.229561687
-5463,0.0863854107
-5462,0.0312052179
-5461,0.0124264336
-5460,0.0061073728
-5459,0.0039842289
-5458,0.0032710192
-5457,0.0030314432
-5456,0.0029509666
-5455,0.0029239336
-5454,0.002914853
-5453,0.0029118026
-5452,0.0029107778
-5451,0.0029104335
-5450,0.002910318
-5449,0.0029102797
-5448,0.0029102667
-5447,0.002910262
-5446,0.0029102605
-5445,0.0029102604
-5444,0.0029102604
-5443,0.0085449822
-5442,0.006803688
-5441,0.0043090361
-5440,0.0033842561
-5439,0.035105583
-5438,0.0250980299
-5437,0.0108804208
-5436,0.0056110387
-5435,0.0038185512
-5434,0.0032154134
-5433,0.0030127665
-5432,0.0029446932
-5431,0.0029218264
-5430,0.0029141451
-5429,0.0029115649
-5428,0.0029106984
-5427,0.0029104074
-5426,0.0029103094
-5425,0.0029102765
-5424,0.0029102652
-5423,0.0029102613
-5422,0.0029102604
-5421,0.0029102604
-5420,0.0029102604
-5419,0.0029102604
-5418,0.0029102604
-5417,0.0029102604
-5416,0.0029102604
-5415,0.0029102604
-5414,0.0029102604
-5413,0.0029102604
-5412,0.0029102604
-5411,0.0135536245
-5410,0.0102645138
-5409,0.0055523919
-5408,0.0038055857
-5407,0.003211364
-5406,0.0030114202
-5405,0.0029442411
-5404,0.0029216745
-5403,0.0029140941
-5402,0.0029115479
-5401,0.0029106923
-5400,0.1443264956
-5399,0.1013822478
-5398,0.0382932314
-5397,0.0149005211
-5396,0.0069426848
-5395,0.0042650125
-5394,0.0033653461
-5393,0.0030631288
-5392,0.0029616101
-5391,0.0029275085
-5390,0.002916054
-5389,0.0029122064
-5388,0.0155374453
-5387,0.0116343855
-5386,0.0060445744
-5385,0.0039723786
-5384,0.0032674592
-5383,0.0030302661
-5382,0.0029505716
-5381,0.0326639813
-5380,0.0234628504
-5379,0.010294091
-5378,0.0054123995
-5377,0.0037517493
-5376,0.0031929704
-5375,0.0030052273
-5374,0.0029421603
-5373,0.0029209755
-5372,0.0029138593
-5371,0.0029114689
-5370,0.002910666
-5369,0.0029103961
-5368,0.0029103055
-5367,0.0029102752
-5366,0.002910265
-5365,0.0029102613
-5364,0.0029102604
-5363,0.0224239918
-5362,0.0163926605
-5361,0.0077540869
-5360,0.0713027534
-5359,0.0496019107
-5358,0.0196735048
-5357,0.0085902611
-5356,0.0048204636
-5355,0.0035520201
-5354,0.0031258391
-5353,0.0029826757
-5352,0.0029345852
-5351,0.0299454689
-5350,0.0215864876
-5349,0.0096200124
-5348,0.0051839776
-5347,0.0036749295
-5346,0.0031671616
-5345,0.0029965575
-5344,0.0029392483
-5343,0.028263581
-5342,0.0204318538
-5341,0.0092057241
-5340,0.0050435972
-5339,0.0036277183
-5338,0.0031513007
-5337,0.0029912299
-5336,0.002937459
-5335,0.1096050878
-5334,0.0766599869
-5333,0.0294096836
-5332,0.0118901337
-5331,0.0059302649
-5330,0.0039248753
-5329,0.0032510879
-5328,0.0030247484
-5327,0.0029487179
-5326,0.0029231784
-5325,0.0029145994
-5324,0.0029117174
-5323,0.0029107496
-5322,0.0029104246
-5321,0.0029103151
-5320,0.0029102782
-5319,0.0065624011
-5318,0.0054337801
-5317,0.003816874
-5316,0.0032174795
-5315,0.0030135796
-5314,0.0029449714
-5313,0.0029219202
-5312,0.0029141765
-5311,0.0029115754
-5310,0.002910702
-5309,0.0029104083
-5308,0.0029103099
-5307,0.145945728
-5306,0.1023214968
-5305,0.038630026
-5304,0.0150146359
-5303,0.0069810599
-5302,0.0106430534
-5301,0.0077678081
-5300,0.0046446816
-5299,0.0034975386
-5298,0.0031077448
-5297,0.0029766066
-5296,0.046862506
-5295,0.0332720656
-5294,0.0138180465
-5293,0.0066065178
-5292,0.0459982961
-5291,0.0322393539
-5290,0.0134375858
-5289,0.0064772187
-5288,0.0041098381
-5287,0.0033132746
-5286,0.0030456398
-5285,0.0029557353
-5284,0.0029255358
-5283,0.0029153914
-5282,0.0029119836
-5281,0.0029108392
-5280,0.0085451759
-5279,0.0068037537
-5278,0.0043090577
-5277,0.0033842633
-5276,0.0030696703
-5275,0.0029638159
-5274,0.0029282501
-5273,0.0029163028
-5272,0.0029122897
-5271,0.0029109417
-5270,0.002910489
-5269,0.0029103368
-5268,0.0029102859
-5267,0.0029102687
-5266,0.0029102627
-5265,0.0029102607
-5264,0.0029102604
-5263,0.0029102604
-5262,0.0029102604
-5261,0.0029102604
-5260,0.0029102604
-5259,0.0029102604
-5258,0.0029102604
-5257,0.0029102604
-5256,0.0029102604
-5255,0.0029102604
-5254,0.0029102604
-5253,0.0029102604
-5252,0.0029102604
-5251,0.0029102604
-5250,0.0029102604
-5249,0.0029102604
-5248,0.0069797816
-5247,0.0057221805
-5246,0.003920487
-5245,0.0032525904
-5244,0.003025388
-5243,0.0029489388
-5242,0.0029232529
-5241,0.0029146246
-5240,0.002911726
-5239,0.0029107526
-5238,0.0029104256
-5237,0.0197101359
-5236,0.0145184618
-5235,0.0070806898
-5234,0.0043234723
-5233,0.0033855324
-5232,0.0030699343
-5231,0.0029638971
-5230,0.0029282774
-5229,0.8492764156
-5228,0.5307004635
-5227,0.2256678633
-5226,0.0795730252
-5225,0.028728126
-5224,0.0115857671
-5223,0.0058245937
-5222,0.0038892224
-5221,0.0058477718
-5220,0.0048232355
-5219,0.0035949467
-5218,0.0031421668
-5217,0.0029882467
-5216,0.0029364604
-5215,0.0029190613
-5214,0.0048958034
-5213,0.0042811623
-5212,0.0034027548
-5211,0.003077148
-5210,0.019140866
-5209,0.014104367
-5208,0.0069315313
-5207,0.0042729213
-5206,0.0070206682
-5205,0.0055877419
-5204,0.0038685925
-5203,0.0032348525
-5202,0.0030194156
-5201,0.0029469317
-5200,0.0029225786
-5199,0.0029143976
-5198,0.0029116497
-5197,0.0046637336
-5196,0.0082747622
-5195,0.0092366799
-5194,0.0077790987
-5193,0.0081396468
-5192,0.0098730917
-5191,0.1054712053
-5190,0.0721121049
-5189,0.0277381792
-5188,0.0121986268
-5187,0.0084213399
-5186,0.006609949
-5185,0.0043973484
-5184,0.0034208975
-5183,0.0030822938
-5182,0.0029680709
-5181,0.0029296803
-5180,0.0029167837
-5179,0.0029124513
-5178,0.0029109962
-5177,0.0029105076
-5176,0.0029103429
-5175,0.0029102876
-5174,0.0029102691
-5173,0.0029102627
-5172,0.0029102607
-5171,0.0029102604
-5170,0.0029102604
-5169,0.0029102604
-5168,0.0262849981
-5167,0.0190603008
-5166,0.0087124922
-5165,0.0048764506
-5164,0.0035715059
-5163,0.0031324151
-5162,0.0029848858
-5161,0.0734769395
-5160,0.0516571973
-5159,0.0204233988
-5158,0.0088448946
-5157,0.0049061244
-5156,0.0058764271
-5155,0.0047217174
-5154,0.003555794
-5153,0.0031287849
-5152,0.0597175997
-5151,0.0421519358
-5150,0.0170096113
-5149,0.0076880853
-5148,0.0045170801
-5147,0.0038639994
-5146,0.0043581817
-5145,0.0046833496
-5144,0.0047487781
-5143,0.0734507826
-5142,0.0512537056
-5141,0.0210011667
-5140,0.0110279509
-5139,0.0077796359
-5138,0.0067748647
-5137,0.0062694709
-5136,0.0060698358
-5135,0.0057538718
-5134,0.0051063248
-5133,0.0038112133
-5132,0.003220323
-5131,0.0030147507
-5130,0.0029453747
-5129,0.0286968791
-5128,0.0207225325
-5127,0.0093095895
-5126,0.0050787835
-5125,0.003639552
-5124,0.0031552762
-5123,0.0029925651
-5122,0.0029379073
-5121,0.0029195472
-5120,0.0029133799
-5119,0.0029113077
-5118,0.0029106116
-5117,0.002910378
-5116,0.0029102996
-5115,0.0029102732
-5114,0.0029102642
-5113,0.002910261
-5112,0.0029102604
-5111,0.0029102604
-5110,0.0029102604
-5109,0.0029102604
-5108,0.0029102604
-5107,0.0029102604
-5106,0.1235259178
-5105,0.0863155892
-5104,0.03287957
-5103,0.0130659899
-5102,0.006325715
-5101,0.0040577321
-5100,0.0032957167
-5099,0.0030397395
-5098,0.0029537535
-5097,0.0029248698
-5096,0.0029151675
-5095,0.0104248724
-5094,0.0081020523
-5093,0.0047754807
-5092,0.0035423173
-5091,0.0031228246
-5090,0.0029816737
-5089,0.0029342489
-5088,0.0029183183
-5087,0.0029129671
-5086,0.0029111698
-5085,0.0029105654
-5084,0.0029103625
-5083,0.0029102944
-5082,0.0029102717
-5081,0.0029102637
-5080,0.0029102609
-5079,0.0376593126
-5078,0.0269190286
-5077,0.0115359003
-5076,0.0058332134
-5075,0.0038932734
-5074,0.0032405179
-5073,0.003021199
-5072,0.0029475255
-5071,0.0029227776
-5070,0.0029144647
-5069,0.0029116722
-5068,0.0029107341
-5067,0.0029104194
-5066,0.0046842072
-5065,0.0041359861
-5064,0.0033506207
-5063,0.0030594824
-5062,0.0029604444
-5061,0.0029271199
-5060,0.0029159234
-5059,0.0029121624
-5058,0.002910899
-5057,0.0029104747
-5056,0.0029103318
-5055,0.0029102843
-5054,0.0268067614
-5053,0.0194207959
-5052,0.0088420073
-5051,0.0049203393
-5050,0.003586266
-5049,0.003137374
-5048,0.0029865512
-5047,0.0029358868
-5046,0.002918868
-5045,0.0029131514
-5044,0.0029112311
-5043,0.0029105859
-5042,0.0169978225
-5041,0.0126435798
-5040,0.0064071528
-5039,0.0040952446
-5038,0.0033087798
-5037,0.0030441485
-5036,0.0029552355
-5035,0.0029253677
-5034,0.0029153347
-5033,0.0029119647
-5032,0.0029108327
-5031,0.0029104524
-5030,0.0029103249
-5029,0.0029102817
-5028,0.0029102673
-5027,0.0029102622
-5026,0.020023908
-5025,0.0147343978
-5024,0.0071583237
-5023,0.004349793
-5022,0.0074639085
-5021,0.0058848291
-5020,0.0039751231
-5019,0.0032709433
-5018,0.0050141401
-5017,0.0043209194
-5016,0.0034161103
-5015,0.0030816342
-5014,0.0029678922
-5013,0.1307556685
-5012,0.0912992717
-5011,0.0346691404
-5010,0.0136723941
-5009,0.006529652
-5008,0.0041262475
-5007,0.0339980795
-5006,0.0242444018
-5005,0.0105717804
-5004,0.0055063669
-5003,0.0037833457
-5002,0.0032035858
-5001,0.0030087932
-5000,0.0029433581
-4999,0.002921378
-4998,0.0029139944
-4997,0.0029115142
-4996,0.0029106817
-4995,0.0029104016
-4994,0.0029103074
-4993,0.0029102757
-4992,0.0029102652
-4991,0.0029102613
-4990,0.0029102604
-4989,0.0029102604
-4988,0.0382854286
-4987,0.027351621
-4986,0.0116913185
-4985,0.0058858805
-4984,0.0039109856
-4983,0.0032464686
-4982,0.0030231984
-4981,0.0029481973
-4980,0.0029230033
-4979,0.0029145405
-4978,0.0029116977
-4977,0.0029107428
-4976,0.002910422
-4975,0.0029103144
-4974,0.0029102779
-4973,0.002910266
-4972,0.0029102618
-4971,0.0029102605
-4970,0.0029102604
-4969,0.0029102604
-4968,0.0029102604
-4967,0.0029102604
-4966,0.0029102604
-4965,0.0029102604
-4964,0.0271198145
-4963,0.0196370924
-4962,0.0089197161
-4961,0.0049466719
-4960,0.0035951218
-4959,0.0031403495
-4958,0.0029875509
-4957,0.0029362228
-4956,0.0029189816
-4955,0.0029131899
-4954,0.0029112444
-4953,0.0029105907
-4952,0.0029103712
-4951,0.0029102972
-4950,0.0029102723
-4949,0.0029102641
-4948,0.002910261
-4947,0.0029102604
-4946,0.0029102604
-4945,0.1495793434
-4944,0.1053469375
-4943,0.0397178614
-4942,0.0153832878
-4941,0.0071050418
-4940,0.0043195589
-4939,0.2258268703
-4938,0.1678443583
-4937,0.0621770779
-4936,0.022993888
-4935,0.0096645439
-4934,0.00517946
-4933,0.0036725257
-4932,0.0031663141
-4931,0.002996271
-4930,0.0029391521
-4929,0.002919965
-4928,0.00291352
-4927,0.002911355
-4926,0.0029106276
-4925,0.0029103833
-4924,0.0029103015
-4923,0.0029102742
-4922,0.0029102647
-4921,0.0029102612
-4920,0.0029102604
-4919,0.0029102604
-4918,0.0029102604
-4917,0.0665255356
-4916,0.046884388
-4915,0.0187108662
-4914,0.0082646212
-4913,0.0047109748
-4912,0.0035152363
-4911,0.0031134824
-4910,0.002978525
-4909,0.0029331909
-4908,0.0029179626
-4907,0.0029128475
-4906,0.002911129
-4905,0.0226329873
-4904,0.0165369566
-4903,0.0078059272
-4902,0.0045692448
-4901,0.0034681899
-4900,0.0030977045
-4899,0.0029732256
-4898,0.0029314108
-4897,0.0029173648
-4896,0.0029126463
-4895,0.0029110614
-4894,0.0029105294
-4893,0.0029103506
-4892,0.0029102903
-4891,0.0029102704
-4890,0.0029102634
-4889,0.0029102608
-4888,0.0029102604
-4887,0.0833145596
-4886,0.0584900781
-4885,0.0228811768
-4884,0.009677822
-4883,0.0051862461
-4882,0.0036749112
-4881,0.0031671201
-4880,0.0029965427
-4879,0.0029392433
-4878,0.0029199957
-4877,0.0359734461
-4876,0.0257638788
-4875,0.0111217764
-4874,0.0056928955
-4873,0.0038460825
-4872,0.0032246631
-4871,0.0030158736
-4870,0.0029457365
-4869,0.0029221769
-4868,0.0029142632
-4867,0.0029116048
-4866,0.0029107117
-4865,0.0029104118
-4864,0.002910311
-4863,0.0029102773
-4862,0.0029102658
-4861,0.0029102615
-4860,0.0029102604
-4859,0.0029102604
-4858,0.0029102604
-4857,0.0029102604
-4856,0.0145976298
-4855,0.0109852836
-4854,0.0058113769
-4853,0.1170471178
-4852,0.0814580903
-4851,0.0311257295
-4850,0.0124713184
-4849,0.0061257059
-4848,0.0039905353
-4847,0.0032731443
-4846,0.0049103975
-4845,0.0042490157
-4844,0.0033902731
-4843,0.0030728788
-4842,0.0029649477
-4841,0.0029286327
-4840,0.0029164313
-4839,0.0029123328
-4838,0.0029109559
-4837,0.0029104941
-4836,0.0029103386
-4835,0.0029102864
-4834,0.0029102687
-4833,0.0280589773
-4832,0.0202859742
-4831,0.0091528392
-4830,0.0050256695
-4829,0.0036216887
-4828,0.0031492743
-4827,0.002990549
-4826,0.0029372298
-4825,0.0029193193
-4824,0.0029133028
-4823,0.0029112823
-4822,0.0029106033
-4821,0.0029103753
-4820,0.0029102986
-4819,0.0029102728
-4818,0.0029102642
-4817,0.002910261
-4816,0.0029102604
-4815,0.0029102604
-4814,0.0029102604
-4813,0.0029102604
-4812,0.0029102604
-4811,0.0029102604
-4810,0.0029102604
-4809,0.0029102604
-4808,0.0029102604
-4807,0.0029102604
-4806,0.0029102604
-4805,0.0029102604
-4804,0.0029102604
-4803,0.0029102604
-4802,0.0029102604
-4801,0.0029102604
-4800,0.0029102604
-4799,0.0029102604
-4798,0.0029102604
-4797,0.0029102604
-4796,0.0029102604
-4795,0.0029102604
-4794,0.0029102604
-4793,0.0029102604
-4792,0.0764352162
-4791,0.0537339064
-4790,0.0211716566
-4789,0.0090985016
-4788,0.0049914153
-4787,0.0055920421
-4786,0.0045150416
-4785,0.0034813178
-4784,0.0031035381
-4783,0.00297525
-4782,0.0029320937
-4781,0.0029175944
-4780,0.0029127237
-4779,0.0029110877
-4778,0.0029105382
-4777,0.0029103533
-4776,0.0029102911
-4775,0.0029102705
-4774,0.0692360436
-4773,0.0487582254
-4772,0.0193843201
-4771,0.0084928376
-4770,0.0047877262
-4769,0.0035410228
-4768,0.0031221447
-4767,0.0029814346
-4766,0.0029341683
-4765,0.0029182914
-4764,0.0029129579
-4763,0.0029111665
-4762,0.0029105644
-4761,0.0029103623
-4760,0.0029102943
-4759,0.0094841137
-4758,0.0074525967
-4757,0.0045421669
-4756,0.0034632563
-4755,0.0030962359
-4754,0.002972741
-4753,0.0029312484
-4752,0.0029173101
-4751,0.0029126282
-4750,0.0029110553
-4749,0.0029105267
-4748,0.0029103496
-4747,0.0029102902
-4746,0.0029102704
-4745,0.0029102634
-4744,0.2288075407
-4743,0.172231437
-4742,0.0638590423
-4741,0.023564039
-4740,0.0225865966
-4739,0.0140401492
-4738,0.0068543638
-4737,0.0042444632
-4736,0.0033588574
-4735,0.0030609677
-4734,0.0029608846
-4733,0.0029272652
-4732,0.0029159725
-4731,0.0029121786
-4730,0.0029109042
-4729,0.0029104761
-4728,0.0029103324
-4727,0.0029102849
-4726,0.0029102684
-4725,0.0334852555
-4724,0.0240350971
-4723,0.0104997905
-4722,0.0054821086
-4721,0.0037751934
-4720,0.0032008469
-4719,0.0030078733
-4718,0.0029430498
-4717,0.0029212742
-4716,0.0029139597
-4715,0.3205344974
-4714,0.2401100577
-4713,0.0884746835
-4712,0.0319154752
-4711,0.0126653962
-4710,0.0061876595
-4709,0.0040111984
-4708,0.0032800783
-4707,0.0030344861
-4706,0.002951989
-4705,0.1266356014
-4704,0.0884206051
-4703,0.0336326398
-4702,0.0133211077
-4701,0.0064115061
-4700,0.0040865537
-4699,0.0033053984
-4698,0.0030429918
-4697,0.0029548459
-4696,0.0029252366
-4695,0.0029152904
-4694,0.0029119496
-4693,0.0397469113
-4692,0.0283611904
-4691,0.0120540221
-4690,0.006008788
-4689,0.0039523204
-4688,0.0032603555
-4687,0.0645612159
-4686,0.0454837713
-4685,0.0182061404
-4684,0.0080935315
-4683,0.0046534333
-4682,0.0034959045
-4681,0.0244990495
-4680,0.0177565161
-4679,0.0082425367
-4678,0.0047171321
-4677,0.0035179227
-4676,0.0031144133
-4675,0.0029788388
-4674,0.0029332962
-4673,0.002917998
-4672,0.0531059394
-4671,0.0375904666
-4670,0.0153698127
-4669,0.0071324026
-4668,0.0043302006
-4667,0.00338731
-4666,0.0030705093
-4665,0.0569957964
-4664,0.0402737521
-4663,0.0163340216
-4662,0.0074591319
-4661,0.0044400793
-4660,0.0034242248
-4659,0.0030829104
-4658,0.0029682555
-4657,0.0029297412
-4656,0.0029168037
-4655,0.0029124578
-4654,0.0132417977
-4653,0.0100482498
-4652,0.0054747232
-4651,0.0037792746
-4650,0.0032025164
-4649,0.0030084476
-4648,0.0029432429
-4647,0.0029213391
-4646,0.0029139815
-4645,0.0029115101
-4644,0.0029106801
-4643,0.0029104011
-4642,0.0029103073
-4641,0.0029102757
-4640,0.0029102652
-4639,0.0029102613
-4638,0.0029102604
-4637,0.0029102604
-4636,0.0029102604
-4635,0.0029102604
-4634,0.0141802225
-4633,0.0106968858
-4632,0.0057077632
-4631,0.003858244
-4630,0.0032290743
-4629,0.0030173701
-4628,0.0890972015
-4627,0.0624714081
-4626,0.0243100308
-4625,0.0101619719
-4624,0.0053490663
-4623,0.0037296125
-4622,0.0031854955
-4621,0.0140634659
-4620,0.0105839724
-4619,0.0056664365
-4618,0.0038442008
-4617,0.0032243491
-4616,0.0030157825
-4615,0.0424949316
-4614,0.0302474653
-4613,0.0127314323
-4612,0.0062383294
-4611,0.0040295164
-4610,0.0032862906
-4609,0.0030365755
-4608,0.0029526905
-4607,0.0029245127
-4606,0.0029150476
-4605,0.0029118681
-4604,0.3989208767
-4603,0.2996159068
-4602,0.1126215524
-4601,0.0401423074
-4600,0.0154341308
-4599,0.0154656821
-4598,0.0100917439
-4597,0.0723435369
-4596,0.049988389
-4595,0.0198039794
-4594,0.0086341059
-4593,0.0048351893
-4592,0.0035569651
-4591,0.0031274998
-4590,0.0029832334
-4589,0.0029347728
-4588,0.0029184942
-4587,0.0029130259
-4586,0.0029111888
-4585,0.0029105719
-4584,0.0029103647
-4583,0.0029102953
-4582,0.002910272
-4581,0.002910264
-4580,0.002910261
-4579,0.0029102604
-4578,0.0029102604
-4577,0.0529989794
-4576,0.0375174864
-4575,0.015343616
-4574,0.0071235264
-4573,0.0368673127
-4572,0.0258790338
-4571,0.0111518307
-4570,0.0057026037
-4569,0.0038493254
-4568,0.0032257517
-4567,0.0030162396
-4566,0.1444737921
-4565,0.102706387
-4564,0.0387637891
-4563,0.0150598645
-4562,0.0069962713
-4561,0.0042830157
-4560,0.0033713933
-4559,0.0030651601
-4558,0.0029622926
-4557,0.0029277384
-4556,0.0029161312
-4555,0.0029122323
-4554,0.0029109227
-4553,0.0681301669
-4552,0.0479718251
-4551,0.019099545
-4550,0.0083962913
-4549,0.0047552563
-4548,0.0035301137
-4547,0.0031184803
-4546,0.0029802033
-4545,0.0029337547
-4544,0.002918152
-4543,0.0052085379
-4542,0.0044973615
-4541,0.0034804303
-4540,0.0031034692
-4539,0.0029752375
-4538,0.0029320898
-4537,0.0056306071
-4536,0.0047873364
-4535,0.4563562047
-4534,0.3325867046
-4533,0.1297622041
-4532,0.0460056942
-4531,0.0174085217
-4530,0.0077813874
-4529,0.0067378503
-4528,0.0049740274
-4527,0.0036388639
-4526,0.0031566128
-4525,0.0029930855
-4524,0.0029380846
-4523,0.0029196067
-4522,0.0029133999
-4521,0.0029113145
-4520,0.0029106141
-4519,0.0029103787
-4518,0.0029103001
-4517,0.0029102737
-4516,0.0029102646
-4515,0.0029102612
-4514,0.0029102604
-4513,0.0029102604
-4512,0.0029102604
-4511,0.0029102604
-4510,0.0048928469
-4509,0.0042801695
-4508,0.0034024218
-4507,0.003077036
-4506,0.0029663477
-4505,0.005120384
-4504,0.004430701
-4503,0.0034563542
-4502,0.2401816704
-4501,0.1787829717
-4500,0.0661078248
-4499,0.0243259655
-4498,0.0101125329
-4497,0.0053299683
-4496,0.0037230843
-4495,0.0031832975
-4494,0.003001976
-4493,0.066556916
-4492,0.0468950148
-4491,0.0187143546
-4490,0.0428061407
-4489,0.0285759384
-4488,0.0120892029
-4487,0.0060189249
-4486,0.0039556484
-4485,0.0032614699
-4484,0.0030282373
-4483,0.00294989
-4482,0.0029235721
-4481,0.0029147316
-4480,0.002911762
-4479,0.0029107645
-4478,0.0029104294
-4477,0.0029103167
-4476,0.0322330512
-4475,0.0231699167
-4474,0.0101889556
-4473,0.0053767765
-4472,0.0037397695
-4471,0.0276071967
-4470,0.0198748997
-4469,0.0090029667
-4468,0.0049747901
-4467,0.003604574
-4466,0.0031435248
-4465,0.0029886179
-4464,0.0313201883
-4463,0.0225298629
-4462,0.0099587962
-4461,0.0052987737
-4460,0.0037135362
-4459,0.0031801323
-4458,0.0030009148
-4457,0.002940712
-4456,0.0029204892
-4455,0.0029136963
-4454,0.002911414
-4453,0.0029106475
-4452,0.0445233253
-4451,0.0316747204
-4450,0.0132454617
-4449,0.0064125466
-4448,0.004088107
-4447,0.0033059754
-4446,0.0030431881
-4445,0.0029549123
-4444,0.0029252589
-4443,0.0029152981
-4442,0.0029119525
-4441,0.0029108285
-4440,0.0029104512
-4439,0.0029103243
-4438,0.0029102813
-4437,0.0029102671
-4436,0.0029102622
-4435,0.0029102605
-4434,0.004997194
-4433,0.0043522702
-4432,0.0034283249
-4431,0.005068401
-4430,0.0043392095
-4429,0.003422257
-4428,0.0030836989
-4427,0.0029685856
-4426,0.0029298548
-4425,0.0029168418
-4424,0.0443400215
-4423,0.0315340708
-4422,0.0131939309
-4421,0.0063950656
-4420,0.004082228
-4419,0.0033039999
-4418,0.0030425243
-4417,0.0029546887
-4416,0.002925184
-4415,0.0047935135
-4414,0.0042097524
-4413,0.0033770836
-4412,0.0030684483
-4411,0.0029634596
-4410,0.0029281329
-4409,0.0195073883
-4408,0.0143762596
-4407,0.0070295553
-4406,0.0043061424
-4405,0.0033797042
-4404,0.0030679757
-4403,0.0029632393
-4402,0.0029280565
-4401,0.0029162382
-4400,0.0029122683
-4399,0.0029109348
-4398,0.0029104867
-4397,0.0140754347
-4396,0.0106250438
-4395,0.0056819178
-4394,0.0059364118
-4393,0.0046681361
-4392,0.0035344442
-4391,0.0031214608
-4390,0.002981274
-4389,0.0696840581
-4388,0.0490575396
-4387,0.0194907276
-4386,0.0085288661
-4385,0.0047998404
-4384,0.003545092
-4383,0.0031235118
-4382,0.0029818941
-4381,0.0029343226
-4380,0.0029183428
-4379,0.0029129751
-4378,0.5300042191
-4377,0.3732566905
-4376,0.1505900757
-4375,0.0531590455
-4374,0.0198185532
-4373,0.0085912679
-4372,0.0048186323
-4371,0.003551306
-4370,0.0031255943
-4369,0.002982593
-4368,0.0029345571
-4367,0.0029184213
-4366,0.0029130011
-4365,0.0029111806
-4364,0.2132939533
-4363,0.1560291325
-4362,0.057927581
-4361,0.0215540021
-4360,0.0091803025
-4359,0.0140949349
-4358,0.0098906191
-4357,0.0054015389
-4356,0.003753765
-4355,0.0031939045
-4354,0.0030055527
-4353,0.0029422701
-4352,0.0029210123
-4351,0.0029138716
-4350,0.0029114732
-4349,0.0029106674
-4348,0.028476517
-4347,0.0205744174
-4346,0.0092564675
-4345,0.0050607857
-4344,0.003633499
-4343,0.0031532427
-4342,0.002991882
-4341,0.0029376776
-4340,0.0029194699
-4339,0.0029133537
-4338,0.0029112988
-4337,0.0029106088
-4336,0.002910377
-4335,0.4143633169
-4334,0.3074371693
-4333,0.1175557291
-4332,0.0418282995
-4331,0.066401237
-4330,0.0421332378
-4329,0.0168990515
-4328,0.0076462082
-4327,0.0045027942
-4326,0.0034452853
-4325,0.0030899838
-4324,0.0029706313
-4323,0.0029305394
-4322,0.0029170722
-4321,0.1306715052
-4320,0.0912228568
-4319,0.0346413535
-4318,0.013662973
-4317,0.0065264829
-4316,0.0041251829
-4315,0.0033183747
-4314,0.0030473502
-4313,0.0029563098
-4312,0.0029257288
-4311,0.0029154561
-4310,0.0029120058
-4309,0.0029108462
-4308,0.0029104568
-4307,0.0029103263
-4306,0.0029102822
-4305,0.0029102674
-4304,0.0029102622
-4303,0.0029102605
-4302,0.0029102604
-4301,0.0029102604
-4300,0.0029102604
-4299,0.0029102604
-4298,0.0029102604
-4297,0.0029102604
-4296,0.0029102604
-4295,0.0029102604
-4294,0.0029102604
-4293,0.0029102604
-4292,0.0029102604
-4291,0.0029102604
-4290,0.0029102604
-4289,0.0163716029
-4288,0.0122109528
-4287,0.0062517235
-4286,0.0040425751
-4285,0.003291066
-4284,0.0030381967
-4283,0.0029532356
-4282,0.0029246959
-4281,0.0029151091
-4280,0.0029118891
-4279,0.0029108069
-4278,0.0029104434
-4277,0.0072928832
-4276,0.0059385028
-4275,0.0293434255
-4274,0.0207977625
-4273,0.0093286278
-4272,0.0050848852
-4271,0.0737272333
-4270,0.0516015464
-4269,0.0203994343
-4268,0.0088365676
-4267,0.0459962161
-4266,0.0319843351
-4265,0.0133408806
-4264,0.0071259383
-4263,0.0061848603
-4262,0.0057887317
-4261,0.0049957643
-4260,0.0048495245
-4259,0.0050499371
-4258,0.0054662851
-4257,0.005967686
-4256,0.0055353708
-4255,0.0040027415
-4254,0.0032868154
-4253,0.032777362
-4252,0.0235009575
-4251,0.0103068934
-4250,0.0054167002
-4249,0.0037531943
-4248,0.0031934557
-4247,0.0102053128
-4246,0.0079171518
-4245,0.0047083188
-4244,0.0035195268
-4243,0.0031151588
-4242,0.0029790982
-4241,0.0029333837
-4240,0.0185707548
-4239,0.0137276313
-4238,0.0067965603
-4237,0.0042272
-4236,0.003353157
-4235,0.0030590577
-4234,0.0029602437
-4233,0.0029270503
-4232,0.0029159
-4231,0.0029121543
-4230,0.0029108958
-4229,0.0029104738
-4228,0.0029103316
-4227,0.0029102841
-4226,0.0029102683
-4225,0.0029102625
-4224,0.0029102606
-4223,0.0029102604
-4222,0.0029102604
-4221,0.0029102604
-4220,0.0029102604
-4219,0.0029102604
-4218,0.0029102604
-4217,0.0029102604
-4216,0.0108406101
-4215,0.0083899003
-4214,0.0048789079
-4213,0.0035773659
-4212,0.0031346118
-4211,0.0029856338
-4210,0.0029355792
-4209,0.0029187652
-4208,0.0029131169
-4207,0.0029112201
-4206,0.0029105825
-4205,0.0029103683
-4204,0.0029102962
-4203,0.0029102721
-4202,0.0385764846
-4201,0.0275645877
-4200,0.011768957
-4199,0.0059122102
-4198,0.0039198407
-4197,0.0032494431
-4196,0.0030241977
-4195,0.0029485327
-4194,0.0707515918
-4193,0.0497785446
-4192,0.0197485505
-4191,0.0086162139
-4190,0.0314388525
-4189,0.021940057
-4188,0.0097320477
-4187,0.0052213054
-4186,0.0036874544
-4185,0.0070321969
-4184,0.0056656901
-4183,0.0038981431
-4182,0.0032449315
-4181,0.0030228083
-4180,0.0029480718
-4179,0.0029229613
-4178,0.0029145266
-4177,0.0161637242
-4176,0.0120675077
-4175,0.0062001351
-4174,0.0040250827
-4173,0.0032851819
-4172,0.0684345785
-4171,0.0481558236
-4170,0.0191655519
-4169,0.0084186286
-4168,0.0047627647
-4167,0.0035326359
-4166,0.0031193273
-4165,0.0168592383
-4164,0.0125229376
-4163,0.0063632593
-4162,0.0040803473
-4161,0.0033037686
-4160,0.0030424646
-4159,0.0163116627
-4158,0.0121537727
-4157,0.0062308315
-4156,0.0040354806
-4155,0.00328868
-4154,0.0030373959
-4153,0.0029529669
-4152,0.0029246055
-4151,0.0029150791
-4150,0.0421480445
-4149,0.0300197995
-4148,0.012649903
-4147,0.0062107116
-4146,0.0040202285
-4145,0.0032831703
-4144,0.003035527
-4143,0.0029523386
-4142,0.0029243944
-4141,0.0029150075
-4140,0.0029118549
-4139,0.0029107955
-4138,0.0029104397
-4137,0.0029103204
-4136,0.0029102802
-4135,0.0029102667
-4134,0.002910262
-4133,0.0029102605
-4132,0.0029102604
-4131,0.0029102604
-4130,0.0029102604
-4129,0.0029102604
-4128,0.0029102604
-4127,0.0029102604
-4126,0.0029102604
-4125,0.0029102604
-4124,0.0029102604
-4123,0.0029102604
-4122,0.0029102604
-4121,0.0166846606
-4120,0.0124272502
-4119,0.0063294324
-4118,0.0040689078
-4117,0.0032999226
-4116,0.0030411726
-4115,0.0029542357
-4114,0.002925032
-4113,0.0029152221
-4112,0.0096944629
-4111,0.0075973547
-4110,0.0045941598
-4109,0.0034808737
-4108,0.0031021609
-4107,0.0029747312
-4106,0.0158715037
-4105,0.0118577349
-4104,0.0061246528
-4103,0.0039995074
-4102,0.0032765822
-4101,0.0030333309
-4100,0.0029516014
-4099,0.0029241469
-4098,0.0029149246
-4097,0.002911827
-4096,0.0029107865
-4095,0.0029104367
-4094,0.0029103195
-4093,0.00291028
-4092,0.0029102667
-4091,0.002910262
-4090,0.0029102605
-4089,0.0029102604
-4088,0.0029102604
-4087,0.0029102604
-4086,0.0029102604
-4085,0.0029102604
-4084,0.0029102604
-4083,0.0029102604
-4082,0.0029102604
-4081,0.0029102604
-4080,0.0029102604
-4079,0.0029102604
-4078,0.0029102604
-4077,0.0029102604
-4076,0.0029102604
-4075,0.0029102604
-4074,0.0029102604
-4073,0.0029102604
-4072,0.0029102604
-4071,0.0029102604
-4070,0.0029102604
-4069,0.0029102604
-4068,0.0029102604
-4067,0.0029102604
-4066,0.0029102604
-4065,0.0029102604
-4064,0.0029102604
-4063,0.0029102604
-4062,0.0029102604
-4061,0.0029102604
-4060,0.0029102604
-4059,0.0029102604
-4058,0.0029102604
-4057,0.0029102604
-4056,0.0029102604
-4055,0.0029102604
-4054,0.0029102604
-4053,0.0223196423
-4052,0.0163205626
-4051,0.0077281854
-4050,0.0045429002
-4049,0.0034593301
-4048,0.003094728
-4047,0.0029722262
-4046,0.002931075
-4045,0.0029172519
-4044,0.0029126087
-4043,0.0029110491
-4042,0.0029105249
-4041,0.0029103489
-4040,0.0029102901
-4039,0.0029102704
-4038,0.0029102634
-4037,0.0029102608
-4036,0.0029102604
-4035,0.0029102604
-4034,0.0029102604
-4033,0.0029102604
-4032,0.0029102604
-4031,0.0029102604
-4030,0.0029102604
-4029,0.0029102604
-4028,0.1722908855
-4027,0.1223626465
-4026,0.0458309723
-4025,0.0174548226
-4024,0.0078017142
-4023,0.0045536152
-4022,0.0034622932
-4021,0.0136351978
-4020,0.0102544903
-4019,0.0055473693
-4018,0.0038038301
-4017,0.0032107717
-4016,0.0030112209
-4015,0.0029441742
-4014,0.0029216525
-4013,0.0029140867
-4012,0.0029115456
-4011,0.0029106916
-4010,0.0029104051
-4009,0.0029103086
-4008,0.0029102761
-4007,0.0343200683
-4006,0.0246118797
-4005,0.0107070103
-4004,0.0055523286
-4003,0.0037988095
-4002,0.0032087814
-4001,0.0030105388
-4000,0.0029439448
-3999,0.0029215752
-3998,0.0029140612
-3997,0.0129292825
-3996,0.0098321366
-3995,0.0053970749
-3994,0.0037529613
-3993,0.062778365
-3992,0.0441736567
-3991,0.0177327573
-3990,0.0079330359
-3989,0.0045994562
-3988,0.0034777699
-3987,0.0031008964
-3986,0.0029742974
-3985,0.0029317712
-3984,0.0029174854
-3983,0.0029126869
-3982,0.0029110754
-3981,0.0029105343
-3980,0.025554628
-3979,0.0185556397
-3978,0.0085311812
-3977,0.0048150095
-3976,0.0035508425
-3975,0.0031254728
-3974,0.0029825539
-3973,0.0029345445
-3972,0.0029184174
-3971,0.2353097928
-3970,0.1772212634
-3969,0.0656466857
-3968,0.0241698017
-3967,0.0100600217
-3966,0.2447508937
-3965,0.1937748203
-3964,0.0728858052
-3963,0.0266219349
-3962,0.0108846534
-3961,0.0055893735
-3960,0.0038102231
-3959,0.0032125682
-3958,0.0030118087
-3957,0.0029443713
-3956,0.0029217181
-3955,0.0029141089
-3954,0.0029115531
-3953,0.0029106946
-3952,0.0029104061
-3951,0.0260752782
-3950,0.0189165937
-3949,0.0086607887
-3948,0.004858913
-3947,0.0035656051
-3946,0.0031304322
-3945,0.008410249
-3944,0.0066843316
-3943,0.0042655745
-3942,0.0033695041
-3941,0.2705053506
-3940,0.2082805095
-3939,0.0778064971
-3938,0.0282918299
-3937,0.0114463585
-3936,0.0057780899
-3935,0.0038736159
-3934,0.0032338629
-3933,0.0030189619
-3932,0.0029467743
-3931,0.0029225255
-3930,0.0029143802
-3929,0.0029116436
-3928,0.0029107246
-3927,0.0029104159
-3926,0.0029103124
-3925,0.0029102776
-3924,0.0029102658
-3923,0.0029102615
-3922,0.0029102604
-3921,0.0029102604
-3920,0.0029102604
-3919,0.0029102604
-3918,0.0205456659
-3917,0.0150948902
-3916,0.0072878365
-3915,0.0043936805
-3914,0.003409146
-3913,0.0030778677
-3912,0.0029665623
-3911,0.0029291727
-3910,0.0029166129
-3909,0.0029123937
-3908,0.0029109762
-3907,0.0029105004
-3906,0.1275244744
-3905,0.0895004436
-3904,0.034019555
-3903,0.0134522073
-3902,0.0064556028
-3901,0.0041013705
-3900,0.0033103758
-3899,0.0030446635
-3898,0.0029554073
-3897,0.0029254255
-3896,0.0029153542
-3895,0.0029119712
-3894,0.0029108347
-3893,0.0029104533
-3892,0.0029103252
-3891,0.0029102817
-3890,0.0029102673
-3889,0.0029102622
-3888,0.0029102605
-3887,0.0029102604
-3886,0.0728257508
-3885,0.0512161719
-3884,0.0202651464
-3883,0.0087912762
-3882,0.0191842495
-3881,0.0134522239
-3880,0.0066821581
-3879,0.0041877758
-3878,0.0033398688
-3877,0.0190203728
-3876,0.0139897992
-3875,0.006889678
-3874,0.004258709
-3873,0.0033637518
-3872,0.0030626165
-3871,0.0029614387
-3870,0.0029274513
-3869,0.0029160346
-3868,0.0029121994
-3867,0.0029109113
-3866,0.002910479
-3865,0.0029103337
-3864,0.0029102852
-3863,0.0029102686
-3862,0.0029102626
-3861,0.0029102607
-3860,0.0029102604
-3859,0.0029102604
-3858,0.0029102604
-3857,0.0029102604
-3856,0.0029102604
-3855,0.0029102604
-3854,0.1648118854
-3853,0.1172409792
-3852,0.043991765
-3851,0.0168315932
-3850,0.0075921199
-3849,0.0044831994
-3848,0.0034386392
-3847,0.0030877489
-3846,0.0029698803
-3845,0.0029302872
-3844,0.0029169871
-3843,0.0045820664
-3842,0.0040646267
-3841,0.0033249665
-3840,0.0030507888
-3839,0.0029575205
-3838,0.0029261375
-3837,0.0029155932
-3836,0.1619845379
-3835,0.1174752138
-3834,0.0440700519
-3833,0.0168580007
-3832,0.0076009981
-3831,0.0044861828
-3830,0.0034396411
-3829,0.003088085
-3828,0.0029699931
-3827,0.0029303249
-3826,0.0029170001
-3825,0.0029125243
-3824,0.0029110206
-3823,0.0029105154
-3822,0.0673995768
-3821,0.0474671001
-3820,0.0189182184
-3819,0.0083348461
-3818,0.0047345919
-3817,0.003523171
-3816,0.0031161478
-3815,0.0029794199
-3814,0.0029334915
-3813,0.0029180639
-3812,0.0627062887
-3811,0.0442235105
-3810,0.0177528681
-3809,0.0079399432
-3808,0.0046017832
-3807,0.0034785521
-3806,0.0031011592
-3805,0.0029743853
-3804,0.0029318006
-3803,0.0029174959
-3802,0.0029126906
-3801,0.0029110765
-3800,0.0029105344
-3799,0.0029103524
-3798,0.0029102907
-3797,0.0029102702
-3796,0.0029102632
-3795,0.0029102606
-3794,0.0029102604
-3793,0.0029102604
-3792,0.0029102604
-3791,0.0029102604
-3790,0.0029102604
-3789,0.0029102604
-3788,0.0029102604
-3787,0.0029102604
-3786,0.0029102604
-3785,0.0029102604
-3784,0.0029102604
-3783,0.0082319419
-3782,0.0065873868
-3781,0.0063182599
-3780,0.0047999329
-3779,0.0035788767
-3778,0.0031363943
-3777,0.0029862902
-3776,0.002935802
-3775,0.0029188401
-3774,0.0029131418
-3773,0.002911228
-3772,0.0029105851
-3771,0.0029103694
-3770,0.0029102964
-3769,0.0029102721
-3768,0.002910264
-3767,0.002910261
-3766,0.0029102604
-3765,0.0029102604
-3764,0.0029102604
-3763,0.0029102604
-3762,0.0029102604
-3761,0.0029102604
-3760,0.0029102604
-3759,0.0029102604
-3758,0.0029102604
-3757,0.0029102604
-3756,0.0029102604
-3755,0.0029102604
-3754,0.0029102604
-3753,0.0029102604
-3752,0.0029102604
-3751,0.0069797816
-3750,0.0057221805
-3749,0.003920487
-3748,0.0032525904
-3747,0.079161848
-3746,0.0555764714
-3745,0.0218322731
-3744,0.0093223118
-3743,0.0050666813
-3742,0.0036347412
-3741,0.0051362138
-3740,0.0043619186
-3739,0.0034298816
-3738,0.0104948767
-3737,0.0080885849
-3736,0.0047692761
-3735,0.0035401563
-3734,0.0031220955
-3733,0.0029814284
-3732,0.0029341666
-3731,0.0029182905
-3730,0.0029129578
-3729,0.0029111666
-3728,0.0791447399
-3727,0.055607294
-3726,0.0218451207
-3725,0.0093267276
-3724,0.0050681699
-3723,0.0036352416
-3722,0.0031537944
-3721,0.0029920662
-3720,0.0029377392
-3719,0.0029194907
-3718,0.0029133608
-3717,0.0029113019
-3716,0.0029106099
-3715,0.0199188895
-3714,0.0146626843
-3713,0.0071325036
-3712,0.0043410307
-3711,0.0033914375
-3710,0.0030719184
-3709,0.0029645639
-3708,0.0029285013
-3707,0.0827452927
-3706,0.058067595
-3705,0.0227266097
-3704,0.0096253856
-3703,0.0051686109
-3702,0.0036689865
-3701,0.0031651295
-3700,0.0029958734
-3699,0.0029390186
-3698,0.00291992
-3697,0.0029135048
-3696,0.00291135
-3695,0.0029106261
-3694,0.0029103825
-3693,0.0029103008
-3692,0.0788349791
-3691,0.0553924292
-3690,0.0217674326
-3689,0.0093003888
-3688,0.0050593112
-3687,0.0036322654
-3686,0.0031527946
-3685,0.0029917299
-3684,0.0029376267
-3683,0.0029194526
-3682,0.0029133477
-3681,0.0029112972
-3680,0.0029106082
-3679,0.0029103766
-3678,0.0029102988
-3677,0.0029102728
-3676,0.0029102642
-3675,0.002910261
-3674,0.0029102604
-3673,0.0029102604
-3672,0.0144932783
-3671,0.0109131836
-3670,0.0057854737
-3669,0.0038845777
-3668,0.0032379308
-3667,0.1350596425
-3666,0.0942163197
-3665,0.0357155744
-3664,0.0140269457
-3663,0.006648887
-3662,0.0529770873
-3661,0.0370714894
-3660,0.0151744828
-3659,0.0070658098
-3658,0.0043077846
-3657,0.0033797783
-3656,0.0509653232
-3655,0.0360564075
-3654,0.0148174536
-3653,0.0069451737
-3652,0.0042672316
-3651,0.018183386
-3650,0.0133016769
-3649,0.006639964
-3648,0.004173974
-3647,0.0033352484
-3646,0.0030530404
-3645,0.0029582226
-3644,0.0029263716
-3643,0.0029156722
-3642,0.0029120781
-3641,0.0029108704
-3640,0.002910465
-3639,0.002910329
-3638,0.0029102833
-3637,0.002910268
-3636,0.0029102624
-3635,0.0029102606
-3634,0.0029102604
-3633,0.0126149495
-3632,0.0096154103
-3631,0.0053192218
-3630,0.0037265802
-3629,0.0031847956
-3628,0.003002494
-3627,0.0029412429
-3626,0.0029206678
-3625,0.0029137562
-3624,0.0029114343
-3623,0.0029106546
-3622,0.0297134814
-3621,0.0214376709
-3620,0.0095672692
-3619,0.0051661193
-3618,0.0036689237
-3617,0.0031651441
-3616,0.0029958803
-3615,0.0029390208
-3614,0.002919921
-3613,0.0029135053
-3612,0.00291135
-3611,0.0029106261
-3610,0.0029103825
-3609,0.0029103008
-3608,0.0165796923
-3607,0.0123554309
-3606,0.0063035864
-3605,0.0040601392
-3604,0.0032969718
-3603,0.0030401811
-3602,0.0029539023
-3601,0.0029249199
-3600,0.0029151847
-3599,0.0029119144
-3598,0.0029108156
-3597,0.0029104469
-3596,0.0029103227
-3595,0.0029102809
-3594,0.002910267
-3593,0.0029102621
-3592,0.0029102605
-3591,0.0029102604
-3590,0.0029102604
-3589,0.0029102604
-3588,0.0029102604
-3587,0.0029102604
-3586,0.0029102604
-3585,0.0790868641
-3584,0.0555420989
-3583,0.0218193247
-3582,0.0093179376
-3581,0.0050652143
-3580,0.0036342487
-3579,0.0031534604
-3578,0.0029919539
-3577,0.0029377017
-3576,0.0029194781
-3575,0.0029133564
-3574,0.0029112998
-3573,0.0029106092
-3572,0.0029103771
-3571,0.002910299
-3570,0.0029102728
-3569,0.0029102642
-3568,0.002910261
-3567,0.0029102604
-3566,0.0029102604
-3565,0.0029102604
-3564,0.0029102604
-3563,0.0029102604
-3562,0.0029102604
-3561,0.0029102604
-3560,0.0029102604
-3559,0.0064580478
-3558,0.0053616777
-3557,0.0037909706
-3556,0.0032087017
-3555,0.004993215
-3554,0.0043138899
-3553,0.0034137492
-3552,0.0030808412
-3551,0.0029676255
-3550,0.0029295324
-3549,0.002916734
-3548,0.0029124349
-3547,0.002910991
-3546,0.0029105058
-3545,0.0029103422
-3544,0.0029102875
-3543,0.0029102691
-3542,0.0029102627
-3541,0.0029102607
-3540,0.0029102604
-3539,0.0029102604
-3538,0.0029102604
-3537,0.0029102604
-3536,0.0029102604
-3535,0.0029102604
-3534,0.0029102604
-3533,0.0029102604
-3532,0.0029102604
-3531,0.0029102604
-3530,0.0029102604
-3529,0.0029102604
-3528,0.0047885004
-3527,0.0042080692
-3526,0.0033765179
-3525,0.0030682581
-3524,0.0029633958
-3523,0.005745472
-3522,0.0048629703
-3521,0.0036116617
-3520,0.0031479342
-3519,0.1785687598
-3518,0.1268607084
-3517,0.0474460157
-3516,0.0180020733
-3515,0.0108031178
-3514,0.0065621608
-3513,0.0041824514
-3512,0.0033396692
-3511,0.0196464876
-3510,0.014422396
-3509,0.0070450976
-3508,0.0043113758
-3507,0.0033814644
-3506,0.0030685675
-3505,0.0029634384
-3504,0.0029281233
-3503,0.0029162606
-3502,0.002912276
-3501,0.0029109371
-3500,0.0029104874
-3499,0.0029103364
-3498,0.0029102858
-3497,0.0029102686
-3496,0.0029102626
-3495,0.0029102607
-3494,0.0029102604
-3493,0.0029102604
-3492,0.0029102604
-3491,0.0029102604
-3490,0.0029102604
-3489,0.0029102604
-3488,0.0029102604
-3487,0.0029102604
-3486,0.0029102604
-3485,0.0029102604
-3484,0.0029102604
-3483,0.0029102604
-3482,0.0065623952
-3481,0.0054337782
-3480,0.0038168735
-3479,0.0032174794
-3478,0.0030135796
-3477,0.0029449714
-3476,0.0029219202
-3475,0.0029141765
-3474,0.0029115754
-3473,0.002910702
-3472,0.0029104083
-3471,0.0915047263
-3470,0.0641218092
-3469,0.0249017606
-3468,0.010362476
-3467,0.0054165005
-3466,0.0037522682
-3465,0.0031931056
-3464,0.0030052709
-3463,0.0029421752
-3462,0.0029209805
-3461,0.002913861
-3460,0.0789356596
-3459,0.0554627272
-3458,0.0217933953
-3457,0.0093092035
-3456,0.0050622768
-3455,0.0036332621
-3454,0.0031531297
-3453,0.0029918423
-3452,0.1772451477
-3451,0.1311979296
-3450,0.0490203875
-3449,0.0185355038
-3448,0.0081651577
-3447,0.0046757204
-3446,0.0035033104
-3445,0.0084311538
-3444,0.0066543041
-3443,0.0042538038
-3442,0.0033654728
-3441,0.0030633479
-3440,0.0029616921
-3439,0.0029275368
-3438,0.0029160634
-3437,0.0029122094
-3436,0.0629807745
-3435,0.0444337579
-3434,0.0178302539
-3433,0.007966205
-3432,0.0046106153
-3431,0.0034815197
-3430,0.0031021563
-3429,0.00297472
-3428,0.0029319128
-3427,0.0029175331
-3426,0.0029127028
-3425,0.0029110801
-3424,0.0029105354
-3423,0.0277460121
-3422,0.0200697087
-3421,0.0090751404
-3420,0.0049993404
-3419,0.0036128348
-3418,0.0031463
-3417,0.0029895498
-3416,0.0029368944
-3415,0.0029192068
-3414,0.0029132657
-3413,0.0029112698
-3412,0.0158495888
-3411,0.0118508372
-3410,0.0061223003
-3409,0.0039987075
-3408,0.0032763114
-3407,0.0030332402
-3406,0.0029515712
-3405,0.002924137
-3404,0.0029149216
-3403,0.0029118256
-3402,0.0029107861
-3401,0.0029104367
-3400,0.0029103195
-3399,0.00291028
-3398,0.0300416613
-3397,0.0216558498
-3396,0.0096449951
-3395,0.0051924459
-3394,0.0036777776
-3393,0.0031681184
-3392,0.0029968789
-3391,0.0029393562
-3390,0.0193032196
-3389,0.014232993
-3388,0.0069781059
-3387,0.0042887198
-3386,0.003373847
-3385,0.0030660084
-3384,0.0029625783
-3383,0.0029278344
-3382,0.0029161634
-3381,0.0029122427
-3380,0.0029109254
-3379,0.0029104834
-3378,0.0029103351
-3377,0.0029102855
-3376,0.0029102686
-3375,0.0077102113
-3374,0.006226885
-3373,0.0041018103
-3372,0.0033140341
-3371,0.0030460517
-3370,0.002955881
-3369,0.0029255845
-3368,0.0029154076
-3367,0.0062510836
-3366,0.0052180569
-3365,0.0037393585
-3364,0.0031912115
-3363,0.0030047457
-3362,0.0029420034
-3361,0.002920923
-3360,0.002913841
-3359,0.0029114629
-3358,0.0029106643
-3357,0.0205458005
-3356,0.0150949353
-3355,0.0072878526
-3354,0.004393686
-3353,0.0433757726
-3352,0.0306915533
-3351,0.01288734
-3350,0.0062910061
-3349,0.0040472246
-3348,0.0032922395
-3347,0.0030385736
-3346,0.0029533617
-3345,0.0029247382
-3344,0.0080281121
-3343,0.0064448197
-3342,0.0041800683
-3341,0.0033405516
-3340,0.0328994985
-3339,0.0235790197
-3338,0.0103347982
-3337,0.0054261495
-3336,0.0037563718
-3335,0.0031945235
-3334,0.0030057491
-3333,0.0029423357
-3332,0.002921034
-3331,0.0164795728
-3330,0.0122842653
-3329,0.0062780339
-3328,0.0040514894
-3327,0.0032940646
-3326,0.0030392043
-3325,0.0029535745
-3324,0.0029248099
-3323,0.0029151474
-3322,0.0029119018
-3321,0.0029108115
-3320,0.0029104455
-3319,0.0029103223
-3318,0.0228414157
-3317,0.0166810607
-3316,0.0078577015
-3315,0.0045867891
-3314,0.0034740902
-3313,0.0030996869
-3312,0.0029738917
-3311,0.0029316349
-3310,0.0029174401
-3309,0.0029126718
-3308,0.0029110704
-3307,0.0029105322
-3306,0.0029103515
-3305,0.0029102905
-3304,0.0029102702
-3303,0.0029102632
-3302,0.0029102606
-3301,0.0029102604
-3300,0.0029102604
-3299,0.0029102604
-3298,0.0029102604
-3297,0.0029102604
-3296,0.0029102604
-3295,0.0029102604
-3294,0.0029102604
-3293,0.0029102604
-3292,0.1205567185
-3291,0.0842306091
-3290,0.0321285795
-3289,0.0128114577
-3288,0.0062401099
-3287,0.0103941196
-3286,0.0076841873
-3285,0.0046165923
-3284,0.0929649355
-3283,0.0649558701
-3282,0.0251999705
-3281,0.010463402
-3280,0.0054504347
-3279,0.0037636687
-3278,0.0031969354
-3277,0.0030065572
-3276,0.0029426071
-3275,0.0051124053
-3274,0.0044280194
-3273,0.0123249239
-3272,0.0092235475
-3271,0.0051741664
-3270,0.0036772379
-3269,0.0031681914
-3268,0.0029969151
-3267,0.0029393687
-3266,0.0029200378
-3265,0.0029135445
-3264,0.0029113633
-3263,0.0029106307
-3262,0.0029103846
-3261,0.002910302
-3260,0.0029102743
-3259,0.0029102647
-3258,0.0029102612
-3257,0.0029102604
-3256,0.0029102604
-3255,0.0029102604
-3254,0.0029102604
-3253,0.0029102604
-3252,0.0029102604
-3251,0.0029102604
-3250,0.0029102604
-3249,0.0029102604
-3248,0.0029102604
-3247,0.0029102604
-3246,0.0029102604
-3245,0.0029102604
-3244,0.0029102604
-3243,0.0029102604
-3242,0.0029102604
-3241,0.0029102604
-3240,0.0068754344
-3239,0.0056500793
-3238,0.0038945834
-3237,0.0032438125
-3236,0.0061528365
-3235,0.0051109623
-3234,0.003700017
-3233,0.0031778431
-3232,0.0030002482
-3231,0.0029404925
-3230,0.0029204157
-3229,0.0029136711
-3228,0.0029114055
-3227,0.0029106447
-3226,0.0029103892
-3225,0.0029103035
-3224,0.0029102749
-3223,0.0029102649
-3222,0.0029102613
-3221,0.0029102604
-3220,0.0029102604
-3219,0.0029102604
-3218,0.0029102604
-3217,0.0029102604
-3216,0.0029102604
-3215,0.0029102604
-3214,0.0029102604
-3213,0.0029102604
-3212,0.0029102604
-3211,0.0053102344
-3210,0.0045685719
-3209,0.0035060346
-3208,0.0031121468
-3207,0.1233168515
-3206,0.0863509183
-3205,0.0328874961
-3204,0.013068564
-3203,0.0063265797
-3202,0.0040580232
-3201,0.0032958144
-3200,0.003039772
-3199,0.0029537646
-3198,0.0029248737
-3197,0.0029151691
-3196,0.0029119093
-3195,0.0029108144
-3194,0.0534165697
-3193,0.0378059401
-3192,0.0154472453
-3191,0.0071586421
-3190,0.0043390246
-3189,0.0033902745
-3188,0.0030715052
-3187,0.002964424
-3186,0.0029284543
-3185,0.0246214872
-3184,0.0179087812
-3183,0.0082987362
-3182,0.0047362399
-3181,0.0035243522
-3180,0.0031165733
-3179,0.1230234774
-3178,0.0861350915
-3177,0.0328099421
-3176,0.0130422838
-3175,0.0063177415
-3174,0.0040550538
-3173,0.0032948169
-3172,0.0030394369
-3171,0.0029536518
-3170,0.0029248358
-3169,0.0029151558
-3168,0.0029119045
-3167,0.0029108125
-3166,0.0029104457
-3165,0.0029103225
-3164,0.0029102809
-3163,0.002910267
-3162,0.0029102621
-3161,0.0029102605
-3160,0.0036406797
-3159,0.0051454034
-3158,0.0058013059
-3157,0.0068893301
-3156,0.008430357
-3155,0.0085603785
-3154,0.0071392725
-3153,0.0064226149
-3152,0.3385478916
-3151,0.2583900868
-3150,0.0984774826
-3149,0.0353232974
-3148,0.0148105386
-3147,0.0096277149
-3146,0.0081239293
-3145,0.0072612573
-3144,0.0068793808
-3143,0.0063829887
-3142,0.0061327287
-3141,0.010194932
-3140,0.016471108
-3139,0.0140085957
-3138,0.0123563037
-3137,0.0132692622
-3136,0.0153527408
-3135,0.0155095108
-3134,0.0131126149
-3133,0.0120950877
-3132,0.0113285476
-3131,0.0109341354
-3130,0.0107954238
-3129,0.0128289542
-3128,0.0163521817
-3127,0.1661516893
-3126,0.1142492898
-3125,0.0458877033
-3124,0.0257527708
-3123,0.018686248
-3122,0.0136346571
-3121,0.0100938736
-3120,0.2079666158
-3119,0.1500984478
-3118,0.0575598298
-3117,0.0262870771
-3116,0.0160015518
-3115,0.0148393714
-3114,0.0152481383
-3113,0.0099887191
-3112,0.0073800608
-3111,0.0067686918
-3110,0.0067890372
-3109,0.0073851109
-3108,0.0487048658
-3107,0.0354551897
-3106,0.0148638796
-3105,0.0077754986
-3104,0.0067354248
-3103,0.1127888779
-3102,0.078028094
-3101,0.0306003681
-3100,0.0142473225
-3099,0.0088266642
-3098,0.0070091016
-3097,0.0101334897
-3096,0.0084183988
-3095,0.0064948802
-3094,0.0060025683
-3093,0.005964875
-3092,0.0053811286
-3091,0.003930603
-3090,0.0032616592
-3089,0.0030286923
-3088,0.0029500606
-3087,0.0029236301
-3086,0.0029147513
-3085,0.0029117686
-3084,0.0029107669
-3083,0.0029104304
-3082,0.0029103168
-3081,0.0029102793
-3080,0.0029102662
-3079,0.0029102618
-3078,0.0029102605
-3077,0.0029102604
-3076,0.0029102604
-3075,0.0029102604
-3074,0.029728598
-3073,0.0214395461
-3072,0.0095672843
-3071,0.0051661121
-3070,0.0072167078
-3069,0.0056165597
-3068,0.0038765895
-3067,0.0032374622
-3066,0.0030202886
-3065,0.0029472249
-3064,0.0029226768
-3063,0.0029144308
-3062,0.0029116608
-3061,0.0029107307
-3060,0.0029104181
-3059,0.0029103129
-3058,0.0029102776
-3057,0.0029102658
-3056,0.0201274697
-3055,0.0148068477
-3054,0.0071842972
-3053,0.0043585812
-3052,0.00339734
-3051,0.0030739012
-3050,0.0029652299
-3049,0.0029287249
-3048,0.0029164625
-3047,0.0029123435
-3046,0.0029109597
-3045,0.0029104951
-3044,0.0029103386
-3043,0.0029102864
-3042,0.0029102687
-3041,0.0029102627
-3040,0.0029102607
-3039,0.0029102604
-3038,0.0029102604
-3037,0.0029102604
-3036,0.0029102604
-3035,0.0029102604
-3034,0.0029102604
-3033,0.0029102604
-3032,0.0029102604
-3031,0.0029102604
-3030,0.0029102604
-3029,0.0029102604
-3028,0.0029102604
-3027,0.0029102604
-3026,0.0029102604
-3025,0.0029102604
-3024,0.0029102604
-3023,0.0029102604
-3022,0.0029102604
-3021,0.0029102604
-3020,0.0029102604
-3019,0.0029102604
-3018,0.0029102604
-3017,0.0160579464
-3016,0.0119949272
-3015,0.0061740714
-3014,0.0173732427
-3013,0.0125108074
-3012,0.0063507839
-3011,0.0040757742
-3010,0.0033022147
-3009,0.0030419417
-3008,0.0029544939
-3007,0.002925119
-3006,0.0029152515
-3005,0.0029119366
-3004,0.0029108229
-3003,0.002910449
-3002,0.004788564
-3001,0.0042080905
-3000,0.003376525
-2999,0.0050508476
-2998,0.0043333065
-2997,0.0034202735
-2996,0.0030830326
-2995,0.0029683617
-2994,0.0150345536
-2993,0.0112802304
-2992,0.0059171889
-2991,0.0039292053
-2990,0.0032529385
-2989,0.0030253874
-2988,0.002948933
-2987,0.0029232508
-2986,0.0029146236
-2985,0.0029117258
-2984,0.0029107526
-2983,0.0029104256
-2982,0.0029103153
-2981,0.0029102785
-2980,0.0029102662
-2979,0.0029102618
-2978,0.0029102605
-2977,0.0029102604
-2976,0.0029102604
-2975,0.0029102604
-2974,0.0029102604
-2973,0.0029102604
-2972,0.0029102604
-2971,0.0029102604
-2970,0.0029102604
-2969,0.0029102604
-2968,0.0029102604
-2967,0.0029102604
-2966,0.0029102604
-2965,0.0029102604
-2964,0.0029102604
-2963,0.0029102604
-2962,0.0029102604
-2961,0.0029102604
-2960,0.0029102604
-2959,0.0029102604
-2958,0.0029102604
-2957,0.0029102604
-2956,0.0029102604
-2955,0.0029102604
-2954,0.0029102604
-2953,0.0029102604
-2952,0.0029102604
-2951,0.0029102604
-2950,0.0029102604
-2949,0.0029102604
-2948,0.0029102604
-2947,0.0029102604
-2946,0.0029102604
-2945,0.0029102604
-2944,0.0029102604
-2943,0.0029102604
-2942,0.0029102604
-2941,0.0029102604
-2940,0.0029102604
-2939,0.0029102604
-2938,0.0029102604
-2937,0.0029102604
-2936,0.0029102604
-2935,0.0029102604
-2934,0.0029102604
-2933,0.0029102604
-2932,0.0029102604
-2931,0.0029102604
-2930,0.0029102604
-2929,0.0078145556
-2928,0.0062989853
-2927,0.0041277133
-2926,0.0033228118
-2925,0.0030490037
-2924,0.0029568728
-2923,0.0493349041
-2922,0.0349955316
-2921,0.0144387171
-2920,0.0068169048
-2919,0.0042240959
-2918,0.0630108442
-2917,0.0442959495
-2916,0.017776467
-2915,0.0079478117
-2914,0.0046044212
-2913,0.4271970161
-2912,0.3160407911
-2911,0.1200114236
-2910,0.0426677171
-2909,0.016284409
-2908,0.0074036535
-2907,0.0044196792
-2906,0.003417292
-2905,0.0030805777
-2904,0.0029674715
-2903,0.004912065
-2902,0.0042866242
-2901,0.0034045895
-2900,0.0030777639
-2899,0.0029665919
-2898,0.0029291852
-2897,0.0106386275
-2896,0.0082476757
-2895,0.0048277858
-2894,0.0035600459
-2893,0.0031287881
-2892,0.0029836773
-2891,0.0029349219
-2890,0.0175277534
-2889,0.0130068183
-2888,0.0065375889
-2887,0.0041394425
-2886,0.0155327686
-2885,0.0114846538
-2884,0.0059875421
-2883,0.0039529141
-2882,0.0032609066
-2881,0.0030280642
-2880,0.0029498321
-2879,0.0029235528
-2878,0.002914725
-2877,0.0029117593
-2876,0.0029107638
-2875,0.0029104292
-2874,0.0029103167
-2873,0.0569643575
-2872,0.040257237
-2871,0.0163279253
-2870,0.007457077
-2869,0.0044393914
-2868,0.0034239943
-2867,0.0030828324
-2866,0.0029682286
-2865,0.002929732
-2864,0.0029168008
-2863,0.0052080838
-2862,0.0044972088
-2861,0.0034803788
-2860,0.0031034523
-2859,0.0029752318
-2858,0.0029320881
-2857,0.0637545141
-2856,0.0449460897
-2855,0.0180124329
-2854,0.0080279012
-2853,0.0065096039
-2852,0.0047862989
-2851,0.0035707558
-2850,0.0031335046
-2849,0.0071591807
-2848,0.0058194946
-2847,0.0039548598
-2846,0.0032642126
-2845,0.0030292953
-2844,0.0029502517
-2843,0.008767109
-2842,0.0069524015
-2841,0.004362358
-2840,0.0034023203
-2839,0.0030757426
-2838,0.002965856
-2837,0.0029289356
-2836,0.0029165329
-2835,0.002912367
-2834,0.0029109676
-2833,0.0029104975
-2832,0.0533860226
-2831,0.0378015293
-2830,0.0154471521
-2829,0.0071586405
-2828,0.0043390246
-2827,0.0033902745
-2826,0.0030715056
-2825,0.0029644243
-2824,0.0029284543
-2823,0.0029163717
-2822,0.0029123132
-2821,0.0029109498
-2820,0.0029104917
-2819,0.002910338
-2818,0.0029102864
-2817,0.0029102687
-2816,0.0029102627
-2815,0.0029102607
-2814,0.0029102604
-2813,0.0029102604
-2812,0.0029102604
-2811,0.0029102604
-2810,0.0029102604
-2809,0.0029102604
-2808,0.0029102604
-2807,0.0029102604
-2806,0.0029102604
-2805,0.0029102604
-2804,0.0029102604
-2803,0.0029102604
-2802,0.0029102604
-2801,0.0029102604
-2800,0.0029102604
-2799,0.0029102604
-2798,0.0029102604
-2797,0.0086493286
-2796,0.006875789
-2795,0.0043349389
-2794,0.0033930336
-2793,0.0030726199
-2792,0.0029648068
-2791,0.0029285831
-2790,0.002916415
-2789,0.0029123274
-2788,0.0029109542
-2787,0.0029104929
-2786,0.0029103382
-2785,0.0029102864
-2784,0.0029102687
-2783,0.0029102627
-2782,0.0029102607
-2781,0.0029102604
-2780,0.0029102604
-2779,0.0029102604
-2778,0.0029102604
-2777,0.0029102604
-2776,0.0029102604
-2775,0.0029102604
-2774,0.0029102604
-2773,0.0029102604
-2772,0.0029102604
-2771,0.0029102604
-2770,0.0029102604
-2769,0.0029102604
-2768,0.0029102604
-2767,0.0029102604
-2766,0.076478063
-2765,0.0537396295
-2764,0.0211717516
-2763,0.0090984951
-2762,0.0049914134
-2761,0.0036094542
-2760,0.0074233466
-2759,0.0059452765
-2758,0.0039987953
-2757,0.0032790482
-2756,0.0030342822
-2755,0.0029519265
-2754,0.0029242564
-2753,0.0029149615
-2752,0.002911839
-2751,0.0029107905
-2750,0.0029104381
-2749,0.0029103198
-2748,0.00291028
-2747,0.0029102667
-2746,0.002910262
-2745,0.0029102605
-2744,0.0300416531
-2743,0.0216558461
-2742,0.0096449944
-2741,0.0051924457
-2740,0.0036777776
-2739,0.0031681184
-2738,0.0029968789
-2737,0.0029393562
-2736,0.0029200336
-2735,0.0489325577
-2734,0.0347067557
-2733,0.0143337749
-2732,0.0067813219
-2731,0.0042121294
-2730,0.0033476421
-2729,0.0030571847
-2728,0.0029596135
-2727,0.0029268384
-2726,0.0029158288
-2725,0.0029121305
-2724,0.0029108885
-2723,0.0029104711
-2722,0.0934301366
-2721,0.0654825169
-2720,0.0253937277
-2719,0.010529252
-2718,0.0286375591
-2717,0.0197774316
-2716,0.0089499604
-2715,0.0049560486
-2714,0.0035982341
-2713,0.0031413929
-2712,0.0149883248
-2711,0.0112276565
-2710,0.0058978449
-2709,0.0039226307
-2708,0.0032507271
-2707,0.0030246447
-2706,0.0029486834
-2705,0.0029231667
-2704,0.0029145955
-2703,0.0029117164
-2702,0.0029107491
-2701,0.0029104243
-2700,0.0029103151
-2699,0.0029102782
-2698,0.0029102661
-2697,0.0029102618
-2696,0.0029102605
-2695,0.0029102604
-2694,0.0243013362
-2693,0.0176908674
-2692,0.0082204273
-2691,0.0047096892
-2690,0.00351542
-2689,0.0031135719
-2688,0.0029785555
-2687,0.0029332009
-2686,0.0029179661
-2685,0.1294289489
-2684,0.0903607111
-2683,0.0343306525
-2682,0.0135576617
-2681,0.0064910637
-2680,0.0134001407
-2679,0.0097313236
-2678,0.0053513972
-2677,0.0037370747
-2676,0.0031883052
-2675,0.0030036723
-2674,0.0029416388
-2673,0.0029208004
-2672,0.0029138007
-2671,0.0029114496
-2670,0.0029106596
-2669,0.0029103945
-2668,0.0029103053
-2667,0.0029102752
-2666,0.002910265
-2665,0.0164759573
-2664,0.0122830535
-2663,0.0062776266
-2662,0.0040513522
-2661,0.0032940182
-2660,0.0030391888
-2659,0.002953569
-2658,0.0029248079
-2657,0.002915147
-2656,0.0029119015
-2655,0.0029108114
-2654,0.0029104455
-2653,0.0029103223
-2652,0.0029102809
-2651,0.002910267
-2650,0.0029102621
-2649,0.026389352
-2648,0.0191324026
-2647,0.0087383954
-2646,0.0048852282
-2645,0.0035744577
-2644,0.0148207761
-2643,0.0110602396
-2642,0.0058365557
-2641,0.0039018135
-2640,0.0032437242
-2639,0.003022292
-2638,0.0029478934
-2637,0.0029229015
-2636,0.0029145062
-2635,0.0483045902
-2634,0.0342735459
-2633,0.0141781515
-2632,0.0067285874
-2631,0.0041943948
-2630,0.0033416837
-2629,0.0030551828
-2628,0.0029589413
-2627,0.0029266127
-2626,0.002915753
-2625,0.0029121048
-2624,0.0029108794
-2623,0.0029104682
-2622,0.0029103299
-2621,0.0029102835
-2620,0.0029102681
-2619,0.0029102625
-2618,0.0029102606
-2617,0.0029102604
-2616,0.0029102604
-2615,0.0029102604
-2614,0.0029102604
-2613,0.0029102604
-2612,0.0319199774
-2611,0.0229536166
-2610,0.0101112448
-2609,0.0053504428
-2608,0.035871175
-2607,0.0253922749
-2606,0.0109809427
-2605,0.005644881
-2604,0.0038299228
-2603,0.0032192336
-2602,0.0030140497
-2601,0.002945124
-2600,0.002921971
-2599,0.0029141938
-2598,0.0029115811
-2597,0.0029107035
-2596,0.0029104087
-2595,0.0029103102
-2594,0.002910277
-2593,0.0029102655
-2592,0.0029102614
-2591,0.0029102604
-2590,0.0154324408
-2589,0.0115620678
-2588,0.0060185981
-2587,0.0039635759
-2586,0.0032644987
-2585,0.0030292715
-2584,0.0029502377
-2583,0.0029236892
-2582,0.0029147714
-2581,0.0029117755
-2580,0.0029107689
-2579,0.0029104311
-2578,0.0029103174
-2577,0.0029102796
-2576,0.0029102666
-2575,0.2055562782
-2574,0.1581763723
-2573,0.0604417249
-2572,0.0224055819
-2571,0.0094666607
-2570,0.0051129744
-2569,0.0036501911
-2568,0.0053500918
-2567,0.0045078616
-2566,0.0034822733
-2565,0.0031040119
-2564,0.0029754159
-2563,0.0029321494
-2562,0.0134571161
-2561,0.0101946695
-2560,0.0055272753
-2559,0.0037970802
-2558,0.0032085045
-2557,0.0030104593
-2556,0.0488300507
-2555,0.0346404716
-2554,0.014311211
-2553,0.0067736963
-2552,0.0042095643
-2551,0.0033467807
-2550,0.0074394575
-2549,0.005987739
-2548,0.0040147429
-2547,0.0032844816
-2546,0.0030361109
-2545,0.0029525408
-2544,0.0029244625
-2543,0.0029150306
-2542,0.0029118624
-2541,0.002910798
-2540,0.0029104408
-2539,0.0029103209
-2538,0.0029102803
-2537,0.0029102668
-2536,0.0029102621
-2535,0.0029102605
-2534,0.0029102604
-2533,0.0029102604
-2532,0.0029102604
-2531,0.0029102604
-2530,0.0029102604
-2529,0.0029102604
-2528,0.0029102604
-2527,0.0029102604
-2526,0.0029102604
-2525,0.0029102604
-2524,0.0029102604
-2523,0.0029102604
-2522,0.0029102604
-2521,0.0029102604
-2520,0.0029102604
-2519,0.0401637552
-2518,0.0286493955
-2517,0.0121575708
-2516,0.0060438771
-2515,0.0039641213
-2514,0.0032643203
-2513,0.0030291947
-2512,0.0029502115
-2511,0.0084540556
-2510,0.0067360944
-2509,0.0042846464
-2508,0.0052542274
-2507,0.0043646963
-2506,0.0034291391
-2505,0.02082569
-2504,0.0152260635
-2503,0.0073335876
-2502,0.0044091254
-2501,0.0034143374
-2500,0.0030796118
-2499,0.0307086946
-2498,0.0221054849
-2497,0.0098067966
-2496,0.0255948809
-2495,0.0177558196
-2494,0.0082254482
-2493,0.0047106121
-2492,0.003515695
-2491,0.0031136627
-2490,0.0029785864
-2489,0.0063766522
-2488,0.0052972856
-2487,0.0037676561
-2486,0.0049746871
-2485,0.0042336771
-2484,0.0033834413
-2483,0.0030705076
-2482,0.0029641474
-2481,0.0029283638
-2480,0.0029163413
-2479,0.002912303
-2478,0.0029109465
-2477,0.0029104906
-2476,0.0029103375
-2475,0.0029102862
-2474,0.0029102687
-2473,0.0750829457
-2472,0.0527981066
-2471,0.0208349685
-2470,0.0089843975
-2469,0.0049530397
-2468,0.0035965625
-2467,0.0031408016
-2466,0.0029877017
-2465,0.0029362734
-2464,0.002918998
-2463,0.0029131951
-2462,0.0029112457
-2461,0.0918180793
-2460,0.0643382102
-2459,0.02497951
-2458,0.0513970793
-2457,0.0337608699
-2456,0.0139352251
-2455,0.0066437451
-2454,0.0041657441
-2453,0.0033320524
-2452,0.0030519473
-2451,0.0029578543
-2450,0.0029262473
-2449,0.0029156301
-2448,0.002912064
-2447,0.0029108657
-2446,0.002910463
-2445,0.0029103281
-2444,0.0029102824
-2443,0.0029102674
-2442,0.0029102622
-2441,0.0029102605
-2440,0.0029102604
-2439,0.0029102604
-2438,0.0029102604
-2437,0.0029102604
-2436,0.0029102604
-2435,0.0029102604
-2434,0.0029102604
-2433,0.0227370474
-2432,0.0166089569
-2431,0.0078317952
-2430,0.00457801
-2429,0.0034711375
-2428,0.0030986947
-2427,0.0029735584
-2426,0.0029315227
-2425,0.0029174025
-2424,0.0029126595
-2423,0.0126153099
-2422,0.0096158784
-2421,0.0053193528
-2420,0.0037266165
-2419,0.0031848058
-2418,0.003002497
-2417,0.0029412435
-2416,0.0029206678
-2415,0.0029137561
-2414,0.0053114089
-2413,0.0045689666
-2412,0.003506167
-2411,0.0031121913
-2410,0.0029781702
-2409,0.0029330749
-2408,0.0029179238
-2407,0.0115736091
-2406,0.0088954662
-2405,0.0284341802
-2404,0.0197894224
-2403,0.0089576373
-2402,0.0049587932
-2401,0.0035991631
-2400,0.0031417054
-2399,0.0029880064
-2398,0.0029363759
-2397,0.0029190326
-2396,0.002913207
-2395,0.00291125
-2394,0.0029105926
-2393,0.0029103719
-2392,0.0029102976
-2391,0.0029102726
-2390,0.0029102641
-2389,0.002910261
-2388,0.0029102604
-2387,0.0029102604
-2386,0.0029102604
-2385,0.0029102604
-2384,0.0029102604
-2383,0.0029102604
-2382,0.0029102604
-2381,0.0029102604
-2380,0.0029102604
-2379,0.0029102604
-2378,0.0029102604
-2377,0.0029102604
-2376,0.0029102604
-2375,0.0029102604
-2374,0.0029102604
-2373,0.0220065866
-2372,0.0161042678
-2371,0.0076504767
-2370,0.0045165675
-2369,0.0034504742
-2368,0.003091753
-2367,0.0029712265
-2366,0.0029307393
-2365,0.0029171389
-2364,0.0051038512
-2363,0.004425146
-2362,0.0034544878
-2361,0.0030946786
-2360,0.0029722808
-2359,0.0029310964
-2358,0.0959580422
-2357,0.0672207615
-2356,0.026016436
-2355,0.010740212
-2354,0.0055435308
-2353,0.0657797307
-2352,0.0460338769
-2351,0.01839636
-2350,0.0081577086
-2349,0.0066575923
-2348,0.0048730607
-2347,0.0036015841
-2346,0.0031439368
-2345,0.0029888202
-2344,0.0029366516
-2343,0.0029191252
-2342,0.0029132382
-2341,0.0029112604
-2340,0.0029105962
-2339,0.0029103732
-2338,0.0029102978
-2337,0.0029102727
-2336,0.013866667
-2335,0.0104808155
-2334,0.0056301015
-2333,0.0038319191
-2332,0.0472366512
-2331,0.0334383487
-2330,0.0138762406
-2329,0.0066261835
-2328,0.0041599488
-2327,0.0033301109
-2326,0.0030512953
-2325,0.0029576358
-2324,0.0029261738
-2323,0.0029156056
-2322,0.0029120554
-2321,0.0029108635
-2320,0.0029104628
-2319,0.002910328
-2318,0.0029102824
-2317,0.0029102674
-2316,0.0029102622
-2315,0.0029102605
-2314,0.008440635
-2313,0.0067315869
-2312,0.0042831319
-2311,0.0033754781
-2310,0.003066716
-2309,0.0029628233
-2308,0.0029279166
-2307,0.0029161912
-2306,0.0029122523
-2305,0.002910929
-2304,0.0029104846
-2303,0.0029103357
-2302,0.0029102856
-2301,0.0029102686
-2300,0.004788503
-2299,0.0042080698
-2298,0.0033765185
-2297,0.0030682584
-2296,0.0029633959
-2295,0.0029281112
-2294,0.0029162561
-2293,0.0143909405
-2292,0.0108417602
-2291,0.0057597974
-2290,0.0038758765
-2289,0.0032350047
-2288,0.0443425592
-2287,0.0314978738
-2286,0.0131800908
-2285,0.0063903402
-2284,0.0040806372
-2283,0.0033034653
-2282,0.003042345
-2281,0.0174594879
-2280,0.0129468398
-2279,0.0065157579
-2278,0.004132033
-2277,0.0050950449
-2276,0.0042740133
-2275,0.0033969867
-2274,0.0383442474
-2273,0.0273356574
-2272,0.0116841797
-2271,0.0058833787
-2270,0.0039101372
-2269,0.0032461832
-2268,0.0030231022
-2267,0.0150529394
-2266,0.0112864074
-2265,0.0059192648
-2264,0.0039299026
-2263,0.0032531735
-2262,0.0030254667
-2261,0.0029489597
-2260,0.0029232596
-2259,0.0029146264
-2258,0.1283923663
-2257,0.0901498132
-2256,0.0342528498
-2255,0.0135312622
-2254,0.0064821884
-2253,0.0041103017
-2252,0.0507933126
-2251,0.0358504419
-2250,0.014741531
-2249,0.0069193644
-2248,0.0042585485
-2247,0.0033632373
-2246,0.0030624233
-2245,0.0029613733
-2244,0.0029274294
-2243,0.0029160273
-2242,0.0671927187
-2241,0.047323532
-2240,0.0188666234
-2239,0.0083173607
-2238,0.0047287117
-2237,0.0035211958
-2236,0.0031154845
-2235,0.0174840561
-2234,0.0129550936
-2233,0.0065185304
-2232,0.0041329645
-2231,0.0033214643
-2230,0.0030484096
-2229,0.0029566665
-2228,0.0029258488
-2227,0.0029154965
-2226,0.0029120186
-2225,0.0029108505
-2224,0.0029104584
-2223,0.0029103266
-2222,0.0029102823
-2221,0.0029102674
-2220,0.0029102622
-2219,0.0029102605
-2218,0.0029102604
-2217,0.0029102604
-2216,0.0222152875
-2215,0.0162484638
-2214,0.007702282
-2213,0.0045341223
-2212,0.0034563775
-2211,0.0030937362
-2210,0.0029718933
-2209,0.0029309636
-2208,0.0029172144
-2207,0.0029125957
-2206,0.0029110444
-2205,0.0029105239
-2204,0.0029103487
-2203,0.0029102901
-2202,0.0029102704
-2201,0.0237805664
-2200,0.017329941
-2199,0.0080908243
-2198,0.0046657875
-2197,0.0035006584
-2196,0.0313724
-2195,0.0225137682
-2194,0.0099522846
-2193,0.0052965207
-2192,0.0037127754
-2191,0.0031798767
-2190,0.0030008295
-2189,0.0029406834
-2188,0.0029204795
-2187,0.0029136931
-2186,0.0029114132
-2185,0.0029106473
-2184,0.0326505685
-2183,0.023458347
-2182,0.0102925781
-2181,0.008959678
-2180,0.0062029963
-2179,0.0040736242
-2178,0.0033036498
-2177,0.0030425218
-2176,0.0029546929
-2175,0.0029251857
-2174,0.0029152738
-2173,0.0029119442
-2172,0.0029108259
-2171,0.0029104503
-2170,0.0029103239
-2169,0.007814577
-2168,0.0062989925
-2167,0.0041277159
-2166,0.0033228127
-2165,0.0030490039
-2164,0.0029568728
-2163,0.0029259179
-2162,0.0029155195
-2161,0.0029120265
-2160,0.0029108534
-2159,0.0029104592
-2158,0.0029103269
-2157,0.0029102823
-2156,0.0029102674
-2155,0.0029102622
-2154,0.0029102605
-2153,0.0029102604
-2152,0.0029102604
-2151,0.0029102604
-2150,0.0062493547
-2149,0.0052174761
-2148,0.1191860004
-2147,0.0829937318
-2146,0.031678956
-2145,0.0126588513
-2144,0.0061887781
-2143,0.0040117259
-2142,0.0060976237
-2141,0.0049812614
-2140,0.003651397
-2139,0.0031612817
-2138,0.0029946746
-2137,0.0029386197
-2136,0.0029197863
-2135,0.0231576553
-2134,0.0168984262
-2133,0.0079357686
-2132,0.004613243
-2131,0.0034829871
-2130,0.003102676
-2129,0.002974896
-2128,0.0029319719
-2127,0.0029175532
-2126,0.0029127101
-2125,0.0029110831
-2124,0.0029105362
-2123,0.0029103529
-2122,0.0029102909
-2121,0.0029102704
-2120,0.0029102634
-2119,0.0029102608
-2118,0.0029102604
-2117,0.0029102604
-2116,0.0029102604
-2115,0.0029102604
-2114,0.0029102604
-2113,0.0029102604
-2112,0.0029102604
-2111,0.0029102604
-2110,0.0029102604
-2109,0.0413116227
-2108,0.0294424816
-2107,0.0124425021
-2106,0.00614043
-2105,0.0039965916
-2104,0.0032752291
-2103,0.0030328596
-2102,0.0029514429
-2101,0.0029240939
-2100,0.0029149067
-2099,0.002911821
-2098,0.0029107843
-2097,0.0115712124
-2096,0.0088946611
-2095,0.0050602492
-2094,0.003638816
-2093,0.0031552781
-2092,0.0029925773
-2091,0.0029379116
-2090,0.0029195483
-2089,0.00291338
-2088,0.0029113078
-2087,0.0029106115
-2086,0.002910378
-2085,0.0029102996
-2084,0.0029102732
-2083,0.0821674831
-2082,0.0576971376
-2081,0.0225962467
-2080,0.009581266
-2079,0.0051537739
-2078,0.0036640016
-2077,0.0031634558
-2076,0.0029953116
-2075,0.0029388299
-2074,0.0063632987
-2073,0.0052928008
-2072,0.0037661499
-2071,0.0032002876
-2070,0.0030077979
-2069,0.0029430289
-2068,0.0029212676
-2067,0.0029139575
-2066,0.002911502
-2065,0.002910677
-2064,0.0029104
-2063,0.0029103069
-2062,0.0029102757
-2061,0.0029102652
-2060,0.0029102613
-2059,0.0029102604
-2058,0.0029102604
-2057,0.0029102604
-2056,0.0029102604
-2055,0.0029102604
-2054,0.0029102604
-2053,0.0029102604
-2052,0.0029102604
-2051,0.0029102604
-2050,0.0029102604
-2049,0.0029102604
-2048,0.0029102604
-2047,0.0029102604
-2046,0.0255545381
-2045,0.0185556136
-2044,0.0085311731
-2043,0.0048150074
-2042,0.0035508419
-2041,0.0031254728
-2040,0.079573036
-2039,0.0558563373
-2038,0.0219314164
-2037,0.009355839
-2036,0.0050779499
-2035,0.0036385262
-2034,0.0031548975
-2033,0.0029924366
-2032,0.002937864
-2031,0.0029195327
-2030,0.0029133751
-2029,0.0029113067
-2028,0.0072931734
-2027,0.0059386001
-2026,0.0039982363
-2025,0.0032789368
-2024,0.0030342483
-2023,0.0029519153
-2022,0.0029242525
-2021,0.0093844559
-2020,0.007382071
-2019,0.0045167924
-2018,0.0034546555
-2017,0.0030933432
-2016,0.0029717692
-2015,0.0029309222
-2014,0.0029172007
-2013,0.0029125916
-2012,0.0029110433
-2011,0.0029105232
-2010,0.0029103484
-2009,0.0029102897
-2008,0.0029102699
-2007,0.0029102629
-2006,0.0029102607
-2005,0.0029102604
-2004,0.0029102604
-2003,0.0029102604
-2002,0.0029102604
-2001,0.0029102604
-2000,0.0029102604
-1999,0.0029102604
-1998,0.0029102604
-1997,0.0029102604
-1996,0.0029102604
-1995,0.0029102604
-1994,0.0029102604
-1993,0.0029102604
-1992,0.0029102604
-1991,0.0029102604
-1990,0.0029102604
-1989,0.0029102604
-1988,0.0124058101
-1987,0.0094714064
-1986,0.0052674553
-1985,0.0037090303
-1984,0.0031788917
-1983,0.0030005106
-1982,0.0029405767
-1981,0.0029204435
-1980,0.0029136806
-1979,0.0029114086
-1978,0.0029106455
-1977,0.0029103895
-1976,0.1488216534
-1975,0.1037703847
-1974,0.0391483315
-1973,0.0151902149
-1972,0.0070401028
-1971,0.0042977401
-1970,0.0033763395
-1969,0.0176760335
-1968,0.0130566269
-1967,0.0065543211
-1966,0.0041450629
-1965,0.0033255317
-1964,0.0030497764
-1963,0.0029571258
-1962,0.0029260024
-1961,0.002915548
-1960,0.0029120366
-1959,0.0029108565
-1958,0.00291046
-1957,0.0029103269
-1956,0.0029102823
-1955,0.0029102674
-1954,0.0029102622
-1953,0.0029102605
-1952,0.0029102604
-1951,0.0029102604
-1950,0.0106319157
-1949,0.0082456974
-1948,0.0048271008
-1947,0.00355981
-1946,0.0031287077
-1945,0.0029836501
-1944,0.0053348866
-1943,0.0045768526
-1942,0.0035088163
-1941,0.0031130816
-1940,0.0029784697
-1939,0.0029331759
-1938,0.1437364384
-1937,0.1021202233
-1936,0.0385534132
-1935,0.0149885832
-1934,0.0069722984
-1933,0.004274962
-1932,0.0033686884
-1931,0.0030642515
-1930,0.0067184691
-1929,0.0055232551
-1928,0.0038486138
-1927,0.0032282176
-1926,0.131311499
-1925,0.0916211497
-1924,0.0347829066
-1923,0.0137108571
-1922,0.0065425793
-1921,0.0041305901
-1920,0.0033201909
-1919,0.0030479605
-1918,0.0029565151
-1917,0.0029257977
-1916,0.0029154795
-1915,0.0029120131
-1914,0.0029108488
-1913,0.0029104578
-1912,0.0029103264
-1911,0.0029102822
-1910,0.0029102674
-1909,0.0029102622
-1908,0.0029102605
-1907,0.0029102604
-1906,0.0029102604
-1905,0.0029102604
-1904,0.0029102604
-1903,0.0029102604
-1902,0.0029102604
-1901,0.0188760391
-1900,0.0139413148
-1899,0.0068733908
-1898,0.0042532379
-1897,0.0033619139
-1896,0.0030619992
-1895,0.0029612314
-1894,0.0029273818
-1893,0.0029160109
-1892,0.0459050177
-1891,0.032615453
-1890,0.0135824438
-1889,0.0065267209
-1888,0.004126505
-1887,0.003318875
-1886,0.0097257088
-1885,0.0075707995
-1884,0.0045835566
-1883,0.0034772357
-1882,0.0031009355
-1881,0.1967684035
-1880,0.1378943729
-1879,0.0514076753
-1878,0.0193444906
-1877,0.0092406793
-1876,0.0072257801
-1875,0.0065167848
-1874,0.0056058866
-1873,0.0057509741
-1872,0.0065806189
-1871,0.0065652956
-1870,0.0055305164
-1869,0.0046752917
-1868,0.0672471524
-1867,0.0486170019
-1866,0.0233377919
-1865,0.0134132892
-1864,0.008114645
-1863,0.0056528844
-1862,0.0039613425
-1861,0.0032692317
-1860,0.0030311109
-1859,0.0029508674
-1858,0.0029239008
-1857,0.0029148423
-1856,0.0029117993
-1855,0.0029107767
-1854,0.0029104333
-1853,0.0029103177
-1852,0.0029102796
-1851,0.0029102666
-1850,0.002910262
-1849,0.0029102605
-1848,0.0029102604
-1847,0.0029102604
-1846,0.0029102604
-1845,0.0029102604
-1844,0.0029102604
-1843,0.0029102604
-1842,0.0029102604
-1841,0.046424838
-1840,0.0329752951
-1839,0.0137117386
-1838,0.0065705352
-1837,0.0041412402
-1836,0.0033238255
-1835,0.0030491838
-1834,0.0029569258
-1833,0.0029259356
-1832,0.0029155252
-1831,0.0029120285
-1830,0.0029108542
-1829,0.0029104593
-1828,0.0029103268
-1827,0.0029102823
-1826,0.0029102674
-1825,0.0029102622
-1824,0.0029102605
-1823,0.0029102604
-1822,0.0029102604
-1821,0.0029102604
-1820,0.0029102604
-1819,0.0029102604
-1818,0.0046841538
-1817,0.0041359686
-1816,0.0033506146
-1815,0.0716793541
-1814,0.0503942362
-1813,0.0199710254
-1812,0.0086916071
-1811,0.0048545726
-1810,0.0035634806
-1809,0.0031296884
-1808,0.0029839685
-1807,0.0029350196
-1806,0.0029185775
-1805,0.0029130541
-1804,0.0029111983
-1803,0.0533123501
-1802,0.0377338944
-1801,0.0154213608
-1800,0.0071498715
-1799,0.0043360756
-1798,0.0033892835
-1797,0.0030711725
-1796,0.0046338595
-1795,0.0040820247
-1794,0.0054177446
-1793,0.004494762
-1792,0.0034762449
-1791,0.0031019132
-1790,0.0029747074
-1789,0.0029319114
-1788,0.0069870542
-1787,0.0057246226
-1786,0.0039213071
-1785,0.0064876141
-1784,0.0052605972
-1783,0.0037519713
-1782,0.0031953723
-1781,0.0051974202
-1780,0.0044565828
-1779,0.0034650485
-1778,0.0062146823
-1777,0.0125100858
-1776,0.0137049527
-1775,0.0101243693
-1774,0.008671091
-1773,0.0083754187
-1772,0.0089545166
-1771,0.0098502252
-1770,0.0101383093
-1769,0.0094551456
-1768,0.0084408319
-1767,0.0064687952
-1766,0.0055494512
-1765,0.006460236
-1764,0.0086825699
-1763,0.0094153078
-1762,0.0086013657
-1761,0.008032187
-1760,0.0071989869
-1759,0.0061107517
-1758,0.0042167304
-1757,0.0033596378
-1756,0.0233058815
-1755,0.0169482376
-1754,0.007952502
-1753,0.0046188634
-1752,0.0034848746
-1751,0.0031033098
-1750,0.0029751087
-1749,0.0029320432
-1748,0.0029175772
-1747,0.0234699637
-1746,0.0171144704
-1745,0.0080133931
-1744,0.0046395473
-1743,0.0034918331
-1742,0.0031056478
-1741,0.0029758936
-1740,0.0315246214
-1739,0.022672631
-1738,0.010010123
-1737,0.0053161688
-1736,0.0361727082
-1735,0.0256047028
-1734,0.0110573543
-1733,0.0056707791
-1732,0.0038386326
-1731,0.00322216
-1730,0.0030150326
-1729,0.0029454542
-1728,0.002922082
-1727,0.002914231
-1726,0.0029115939
-1725,0.0029107081
-1724,0.0029104104
-1723,0.0029103106
-1722,0.0029102771
-1721,0.0029102655
-1720,0.0029102614
-1719,0.0348403577
-1718,0.0249730253
-1717,0.0108366591
-1716,0.0055962391
-1715,0.0038135728
-1714,0.0032137405
-1713,0.0030122043
-1712,0.0109792013
-1711,0.0084735031
-1710,0.0049086745
-1709,0.0035874411
-1708,0.0031379997
-1707,0.0029867718
-1706,0.0029359613
-1705,0.002918893
-1704,0.0029131599
-1703,0.0029112343
-1702,0.0029105872
-1701,0.0029103702
-1700,0.0066667783
-1699,0.0055058913
-1698,0.0038427809
-1697,0.0032262578
-1696,0.0030165318
-1695,0.0029459631
-1694,0.0029222533
-1693,0.0029142886
-1692,0.002911613
-1691,0.0029107149
-1690,0.0081277473
-1689,0.0065153371
-1688,0.0042054395
-1687,0.0033491505
-1686,0.0030578612
-1685,0.0029598486
-1684,0.0029269174
-1683,0.0029158551
-1682,0.0029121393
-1681,0.1656473198
-1680,0.1176747522
-1679,0.044147295
-1678,0.0168842918
-1677,0.0076098419
-1676,0.004489153
-1675,0.0034406391
-1674,0.0030884208
-1673,0.0029701061
-1672,0.0029303634
-1671,0.0029170126
-1670,0.0029125281
-1669,0.0029110217
-1668,0.0029105157
-1667,0.002910346
-1666,0.0029102889
-1665,0.0029102696
-1664,0.0029102629
-1663,0.0029102607
-1662,0.0029102604
-1661,0.0302346963
-1660,0.0217980302
-1659,0.0096967639
-1658,0.0052100014
-1657,0.3682365345
-1656,0.277920811
-1655,0.1065559876
-1654,0.038072203
-1653,0.0147372885
-1652,0.0160663132
-1651,0.0105898937
-1650,0.0056381169
-1649,0.0038333104
-1648,0.0032206284
-1647,0.0030145298
-1646,0.0029452855
-1645,0.0051133054
-1644,0.0044283225
-1643,0.0034555554
-1642,0.0030950377
-1641,0.0029724014
-1640,0.0051224175
-1639,0.0044313835
-1638,0.0034565835
-1637,0.0030953826
-1636,0.0029725176
-1635,0.0029311759
-1634,0.0029172861
-1633,0.0029126199
-1632,0.0029110526
-1631,0.0029105259
-1630,0.0029103492
-1629,0.2133365673
-1628,0.1652633065
-1627,0.0618907889
-1626,0.0228969351
-1625,0.0123449606
-1624,0.0070431241
-1623,0.0043423317
-1622,0.0033932981
-1621,0.0030726073
-1620,0.0029647981
-1619,0.0029285796
-1618,0.0029164139
-1617,0.0029123274
-1616,0.0029109544
-1615,0.0029104931
-1614,0.0029103382
-1613,0.0029102864
-1612,0.0109449645
-1611,0.0084620024
-1610,0.0049048115
-1609,0.0035861435
-1608,0.0031375638
-1607,0.0029866255
-1606,0.0029359126
-1605,0.0029188768
-1604,0.0029131544
-1603,0.0029112323
-1602,0.0099018156
-1601,0.0077411048
-1600,0.0046458148
-1599,0.0034983784
-1598,0.0031080477
-1597,0.0029767094
-1596,0.0120107455
-1595,0.0091905048
-1594,0.0051663625
-1593,0.003674767
-1592,0.0031673683
-1591,0.0029966388
-1590,0.0029392757
-1589,0.0029200066
-1588,0.0029135338
-1587,0.0029113593
-1586,0.0029106294
-1585,0.0029103842
-1584,0.2516415701
-1583,0.1806253856
-1582,0.0667608276
-1581,0.0245472108
-1580,0.0101869328
-1579,0.005354963
-1578,0.0037314797
-1577,0.0031861173
-1576,0.0030029232
-1575,0.0029413866
-1574,0.0029207157
-1573,0.0164788456
-1572,0.0122845088
-1571,0.0062780795
-1570,0.0040514947
-1569,0.0032940645
-1568,0.0030392042
-1567,0.0029535743
-1566,0.0029248099
-1565,0.0029151473
-1564,0.0029119018
-1563,0.0029108116
-1562,0.0029104456
-1561,0.1486880918
-1560,0.1059287191
-1559,0.0449886396
-1558,0.0213167208
-1557,0.010195473
-1556,0.0059997149
-1555,0.005856911
-1554,0.0079386038
-1553,0.0076825287
-1552,0.1873275496
-1551,0.1307760086
-1550,0.0488369195
-1549,0.0184726938
-1548,0.008143993
-1547,0.0046686059
-1546,0.0035009205
-1545,0.00310867
-1544,0.0029769077
-1543,0.0029326478
-1542,0.0029177803
-1541,0.0029127865
-1540,0.0029111089
-1539,0.0029105453
-1538,0.0642307329
-1537,0.0452981843
-1536,0.0181410069
-1535,0.0202800798
-1534,0.0130817938
-1533,0.0065240994
-1532,0.004133145
-1531,0.0033214469
-1530,0.0161960834
-1529,0.0120413264
-1528,0.0061896546
-1527,0.0040214855
-1526,0.0032839701
-1525,0.0030358125
-1524,0.0029524351
-1523,0.002924427
-1522,0.0029150187
-1521,0.0029118585
-1520,0.0029107971
-1519,0.0029104401
-1518,0.0029103205
-1517,0.0029102802
-1516,0.0029102667
-1515,0.002910262
-1514,0.0029102605
-1513,0.0029102604
-1512,0.0029102604
-1511,0.0029102604
-1510,0.0029102604
-1509,0.0029102604
-1508,0.0029102604
-1507,0.0029102604
-1506,0.0029102604
-1505,0.0029102604
-1504,0.0029102604
-1503,0.0029102604
-1502,0.0029102604
-1501,0.0029102604
-1500,0.0064580478
-1499,0.0053616777
-1498,0.0037909706
-1497,0.0032087017
-1496,0.0030106274
-1495,0.0029439796
-1494,0.0029215869
-1493,0.0029140648
-1492,0.0029115376
-1491,0.002910689
-1490,0.0029104041
-1489,0.0029103084
-1488,0.0029102761
-1487,0.0029102652
-1486,0.0029102613
-1485,0.0029102604
-1484,0.0029102604
-1483,0.0029102604
-1482,0.0029102604
-1481,0.0029102604
-1480,0.0029102604
-1479,0.0029102604
-1478,0.0029102604
-1477,0.0189803913
-1476,0.0140134133
-1475,0.0068992936
-1474,0.0042620155
-1473,0.0033648659
-1472,0.0030629911
-1471,0.0029615648
-1470,0.0029274937
-1469,0.0156469342
-1468,0.0117082098
-1467,0.0060710574
-1466,0.0039813513
-1465,0.0032704766
-1464,0.0030312799
-1463,0.0029509126
-1462,0.0029239155
-1461,0.0029148471
-1460,0.002911801
-1459,0.0029107771
-1458,0.0029104333
-1457,0.0029103177
-1456,0.0029102796
-1455,0.0029102666
-1454,0.002910262
-1453,0.0029102605
-1452,0.0029102604
-1451,0.0029102604
-1450,0.0029102604
-1449,0.0029102604
-1448,0.0029102604
-1447,0.0029102604
-1446,0.0029102604
-1445,0.0029102604
-1444,0.0029102604
-1443,0.0029102604
-1442,0.0029102604
-1441,0.0029102604
-1440,0.0029102604
-1439,0.0047885004
-1438,0.0042080692
-1437,0.0052547589
-1436,0.0043660677
-1435,0.0034296539
-1434,0.0057991229
-1433,0.0048440054
-1432,0.0036036103
-1431,0.0031451534
-1430,0.0029892529
-1429,0.0029367986
-1428,0.0029191746
-1427,0.0029132542
-1426,0.002911266
-1425,0.0029105979
-1424,0.2811931919
-1423,0.2267046185
-1422,0.0868598655
-1421,0.0313663779
-1420,0.0124806596
-1419,0.0061255946
-1418,0.0039903502
-1417,0.0306119125
-1416,0.021922475
-1415,0.0097378529
-1414,0.0052237708
-1413,0.0036883034
-1412,0.0031716546
-1411,0.0029980669
-1410,0.0051310356
-1409,0.0044342778
-1408,0.1951113871
-1407,0.1390609724
-1406,0.0518252082
-1405,0.0194858744
-1404,0.0084847637
-1403,0.0124004044
-1402,0.0088027165
-1401,0.0050125253
-1400,0.0036220199
-1399,0.0031496013
-1398,0.0029906687
-1397,0.0029372705
-1396,0.0029193334
-1395,0.0029133077
-1394,0.0029112838
-1393,0.0029106041
-1392,0.0029103755
-1391,0.0029102987
-1390,0.0029102728
-1389,0.0029102642
-1388,0.002910261
-1387,0.0029102604
-1386,0.0029102604
-1385,0.0029102604
-1384,0.0029102604
-1383,0.0029102604
-1382,0.0029102604
-1381,0.0029102604
-1380,0.0029102604
-1379,0.0029102604
-1378,0.0029102604
-1377,0.0029102604
-1376,0.0029102604
-1375,0.0029102604
-1374,0.0029102604
-1373,0.0029102604
-1372,0.0029102604
-1371,0.0029102604
-1370,0.0029102604
-1369,0.0029102604
-1368,0.0029102604
-1367,0.0172064162
-1366,0.0127877393
-1365,0.0064589463
-1364,0.0041127966
-1363,0.0528793686
-1362,0.0372938837
-1361,0.0152599491
-1360,0.0070950008
-1359,0.0043176094
-1358,0.0033830782
-1357,0.003069088
-1356,0.0029636122
-1355,0.0029281815
-1354,0.0029162801
-1353,0.002912282
-1352,0.0029109393
-1351,0.0029104883
-1350,0.0029103368
-1349,0.0120927962
-1348,0.0092551132
-1347,0.0051897486
-1346,0.0036826986
-1345,0.003170036
-1344,0.002997535
-1343,0.002939577
-1342,0.002920108
-1341,0.002913568
-1340,0.0029113711
-1339,0.0029106332
-1338,0.0065625194
-1337,0.0054338198
-1336,0.0038168879
-1335,0.0032174843
-1334,0.0030135813
-1333,0.0029449719
-1332,0.0029219202
-1331,0.0029141765
-1330,0.0029115754
-1329,0.002910702
-1328,0.0029104083
-1327,0.0029103099
-1326,0.0029102767
-1325,0.0029102654
-1324,0.0066667432
-1323,0.0055058794
-1322,0.0038427771
-1321,0.0032262571
-1320,0.0030165317
-1319,0.0051372436
-1318,0.0044363639
-1317,0.0034582562
-1316,0.0030959443
-1315,0.002972706
-1314,0.0029312394
-1313,0.0029173076
-1312,0.0119912083
-1311,0.0091836152
-1310,0.0051640716
-1309,0.0036740037
-1308,0.003167113
-1307,0.0530852685
-1306,0.0375464734
-1305,0.0153533497
-1304,0.007126796
-1303,0.0043283138
-1302,0.0033866756
-1301,0.0030702965
-1300,0.0029640184
-1299,0.0029283183
-1298,0.0498745021
-1297,0.0353565704
-1296,0.0145672113
-1295,0.0068604249
-1294,0.0042387323
-1293,0.00335658
-1292,0.0030601864
-1291,0.0029606221
-1290,0.0029271772
-1289,0.0029159428
-1288,0.0096947037
-1287,0.0075974343
-1286,0.0045941864
-1285,0.0034808826
-1284,0.0031021638
-1283,0.0029747324
-1282,0.0029319176
-1281,0.0029175351
-1280,0.0029127037
-1279,0.0029110806
-1278,0.0029105355
-1277,0.0029103527
-1276,0.0029102907
-1275,0.0029102702
-1274,0.0029102632
-1273,0.0029102606
-1272,0.0029102604
-1271,0.0029102604
-1270,0.0029102604
-1269,0.0029102604
-1268,0.0029102604
-1267,0.0029102604
-1266,0.0029102604
-1265,0.0029102604
-1264,0.0029102604
-1263,0.003957195
-1262,0.006113966
-1261,0.0074845293
-1260,0.0082539211
-1259,0.007439643
-1258,0.0515123896
-1257,0.0358543398
-1256,0.0147332087
-1255,0.1189251658
-1254,0.0824618513
-1253,0.0335665115
-1252,0.0155419794
-1251,0.0090324623
-1250,0.006844702
-1249,0.0059938329
-1248,0.0057772978
-1247,0.0056473391
-1246,0.0055696695
-1245,0.0055420325
-1244,0.0055326786
-1243,0.0055295329
-1242,0.0055284765
-1241,0.0072823773
-1240,0.0106459999
-1239,0.0102397404
-1238,0.0059970174
-1237,0.0039755396
-1236,0.0131827843
-1235,0.0098803033
-1234,0.0054115743
-1233,0.0037577553
-1232,0.0031952738
-1231,0.0030060138
-1230,0.0029424252
-1229,0.0029210649
-1228,0.0029138896
-1227,0.0029114791
-1226,0.0029106696
-1225,0.0029103975
-1224,0.0029103063
-1223,0.0029102754
-1222,0.0029102651
-1221,0.0029102613
-1220,0.0029102604
-1219,0.0029102604
-1218,0.0029102604
-1217,0.0029102604
-1216,0.0029102604
-1215,0.0029102604
-1214,0.0029102604
-1213,0.0029102604
-1212,0.0029102604
-1211,0.0029102604
-1210,0.0140758712
-1209,0.0106247878
-1208,0.005681861
-1207,0.0038494669
-1206,0.0032261226
-1205,0.0030163781
-1204,0.0291381349
-1203,0.0210189327
-1202,0.0094158902
-1201,0.0051147977
-1200,0.0036516635
-1199,0.0031593448
-1198,0.0029939319
-1197,0.0029383662
-1196,0.0047979414
-1195,0.00421124
-1194,0.0033775832
-1193,0.0030686162
-1192,0.0029635158
-1191,0.0029281517
-1190,0.0029162699
-1189,0.0029122789
-1188,0.0029109381
-1187,0.0029104878
-1186,0.0029103365
-1185,0.0029102858
-1184,0.0436888651
-1183,0.0310979513
-1182,0.013038226
-1181,0.0063423211
-1180,0.0040644895
-1179,0.0032980406
-1178,0.0030405225
-1177,0.0029540165
-1176,0.0029249582
-1175,0.0029151973
-1174,0.3048147159
-1173,0.231221211
-1172,0.0855669524
-1171,0.0309271428
-1170,0.0123328795
-1169,0.0060759409
-1168,0.0039736704
-1167,0.0032674725
-1166,0.0030302517
-1165,0.0029505665
-1164,0.0029237991
-1163,0.0029148074
-1162,0.0029117874
-1161,0.002910773
-1160,0.0029104323
-1159,0.0029103178
-1158,0.0092754288
-1157,0.0073083987
-1156,0.0044903608
-1155,0.0034457007
-1154,0.0030903323
-1153,0.0029707574
-1152,0.0029305821
-1151,0.0029170866
-1150,0.0029125532
-1149,0.0082327117
-1148,0.0065876435
-1147,0.0042314117
-1146,0.0033579515
-1145,0.003060821
-1144,0.0029608426
-1143,0.0029272519
-1142,0.0029159678
-1141,0.0029121772
-1140,0.0313988664
-1139,0.0225933419
-1138,0.0099818039
-1137,0.0053065795
-1136,0.0037161616
-1135,0.0031810145
-1134,0.003001211
-1133,0.0029408115
-1132,0.0029205225
-1131,0.0029137073
-1130,0.0029114181
-1129,0.0029106492
-1128,0.0163717332
-1127,0.0122109973
-1126,0.0062517377
-1125,0.0040425802
-1124,0.0032910687
-1123,0.0030381983
-1122,0.0029532364
-1121,0.0029246962
-1120,0.0029151093
-1119,0.0029118891
-1118,0.0029108069
-1117,0.0029104434
-1116,0.0029103212
-1115,0.0029102803
-1114,0.0029102668
-1113,0.0334852548
-1112,0.0240350967
-1111,0.0104997904
-1110,0.0054821086
-1109,0.0037751934
-1108,0.0032008469
-1107,0.0030078733
-1106,0.0029430498
-1105,0.0029212742
-1104,0.0209667716
-1103,0.0153845242
-1102,0.0073918648
-1101,0.0044289306
-1100,0.0148991397
-1099,0.0110129091
-1098,0.0058172584
-1097,0.0212175198
-1096,0.0152098189
-1095,0.0073214081
-1094,0.0044047282
-1093,0.0034128464
-1092,0.0030791107
-1091,0.0029669797
-1090,0.0121118229
-1089,0.0092615058
-1088,0.0051918953
-1087,0.0036834196
-1086,0.0031702779
-1085,0.0029976164
-1084,0.0327690914
-1083,0.0235388037
-1082,0.0103217708
-1081,0.0054217813
-1080,0.003754904
-1079,0.0031940302
-1078,0.0053012109
-1077,0.0045284912
-1076,0.0034908871
-1075,0.0031069821
-1074,0.0029764171
-1073,0.0029324861
-1072,0.002917726
-1071,0.0029127679
-1070,0.0029111023
-1069,0.0029105426
-1068,0.0029103549
-1067,0.0029102915
-1066,0.0029102706
-1065,0.0029102634
-1064,0.0029102609
-1063,0.0029102604
-1062,0.0029102604
-1061,0.0029102604
-1060,0.0029102604
-1059,0.0029102604
-1058,0.0029102604
-1057,0.0029102604
-1056,0.0029102604
-1055,0.0029102604
-1054,0.0029102604
-1053,0.0029102604
-1052,0.0029102604
-1051,0.0029102604
-1050,0.0029102604
-1049,0.0029102604
-1048,0.0029102604
-1047,0.0029102604
-1046,0.0029102604
-1045,0.0029102604
-1044,0.0029102604
-1043,0.0029102604
-1042,0.0029102604
-1041,0.0029102604
-1040,0.0100058359
-1039,0.0078130951
-1038,0.004671681
-1037,0.0035071437
-1036,0.0031109958
-1035,0.2217313961
-1034,0.1656377642
-1033,0.0614059292
-1032,0.0227327277
-1031,0.0095767212
-1030,0.0051499561
-1029,0.0036626155
-1028,0.0031629853
-1027,0.0029951534
-1026,0.0029387766
-1025,0.0029198391
-1024,0.0029134776
-1023,0.0029113411
-1022,0.0029106231
-1021,0.0029103816
-1020,0.0365114844
-1019,0.0261259584
-1018,0.0112509745
-1017,0.0077192481
-1016,0.005230711
-1015,0.0037217701
-1014,0.0031843106
-1013,0.0321164523
-1012,0.0230566577
-1011,0.0101475419
-1010,0.0053627112
-1009,0.0037350376
-1008,0.003187356
-1007,0.0030033417
-1006,0.0029415272
-1005,0.0029207629
-1004,0.0029137875
-1003,0.0029114451
-1002,0.0029106583
-1001,0.0029103937
-1000,0.0832193509
-999,0.058421743
-998,0.0228554011
-997,0.0096690567
-996,0.0051832948
-995,0.0036739188
-994,0.003166787
-993,0.0029964304
-992,0.0029392054
-991,0.0029199831
-990,0.002913526
-989,0.002911357
-988,0.033989357
-987,0.0243933352
-986,0.0106293013
-985,0.0055260109
-984,0.0083812133
-983,0.0063782307
-982,0.0041492831
-981,0.0033298282
-980,0.0030513503
-979,0.0029576604
-978,0.0029261824
-977,0.0029156085
-976,0.0482799828
-975,0.0342707289
-974,0.0141781511
-973,0.0067286056
-972,0.0041944002
-971,0.0033416855
-970,0.0030551836
-969,0.0029589415
-968,0.0029266125
-967,0.0029157532
-966,0.0029121049
-965,0.0029108794
-964,0.0029104682
-963,0.013136779
-962,0.0099759281
-961,0.0054487445
-960,0.0037704708
-959,0.0031995554
-958,0.0030074527
-957,0.0049254952
-956,0.0042911358
-955,0.0034061049
-954,0.0030782736
-953,0.0029667635
-952,0.0029292427
-951,0.0029166363
-950,0.0029124018
-949,0.0029109795
-948,0.0029105019
-947,0.0029103411
-946,0.0029102872
-945,0.0363027535
-944,0.025981754
-943,0.0111991674
-942,0.0057191054
-941,0.0038548974
-940,0.0032276251
-939,0.0030168685
-938,0.0029460711
-937,0.0029222898
-936,0.0029143011
-935,0.0029116172
-934,0.0029107161
-933,0.0029104134
-932,0.0029103116
-931,0.0029102776
-930,0.0029102658
-929,0.0029102615
-928,0.0029102604
-927,0.0029102604
-926,0.0029102604
-925,0.0029102604
-924,0.0029102604
-923,0.0029102604
-922,0.0029102604
-921,0.0301313028
-920,0.0217262888
-919,0.0096708747
-918,0.0052012253
-917,0.0036807298
-916,0.0031691108
-915,0.0029972127
-914,0.0029394681
-913,0.0029200711
-912,0.0029135553
-911,0.0029113671
-910,0.024615745
-909,0.0179068528
-908,0.0082980891
-907,0.0047360218
-906,0.0035242783
-905,0.0031165484
-904,0.0048577961
-903,0.0042313461
-902,0.0033843374
-901,0.0030708847
-900,0.0029642779
-899,0.0029284077
-898,0.0029163563
-897,0.0029123079
-896,0.0029109479
-895,0.002910491
-894,0.0029103378
-893,0.0029102864
-892,0.0270154668
-891,0.0195649904
-890,0.008893812
-889,0.0049378938
-888,0.0035921696
-887,0.0031393575
-886,0.0029872177
-885,0.0029361106
-884,0.0029189433
-883,0.0029131765
-882,0.0029112395
-881,0.0029105891
-880,0.0029103706
-879,0.002910297
-878,0.0029102721
-877,0.002910264
-876,0.002910261
-875,0.0029102604
-874,0.0029102604
-873,0.0029102604
-872,0.0029102604
-871,0.0029102604
-870,0.0029102604
-869,0.0029102604
-868,0.0029102604
-867,0.0029102604
-866,0.0029102604
-865,0.0029102604
-864,0.0029102604
-863,0.0082319419
-862,0.0065873868
-861,0.0042313265
-860,0.003357923
-859,0.0030608119
-858,0.0029608401
-857,0.0029272504
-856,0.0029159671
-855,0.0029121771
-854,0.002910904
-853,0.0029104761
-852,0.0029103324
-851,0.0029102849
-850,0.0029102684
-849,0.0029102625
-848,0.0029102606
-847,0.0902524599
-846,0.0632566131
-845,0.0245909224
-844,0.0102571427
-843,0.0053810761
-842,0.0037403676
-841,0.0031891085
-840,0.0030039282
-839,0.0029417241
-838,0.0029208291
-837,0.0029138101
-836,0.0029114526
-835,0.0029106604
-834,0.0509120889
-833,0.0360755776
-832,0.014825579
-831,0.0069479793
-830,0.0042681772
-829,0.0033664718
-828,0.0030635094
-827,0.002961738
-826,0.002927552
-825,0.0029160684
-824,0.002912211
-823,0.0029109156
-822,0.0029104806
-821,0.0029103342
-820,0.0029102853
-819,0.0029102686
-818,0.0029102626
-817,0.0029102607
-816,0.0029102604
-815,0.0029102604
-814,0.0029102604
-813,0.0029102604
-812,0.0029102604
-811,0.0029102604
-810,0.0298180155
-809,0.0215098664
-808,0.0095931631
-807,0.0051748933
-806,0.0036718742
-805,0.0031661353
-804,0.0029962132
-803,0.0029391328
-802,0.0029199587
-801,0.0156444007
-800,0.0117073586
-799,0.0060707702
-798,0.0039812545
-797,0.003270444
-796,0.0030312687
-795,0.0029509088
-794,0.0029239147
-793,0.0029148469
-792,0.0029118007
-791,0.002910777
-790,0.0067712616
-789,0.0055780372
-788,0.0038686994
-787,0.0032350408
-786,0.0030194854
-785,0.0431222849
-784,0.0306804694
-783,0.012886987
-782,0.0062910405
-781,0.0040472428
-780,0.0032922458
-779,0.0050211629
-778,0.0043232718
-777,0.0034169001
-776,0.003081899
-775,0.0029679813
-774,0.002929652
-773,0.002916774
-772,0.0029124483
-771,0.002910995
-770,0.0365977173
-769,0.0261960312
-768,0.0112768733
-767,0.0057454501
-766,0.0038637569
-765,0.0032306012
-764,0.0034804677
-763,0.0043619977
-762,0.0050794829
-761,0.0056913322
-760,0.0062644284
-759,0.0067544369
-758,0.0069214892
-757,0.00685077
-756,0.0062167046
-755,0.0057571215
-754,0.0051047565
-753,0.0044769327
-752,0.003545473
-751,0.0031285887
-750,0.0078881194
-749,0.0063237062
-748,0.0041360181
-747,0.0033256017
-746,0.0030499406
-745,0.0029571871
-744,0.0029260233
-743,0.0029155549
-742,0.0048946256
-741,0.0042807667
-740,0.0034026215
-739,0.0030771032
-738,0.0029663702
-737,0.0029291108
-736,0.002916592
-735,0.0029123865
-734,0.002910974
-733,0.0029104997
-732,0.004684234
-731,0.0041359951
-730,0.0033506239
-729,0.0083811653
-728,0.006637571
-727,0.0042481861
-726,0.003363586
-725,0.0030627137
-724,0.0029614785
-723,0.2250257372
-722,0.1657678422
-721,0.0614263477
-720,0.0227396164
-719,0.0095790345
-718,0.0051507327
-717,0.0036628759
-716,0.003163073
-715,0.0029951827
-714,0.045931608
-713,0.0326243838
-712,0.0135854423
-711,0.006527728
-710,0.0041268438
-709,0.0227283719
-708,0.016457864
-707,0.0077743064
-706,0.0045583928
-705,0.0855425114
-704,0.0598320204
-703,0.0233582458
-702,0.0098392821
-701,0.0052405366
-700,0.0036931501
-699,0.0031732468
-698,0.0029986006
-697,0.0029399345
-696,0.002920228
-695,0.0029136083
-694,0.0029113848
-693,0.0029106379
-692,0.0029103871
-691,0.0029103029
-690,0.0029102748
-689,0.0029102649
-688,0.0029102613
-687,0.0029102604
-686,0.0029102604
-685,0.0029102604
-684,0.0029102604
-683,0.0029102604
-682,0.0029102604
-681,0.0029102604
-680,0.0029102604
-679,0.0029102604
-678,0.0029102604
-677,0.0029102604
-676,0.0029102604
-675,0.0770573229
-674,0.0541647443
-673,0.0213270132
-672,0.0091511608
-671,0.0050091256
-670,0.0036154053
-669,0.0031471313
-668,0.0029898278
-667,0.0029369874
-666,0.0029192381
-665,0.0029132755
-664,0.0029112729
-663,0.0029106002
-662,0.0029103744
-661,0.0029102985
-660,0.083573989
-659,0.0586423327
-658,0.0229331499
-657,0.0096953769
-656,0.0051921494
-655,0.0036768946
-654,0.0053590663
-653,0.0045108765
-652,0.0034832868
-651,0.003104353
-650,0.0029755308
-649,0.002932188
-648,0.1982846366
-647,0.1430559832
-646,0.0532658931
-645,0.019974283
-644,0.0086490293
-643,0.0048382833
-642,0.0035579181
-641,0.0031278162
-640,0.0029833397
-639,0.0029348084
-638,0.0029185062
-637,0.0029130304
-636,0.0029111905
-635,0.0029105723
-634,0.0029103647
-633,0.0029102953
-632,0.002910272
-631,0.002910264
-630,0.002910261
-629,0.0029102604
-628,0.0562338781
-627,0.0397525342
-626,0.0161465997
-625,0.0073956322
-624,0.004418727
-623,0.0034170518
-622,0.0030805004
-621,0.0029674457
-620,0.0029294692
-619,0.0029167124
-618,0.0029124274
-617,0.0029109881
-616,0.0052061318
-615,0.0044965529
-614,0.0034801582
-613,0.0296968545
-612,0.0213579437
-611,0.009537255
-610,0.0051558881
-609,0.0036654801
-608,0.0031639877
-607,0.0029954922
-606,0.0029388904
-605,0.0943317722
-604,0.0660716657
-603,0.0256022174
-602,0.0105998352
-601,0.0054963263
-600,0.0037790872
-599,0.0032021147
-598,0.0740716702
-597,0.0520421996
-596,0.020561145
-595,0.0088915467
-594,0.0049218139
-593,0.0035860711
-592,0.0031372766
-591,0.0029865175
-590,0.0029358756
-589,0.0181541862
-588,0.0134395179
-587,0.0066930434
-586,0.004192121
-585,0.0033413596
-584,0.0030550943
-583,0.0029589123
-582,0.0933601187
-581,0.0654217258
-580,0.0253699077
-579,0.0105211184
-578,0.0054698478
-577,0.0037701906
-576,0.0031991261
-575,0.0030072932
-574,0.0029428544
-573,0.0029212088
-572,0.0029139375
-571,0.2303363367
-570,0.173337083
-569,0.0642477629
-568,0.0236957639
-567,0.0099005998
-566,0.0052587666
-565,0.0036991664
-564,0.0031752633
-563,0.0029992779
-562,0.0029401619
-561,0.0029203043
-560,0.0029136341
-559,0.0029113934
-558,0.0029106407
-557,0.0029103883
-556,0.0029103034
-555,0.0029102749
-554,0.0029102649
-553,0.0029102613
-552,0.0029102604
-551,0.0029102604
-550,0.0029102604
-549,0.0029102604
-548,0.0029102604
-547,0.0029102604
-546,0.0029102604
-545,0.0029102604
-544,0.0029102604
-543,0.0029102604
-542,0.0029102604
-541,0.0048928469
-540,0.0042801695
-539,0.0034024218
-538,0.003077036
-537,0.0029663477
-536,0.0029291032
-535,0.0029165895
-534,0.0029123861
-533,0.0255552521
-532,0.0185558551
-531,0.0085312533
-530,0.0160844789
-529,0.0113377068
-528,0.0059230263
-527,0.0039305462
-526,0.0032533603
-525,0.0030255279
-524,0.0029489803
-523,0.0193056997
-522,0.0142344142
-521,0.0069785386
-520,0.0042888524
-519,0.0033738894
-518,0.0030660225
-517,0.002962583
-516,0.0232763828
-515,0.0169753543
-514,0.007963293
-513,0.0046225654
-512,0.0034861217
-511,0.0031037285
-510,0.002975249
-509,0.0029320903
-508,0.0029175932
-507,0.0029127235
-506,0.0029110876
-505,0.0029105383
-504,0.0029103533
-503,0.0165803372
-502,0.0123551606
-501,0.0063035333
-500,0.0028526353
-499,0.0028691766
-498,0.002895472
-497,0.002905247
-496,0.0029085735
-495,0.0029096931
-494,0.0029100694
-493,0.0029101958
-492,0.0029102384
-491,0.0029102527
-490,0.0817533359
-489,0.0574102074
-488,0.0224926849
-487,0.0095461611
-486,0.0134900877
-485,0.009427907
-484,0.0052343493
-483,0.0036970749
-482,0.0031748386
-481,0.0029991475
-480,0.0029401188
-479,0.00292029
-478,0.0029136292
-477,0.0339952742
-476,0.0243950736
-475,0.0106294449
-474,0.0055260476
-473,0.0037899689
-472,0.003205811
-471,0.0030095409
-470,0.0029436097
-469,0.0029214626
-468,0.002914023
-467,0.002911524
-466,0.0029106847
-465,0.0029104026
-464,0.0804034094
-463,0.0564752685
-462,0.0221560292
-461,0.0094320604
-460,0.0051035922
-459,0.0036471422
-458,0.0031577923
-457,0.0029934091
-456,0.0029381908
-455,0.0029196424
-454,0.0029134115
-453,0.0029113187
-452,0.0029106153
-451,0.0029103792
-450,0.0029103002
-449,0.0029102737
-448,0.0029102646
-447,0.0029102612
-446,0.0029102604
-445,0.0029102604
-444,0.0029102604
-443,0.0029102604
-442,0.0029102604
-441,0.0029102604
-440,0.0029102604
-439,0.0029102604
-438,0.0029102604
-437,0.0029102604
-436,0.0029102604
-435,0.0029102604
-434,0.0029102604
-433,0.0551621824
-432,0.039028397
-431,0.0158875433
-430,0.0073078649
-429,0.0140938994
-428,0.0101122849
-427,0.0054861308
-426,0.0037826461
-425,0.4460697296
-424,0.328059435
-423,0.1252389993
-422,0.0444564238
-421,0.0168867421
-420,0.0076060527
-419,0.0044876705
-418,0.0034401316
-417,0.0030882498
-416,0.0029700488
-415,0.0029303439
-414,0.0029170061
-413,0.002912526
-412,0.0029110208
-411,0.0029105154
-410,0.002910346
-409,0.0029102889
-408,0.0029102696
-407,0.0029102629
-406,0.0029102607
-405,0.0029102604
-404,0.0029102604
-403,0.0029102604
-402,0.0029102604
-401,0.0029102604
-400,0.0029102604
-399,0.0029102604
-398,0.0029102604
-397,0.0029102604
-396,0.0029102604
-395,0.0469465913
-394,0.0333357844
-393,0.0138412527
-392,0.0066144238
-391,0.1219044391
-390,0.0847203846
-389,0.032295036
-388,0.0128674566
-387,0.0062589259
-386,0.0040352926
-385,0.0032881792
-384,0.0151419813
-383,0.011316317
-382,0.0059293109
-381,0.0039332772
-380,0.0032543066
-379,0.0030258469
-378,0.0029490874
-377,0.0029233026
-376,0.0029146412
-375,0.0134507502
-374,0.010192907
-373,0.0055266547
-372,0.0037968641
-371,0.0032084307
-370,0.0030104344
-369,0.00294391
-368,0.0029215634
-367,0.0029140572
-366,0.0029115353
-365,0.0029106883
-364,0.0029104038
-363,0.0029103082
-362,0.0029102761
-361,0.0227248692
-360,0.0166071369
-359,0.0078317597
-358,0.0045780108
-357,0.0034711386
-356,0.0030986955
-355,0.1130038605
-354,0.0789882151
-353,0.030244788
-352,0.0121730832
-351,0.0161475151
-350,0.0109503887
-349,0.0057743997
-348,0.0038797857
-347,0.0032362725
-346,0.0030197864
-345,0.0526972988
-344,0.0373110138
-343,0.0152700398
-342,0.007098596
-341,0.0043188295
-340,0.0033834898
-339,0.0030692266
-338,0.0172598124
-337,0.0128056754
-336,0.0064649718
-335,0.0041148205
-334,0.0033153625
-333,0.0030463598
-332,0.0029559784
-331,0.0029256172
-330,0.0184637928
-329,0.0136546534
-328,0.046615472
-327,0.0317585018
-326,0.0132450767
-325,0.0471063483
-324,0.0322067827
-323,0.0134080644
-322,0.0064664322
-321,0.0041061718
-320,0.003312041
-319,0.0030452248
-318,0.0029555963
-317,0.0029254894
-316,0.0029153756
-315,0.002911978
-314,0.0029108367
-313,0.0029104537
-312,0.0029103253
-311,0.0029102819
-310,0.0029102673
-309,0.0029102622
-308,0.0029102605
-307,0.0029102604
-306,0.0029102604
-305,0.0029102604
-304,0.0029102604
-303,0.0029102604
-302,0.0029102604
-301,0.0029102604
-300,0.032650439
-299,0.0234583054
-298,0.0286584302
-297,0.0181012067
-296,0.0083104751
-295,0.0047377783
-294,0.0035247588
-293,0.0031167049
-292,0.0029796082
-291,0.0029335546
-290,0.002918085
-289,0.0029128884
-288,0.002911143
-287,0.0029105568
-286,0.0029103597
-285,0.0029102936
-284,0.0029102716
-283,0.0029102637
-282,0.0029102609
-281,0.0029102604
-280,0.0029102604
-279,0.0029102604
-278,0.0029102604
-277,0.0029102604
-276,0.0029102604
-275,0.0029102604
-274,0.0029102604
-273,0.0029102604
-272,0.0029102604
-271,0.0029102604
-270,0.0029102604
-269,0.0029102604
-268,0.0029102604
-267,0.0029102604
-266,0.0029102604
-265,0.0029102604
-264,0.0029102604
-263,0.0029102604
-262,0.0029102604
-261,0.0029102604
-260,0.0029102604
-259,0.0029102604
-258,0.0029102604
-257,0.0029102604
-256,0.0029102604
-255,0.0029102604
-254,0.035467934
-253,0.0254049621
-252,0.0109919404
-251,0.0056488823
-250,0.0038312809
-249,0.0032196906
-248,0.0030142031
-247,0.0029451756
-246,0.0951260653
-245,0.066645665
-244,0.0258096883
-243,0.052828166
-242,0.0346477308
-241,0.0142517746
-240,0.0067509499
-239,0.0042017983
-238,0.003344166
-237,0.0030560167
-236,0.0029592215
-235,0.0029267067
-234,0.0029157843
-233,0.0029121157
-232,0.0029108834
-231,0.0029104693
-230,0.0029103303
-229,0.0029102835
-228,0.0029102681
-227,0.0124062494
-226,0.0094712149
-225,0.0052674166
-224,0.0037090247
-223,0.0031788908
-222,0.0030005098
-221,0.0029405766
-220,0.0029204438
-219,0.002913681
-218,0.0029114091
-217,0.0029106461
-216,0.0495555065
-215,0.0351382832
-214,0.0144888356
-213,0.0068338681
-212,0.004229801
-211,0.003353579
-210,0.0030591787
-209,0.0029602834
-208,0.090335928
-207,0.063331253
-206,0.0246187811
-205,0.0102665886
-204,0.0053842485
-203,0.0037414321
-202,0.0031894661
-201,0.0030040488
-200,0.0029417645
-199,0.0029208428
-198,0.0029138147
-197,0.002911454
-196,0.0029106606
-195,0.0029103945
-194,0.0029103053
-193,0.0029102752
-192,0.002910265
-191,0.0029102613
-190,0.0029102604
-189,0.0309691962
-188,0.0223039236
-187,0.009878131
-186,0.0052714519
-185,0.0037043471
-184,0.0031770454
-183,0.002999878
-182,0.0029403637
-181,0.0029203723
-180,0.0029136566
-179,0.0114682252
-178,0.0088227136
-177,0.0050344211
-176,0.0036300699
-175,0.0031523377
-174,0.0029915894
-173,0.0029375799
-172,0.0029194372
-171,0.0029133424
-170,0.0029112952
-169,0.0029106078
-168,0.0029103766
-167,0.1793079772
-166,0.1271953048
-165,0.0475665363
-164,0.0180429321
-163,0.0352352466
-162,0.0234377502
-161,0.0102452511
-160,0.0276210272
-159,0.0191024941
-158,0.0087081798
-157,0.0298141714
-156,0.0208022176
-155,0.0093229175
-154,0.0050826496
-153,0.0036408227
-152,0.0031557018
-151,0.0029927084
-150,0.0029379555
-149,0.0029195632
-148,0.002913385
-147,0.0029113097
-146,0.1309254623
-145,0.0914366589
-144,0.0347187785
-143,0.0136892232
-142,0.0065353118
-141,0.0041281488
-140,0.0796003176
-139,0.0557516141
-138,0.0381694719
-137,0.0205899013
-136,0.0091142831
-135,0.005006313
-134,0.0036148939
-133,0.0031469785
-132,0.002989777
-131,0.0029369706
-130,0.0029192323
-129,0.0029132738
-128,0.0029112723
-127,0.0029105998
-126,0.0029103743
-125,0.0029102985
-124,0.0029102728
-123,0.0029102642
-122,0.1168025852
-121,0.0816354362
-120,0.0311960838
-119,0.0124954628
-118,0.0061338378
-117,0.0039932681
-116,0.003274062
-115,0.0030324655
-114,0.0029513101
-113,0.0029240489
-112,0.0029148913
-111,0.0029118155
-110,0.0029107827
-109,0.0029104355
-108,0.0029103188
-107,0.0029102797
-106,0.0029102667
-105,0.002910262
-104,0.0253458362
-103,0.0184114173
-102,0.0084793669
-101,0.0047974515
-100,0.0035449382
-99,0.0308797147
-98,0.0221606249
-97,0.0098245847
-96,0.0052532109
-95,0.0036982064
-94,0.003174981
-93,0.002999184
-92,0.0029401305
-91,0.0029202937
-90,0.0029136307
-89,0.0029113925
-88,0.0029106406
-87,0.0029103883
-86,0.0029103034
-85,0.0029102749
-84,0.06819933
-83,0.0480399809
-82,0.0191253869
-81,0.0084050741
-80,0.0047582093
-79,0.0035311058
-78,0.0031188134
-77,0.0029803156
-76,0.0029337924
-75,0.0029181648
-74,0.0029129151
-73,0.0029111517
-72,0.0029105591
-71,0.00291036
-70,0.0029102934
-69,0.0029102713
-68,0.0029102634
-67,0.0029102609
-66,0.0029102604
-65,0.0029102604
-64,0.0029102604
-63,0.0029102604
-62,0.0029102604
-61,0.0029102604
-60,0.0029102604
-59,0.0029102604
-58,0.0029102604
-57,0.0029102604
-56,0.0029102604
-55,0.0029102604
-54,0.0029102604
-53,0.0029102604
-52,0.0029102604
-51,0.0029102604
-50,0.0029102604
-49,0.0029102604
-48,0.0029102604
-47,0.0029102604
-46,0.0029102604
-45,0.040685505
-44,0.0290098781
-43,0.3353107885
-42,0.2532230599
-41,0.0965592861
-40,0.034663638
-39,0.0135900164
-38,0.0064983189
-37,0.0041155562
-36,0.0033151334
-35,0.0030462613
-34,0.0212174587
-33,0.0155428259
-32,0.0074484093
-31,0.0044480781
-30,0.0034274401
-29,0.0030840143
-28,0.0029686268
-27,0.002929866
-26,0.0029168455
-25,0.002912472
-24,0.0029110033
-23,0.0029105095
-22,0.0029103438
-21,0.002910288
-20,0.0191883544
-19,0.014157946
-18,0.0069511688
-17,0.0042795828
-16,0.0033707722
-15,0.0030649754
-14,0.0029622315
-13,0.0029277179
-12,0.0029161246
-11,0.0029122299
-10,0.0029109217
-9,0.0029104821
-8,0.0029103346
-7,0.020962266
-6,0.0153836597
-5,0.0073915251
-4,0.0044288033
-3,0.0034209561
-2,0.0030818355
-1,0.0029678953
0,0.0029296205
1,0.0029167632
2,0.0029124444
3,0.0029109937
4,0.0102147746
5,0.0079573785
6,0.0047235155
7,0.0035247086
8,0.0031169032
9,0.0029796844
10,0.0029335806
11,0.0029180936
12,0.0029128913
13,0.0029111441
14,0.0029105571
15,0.0029103597
16,0.0029102936
17,0.0029102716
18,0.0029102637
19,0.0029102609
20,0.0029102604
21,0.0029102604
22,0.0029102604
23,0.0029102604
24,0.0029102604
25,0.0029102604
26,0.0029102604
27,0.0029102604
28,0.0029102604
29,0.0029102604
30,0.0029102604
31,0.012823196
32,0.0097598103
33,0.0053710696
34,0.0037441424
35,0.0031907003
36,0.0030044774
37,0.0029419091
38,0.0029208913
39,0.0029138314
40,0.0029114593
41,0.0029106625
42,0.002910395
43,0.0029103054
44,0.0029102752
45,0.002910265
46,0.0029102613
47,0.0029102604
48,0.0029102604
49,0.0029102604
50,0.0029102604
51,0.0029102604
52,0.0029102604
53,0.0029102604
54,0.0029102604
55,0.0029102604
56,0.0029102604
57,0.0029102604
58,0.0174144515
59,0.0129322326
60,0.0065108128
61,0.0041303611
62,0.003320588
63,0.003048115
64,0.0029565679
65,0.0029258153
66,0.0029154852
67,0.0029120151
68,0.0029108493
69,0.0029104579
70,0.0029103264
71,0.0029102822
72,0.0029102674
73,0.0029102622
74,0.0029102605
75,0.0029102604
76,0.0029102604
77,0.0029102604
78,0.0029102604
79,0.0029102604
80,0.0029102604
81,0.0029102604
82,0.0029102604
83,0.0029102604
84,0.0029102604
85,0.0029102604
86,0.0029102604
87,0.1140167926
88,0.0796950472
89,0.0304967672
90,0.012258444
91,0.0060541297
92,0.0039664893
93,0.0032650665
94,0.0030294439
95,0.0060806968
96,0.0050867238
97,0.0036918751
98,0.0031751085
99,0.0029993298
100,0.0029401842
101,0.002920312
102,0.0090700913
103,0.0071653253
104,0.0044389336
105,0.0034282726
106,0.0030844709
107,0.0029687883
108,0.0029299208
109,0.0029168641
110,0.0029124782
111,0.002911005
112,0.0029105101
113,0.0029103441
114,0.0234675341
115,0.017113652
116,0.0080131175
117,0.0046394545
118,0.003491802
119,0.0031056375
120,0.0029758906
121,0.0227581788
122,0.0166167641
123,0.0078343657
124,0.0305611898
125,0.0214244515
126,0.0095487004
127,0.0051592382
128,0.0036665812
129,0.0031643557
130,0.0029956153
131,0.0029389318
132,0.0029198914
133,0.0029134953
134,0.0029113468
135,0.0029106252
136,0.0029103823
137,0.0029103008
138,0.0029102738
139,0.0029102646
140,0.0029102612
141,0.0029102604
142,0.0029102604
143,0.0145970914
144,0.0109855204
145,0.0058114246
146,0.0038933627
147,0.003240884
148,0.0030213379
149,0.002947573
150,0.0060531943
151,0.0050774857
152,0.0036887718
153,0.0031740659
154,0.0029989793
155,0.0029400661
156,0.0029202719
157,0.0029136228
158,0.0029113895
159,0.0029106393
160,0.0385986048
161,0.0275679564
162,0.0117690392
163,0.0059122161
164,0.0094502176
165,0.0070707713
166,0.0043970701
167,0.0034137511
168,0.003079572
169,0.1572352651
170,0.1097721899
171,0.0413046317
172,0.0276082824
173,0.0153608656
174,0.0072814177
175,0.0043871687
176,0.0034067603
177,0.0030770577
178,0.0029662896
179,0.0029290806
180,0.0029165821
181,0.0029123836
182,0.0029109736
183,0.0029104999
184,0.0029103404
185,0.002910287
186,0.002910269
187,0.0029102627
188,0.0029102607
189,0.0029102604
190,0.0029102604
191,0.0029102604
192,0.0164759562
193,0.0122830528
194,0.0062776266
195,0.0040513522
196,0.0032940182
197,0.0030391888
198,0.002953569
199,0.0029248079
200,0.002915147
201,0.0029119015
202,0.0029108114
203,0.0029104455
204,0.0029103223
205,0.0029102809
206,0.0306664935
207,0.022089001
208,0.0098005259
209,0.0052451289
210,0.0036954919
211,0.0031740696
212,0.0029988781
213,0.0029400277
214,0.0029202593
215,0.006252713
216,0.0052186043
217,0.0037395429
218,0.0310381285
219,0.0222533697
220,0.0098580478
221,0.0052645594
222,0.0037020253
223,0.003176265
224,0.0029996159
225,0.0029402756
226,0.0181556617
227,0.0134400113
228,0.0066932082
229,0.0041921764
230,0.0105416325
231,0.00802989
232,0.0047462097
233,0.0035322606
234,0.0031194367
235,0.0029805354
236,0.0525187122
237,0.0517304115
238,0.0209528239
239,0.0090456355
240,0.004974591
241,0.0036038452
242,0.0031432495
243,0.0029885237
244,0.0193106304
245,0.0142374512
246,0.0069799516
247,0.0042893461
248,0.0033740571
249,0.0030660792
250,0.0029626026
251,0.0029278422
252,0.0029161659
253,0.0029122438
254,0.0029109265
255,0.0029104837
256,0.0029103351
257,0.0029102855
258,0.0029102686
259,0.0029102626
260,0.0029102607
261,0.0029102604
262,0.0029102604
263,0.0029102604
264,0.0029102604
265,0.0029102604
266,0.2185979921
267,0.1604988456
268,0.0595335025
269,0.0220981946
270,0.0093633194
271,0.0050782594
272,0.0036385306
273,0.0031548945
274,0.0029924351
275,0.0029378633
276,0.002919532
277,0.0029133746
278,0.0029113064
279,0.0029106111
280,0.0029103777
281,0.0343201033
282,0.0246118954
283,0.010707016
284,0.0055523306
285,0.0037988098
286,0.0032087814
287,0.0030105388
288,0.0029439448
289,0.0029215752
290,0.0029140612
291,0.0029115366
292,0.0029106891
293,0.0029104039
294,0.0029103082
295,0.0029102761
296,0.0029102652
297,0.0029102613
298,0.0029102604
299,0.01334541
300,0.0101200982
301,0.0055005407
302,0.0037880228
303,0.003205458
304,0.0871836385
305,0.0611233887
306,0.0238250947
307,0.0099976023
308,0.005293784
309,0.0037110398
310,0.003179257
311,0.0030006195
312,0.0029406129
313,0.002920456
314,0.0029136851
315,0.0029114105
316,0.0029106466
317,0.0029103898
318,0.0029103039
319,0.002910275
320,0.002910265
321,0.0029102613
322,0.0029102604
323,0.0029102604
324,0.0029102604
325,0.0029102604
326,0.0029102604
327,0.0029102604
328,0.0029102604
329,0.0029102604
330,0.0029102604
331,0.0029102604
332,0.0453624413
333,0.0322525081
334,0.0134527441
335,0.0064827728
336,0.0041117227
337,0.0033139088
338,0.0030458527
339,0.0029558069
340,0.0029255599
341,0.0029153997
342,0.0029119865
343,0.0029108401
344,0.0029104552
345,0.0457789714
346,0.032541102
347,0.0135563334
348,0.0065178815
349,0.004123531
350,0.0033178761
351,0.0030471857
352,0.0029562549
353,0.0090821654
354,0.0071693806
355,0.0044402959
356,0.0034287301
357,0.0030846247
358,0.0111082574
359,0.0085536122
360,0.0117198238
361,0.0082836692
362,0.0048249719
363,0.0035584184
364,0.0031282094
365,0.0029834816
366,0.0251617283
367,0.0182754805
368,0.0084303357
369,0.0168856017
370,0.0119027607
371,0.0061263379
372,0.0039994622
373,0.0032765393
374,0.0030333155
375,0.0029515961
376,0.0029241449
377,0.002914924
378,0.0029118268
379,0.038166999
380,0.0272786824
381,0.0116654885
382,0.00587713
383,0.0039080414
384,0.0032454791
385,0.0030228664
386,0.0029480862
387,0.0029229662
388,0.0082362101
389,0.0065888205
390,0.0042318077
391,0.0033580844
392,0.0030608661
393,0.0349779235
394,0.0250588988
395,0.0108680902
396,0.0056069131
397,0.0038171658
398,0.0032149482
399,0.0030126103
400,0.0029446408
401,0.0029218086
402,0.002914139
403,0.0029115628
404,0.0029106974
405,0.0029104071
406,0.0029103094
407,0.0029102765
408,0.0029102652
409,0.0029102613
410,0.0029102604
411,0.019084741
412,0.0140855095
413,0.0069251954
414,0.0042707925
415,0.0033678179
416,0.003063983
417,0.0029618978
418,0.0154497875
419,0.0115678961
420,0.0060205555
421,0.0039642338
422,0.0032647196
423,0.0277606539
424,0.0200375889
425,0.0090626695
426,0.0165780919
427,0.0116143209
428,0.0060210308
429,0.0039637056
430,0.0032645109
431,0.0030292742
432,0.0029502391
433,0.148741815
434,0.1037020977
435,0.0391240278
436,0.0151819556
437,0.0070373225
438,0.0042968058
439,0.0033760259
440,0.0030667164
441,0.0029628153
442,0.0029279141
443,0.0029161902
444,0.0029122521
445,0.0029109292
446,0.0029104846
447,0.0029103357
448,0.0029102856
449,0.0029102686
450,0.0029102626
451,0.0029102607
452,0.0099018113
453,0.0077408531
454,0.0046457492
455,0.0034983616
456,0.0291812092
457,0.0209994871
458,0.0094082583
459,0.0051121684
460,0.0036507766
461,0.0031590474
462,0.011550264
463,0.0088505772
464,0.0050437577
465,0.0036331998
466,0.0031533877
467,0.0298102781
468,0.0214669844
469,0.0204290561
470,0.0126674411
471,0.0063638548
472,0.004078367
473,0.0033030039
474,0.0030422034
475,0.0029545817
476,0.002925148
477,0.0029152609
478,0.0029119398
479,0.0029108244
480,0.0029104498
481,0.0029103238
482,0.002910281
483,0.002910267
484,0.0029102621
485,0.0029102605
486,0.0029102604
487,0.0053102344
488,0.0045685719
489,0.0035060346
490,0.0031121468
491,0.0029781555
492,0.0223415591
493,0.0163286232
494,0.0077308412
495,0.0045437786
496,0.0034596227
497,0.0030948259
498,0.0029722588
499,0.0029310859
500,0.0029172557
501,0.028270028
502,0.0204309615
503,0.009204912
504,0.0050433149
505,0.0036276238
506,0.003151269
507,0.0029912194
508,0.0029374552
509,0.0029193953
510,0.0029133286
511,0.0101115464
512,0.0078853964
513,0.0046976709
514,0.0035159557
515,0.00311396
516,0.0029786958
517,0.0029332488
518,0.0029179822
519,0.0029128538
520,0.0029111311
521,0.0411032055
522,0.0292983726
523,0.0123907261
524,0.006122886
525,0.003990692
526,0.0032732468
527,0.0030321932
528,0.0110902615
529,0.0085478592
530,0.0049353355
531,0.0035964735
532,0.0031410375
533,0.0029877928
534,0.0029363047
535,0.0029190091
536,0.1850142429
537,0.1383656198
538,0.0516337916
539,0.0194211124
540,0.3042300364
541,0.2276681742
542,0.0840191309
543,0.0303996874
544,0.0121553603
545,0.0060162939
546,0.0039536336
547,0.0143219997
548,0.0106704205
549,0.0056955062
550,0.0038539739
551,0.0032276331
552,0.0030168859
553,0.0029460774
554,0.0029222913
555,0.002914301
556,0.002911617
557,0.002910716
558,0.0029104134
559,0.0029103116
560,0.0029102776
561,0.0029102658
562,0.0029102615
563,0.0029102604
564,0.0029102604
565,0.0029102604
566,0.0029102604
567,0.0029102604
568,0.0029102604
569,0.0029102604
570,0.0029102604
571,0.0105279212
572,0.0081734442
573,0.0048011666
574,0.2454430493
575,0.1771616734
576,0.0655120894
577,0.0241238604
578,0.0100445487
579,0.0053071269
580,0.0037154107
581,0.0124680047
582,0.0094178684
583,0.0052461284
584,0.0037017205
585,0.0031764303
586,0.0029996837
587,0.0029402989
588,0.0029203506
589,0.0488066157
590,0.0346328419
591,0.0143078878
592,0.0067725592
593,0.0042091808
594,0.0033466514
595,0.0145355186
596,0.010890326
597,0.0057761115
598,0.0038813568
599,0.0032368451
600,0.0030199809
601,0.0029471171
602,0.0029226406
603,0.0029144188
604,0.002911657
605,0.0029107293
606,0.0029104176
607,0.0305481301
608,0.0220145254
609,0.009774488
610,0.005236338
611,0.0036925387
612,0.003173078
613,0.0029985451
614,0.0029399159
615,0.0029202212
616,0.0029136058
617,0.0029113836
618,0.0029106375
619,0.002910387
620,0.0029103029
621,0.0029102748
622,0.0029102649
623,0.0029102613
624,0.0029102604
625,0.0029102604
626,0.1386723717
627,0.0980801407
628,0.0371019896
629,0.0212792815
630,0.0114934233
631,0.005903102
632,0.0257300347
633,0.0183184261
634,0.008438035
635,0.0047831088
636,0.0035400991
637,0.0212691373
638,0.0155253329
639,0.0074412115
640,0.0044455907
641,0.0084352427
642,0.006544557
643,0.0042118885
644,0.0033511639
645,0.0030585308
646,0.0029600731
647,0.002926993
648,0.0029158808
649,0.0029121478
650,0.0029108939
651,0.0029104731
652,0.0029103313
653,0.0029102841
654,0.0029102683
655,0.0029102625
656,0.0029102606
657,0.0100061622
658,0.0078129512
659,0.0046716518
660,0.0035071393
661,0.0031109951
662,0.0029776997
663,0.002932914
664,0.0029178699
665,0.0029128161
666,0.0029111184
667,0.0029105482
668,0.0029103564
669,0.0029102921
670,0.0029102709
671,0.0111540337
672,0.0086060361
673,0.0049565841
674,0.0036036934
675,0.0031434667
676,0.0029886088
677,0.0029365788
678,0.0029191007
679,0.0029132296
680,0.0029112578
681,0.0029105949
682,0.2707034415
683,0.1989095325
684,0.0733315209
685,0.0267738633
686,0.0109357765
687,0.0056065482
688,0.0435739176
689,0.0306839993
690,0.0128814374
691,0.0062888702
692,0.0040465001
693,0.0032919963
694,0.0226565748
695,0.0165078319
696,0.0077944588
697,0.0045653161
698,0.0375744353
699,0.0266722356
700,0.0114433078
701,0.0058016566
702,0.0038826501
703,0.0032369479
704,0.0030200002
705,0.0029471232
706,0.0029226426
707,0.0029144195
708,0.0029116576
709,0.0029107297
710,0.0029104178
711,0.0029103129
712,0.0029102776
713,0.0167883781
714,0.0124996307
715,0.0063553927
716,0.0040776946
717,0.0108158398
718,0.0082334028
719,0.0048196036
720,0.0035571385
721,0.0031278033
722,0.0029833459
723,0.0029348104
724,0.0029185067
725,0.0106346852
726,0.0082466269
727,0.0048274127
728,0.003559915
729,0.0031287433
730,0.0029836623
731,0.002934917
732,0.010431852
733,0.0081041276
734,0.0047761981
735,0.003542564
736,0.0031229087
737,0.0029817019
738,0.0029342586
739,0.0029183217
740,0.0029129682
741,0.0029111699
742,0.0029105656
743,0.0029103625
744,0.0029102944
745,0.0203361707
746,0.0149510501
747,0.0072361047
748,0.0043761368
749,0.0172813564
750,0.0835199214
751,0.05536583
752,0.021684401
753,0.0092691719
754,0.0050486762
755,0.0036286861
756,0.0351875059
757,0.0251255374
758,0.0108896578
759,0.005614141
760,0.0038195937
761,0.0032157642
762,0.0030128843
763,0.0029447324
764,0.0526664896
765,0.0373002779
766,0.0152671136
767,0.0070976322
768,0.0043185075
769,0.0033833815
770,0.0030691901
771,0.0029636461
772,0.0029281931
773,0.002916284
774,0.0029122835
775,0.0029109399
776,0.0029104884
777,0.0116758626
778,0.0089665508
779,0.0050861051
780,0.0036475839
781,0.0031582277
782,0.020942028
783,0.0153391695
784,0.0073749446
785,0.0044231706
786,0.0034190629
787,0.0030811996
788,0.0029676817
789,0.0029295486
790,0.0029167393
791,0.0029124365
792,0.002910991
793,0.0029105056
794,0.0029103422
795,0.0029102875
796,0.0029102691
797,0.0029102627
798,0.0029102607
799,0.0029102604
800,0.0287894357
801,0.020790668
802,0.0093341607
803,0.0050871135
804,0.0036423535
805,0.0031562178
806,0.0029928813
807,0.0029380133
808,0.0029195828
809,0.0029133916
810,0.0029113117
811,0.0029106131
812,0.0029103784
813,0.0029102996
814,0.0029102732
815,0.0029102642
816,0.002910261
817,0.1003745578
818,0.0702501535
819,0.0411903073
820,0.0208421512
821,0.0091643625
822,0.0460317065
823,0.0319546248
824,0.0133284864
825,0.0064399596
826,0.0040972945
827,0.0059177281
828,0.0048467371
829,0.0036028415
830,0.0031448187
831,0.0029891377
832,0.0029367593
833,0.0029191615
834,0.0029132504
835,0.0112593851
836,0.0086784695
837,0.0049825991
838,0.0036125087
839,0.0031464318
840,0.0029896052
841,0.0130590095
842,0.0099127578
843,0.005425841
844,0.0037627006
845,0.003196942
846,0.003006575
847,0.0029426138
848,0.0029211281
849,0.0029139106
850,0.0029114863
851,0.0029106718
852,0.0029103984
853,0.0415197841
854,0.0295869452
855,0.0124943649
856,0.0061579973
857,0.0040024988
858,0.0032772133
859,0.0446525446
860,0.0317177322
861,0.0132594154
862,0.0064172205
863,0.0040896755
864,0.0033065021
865,0.003043365
866,0.0029549713
867,0.0029252789
868,0.0029153051
869,0.0082336366
870,0.0065879548
871,0.0042315169
872,0.0033579868
873,0.0030608331
874,0.0029608472
875,0.0029272532
876,0.0229514552
877,0.0167550701
878,0.0078842448
879,0.0364229947
880,0.0388241251
881,0.0202296622
882,0.0089669746
883,0.0049556443
884,0.0035978217
885,0.0031412421
886,0.0029878503
887,0.0029363237
888,0.0029190149
889,0.0029132006
890,0.0029112478
891,0.002910592
892,0.0029103717
893,0.0029102976
894,0.0029102726
895,0.0029102641
896,0.002910261
897,0.0029102604
898,0.0029102604
899,0.0029102604
900,0.060901261
901,0.0429943578
902,0.0173122219
903,0.007790638
904,0.0447269018
905,0.0312195681
906,0.0130680818
907,0.0063518731
908,0.0117896885
909,0.0086343914
910,0.0049576904
911,0.0036036824
912,0.0031434463
913,0.0029886013
914,0.0029365761
915,0.0029190999
916,0.0663252334
917,0.0467434067
918,0.0186594706
919,0.008247185
920,0.0047051099
921,0.0035132661
922,0.0031128209
923,0.0029783026
924,0.0029331165
925,0.0029179379
926,0.0029128391
927,0.0029111262
928,0.0029105508
929,0.045254759
930,0.0321798585
931,0.0134267921
932,0.0064739904
933,0.0041087706
934,0.0033129174
935,0.0030455203
936,0.0029556954
937,0.0029255218
938,0.0029153865
939,0.1176044024
940,0.1480552758
941,0.0577675197
942,0.0216065997
943,0.0092028138
944,0.0050245547
945,0.0036204999
946,0.0038806208
947,0.0231403107
948,0.0135121931
949,0.0066446279
950,0.0041725464
951,0.0033346343
952,0.0030528281
953,0.0121410818
954,0.009271006
955,0.0051951126
956,0.0036845072
957,0.0031706442
958,0.0100936426
959,0.0078423375
960,0.0205422237
961,0.0144697371
962,0.0070494057
963,0.0043122857
964,0.0033817435
965,0.0030686602
966,0.002963469
967,0.0029281331
968,0.0029162635
969,0.0029122765
970,0.0143896038
971,0.0108413112
972,0.0057596462
973,0.0038758257
974,0.0032349876
975,0.0030193565
976,0.0680289696
977,0.0479086313
978,0.0190777317
979,0.0083889063
980,0.0047527706
981,0.0035292781
982,0.0191883298
983,0.0140832615
984,0.0069227566
985,0.0042698972
986,0.0033675135
987,0.0030638803
988,0.0029618636
989,0.0029275943
990,0.0051073625
991,0.0044263263
992,0.0034548851
993,0.003094812
994,0.0029723258
995,0.0029311114
996,0.0029172644
997,0.0029126128
998,0.0136592559
999,0.0103366602
1000,0.0055783394
1001,0.0038143864
1002,0.0032143248
1003,0.0549506155
1004,0.038846121
1005,0.0158213478
1006,0.007285402
1007,0.0043816539
1008,0.0034045963
1009,0.0030763165
1010,0.0029660404
1011,0.0197295925
1012,0.014524399
1013,0.0070827301
1014,0.0043241706
1015,0.0033857696
1016,0.0030700142
1017,0.0029639244
1018,0.0029282866
1019,0.0029163154
1020,0.02346954
1021,0.0171143267
1022,0.0080133449
1023,0.0046395315
1024,0.0034918279
1025,0.003105646
1026,0.0029758932
1027,0.0029323069
1028,0.0840539191
1029,0.0589981144
1030,0.0230633552
1031,0.0097395465
1032,0.0052070036
1033,0.0036818848
1034,0.0031694629
1035,0.0029973297
1036,0.0029395075
1037,0.0029200846
1038,0.0029135603
1039,0.0245111325
1040,0.0178354388
1041,0.0082723577
1042,0.0047272864
1043,0.003521338
1044,0.0031155601
1045,0.0029792238
1046,0.0029334257
1047,0.0029180413
1048,0.0029128736
1049,0.0029111377
1050,0.002910555
1051,0.0029103591
1052,0.0029102932
1053,0.0029102712
1054,0.0029102634
1055,0.0029102609
1056,0.0029102604
1057,0.011571435
1058,0.0088944264
1059,0.0050601936
1060,0.0036388034
1061,0.003155275
1062,0.0029925761
1063,0.0029379111
1064,0.01272859
1065,0.0096906293
1066,0.0053461732
1067,0.0107272607
1068,0.0080184585
1069,0.0047390146
1070,0.0035296911
1071,0.003118567
1072,0.0029802432
1073,0.0029337686
1074,0.0029181566
1075,0.0029129125
1076,0.0029111512
1077,0.0029105591
1078,0.00291036
1079,0.0029102934
1080,0.0029102713
1081,0.0029102634
1082,0.0029102609
1083,0.0029102604
1084,0.0029102604
1085,0.0029102604
1086,0.0029102604
1087,0.0029102604
1088,0.0029102604
1089,0.0029102604
1090,0.0029102604
1091,0.0029102604
1092,0.0053102344
1093,0.0045685719
1094,0.0035060346
1095,0.0031121468
1096,0.0029781555
1097,0.0029330704
1098,0.0029179221
1099,0.0029128336
1100,0.002911124
1101,0.0029105502
1102,0.0029103573
1103,0.0029102924
1104,0.002910271
1105,0.0029102634
1106,0.0029102609
1107,0.0029102604
1108,0.1960214603
1109,0.1410354317
1110,0.0525398091
1111,0.0197282322
1112,0.00856628
1113,0.0048104829
1114,0.0035485794
1115,0.0112640969
1116,0.0086059604
1117,0.004954874
1118,0.006733444
1119,0.0053062608
1120,0.0037656319
1121,0.0031998846
1122,0.0030076518
1123,0.0029429797
1124,0.0029212513
1125,0.0029139521
1126,0.0029114999
1127,0.0412911942
1128,0.0294402402
1129,0.0124425172
1130,0.0061404518
1131,0.0039965989
1132,0.0032752315
1133,0.0030328603
1134,0.0029514425
1135,0.0029240936
1136,0.0029149066
1137,0.013973079
1138,0.010553214
1139,0.0056561339
1140,0.0038407477
1141,0.0032231903
1142,0.0030153929
1143,0.0029455755
1144,0.0029221227
1145,0.0029142447
1146,0.0029115983
1147,0.0029107094
1148,0.0029104111
1149,0.0029103109
1150,0.0029102773
1151,0.0029102658
1152,0.0029102615
1153,0.0029102604
1154,0.0029102604
1155,0.0029102604
1156,0.0029102604
1157,0.0029102604
1158,0.0029102604
1159,0.0029102604
1160,0.0029102604
1161,0.0029102604
1162,0.0029102604
1163,0.0029102604
1164,0.0029102604
1165,0.0029102604
1166,0.0029102604
1167,0.0029102604
1168,0.0029102604
1169,0.0029102604
1170,0.0029102604
1171,0.1879801409
1172,0.13303783
1173,0.0496647682
1174,0.0187539363
1175,0.0082386132
1176,0.0047003981
1177,0.0035115998
1178,0.0031122574
1179,0.0029781133
1180,0.0059591071
1181,0.0050088308
1182,0.1085372743
1183,0.0756245717
1184,0.0290284978
1185,0.0117606468
1186,0.0058867057
1187,0.0039102403
1188,0.0032461711
1189,0.0030230964
1190,0.0029481629
1191,0.0918979977
1192,0.0644119076
1193,0.0250068435
1194,0.0103980932
1195,0.0054284745
1196,0.0037562906
1197,0.003194457
1198,0.003005725
1199,0.0029423275
1200,0.0372526784
1201,0.0266342512
1202,0.0114335044
1203,0.0057985105
1204,0.003881602
1205,0.0032365968
1206,0.003019882
1207,0.0029470831
1208,0.0029226293
1209,0.0029144153
1210,0.0372432974
1211,0.0266311015
1212,0.0114324463
1213,0.0057981556
1214,0.0038814825
1215,0.0032365564
1216,0.0030198687
1217,0.0029470788
1218,0.0029226276
1219,0.0029144143
1220,0.0029116553
1221,0.0029107288
1222,0.0119889978
1223,0.0091828724
1224,0.0051638226
1225,0.00367392
1226,0.0031670846
1227,0.0029965436
1228,0.0029392435
1229,0.0029199958
1230,0.2379031715
1231,0.1743469158
1232,0.0645073901
1233,0.0237836531
1234,0.0099301478
1235,0.0052686937
1236,0.0076676751
1237,0.0059162025
1238,0.0039839773
1239,0.0032738411
1240,0.0030325227
1241,0.0029513352
1242,0.0029240575
1243,0.0029148944
1244,0.0029118167
1245,0.0029107831
1246,0.0029104355
1247,0.0029103188
1248,0.0029102797
1249,0.0029102667
1250,0.002910262
1251,0.0029102605
1252,0.0029102604
1253,0.0029102604
1254,0.0029102604
1255,0.0029102604
1256,0.0029102604
1257,0.1891508613
1258,0.4588388483
1259,0.2094629379
1260,0.0853965349
1261,0.0346051647
1262,0.0137381809
1263,0.0065557199
1264,0.0041351851
1265,0.0033217426
1266,0.003048482
1267,0.0029566904
1268,0.002925857
1269,0.0359934033
1270,0.0257678865
1271,0.0111221851
1272,0.0056929919
1273,0.0038461111
1274,0.0032246724
1275,0.0030158766
1276,0.1232036177
1277,0.0860416471
1278,0.0327803984
1279,0.0130322796
1280,0.0063143665
1281,0.004053918
1282,0.0032944353
1283,0.0030393092
1284,0.0029536089
1285,0.0029248211
1286,0.1597196173
1287,0.1114857176
1288,0.0419204679
1289,0.0161296097
1290,0.0073560296
1291,0.0044038808
1292,0.0034119946
1293,0.0030787985
1294,0.0029668739
1295,0.0029292772
1296,0.0029166484
1297,0.0029124061
1298,0.0029109805
1299,0.0029105018
1300,0.0029103411
1301,0.0029102872
1302,0.002910269
1303,0.0029102627
1304,0.0029102607
1305,0.0029102604
1306,0.0104232233
1307,0.0081014973
1308,0.0047752939
1309,0.0035422546
1310,0.0031228038
1311,0.0029816664
1312,0.0029342463
1313,0.0029183172
1314,0.0029129667
1315,0.0029111698
1316,0.0029105654
1317,0.0029103625
1318,0.0029102944
1319,0.0029102717
1320,0.0029102637
1321,0.0029102609
1322,0.0029102604
1323,0.0029102604
1324,0.0029102604
1325,0.0029102604
1326,0.0029102604
1327,0.0029102604
1328,0.0029102604
1329,0.0414159708
1330,0.0295145745
1331,0.0124684045
1332,0.0061492089
1333,0.0039995448
1334,0.003276221
1335,0.0030331928
1336,0.0099427842
1337,0.0077548668
1338,0.0046504377
1339,0.0034999313
1340,0.0031085694
1341,0.0151860114
1342,0.0113681516
1343,0.0059484066
1344,0.0039397686
1345,0.1604319534
1346,0.1119601
1347,0.0420884616
1348,0.0161864295
1349,0.007375134
1350,0.0044102991
1351,0.0034141506
1352,0.0030795231
1353,0.0029671172
1354,0.002929359
1355,0.0029166756
1356,0.0029124149
1357,0.0029109841
1358,0.0029105035
1359,0.0029103417
1360,0.0029102873
1361,0.002910269
1362,0.0029102627
1363,0.0029102607
1364,0.0029102604
1365,0.0029102604
1366,0.0029102604
1367,0.0029102604
1368,0.0029102604
1369,0.0029102604
1370,0.0029102604
1371,0.0029102604
1372,0.0029102604
1373,0.0029102604
1374,0.0029102604
1375,0.0029102604
1376,0.0029102604
1377,0.0029102604
1378,0.0126145037
1379,0.0096156093
1380,0.0053192631
1381,0.0293833396
1382,0.0209194924
1383,0.0093745691
1384,0.0051005446
1385,0.0036468577
1386,0.0031577303
1387,0.0029933899
1388,0.0029381845
1389,0.0369221612
1390,0.0264161233
1391,0.0113556398
1392,0.0057721325
1393,0.0038727297
1394,0.0032336157
1395,0.0030188814
1396,0.0029467474
1397,0.0029225167
1398,0.002914377
1399,0.0029116425
1400,0.0029107243
1401,0.0029104157
1402,0.0029103122
1403,0.0029102776
1404,0.0029102658
1405,0.0029102615
1406,0.0029102604
1407,0.0029102604
1408,0.0029102604
1409,0.0029102604
1410,0.0029102604
1411,0.0029102604
1412,0.0029102604
1413,0.0029102604
1414,0.0227263809
1415,0.0166077717
1416,0.0078317828
1417,0.0045780136
1418,0.0034711388
1419,0.0030986955
1420,0.0029735589
1421,0.0029315223
1422,0.0029174017
1423,0.0029126589
1424,0.0029110656
1425,0.0029105305
1426,0.0029103507
1427,0.0029102903
1428,0.0029102704
1429,0.0029102634
1430,0.0029102608
1431,0.0029102604
1432,0.0029102604
1433,0.0029102604
1434,0.0029102604
1435,0.0029102604
1436,0.0029102604
1437,0.0029102604
1438,0.0029102604
1439,0.0029102604
1440,0.0029102604
1441,0.0112583806
1442,0.0086781314
1443,0.0049824854
1444,0.0036124706
1445,0.0031464188
1446,0.0029896008
1447,0.0029369119
1448,0.0106408689
1449,0.0082487053
1450,0.0048281111
1451,0.0035601494
1452,0.0031288219
1453,0.1069607024
1454,0.0748085836
1455,0.0287435175
1456,0.0116643583
1457,0.0058543322
1458,0.3114316694
1459,0.2332432382
1460,0.0859421887
1461,0.0310542503
1462,0.0123756189
1463,0.0124557401
1464,0.0083764956
1465,0.0048491643
1466,0.0035662316
1467,0.0031308206
1468,0.0029843577
1469,0.0029351501
1470,0.0174234796
1471,0.0129347464
1472,0.0065116951
1473,0.0041306681
1474,0.0033206926
1475,0.0030481505
1476,0.0029565798
1477,0.0515519002
1478,0.0550662681
1479,0.025917475
1480,0.0282104232
1481,0.0175697676
1482,0.0081146385
1483,0.0046712055
1484,0.0035023599
1485,0.0031091793
1486,0.0029770801
1487,0.0029327057
1488,0.0029177998
1489,0.0029127926
1490,0.0029111108
1491,0.0029105462
1492,0.0029103559
1493,0.0029102918
1494,0.0029102708
1495,0.0029102634
1496,0.0029102609
1497,0.0029102604
1498,0.0029102604
1499,0.0029102604
1500,0.0029102604
1501,0.0029102604
1502,0.01334541
1503,0.0101200982
1504,0.0055005407
1505,0.012866185
1506,0.0094782027
1507,0.0052630186
1508,0.0037072347
1509,0.0031782744
1510,0.0125854283
1511,0.0275985248
1512,0.0152112271
1513,0.0079029274
1514,0.0046264713
1515,0.0034885323
1516,0.0031045883
1517,0.0029755402
1518,0.0029321885
1519,0.0029176258
1520,0.0029127339
1521,0.0029110906
1522,0.002910539
1523,0.0029103539
1524,0.0029102912
1525,0.0029102705
1526,0.0029102634
1527,0.0029102608
1528,0.0141802225
1529,0.0106968858
1530,0.0057077632
1531,0.003858244
1532,0.0032290743
1533,0.0030173701
1534,0.0029462402
1535,0.0029223465
1536,0.0029143198
1537,0.0117815031
1538,0.0090390823
1539,0.0051121535
1540,0.0036564109
1541,0.0130741348
1542,0.0098441171
1543,0.00539939
1544,0.0037536553
1545,0.0031938953
1546,0.0030055506
1547,0.0029422697
1548,0.0029210124
1549,0.0029138718
1550,0.0029114732
1551,0.0029106674
1552,0.0029103966
1553,0.0029103055
1554,0.0280451964
1555,0.0202843778
1556,0.0091528208
1557,0.0050256735
1558,0.0036216904
1559,0.0031492756
1560,0.0029905497
1561,0.0029372304
1562,0.0029193196
1563,0.0029133033
1564,0.0029112824
1565,0.0029106033
1566,0.0029103753
1567,0.0291025286
1568,0.0210069725
1569,0.0094118723
1570,0.0051134477
1571,0.0036512098
1572,0.0031591928
1573,0.002993881
1574,0.0029383494
1575,0.0029196956
1576,0.0070872986
1577,0.0057953462
1578,0.003946748
1579,0.0032614879
1580,0.0030283801
1581,0.0029499441
1582,0.0029235907
1583,0.002914738
1584,0.0029117644
1585,0.0916589698
1586,0.0642577919
1587,0.0249534554
1588,0.0103800523
1589,0.0054224124
1590,0.0088672426
1591,0.0067266981
1592,0.0042747541
1593,0.0033723575
1594,0.0030656536
1595,0.078371146
1596,0.0771855361
1597,0.0303622688
1598,0.0122454397
1599,0.0060512192
1600,0.1786188746
1601,0.1506964343
1602,0.0566871786
1603,0.0211624161
1604,0.0090499029
1605,0.0049730206
1606,0.0036031815
1607,0.0031430205
1608,0.002988447
1609,0.0029365239
1610,0.0029190821
1611,0.0029132233
1612,0.0029112552
1613,0.002910594
1614,0.0029103725
1615,0.0029102978
1616,0.0029102727
1617,0.0029102641
1618,0.002910261
1619,0.0029102604
1620,0.0029102604
1621,0.0199187745
1622,0.0146626487
1623,0.0071324917
1624,0.0043410259
1625,0.003391436
1626,0.0030719177
1627,0.0029645638
1628,0.0029285013
1629,0.0029163872
1630,0.0029123181
1631,0.0029109512
1632,0.002910492
1633,0.002910338
1634,0.0029102864
1635,0.0029102687
1636,0.0029102627
1637,0.0164759569
1638,0.0122830532
1639,0.0062776266
1640,0.0040513526
1641,0.2104439874
1642,0.1275243484
1643,0.047204241
1644,0.0178997494
1645,0.0079504254
1646,0.0298566006
1647,0.0209268761
1648,0.0093698112
1649,0.0050986299
1650,0.0036462012
1651,0.0031575091
1652,0.002993315
1653,0.0029381588
1654,0.0417200522
1655,0.0297324515
1656,0.0125471716
1657,0.0061759056
1658,0.0040085217
1659,0.003279237
1660,0.0030342057
1661,0.0029518944
1662,0.0108545941
1663,0.0083945964
1664,0.0048804853
1665,0.0035778956
1666,0.0031347903
1667,0.0101259958
1668,0.0431932284
1669,0.0210426217
1670,0.0092103125
1671,0.0050360316
1672,0.0036247633
1673,0.0329531028
1674,0.0477293363
1675,0.0201710325
1676,0.0088085911
1677,0.0048961297
1678,0.0035775424
1679,0.0031344167
1680,0.0029855571
1681,0.0029355529
1682,0.0029187564
1683,0.0029131138
1684,0.0029112186
1685,0.0029105822
1686,0.0029103683
1687,0.0029102962
1688,0.0029102721
1689,0.002910264
1690,0.002910261
1691,0.0029102604
1692,0.0029102604
1693,0.0323201407
1694,0.0232396846
1695,0.1738099035
1696,0.1188621793
1697,0.0445137876
1698,0.0170059874
1699,0.0076506527
1700,0.0045028586
1701,0.0034452425
1702,0.0030899667
1703,0.0029706253
1704,0.0029305375
1705,0.0029170715
1706,0.0029125481
1707,0.0029110286
1708,0.015132317
1709,0.0101081008
1710,0.0054686838
1711,0.0037760569
1712,0.003201381
1713,0.0030080636
1714,0.0029431135
1715,0.0029212958
1716,0.0029139671
1717,0.0029115051
1718,0.0029106777
1719,0.0029104
1720,0.010423615
1721,0.0132734327
1722,0.0125360755
1723,0.0065314023
1724,0.0041442724
1725,0.0033255802
1726,0.0030498068
1727,0.0029571365
1728,0.0029260065
1729,0.0532129754
1730,0.0376634679
1731,0.0153960171
1732,0.0071412817
1733,0.004333187
1734,0.0033883136
1735,0.0030708465
1736,0.0029642027
1737,0.0029283796
1738,0.0029163462
1739,0.0135016963
1740,0.0414426416
1741,0.0193689695
1742,0.0085987575
1743,0.0048283595
1744,0.0035549015
1745,0.0031268168
1746,0.0029830044
1747,0.0029346954
1748,0.0029184677
1749,0.0029130172
1750,0.0029111863
1751,0.0029105713
1752,0.0029103643
1753,0.0029102951
1754,0.0029102719
1755,0.0042586934
1756,0.016793117
1757,0.0095920582
1758,0.0052465199
1759,0.0036992093
1760,0.0031754664
1761,0.0029993541
1762,0.0532116442
1763,0.037669084
1764,0.0153987766
1765,0.0071422239
1766,0.0231459282
1767,0.0260088561
1768,0.0115884297
1769,0.0058671471
1770,0.0112100175
1771,0.0082915163
1772,0.0048357796
1773,0.0035624247
1774,0.0031295732
1775,0.0029839405
1776,0.0029350102
1777,0.0029185741
1778,0.0029130528
1779,0.002911198
1780,0.0029105749
1781,0.0029103655
1782,0.0029102954
1783,0.1025073311
1784,0.2069695493
1785,0.0867089188
1786,0.0402980111
1787,0.0185702853
1788,0.0083116176
1789,0.004731047
1790,0.0035221736
1791,0.0031158212
1792,0.0029793106
1793,0.0029334547
1794,0.0029180511
1795,0.0029128769
1796,0.010111392
1797,0.0156073557
1798,0.0100329346
1799,0.0054327582
1800,0.0037635034
1801,0.0031971429
1802,0.0030066395
1803,0.0029426352
1804,0.0029211352
1805,0.0029139129
1806,0.0029114872
1807,0.0029106722
1808,0.0029103985
1809,0.2001550553
1810,0.1417631739
1811,0.0527990941
1812,0.019816043
1813,0.0085958065
1814,0.0048204015
1815,0.1988563535
1816,0.2536966473
1817,0.0976412056
1818,0.0351973309
1819,0.0137770227
1820,0.0065614865
1821,0.0098758585
1822,0.0095941723
1823,0.0282288436
1824,0.0148770771
1825,0.0070875842
1826,0.0043206273
1827,0.0033843433
1828,0.0030695246
1829,0.0029637594
1830,0.0029282311
1831,0.137902269
1832,0.0964837169
1833,0.036532575
1834,0.0143038742
1835,0.1056150905
1836,0.0725412767
1837,0.0278985185
1838,0.0113767408
1839,0.0057575462
1840,0.0038668447
1841,0.0032315941
1842,0.0030181999
1843,0.0029465181
1844,0.0029224397
1845,0.0029143511
1846,0.0130337308
1847,0.0099042677
1848,0.0054229892
1849,0.0037617428
1850,0.0031966203
1851,0.0030064665
1852,0.0029425773
1853,0.0130738517
1854,0.0151217611
1855,0.0075082567
1856,0.0070626148
1857,0.018013722
1858,0.0096495561
1859,0.005249807
1860,0.0036995849
1861,0.0031755599
1862,0.0542380112
1863,0.0331287169
1864,0.0136513512
1865,0.0065451411
1866,0.004132476
1867,0.003320871
1868,0.0030481914
1869,0.0029565929
1870,0.0029258238
1871,0.0029154884
1872,0.0029120165
1873,0.0151199744
1874,0.011345969
1875,0.0109426729
1876,0.0099514311
1877,0.0055202372
1878,0.0037981106
1879,0.0032090052
1880,0.0030106347
1881,0.0029439776
1882,0.0029215862
1883,0.031646106
1884,0.1075069621
1885,0.0475965677
1886,0.0222618844
1887,0.0156444464
1888,0.007640463
1889,0.0045197586
1890,0.0076257111
1891,0.005976247
1892,0.0040075165
1893,0.0032819007
1894,0.003035237
1895,0.0029522473
1896,0.002924364
1897,0.0029149976
1898,0.0029118514
1899,0.0029107945
1900,0.0030288164
1901,0.0030392066
1902,0.0148371391
1903,0.0502595192
1904,0.0275201595
1905,0.0091927341
1906,0.0039476476
1907,0.0120593413
1908,0.0064106969
1909,0.0031297319
1910,0.0031419732
1911,0.0031544207
1912,0.0322814694
1913,0.027679593
1914,0.0126054929
1915,0.0045058969
1916,0.0032399361
1917,0.0032335232
1918,0.0032473122
1919,0.0032614065
1920,0.0032757041
1921,0.0032902086
1922,0.01023911
1923,0.0070247253
1924,0.0033349568
1925,0.0033502856
1926,0.0033658178
1927,0.0033815577
1928,0.0053172087
1929,0.0147506956
1930,0.0034300095
1931,0.0034465711
1932,0.0127246948
1933,0.005384858
1934,0.0034974923
1935,0.0035148765
1936,0.0035324673
1937,0.0035502636
1938,0.003568266
1939,0.0035864739
1940,0.0036048876
1941,0.0036235064
1942,0.0036423326
1943,0.0036613636
1944,0.0036806006
1945,0.0037000417
1946,0.0037196912
1947,0.0037395448
1948,0.0037596039
1949,0.0037798698
1950,0.0038003402
1951,0.0038210175
1952,0.0038419002
1953,0.0038629878
1954,0.0038842826
1955,0.0039057827
1956,0.0039274875
1957,0.0039493996
1958,0.0039715164
1959,0.003993839
1960,0.0040163667
1961,0.0045957728
1962,0.0141293871
1963,0.0585468778
1964,0.0461767214
1965,0.0301559062
1966,0.0074735244
1967,0.020502288
1968,0.0146607106
1969,0.0103401255
1970,0.0105470269
1971,0.0174047621
1972,0.0116299574
1973,0.0051071046
1974,0.0116990537
1975,0.0240643603
1976,0.0110625232
1977,0.0068301572
1978,0.0055808247
1979,0.0064006287
1980,0.0087795178
1981,0.0105122756
1982,0.0289174979
1983,0.0529927973
1984,0.0275201958
1985,0.0148390038
1986,0.0148280159
1987,0.0107866865
1988,0.0079933792
1989,0.006073633
1990,0.0063498991
1991,0.0468698444
1992,0.106520104
1993,0.057859972
1994,0.0178006311
1995,0.0090360102
1996,0.0057743538
1997,0.0046046238
1998,0.0044763049
1999,0.0043163099
2000,0.0042703296
2001,0.0044994916
2002,0.004105201
2003,0.0049047982
2004,0.0043698727
2005,0.0060913445
2006,0.0075785319
2007,0.0074598239
2008,0.0071317063
2009,0.0085867862
2010,0.0065837484
2011,0.0085298435
2012,0.0063366731
2013,0.0053044216
2014,0.0065955069
