time,CO2
74.01368954,422.47
74.00547582,422.37
74.00273791,422.23
73.99659851,422.33
73.9938606,421.68
73.99112269,421.55
73.98838478,422.24
73.98564687,421.51
73.97195733,422.02
73.96921943,422.09
73.96648152,422.03
73.96374361,422.38
73.9610057,422.67
73.95826779,423.21
73.95552989,423.38
73.95279198,421.8
73.95005407,421.78
73.94731616,421.99
73.94457825,421.66
73.94184035,421.56
73.93910244,421.31
73.93362662,420.74
73.91719917,420.04
73.90898545,420.59
73.89803382,421.47
73.89529591,421.38
73.892558,421.56
73.88982009,420.61
73.88708219,421.01
73.88160637,422.36
73.87886846,422.43
73.87613055,422.07
73.87339265,421.52
73.86791683,419.42
73.86517892,419.55
73.85970311,419.44
73.8569652,419.2
73.85148938,419.18
73.84875147,419.28
73.84601357,419.29
73.84327566,419.89
73.84053775,419.28
73.83779984,418.98
73.83506193,418.84
73.83232403,418.94
73.82958612,418.55
73.82684821,418.84
73.8241103,418.84
73.82137239,418.84
73.81863449,418.87
73.81589658,418.92
73.81315867,418.88
73.81042076,419.09
73.80494495,418.9
73.80220704,419.53
73.79946913,419.44
73.79673122,419.37
73.79399331,419.66
73.79125541,419.53
73.7885175,419.81
73.78304168,418.66
73.78030377,418.93
73.77482796,418.21
73.77209005,418.33
73.76935214,418.53
73.76661423,418.19
73.76387633,418.36
73.76113842,418.25
73.75840051,418.56
73.75292469,418.37
73.75018679,418.15
73.74744888,418.38
73.74471097,418.3
73.74197306,418.2
73.73923516,418.3
73.73649725,418.65
73.73375934,418.21
73.73102143,418.01
73.72554562,417.88
73.72280771,417.6
73.7200698,418.58
73.71733189,418.86
73.71185608,418.72
73.70090444,418.69
73.69816654,418.36
73.6872149,418.58
73.684477,418.49
73.68173909,418.65
73.67900118,418.84
73.66531164,419.18
73.66257373,418.88
73.65983582,419.38
73.65709792,419.55
73.65436001,419.38
73.64614628,418.85
73.63519465,419.76
73.63245674,419.13
73.62971884,419.1
73.62698093,419.23
73.62150511,418.47
73.61329139,419.33
73.61055348,420.19
73.60781557,420.51
73.60507766,420.56
73.60233976,419.77
73.59960185,419.77
73.59138812,420.45
73.58865022,420.9
73.58591231,420.87
73.5831744,420.88
73.58043649,421.11
73.57769858,420.75
73.57222277,421.37
73.56948486,421.09
73.56674695,421.15
73.56127114,421.51
73.55305741,422.29
73.5503195,420.47
73.5475816,420.56
73.54210578,421.24
73.53936787,422.13
73.53662996,422.03
73.53389206,422.35
73.53115415,421.99
73.52294042,422.72
73.52020252,422.64
73.51746461,422.15
73.50651298,422.78
73.50377507,422.79
73.50103716,422.78
73.49829925,422.34
73.49556134,422.61
73.49282344,422.36
73.49008553,422
73.48734762,421.86
73.48460971,421.94
73.4818718,422.2
73.4791339,423.34
73.47639599,423.59
73.47365808,423.52
73.47092017,423.64
73.46818226,423.44
73.46544436,423.75
73.46270645,423.16
73.45996854,423.47
73.45723063,424.46
73.45449272,424.54
73.45175482,423.33
73.44901691,424.19
73.44354109,424.81
73.44080319,424.1
73.43806528,424.46
73.43532737,423.62
73.43258946,424.44
73.42985155,424.43
73.42711365,424.72
73.42437574,424.87
73.42163783,424.72
73.41889992,424.58
73.41616201,424.43
73.41342411,424.65
73.4106862,424.66
73.40794829,424.76
73.40521038,424.71
73.40247247,424.56
73.39973457,423.24
73.39699666,424.03
73.39425875,423.7
73.39152084,423.87
73.38878293,424.23
73.38604503,423.74
73.38330712,423.79
73.38056921,422.3
73.3778313,422.06
73.37509339,422.47
73.37235549,424.47
73.36961758,424.33
73.36687967,424.33
73.36414176,424.5
73.36140385,424.16
73.35866595,423.9
73.35592804,424.32
73.35319013,424.17
73.35045222,424.26
73.34771431,424.71
73.34497641,424.73
73.3422385,424.08
73.33950059,423.93
73.33676268,423.31
73.33402477,423.74
73.33128687,424.18
73.32854896,423.88
73.32581105,423.98
73.32307314,424.16
73.32033523,424.07
73.31759733,424
73.31485942,424.67
73.31212151,423.97
73.3093836,423.64
73.30664569,423.46
73.30390779,422.65
73.30116988,423.35
73.29843197,422.93
73.29569406,424.07
73.29295615,424.83
73.29021825,424.61
73.28748034,424.32
73.28474243,423.08
73.27926661,423.23
73.27652871,423.06
73.2737908,422.29
73.27105289,421.72
73.26557707,422.41
73.26283917,423.01
73.26010126,422.75
73.25736335,422.88
73.25462544,422.98
73.25188753,422.51
73.24914963,421.91
73.24641172,422.42
73.24367381,422.44
73.2409359,421.6
73.23819799,421.4
73.23546009,420.91
73.23272218,421
73.22998427,420.75
73.22724636,420.82
73.22450845,420.75
73.22177055,420.78
73.21903264,420.77
73.21629473,420.94
73.21355682,420.63
73.21081891,420.54
73.20808101,420.37
73.2053431,420.07
73.20260519,420.21
73.19986728,420.57
73.19712937,420.01
73.19439147,419.59
73.19165356,419.72
73.18891565,421.82
73.18617774,422.57
73.18343983,420.8
73.18070193,420.9
73.17796402,421.17
73.17522611,421.49
73.1724882,421.33
73.16975029,421.24
73.16701239,422.43
73.15606075,421.18
73.15332285,420.12
73.14784703,418.83
73.14510912,419.41
73.13963331,419.83
73.13415749,420.64
73.13141958,419.96
73.12868168,420.19
73.12594377,421.18
73.12320586,421.2
73.12046795,421.26
73.11773004,421.25
73.11499214,421.24
73.11225423,420.33
73.10951632,420.08
73.10677841,419.83
73.1040405,419.45
73.1013026,420.03
73.09856469,420.47
73.09582678,420.35
73.09308887,420.01
73.09035096,419.8
73.08761306,419.42
73.08487515,419.37
73.08213724,419.59
73.07939933,420.16
73.07666142,419.68
73.07392352,420.35
73.07118561,419.55
73.0684477,419.75
73.06570979,419.89
73.06297188,419.78
73.06023398,419.13
73.05749607,419.04
73.05475816,419.18
73.05202025,419.08
73.04928234,419.17
73.04654444,419.09
73.04380653,419.31
73.04106862,419.34
73.03833071,419.92
73.0355928,420.71
73.0328549,420.33
73.03011699,418.86
73.02737908,419.12
73.02464117,419.17
73.02190326,419.34
73.01916536,419.26
73.01642745,419.23
73.01368954,419.27
73.01095163,419.11
73.00821372,419.62
73.00547582,419.3
73.00273791,419.31
72.99933641,419.56
72.99659851,419.01
72.9938606,419.32
72.99112269,419.57
72.98838478,419.47
72.98564687,419.53
72.98290897,419.55
72.98017106,419.4
72.97743315,419.42
72.97469524,419.46
72.97195733,419.26
72.96921943,420.83
72.96648152,418
72.96374361,417.93
72.9610057,418.48
72.95826779,418.79
72.95552989,418.75
72.95279198,418.6
72.95005407,419.29
72.94731616,419.14
72.94457825,418.51
72.94184035,418.57
72.93910244,419.58
72.93636453,418.88
72.90898545,417.26
72.90624754,418.11
72.90350963,418.06
72.90077173,418.72
72.89803382,418.88
72.89529591,418.77
72.892558,418.51
72.88982009,418.42
72.88708219,418.03
72.88434428,417.32
72.88160637,417.5
72.87886846,417.32
72.87613055,416.9
72.87339265,416.98
72.87065474,417.89
72.86791683,416.87
72.86517892,417.68
72.86244101,417.91
72.85970311,416.88
72.8569652,416.62
72.85422729,416.6
72.84327566,416.51
72.84053775,416.63
72.83779984,416.38
72.83506193,416.1
72.83232403,416.33
72.82684821,416.48
72.8241103,416.29
72.82137239,416.98
72.81863449,416.1
72.81589658,415.63
72.81315867,416.33
72.81042076,416.02
72.80768285,415.97
72.80494495,416.03
72.80220704,415.97
72.79946913,415.69
72.79673122,415.61
72.79399331,415.57
72.79125541,416.06
72.7885175,415.81
72.78577959,415.72
72.78304168,415.48
72.78030377,415.29
72.77756587,415.25
72.77482796,415.43
72.77209005,415.27
72.76935214,415.29
72.76661423,415.38
72.76387633,415.16
72.76113842,414.85
72.75840051,415.11
72.7556626,415.2
72.75292469,415.56
72.75018679,415.85
72.74744888,415.62
72.74471097,415.74
72.74197306,415.33
72.73923516,415.18
72.73649725,415.31
72.73375934,415.65
72.73102143,414.56
72.72828352,414.76
72.72554562,414.69
72.72280771,416.26
72.7200698,416.27
72.71733189,416.15
72.71459398,415.95
72.71185608,415.5
72.70911817,416.1
72.70638026,416.25
72.70364235,416.08
72.70090444,416.13
72.69816654,415.96
72.69269072,416.41
72.68995281,416.22
72.6872149,416.16
72.684477,415.98
72.68173909,416.19
72.67900118,416.4
72.67626327,416.64
72.67078746,416.57
72.66804955,416.8
72.66531164,416.61
72.66257373,416.23
72.65983582,416.27
72.65436001,416.02
72.6516221,416.69
72.64888419,416.8
72.64614628,416.5
72.64340838,416.81
72.63793256,416.31
72.63519465,416.76
72.63245674,417.09
72.62971884,417
72.62424302,417.54
72.62150511,417.57
72.6187672,417.35
72.6160293,416.93
72.61329139,417.1
72.61055348,417.2
72.60781557,417.41
72.60507766,417.27
72.59960185,417.82
72.59686394,417.34
72.59412603,418.4
72.59138812,418.19
72.58865022,417.72
72.58591231,418.41
72.5831744,418.46
72.58043649,418.51
72.57769858,417
72.57496068,417.78
72.57222277,416.45
72.56948486,418.33
72.56674695,418.64
72.56400904,418.62
72.55853323,418.38
72.55579532,417.05
72.5503195,419.09
72.5475816,418.02
72.54484369,418.99
72.54210578,418.77
72.53936787,418.24
72.53662996,419.21
72.53389206,419.12
72.53115415,419.27
72.52567833,419.03
72.52294042,419.31
72.52020252,419.15
72.51746461,419.12
72.5147267,419.7
72.50925088,420.05
72.50651298,419.94
72.50377507,420.17
72.50103716,420.51
72.49829925,420.53
72.49556134,420.46
72.49282344,419.65
72.49008553,420.51
72.48734762,420.1
72.48460971,420.05
72.4818718,420.94
72.4791339,420.76
72.47639599,420.82
72.47365808,420.68
72.47092017,420.87
72.46818226,420.59
72.46544436,421.11
72.46270645,421.02
72.45723063,420.68
72.45449272,420.53
72.45175482,421.66
72.44901691,421.05
72.446279,420.95
72.44354109,421.14
72.44080319,420.88
72.43806528,421.29
72.43532737,421.35
72.43258946,421.37
72.42985155,421.5
72.42437574,421.09
72.42163783,421.52
72.41889992,421.58
72.41616201,421.88
72.41342411,421.78
72.4106862,421.52
72.40794829,421.69
72.40521038,421.69
72.40247247,421.93
72.39973457,421.32
72.39699666,421.51
72.39425875,421.22
72.39152084,421.67
72.38878293,420.77
72.38604503,420.36
72.38330712,420.64
72.38056921,420.24
72.3778313,420.11
72.37509339,421.59
72.37235549,421.67
72.36961758,421.8
72.36687967,421.99
72.36414176,421.89
72.36140385,421.81
72.35866595,421.66
72.35592804,421.08
72.35319013,419.31
72.35045222,419.77
72.34771431,419.33
72.34497641,419.56
72.3422385,419.63
72.33950059,421.28
72.33676268,420.43
72.33402477,420.94
72.33128687,419.75
72.32854896,419.36
72.32581105,419.81
72.32307314,419.11
72.32033523,419.51
72.31759733,422.01
72.31485942,420.74
72.31212151,420.46
72.3093836,419.36
72.30664569,419.08
72.30390779,420.42
72.30116988,420.61
72.29843197,420.92
72.29569406,420.91
72.29295615,421.04
72.29021825,421.4
72.28748034,420.52
72.28474243,420.38
72.28200452,420.66
72.27926661,418.94
72.27652871,418.77
72.26831498,420.61
72.26557707,420.81
72.26283917,419.13
72.26010126,419.68
72.25736335,420.1
72.25462544,420.59
72.25188753,420.82
72.24914963,419.97
72.24641172,420.15
72.24367381,420.09
72.2409359,420.44
72.23819799,419.84
72.23546009,420.95
72.23272218,419.6
72.22998427,417.93
72.22724636,417.93
72.22450845,417.98
72.22177055,417.79
72.21903264,417.8
72.21629473,417.9
72.21355682,418.07
72.21081891,417.86
72.20808101,418.91
72.20260519,418.04
72.19986728,418.29
72.19712937,418.64
72.19439147,419.1
72.19165356,419.46
72.18891565,418.9
72.18617774,418
72.18343983,418.07
72.18070193,417.84
72.17796402,417.92
72.17522611,419.12
72.1724882,418.7
72.16975029,419.02
72.16701239,418.99
72.16427448,419.47
72.16153657,419.23
72.15879866,419.58
72.15606075,419.18
72.15332285,420.32
72.15058494,420.8
72.14784703,420.26
72.14510912,419.22
72.14237122,418.52
72.13963331,418.71
72.1368954,418.72
72.13415749,419.15
72.13141958,419.01
72.12868168,419.14
72.12594377,419.83
72.12320586,421.54
72.12046795,420.79
72.11773004,417.6
72.11499214,417.59
72.10951632,418.65
72.10677841,419.29
72.1040405,418.45
72.1013026,418.46
72.09856469,418.74
72.09582678,418.99
72.09308887,419.34
72.09035096,419.28
72.08761306,419.09
72.08487515,419.23
72.08213724,419.37
72.07666142,418.19
72.07392352,418.05
72.07118561,420.48
72.0684477,419.15
72.06570979,419.76
72.06297188,418.92
72.06023398,417.47
72.05749607,417.69
72.05475816,417.42
72.05202025,417.29
72.04928234,417.26
72.04654444,417.76
72.04380653,418.19
72.04106862,418.72
72.03833071,419.04
72.0355928,418.89
72.0328549,418.13
72.03011699,417.57
72.02737908,417.86
72.02464117,417.77
72.02190326,416.97
72.01916536,416.85
72.01642745,417.56
72.01368954,417.94
72.01095163,417.25
72.00821372,417.25
72.00547582,417.74
72.00273791,417.68
71.99933641,417.12
71.99659851,417.07
71.9938606,417.98
71.99112269,417.92
71.98838478,417.2
71.98564687,416.94
71.98290897,417.4
71.98017106,418.4
71.97743315,417.92
71.97195733,416.96
71.96921943,417.18
71.96648152,416.83
71.96374361,416.38
71.9610057,416.28
71.95826779,416.63
71.95552989,416.82
71.95279198,416.85
71.95005407,415.83
71.94731616,416.11
71.94457825,415.64
71.94184035,415.91
71.93910244,416.06
71.93088871,415.42
71.92815081,416.11
71.9254129,416.41
71.92267499,415.74
71.91993708,416.08
71.91719917,415.96
71.91446127,416.5
71.91172336,416.55
71.90898545,415.63
71.90624754,415.45
71.90350963,415.37
71.90077173,415.49
71.89803382,415.36
71.89529591,415.23
71.892558,415.1
71.88982009,415.28
71.88708219,415.23
71.88434428,415.04
71.88160637,414.76
71.87886846,414.99
71.87613055,414.75
71.87339265,414.54
71.87065474,414.59
71.86791683,414.63
71.86517892,415.69
71.86244101,415.22
71.85970311,414.88
71.8569652,414.46
71.85422729,414.92
71.85148938,414.72
71.84875147,414.32
71.84601357,414.28
71.84327566,414.24
71.84053775,414.33
71.83779984,413.93
71.83506193,413.74
71.82958612,413.86
71.82684821,413.86
71.8241103,413.72
71.82137239,413.75
71.81863449,413.85
71.81589658,414.16
71.81042076,414.27
71.80768285,415.03
71.80494495,413.64
71.80220704,414.28
71.79946913,414.19
71.79673122,414.31
71.79399331,414.55
71.79125541,414.48
71.7885175,413.77
71.78577959,413.76
71.78304168,413.87
71.78030377,413.54
71.77756587,413.75
71.77482796,413.84
71.77209005,414.16
71.76935214,413.52
71.76661423,413.56
71.76387633,413.79
71.76113842,413.38
71.75840051,413.44
71.7556626,413.39
71.75292469,413.35
71.75018679,413.38
71.74471097,413.56
71.74197306,413.53
71.73923516,413.12
71.73649725,413.05
71.73375934,413.05
71.73102143,413.05
71.72828352,413.32
71.72554562,413.39
71.72280771,413.4
71.7200698,413.4
71.71733189,413.29
71.71459398,413.17
71.71185608,413.02
71.70911817,412.9
71.70638026,412.52
71.70364235,413.14
71.70090444,413.63
71.69542863,413.03
71.69269072,413.19
71.68995281,413.79
71.6872149,413.42
71.684477,413.55
71.68173909,413.2
71.67900118,413.13
71.67626327,413.4
71.67352536,413.87
71.66804955,412.94
71.66531164,412.57
71.65709792,411.8
71.64888419,413.95
71.64614628,413.97
71.64340838,414.43
71.64067047,414.79
71.63793256,414.65
71.63519465,414.71
71.63245674,415.02
71.62971884,414.94
71.62698093,415.05
71.62424302,414.93
71.62150511,414.88
71.6187672,414.7
71.6160293,414.46
71.61329139,414.74
71.60781557,414.36
71.60233976,414.33
71.59960185,415
71.59686394,415.16
71.59412603,415.51
71.59138812,415.13
71.58865022,415.02
71.58591231,413.56
71.5831744,415.37
71.58043649,415.69
71.57769858,415.83
71.57496068,415.34
71.57222277,414.1
71.56948486,416.24
71.56674695,415.36
71.56400904,416.31
71.56127114,416.04
71.55853323,416.05
71.55579532,416.13
71.55305741,417.05
71.5503195,417.03
71.5475816,417.13
71.54484369,417.51
71.54210578,418.83
71.53936787,417.46
71.53662996,417.36
71.53389206,417.51
71.53115415,417.57
71.52841624,416.69
71.52567833,416.92
71.52294042,417.04
71.52020252,415.82
71.51746461,417.86
71.5147267,417.62
71.51198879,417.64
71.50925088,418.41
71.50651298,417.61
71.50377507,417.17
71.50103716,418.21
71.49829925,418.29
71.49556134,418.52
71.49282344,417.77
71.49008553,418.04
71.48734762,418.25
71.48460971,417.62
71.4818718,417.58
71.47639599,418.98
71.47365808,418.14
71.47092017,419.16
71.46818226,419.14
71.46544436,419.05
71.46270645,419.02
71.45996854,418.65
71.45723063,419.18
71.45449272,419.44
71.45175482,418.94
71.44901691,418.91
71.446279,418.63
71.44354109,419.34
71.44080319,419.5
71.43806528,419.44
71.43532737,419.61
71.43258946,419.75
71.42985155,419.72
71.42711365,419.6
71.42437574,419.69
71.42163783,420.08
71.41889992,420.4
71.41616201,417.01
71.41342411,419.86
71.4106862,419.93
71.40521038,420.61
71.40247247,419.49
71.39973457,418.73
71.39699666,418.87
71.39425875,417.78
71.39152084,417.84
71.38878293,417.73
71.38604503,417.91
71.38330712,418.83
71.38056921,419.79
71.3778313,419.88
71.37509339,419.81
71.37235549,419.38
71.36961758,419.54
71.36687967,418.56
71.36414176,417.99
71.35866595,418.47
71.35592804,418.36
71.35319013,417.77
71.35045222,418.69
71.34771431,418.45
71.3422385,420.1
71.33950059,420.08
71.33676268,419.71
71.33402477,419.91
71.33128687,420.38
71.32854896,420.5
71.32581105,419.82
71.32307314,419.71
71.32033523,419.45
71.31759733,419.97
71.31212151,418.37
71.3093836,418.74
71.30664569,418.53
71.30116988,417.09
71.29569406,418.07
71.29021825,418.44
71.28748034,418.26
71.28474243,418.7
71.27926661,419.47
71.27652871,419.86
71.2737908,419.14
71.27105289,419.29
71.26831498,421.32
71.26557707,418.43
71.26283917,418.61
71.26010126,418.67
71.25462544,421.17
71.25188753,416.94
71.24914963,417.53
71.24641172,417.37
71.24367381,416.91
71.23546009,418.06
71.23272218,417.47
71.22998427,416.27
71.22450845,418.91
71.22177055,417.36
71.21903264,418.02
71.21629473,418.63
71.21355682,418.39
71.21081891,418.15
71.20808101,417.22
71.2053431,417.28
71.20260519,417.66
71.19986728,416.96
71.19712937,416.67
71.19439147,416.24
71.19165356,416.64
71.18891565,416.5
71.18617774,416.4
71.18343983,417.8
71.18070193,418.13
71.17796402,418.5
71.17522611,418.18
71.1724882,418.2
71.16975029,418.27
71.16701239,417.94
71.16427448,417.81
71.16153657,416.64
71.15879866,416.48
71.15606075,416.3
71.15332285,416.11
71.15058494,416.27
71.14784703,416.3
71.14510912,416.37
71.14237122,416.13
71.13963331,416.43
71.1368954,416.91
71.13415749,417.51
71.13141958,416.06
71.12868168,416.07
71.12594377,416.19
71.12320586,416.19
71.12046795,417
71.11773004,417.28
71.11499214,417.3
71.11225423,417.76
71.10951632,416.47
71.10677841,416
71.1040405,416.45
71.1013026,417.8
71.09856469,419.42
71.09582678,419.33
71.09308887,415.94
71.09035096,415.79
71.08761306,415.65
71.08487515,415.72
71.08213724,416.16
71.07939933,416.04
71.07666142,415.88
71.07392352,415.46
71.07118561,415.67
71.0684477,415.92
71.06570979,416.74
71.06297188,416.37
71.06023398,415.57
71.05749607,415.48
71.05475816,415.02
71.05202025,415.31
71.04928234,415.31
71.04654444,414.68
71.03833071,415.05
71.0355928,414.96
71.0328549,415.02
71.03011699,415.14
71.02737908,415.05
71.02464117,414.98
71.02190326,415.2
71.01916536,415.47
71.01642745,415.45
71.01368954,415.16
71.01095163,415.56
71.00821372,415.68
71.00547582,415.36
71.00273791,415.75
71.00207432,415.37
70.99933641,415.45
70.99659851,414.85
70.9938606,415.15
70.99112269,415.2
70.98564687,414.78
70.98290897,414.88
70.98017106,415.05
70.97743315,414.32
70.97469524,414.98
70.97195733,414.89
70.96921943,414.97
70.96648152,414.3
70.96374361,414.43
70.9610057,414.2
70.95826779,413.7
70.95552989,413.56
70.95279198,413.75
70.95005407,413.87
70.94731616,413.83
70.94457825,413.92
70.94184035,414.19
70.93910244,413.07
70.93636453,413.23
70.93362662,413.09
70.93088871,413.01
70.92815081,413.05
70.9254129,413.74
70.92267499,413.79
70.91993708,413.9
70.91719917,414.57
70.91446127,415.71
70.91172336,415.7
70.90898545,414.39
70.90624754,413.46
70.90350963,413.32
70.90077173,413.6
70.89529591,413.79
70.892558,412.54
70.88708219,413.68
70.88434428,412.35
70.88160637,412.45
70.87886846,412.78
70.87613055,412.64
70.87339265,412.78
70.87065474,412.83
70.86791683,413.07
70.86517892,414.02
70.86244101,413.56
70.85970311,412.26
70.8569652,412.35
70.85422729,412.52
70.85148938,412.49
70.84601357,411.12
70.84327566,410.96
70.84053775,412.31
70.83779984,412.37
70.83506193,412.14
70.83232403,411.86
70.82958612,411.92
70.82684821,411.73
70.8241103,411.2
70.82137239,411.46
70.81863449,411.49
70.81315867,411.99
70.81042076,412.09
70.80768285,412.05
70.80494495,411.42
70.80220704,411.35
70.79946913,411.44
70.79673122,411.36
70.79399331,411.38
70.79125541,411.26
70.7885175,411.36
70.78577959,411.4
70.78304168,411.1
70.78030377,411.4
70.77756587,411.28
70.77482796,411.08
70.77209005,411.33
70.76935214,411.29
70.76661423,411.38
70.76387633,411.25
70.76113842,411.22
70.75840051,411.31
70.7556626,411.46
70.75292469,411.32
70.75018679,411.14
70.74744888,411.36
70.74471097,411.25
70.74197306,411.03
70.73923516,411.08
70.73649725,411.11
70.73375934,411.45
70.73102143,411.47
70.72554562,410.77
70.72280771,411.32
70.7200698,411.36
70.71733189,411.35
70.71459398,411.37
70.71185608,411.87
70.70911817,412.05
70.70638026,411.68
70.70364235,412.04
70.70090444,411.01
70.69816654,411.85
70.69542863,411.19
70.69269072,411.36
70.68995281,411.96
70.6872149,411.57
70.684477,412.1
70.68173909,411.57
70.67900118,411.17
70.67626327,411.89
70.67352536,412.05
70.67078746,412.13
70.66804955,411.64
70.66531164,412.11
70.66257373,412.15
70.65983582,411.78
70.65709792,411.81
70.65436001,412.19
70.6516221,412.67
70.64888419,412.16
70.64614628,412.42
70.64340838,412.78
70.64067047,412.66
70.63519465,412.36
70.63245674,412.39
70.62971884,412.77
70.62424302,412.75
70.6187672,413.03
70.6160293,413.1
70.61329139,412.6
70.61055348,412.75
70.60781557,413.47
70.60507766,413.06
70.60233976,413.01
70.59138812,413.85
70.58865022,413.57
70.58591231,413.53
70.5831744,411.59
70.58043649,414.13
70.57769858,413.92
70.57496068,413.93
70.57222277,413.56
70.56948486,413.31
70.56674695,414.01
70.56127114,413.53
70.55853323,414.43
70.55579532,414.26
70.55305741,414.2
70.5503195,414.08
70.5475816,414.24
70.54484369,414.41
70.54210578,415.4
70.53936787,415.4
70.53662996,414.83
70.53389206,413.52
70.53115415,415.34
70.52841624,415.77
70.52567833,415.49
70.52294042,414.93
70.52020252,415.68
70.51746461,415.48
70.5147267,415.43
70.51198879,415.34
70.50925088,415.5
70.50651298,415.43
70.50377507,415.45
70.50103716,415.5
70.49829925,415.69
70.49556134,416.11
70.49282344,415.78
70.49008553,416.19
70.48734762,416.02
70.48460971,415.7
70.4818718,416.61
70.4791339,416.42
70.47639599,416.42
70.47365808,416.52
70.47092017,416.33
70.46818226,415.92
70.46544436,416.49
70.46270645,416.13
70.45996854,416.48
70.45723063,416.57
70.45449272,417.02
70.45175482,416.76
70.44901691,416.9
70.446279,416.62
70.44354109,415.98
70.43806528,416.5
70.43258946,416.55
70.42711365,416.74
70.42437574,417.58
70.42163783,417.91
70.41889992,418.53
70.41616201,417.15
70.41342411,416.68
70.4106862,417.04
70.40794829,417.54
70.40521038,418.08
70.40247247,417.9
70.39973457,418.33
70.39699666,417.9
70.39152084,417.03
70.38878293,417.34
70.38604503,417.25
70.38330712,417.05
70.38056921,417.21
70.37235549,416.21
70.36961758,417.06
70.36687967,417.19
70.36414176,416.92
70.36140385,417.38
70.35866595,417.26
70.35592804,417.44
70.35319013,417.18
70.35045222,416.62
70.34771431,415.88
70.34497641,416.79
70.33950059,418.34
70.33676268,417.63
70.33402477,418.23
70.33128687,417.52
70.32854896,417.42
70.32581105,415.7
70.32307314,416.32
70.32033523,416.33
70.31485942,415.66
70.31212151,415.82
70.30938349,415.6
70.30664558,416.28
70.30390768,416.29
70.30116977,416.05
70.29843186,416.76
70.29569396,416.8
70.29295605,417.08
70.29021814,415.91
70.28748024,416.09
70.28474233,415.81
70.28200442,415.46
70.27926651,416.33
70.27652861,416.67
70.2737907,417.85
70.27105279,416.96
70.26831489,415.59
70.26557698,415.7
70.26283907,416.03
70.26010117,416.03
70.25462535,415.6
70.25188744,415.81
70.24914954,415.68
70.24641163,415.65
70.24367372,415.71
70.24093582,415.89
70.23819791,415.43
70.23546,415.43
70.2327221,415.34
70.21903256,414.34
70.21629465,413.99
70.21355675,414.58
70.21081884,414.15
70.20808093,414.37
70.20534303,414.24
70.20260512,414.33
70.19986721,414.11
70.1971293,414.14
70.1943914,414.37
70.19165349,413.78
70.18891558,413.95
70.18343977,414.3
70.18070186,414.23
70.17796396,413.5
70.17522605,413.05
70.17248814,414.01
70.16975023,413.71
70.16701233,414.25
70.16427442,414.12
70.16153651,413.69
70.15879861,413.47
70.1560607,413.02
70.15332279,413.5
70.15058489,414.09
70.14784698,414.14
70.14510907,414.18
70.14237116,414.36
70.13963326,415.11
70.13689535,413.53
70.13415744,413.56
70.13141954,413.85
70.12868163,413.81
70.12594372,413.05
70.12320582,412.98
70.12046791,413.81
70.11773,415.11
70.11499209,415.4
70.11225419,416.08
70.10677837,414.73
70.10404047,414.11
70.10130256,414.4
70.09856465,413.85
70.09582675,413.9
70.09308884,414.8
70.090351,414.32
70.087613,414.49
70.084875,414.89
70.082137,413.95
70.079399,414.15
70.076661,414.67
70.073924,413.51
70.071186,412.96
70.068448,412.4
70.06571,412.73
70.062972,413.91
70.060234,414.08
70.057496,415.79
70.054758,413.25
70.05202,413.37
70.049282,413.39
70.046544,412.92
70.043807,412.63
70.041069,412.48
70.038331,412.38
70.032855,413.13
70.030117,413.15
70.027379,413.54
70.024641,413.31
70.021903,413.56
70.019165,413.18
70.016427,413.29
70.01369,413.58
70.010952,413.24
70.008214,412.81
70.002738,412.64
69.999337,413.2
69.996599,413.08
69.993861,412.75
69.991123,412.11
69.988385,412.6
69.985647,412.36
69.982909,411.05
69.980172,412.28
69.977434,411.99
69.974696,413.05
69.971958,412.73
69.96922,411.69
69.966482,411.79
69.963744,411.83
69.961006,411.8
69.958268,411.75
69.95553,411.67
69.952792,411.66
69.950055,411.69
69.947317,411.37
69.944579,411.2
69.941841,410.88
69.939103,411.07
69.936365,411.37
69.933627,411.4
69.930889,411.48
69.928151,410.45
69.925413,411.23
69.922675,411.13
69.919938,410.9
69.9172,410.92
69.914462,410.57
69.911724,410.67
69.908986,410.86
69.906248,410.58
69.90351,410.67
69.900772,410.46
69.898034,411.13
69.895296,410.15
69.892558,410.48
69.889821,410.49
69.887083,410.05
69.884345,410.17
69.878869,409.81
69.870655,410.68
69.867917,410.34
69.865179,410.46
69.862441,409.68
69.859704,410.07
69.856966,410.08
69.854228,410.28
69.85149,410.25
69.848752,410.07
69.843276,409.42
69.840538,409.29
69.835062,411.02
69.832324,409.64
69.829587,409.15
69.826849,408.85
69.824111,408.58
69.821373,408.66
69.818635,408.71
69.813159,408.97
69.810421,408.64
69.807683,409.09
69.804945,408.68
69.802207,408.58
69.79947,408.72
69.796732,408.9
69.793994,408.78
69.791256,408.64
69.788518,408.44
69.78578,408.46
69.783042,408.41
69.780304,408.37
69.777566,408.86
69.774828,408.78
69.77209,408.33
69.769353,408.25
69.766615,408.2
69.763877,407.92
69.761139,408
69.758401,407.51
69.755663,407.53
69.752925,407.84
69.750187,408.21
69.747449,408.41
69.744711,408.22
69.741973,408.09
69.739235,407.96
69.736498,408.05
69.73376,408.5
69.731022,408.32
69.728284,408.85
69.725546,408.47
69.722808,408.26
69.72007,408.08
69.717332,408.77
69.714594,408.59
69.711856,408.66
69.709118,408.63
69.703643,408.12
69.700905,408.33
69.698167,408.03
69.695429,408.71
69.692691,408.77
69.689953,409.06
69.687215,409.13
69.684477,409.2
69.681739,408.44
69.679001,408.54
69.676264,409.42
69.673526,408.61
69.670788,409.14
69.66805,408.23
69.665312,409.25
69.659836,409.53
69.657098,409.7
69.65436,409.67
69.651622,409.44
69.648884,409.12
69.646147,409.1
69.643409,409.47
69.640671,409.94
69.637933,409.59
69.635195,409.04
69.632457,410.28
69.626981,410.06
69.624243,410.25
69.621505,410.08
69.618767,409.78
69.61603,410.43
69.613292,410.65
69.610554,410.43
69.607816,410.38
69.605078,410.49
69.60234,410.22
69.599602,410.25
69.596864,410.05
69.594126,410.86
69.591388,410.16
69.58865,410.45
69.585913,410.41
69.583175,410.51
69.580437,410.76
69.577699,410.1
69.574961,408.96
69.569485,409.83
69.561271,411.07
69.558533,411.4
69.555796,411.41
69.553058,410.65
69.55032,412.2
69.547582,412.08
69.544844,412.15
69.531154,412.96
69.528416,412.54
69.525679,412.01
69.522941,411.38
69.520203,411.58
69.517465,410.76
69.514727,413.15
69.511989,413.25
69.509251,413.1
69.506513,413.44
69.503775,413.43
69.498299,413.52
69.495562,413.52
69.492824,413.01
69.490086,413.05
69.487348,412.98
69.48461,413.5
69.481872,413.8
69.479134,413.78
69.476396,413.31
69.473658,413.54
69.47092,413.26
69.468182,413.94
69.465445,414.29
69.462707,414.14
69.459969,413.62
69.457231,414.15
69.454493,412.96
69.451755,414.33
69.449017,414.72
69.446279,413.91
69.440803,414.25
69.438065,414.31
69.435328,414.79
69.43259,414.42
69.427114,414.19
69.421638,414.4
69.4189,414.25
69.416162,414.14
69.413424,414.36
69.410686,414.4
69.407948,414.14
69.405211,414.17
69.402473,414.82
69.399735,414.06
69.396997,414.85
69.394259,414.78
69.391521,414.88
69.388783,414.48
69.383307,414.73
69.380569,414.75
69.375094,415.22
69.372356,415.58
69.369618,415.64
69.36688,415.26
69.364142,415.4
69.361404,415.27
69.358666,414.75
69.355928,414.26
69.35319,414.23
69.350452,414.5
69.347714,414.24
69.344977,414.49
69.342239,414.1
69.339501,413.27
69.336763,414.81
69.331287,414.88
69.328549,414.52
69.323073,414.14
69.320335,414.24
69.317597,413.54
69.31486,413.68
69.312122,413.39
69.306646,414.14
69.303908,413.63
69.30117,413.88
69.298432,413.86
69.295694,413.43
69.292956,413.63
69.290218,413.09
69.28748,412.67
69.284743,414.56
69.282005,414.1
69.279267,413.87
69.273791,413.85
69.271053,412.53
69.268315,412.31
69.265577,412.14
69.262839,411.33
69.260101,412.15
69.257363,412.79
69.254626,412.96
69.24915,411.69
69.246412,412.37
69.240936,412.03
69.238198,411.94
69.232722,410.44
69.229984,410.85
69.224509,410.95
69.221771,409.93
69.219033,410.18
69.216295,412.22
69.213557,412.97
69.210819,414.84
69.208081,411.64
69.205343,410.62
69.202605,413.4
69.199867,412.19
69.197129,412.04
69.194392,412.14
69.191654,411.91
69.188916,412.79
69.186178,413.55
69.18344,412.05
69.180702,411.19
69.177964,411.2
69.175226,410.91
69.172488,413.37
69.16975,412.74
69.167012,411.92
69.164275,411.56
69.161537,414.12
69.158799,411.87
69.156061,414.03
69.153323,411.52
69.150585,411.81
69.147847,410.81
69.145109,410.53
69.142371,411.03
69.139633,410.65
69.136895,410.46
69.134158,411.86
69.13142,411.51
69.128682,412.53
69.125944,412.54
69.120468,412.1
69.11773,411.8
69.114992,413.52
69.112254,411.97
69.109516,414.27
69.106778,411.37
69.104041,410.77
69.101303,411.37
69.098565,410.47
69.095827,412.55
69.093089,410.6
69.090351,410.66
69.087613,410.52
69.084875,410.73
69.082137,411.42
69.079399,411.24
69.076661,411.6
69.073924,410.96
69.071186,410.96
69.068448,410
69.06571,410.56
69.062972,413.36
69.060234,413.86
69.054758,413.21
69.05202,412.14
69.049282,410.26
69.046544,409.9
69.043807,410.59
69.041069,409.09
69.032855,413.45
69.030117,409.3
69.027379,408.96
69.024641,410.62
69.021903,410.73
69.019165,410.99
69.01369,409.05
69.010952,410.03
69.008214,409.99
69.005476,409.82
69.002738,409.73
68.999337,409.45
68.996599,409.14
68.993861,408.7
68.991123,409.05
68.988385,408.83
68.985647,409.17
68.982909,409.2
68.980172,409.39
68.977434,409.56
68.974696,409.5
68.971958,409.59
68.96922,409.53
68.966482,409.54
68.963744,408.74
68.961006,408.64
68.958268,409.59
68.95553,409.59
68.952792,408.8
68.950055,409.34
68.947317,409.73
68.944579,409.17
68.941841,409.36
68.939103,409.83
68.936365,408.32
68.933627,408.16
68.930889,408.21
68.925413,408.44
68.922675,409.18
68.919938,408.64
68.9172,408.17
68.914462,408.44
68.911724,408.33
68.908986,408.49
68.906248,408.41
68.90351,408.42
68.900772,408.42
68.898034,408.43
68.895296,408.44
68.892558,408.8
68.889821,408.42
68.887083,408.96
68.881607,408.54
68.878869,407.98
68.876131,409.52
68.873393,409.14
68.870655,409.18
68.862441,407.79
68.856966,407.13
68.854228,407.06
68.85149,406.67
68.846014,406.95
68.843276,407.16
68.8378,406.61
68.835062,406.59
68.832324,406.32
68.829587,406.79
68.826849,405.89
68.824111,406.65
68.821373,406.19
68.818635,406.35
68.815897,406.47
68.813159,407.08
68.810421,406.8
68.807683,406.87
68.804945,406.56
68.802207,406.12
68.79947,406.14
68.796732,406.03
68.791256,405.87
68.788518,405.83
68.78578,406.03
68.783042,406.03
68.780304,405.66
68.777566,405.52
68.774828,405.65
68.77209,405.33
68.769353,405.34
68.766615,405.55
68.763877,405.42
68.761139,405.75
68.758401,405.44
68.755663,405.62
68.752925,405.33
68.750187,405.29
68.747449,405.65
68.744711,405.35
68.739235,405.86
68.736498,405.8
68.73376,405.35
68.731022,405.41
68.728284,405.45
68.725546,405.9
68.722808,405.65
68.72007,405.64
68.717332,405.79
68.714594,405.85
68.711856,405.81
68.709118,405.18
68.706381,405.78
68.703643,405.4
68.700905,405.37
68.698167,405.02
68.695429,405.65
68.692691,405.52
68.689953,405
68.687215,405.19
68.684477,403.97
68.681739,405.83
68.679001,405.96
68.676264,406.18
68.673526,405.77
68.670788,405.39
68.66805,405.42
68.662574,406.36
68.659836,406.27
68.657098,406.42
68.65436,406.53
68.651622,406.54
68.648884,406.76
68.646147,406.65
68.643409,406.48
68.640671,406.85
68.637933,407.09
68.635195,407.05
68.632457,407.01
68.629719,407.16
68.626981,407.09
68.624243,406.85
68.621505,407.01
68.618767,407.17
68.61603,406.89
68.613292,407.31
68.610554,407.14
68.607816,407.26
68.605078,407.26
68.60234,407.3
68.599602,407.33
68.596864,406.8
68.594126,407.49
68.591388,407.9
68.58865,407.67
68.585913,407.55
68.583175,407.53
68.580437,407.31
68.577699,406.79
68.572223,408.47
68.569485,407.76
68.566747,407.84
68.564009,408.29
68.561271,408.69
68.558533,408.6
68.555796,408.34
68.553058,409.02
68.55032,408.19
68.547582,408.52
68.544844,408.18
68.542106,408.54
68.539368,408.85
68.53663,408.5
68.533892,409.25
68.531154,409.48
68.528416,409.17
68.525679,409.36
68.520203,408.18
68.517465,409.53
68.514727,408.7
68.511989,409.48
68.506513,409.79
68.503775,409.72
68.501037,409.2
68.495562,409.64
68.492824,411.57
68.490086,411.17
68.487348,409.84
68.48461,410.39
68.481872,410.39
68.479134,410.97
68.476396,410.76
68.47092,411.17
68.468182,409.83
68.465445,409.32
68.462707,410.35
68.459969,410.73
68.457231,410.85
68.454493,410.97
68.451755,411.09
68.449017,410.8
68.446279,411.82
68.443541,411.03
68.440803,411.58
68.438065,411.22
68.435328,411.61
68.43259,410.88
68.429852,410.99
68.427114,410.82
68.424376,410.46
68.421638,410.61
68.4189,410.66
68.416162,411.68
68.413424,411.61
68.410686,411.47
68.407948,411.8
68.405211,411.54
68.402473,410.99
68.399735,411.98
68.396997,411.95
68.394259,411.44
68.388783,410.04
68.383307,411.82
68.380569,411.96
68.377831,411.47
68.375094,412.01
68.372356,412.07
68.369618,411.96
68.36688,412.43
68.364142,411.04
68.361404,411.92
68.358666,411.7
68.355928,410.51
68.35319,410.09
68.339501,409.31
68.336763,409.22
68.331287,409.14
68.328549,409.26
68.325811,411.19
68.323073,410.92
68.317597,411.31
68.31486,411.91
68.312122,411.92
68.309384,412.36
68.306646,411.61
68.303908,411.12
68.30117,410.99
68.279267,409.53
68.273791,409.54
68.271053,409.36
68.268315,409.37
68.265577,409.5
68.262839,409.01
68.260101,408.84
68.257363,408.69
68.254626,409.61
68.251888,409.48
68.24915,409.25
68.243674,409.77
68.240936,410.35
68.238198,410.05
68.23546,410.09
68.232722,409.8
68.229984,410.13
68.227246,409.14
68.224509,409.57
68.221771,409.54
68.219033,410.14
68.216295,409.02
68.213557,408.22
68.210819,408.22
68.208081,408.68
68.205343,409
68.202605,408.99
68.199867,408.46
68.197129,408.59
68.194392,408.59
68.191654,409.58
68.188916,409.94
68.186178,409.94
68.18344,410.14
68.180702,410.16
68.177964,409.01
68.175226,409.6
68.172488,410.02
68.16975,409.58
68.167012,408.7
68.164275,408.66
68.161537,408.58
68.158799,408.9
68.156061,408.99
68.153323,408.88
68.150585,408.75
68.147847,408.55
68.145109,408.26
68.142371,408.45
68.139633,408.33
68.136895,408.41
68.134158,408.43
68.13142,408.74
68.128682,408.38
68.125944,408.51
68.123206,407.9
67.999337,407.01
67.996599,407.3
67.993861,407.53
67.991123,408.26
67.988385,406.88
67.985647,406.75
67.982909,406.86
67.980172,406.92
67.977434,407.31
67.974696,408.17
67.971958,406.76
67.96922,406.47
67.966482,406.13
67.963744,406.36
67.961006,406.64
67.958268,407.7
67.95553,406.79
67.952792,406.14
67.950055,405.92
67.947317,406.51
67.944579,406.78
67.941841,405.84
67.939103,406.01
67.936365,405.92
67.933627,406.61
67.930889,406.97
67.928151,407.41
67.925413,407.21
67.922675,407.04
67.919938,406.6
67.9172,406.25
67.914462,406.62
67.906248,406.26
67.90351,405.93
67.898034,406.62
67.895296,406.03
67.892558,406.47
67.889821,405.86
67.884345,405.6
67.881607,405.63
67.878869,405.12
67.876131,405.69
67.873393,404.94
67.870655,404.93
67.867917,404.49
67.865179,404.7
67.862441,404.38
67.859704,403.86
67.856966,404.64
67.854228,404.2
67.85149,403.85
67.848752,404.35
67.846014,404.5
67.843276,404.45
67.840538,404.15
67.8378,404.02
67.835062,403.92
67.832324,404.28
67.829587,404.09
67.824111,403.98
67.821373,404.22
67.815897,403.96
67.813159,403.95
67.810421,403.82
67.807683,404.06
67.804945,404.21
67.802207,404.39
67.79947,403.78
67.796732,403.14
67.791256,403.86
67.788518,404.32
67.78578,403.37
67.783042,403.56
67.780304,403.56
67.777566,403.44
67.774828,403.28
67.77209,403.21
67.769353,403.41
67.766615,403.17
67.763877,403.03
67.761139,402.96
67.758401,402.91
67.755663,402.72
67.750187,402.93
67.744711,403.23
67.741973,402.68
67.739235,402.25
67.736498,402.49
67.73376,402.96
67.731022,402.93
67.728284,403.03
67.72007,403.03
67.717332,402.78
67.714594,403.55
67.711856,402.84
67.709118,403.58
67.706381,403.86
67.703643,403.75
67.700905,403.81
67.698167,403.45
67.695429,403.8
67.692691,403.5
67.689953,402.87
67.687215,403.72
67.681739,404.14
67.679001,403.45
67.676264,404
67.673526,404.01
67.670788,404.2
67.66805,404.26
67.665312,404.17
67.662574,404
67.659836,404.03
67.657098,404.05
67.65436,404.88
67.651622,404.72
67.648884,404.47
67.646147,404.75
67.643409,404.33
67.640671,404.37
67.637933,404.45
67.635195,404.71
67.632457,404.65
67.629719,404.54
67.626981,405.64
67.621505,405.19
67.618767,405.66
67.61603,405.49
67.613292,405.8
67.610554,405.12
67.607816,405.38
67.605078,405.89
67.60234,404.89
67.599602,405.4
67.596864,406.26
67.594126,405.94
67.591388,406.11
67.58865,406.38
67.583175,406.37
67.580437,406.9
67.577699,407.1
67.574961,406.09
67.572223,407.07
67.569485,406.88
67.566747,406.66
67.564009,406.38
67.558533,407.27
67.555796,406.43
67.553058,406.78
67.55032,406.92
67.547582,406.21
67.544844,407.31
67.542106,407.52
67.539368,406.48
67.53663,407.19
67.533892,406.91
67.531154,406.67
67.528416,406.74
67.525679,407.23
67.522941,407.26
67.520203,407.4
67.511989,407.74
67.509251,409.09
67.506513,409.34
67.503775,407.19
67.501037,406.82
67.498299,407.29
67.495562,406.83
67.492824,406.26
67.490086,408.29
67.487348,408.14
67.48461,408.8
67.481872,408.69
67.479134,408.41
67.476396,408.4
67.473658,408.2
67.468182,408.36
67.465445,407.78
67.462707,408.72
67.459969,408.78
67.451755,409.48
67.449017,409.66
67.446279,409.79
67.440803,409.19
67.438065,409.74
67.435328,409.53
67.43259,409.9
67.429852,409.92
67.427114,409.85
67.424376,409.72
67.421638,409.66
67.4189,409.67
67.416162,409.25
67.413424,409.34
67.410686,409.3
67.407948,409.95
67.405211,409.81
67.402473,409.82
67.399735,409.93
67.396997,410.11
67.394259,410.11
67.391521,410.02
67.388783,410.07
67.386045,409.96
67.383307,410.02
67.380569,410.33
67.377831,410.25
67.375094,410.08
67.369618,411.31
67.364142,408.88
67.361404,409.45
67.358666,409.83
67.355928,408.88
67.35319,409.47
67.350452,409.49
67.347714,409.21
67.344977,410.05
67.336763,408.13
67.334025,409.04
67.331287,408.62
67.328549,410.02
67.325811,409.5
67.323073,409.52
67.320335,408.68
67.317597,412.66
67.31486,409.69
67.309384,409.7
67.306646,409.56
67.303908,409.7
67.30117,409.86
67.298432,409.99
67.292956,409.23
67.290218,409.56
67.28748,409.09
67.284743,409.15
67.282005,407.84
67.279267,409.21
67.276529,409.18
67.268315,407.82
67.265577,406.99
67.262839,406.96
67.257363,408.11
67.254626,407.86
67.251888,408.11
67.24915,408.52
67.246412,409.12
67.243674,408.9
67.240936,409.32
67.238198,409.51
67.23546,406.61
67.232722,406.92
67.229984,407.79
67.224509,406.7
67.221771,406.6
67.219033,406.67
67.216295,406.35
67.213557,406.78
67.205343,406.5
67.202605,407.66
67.199867,407.33
67.197129,407.15
67.194392,406.86
67.186178,405.69
67.18344,406.61
67.172488,407.5
67.16975,407.56
67.167012,406.16
67.164275,406.8
67.161537,407.65
67.158799,407.55
67.156061,408.62
67.150585,408.32
67.147847,407.32
67.142371,406.75
67.139633,406.71
67.136895,405.65
67.134158,405.88
67.13142,405.77
67.128682,405.81
67.125944,405.78
67.123206,406.41
67.120468,405.49
67.11773,406.5
67.114992,406.01
67.112254,405.65
67.109516,405.92
67.106778,406.15
67.104041,406.11
67.101303,406.16
67.098565,406.46
67.095827,406.51
67.093089,406.26
67.090351,406.44
67.087613,405.73
67.084875,406.7
67.079399,405.79
67.076661,405.43
67.073924,405.59
67.068448,407.32
67.06571,407.72
67.054758,406.21
67.05202,406.92
67.049282,406.04
67.046544,406.44
67.043807,406.44
67.041069,405.02
67.038331,405.83
67.035593,406.5
67.032855,404.74
67.030117,406.42
67.027379,405.98
67.024641,406.24
67.021903,406.41
67.019165,406.13
67.016427,406.04
67.01369,405.47
67.010952,405.24
67.008214,405.5
67.005476,406.87
67.002738,406.4
67.002075,405.12
66.999337,404.96
66.996599,405.34
66.993861,404.52
66.991123,404.44
66.988385,404.46
66.985647,404.59
66.982909,404.52
66.980172,404.91
66.977434,404.67
66.974696,404.5
66.971958,404.15
66.96922,403.82
66.966482,404.44
66.963744,405.34
66.961006,404.93
66.958268,405.47
66.95553,404.4
66.952792,404.55
66.950055,404.46
66.947317,404.38
66.944579,404.14
66.941841,404.01
66.939103,404.04
66.936365,403.38
66.933627,403.67
66.930889,403.64
66.928151,404.38
66.925413,404.44
66.922675,404.34
66.914462,403.86
66.911724,404.4
66.908986,404.95
66.906248,405.42
66.90351,405.44
66.900772,403.1
66.898034,403.49
66.895296,403.57
66.892558,403.56
66.889821,403.42
66.887083,404.31
66.884345,403.2
66.881607,404.25
66.878869,404.72
66.876131,404.72
66.873393,402.63
66.870655,402.49
66.867917,402.23
66.865179,402.57
66.862441,403.36
66.859704,402.96
66.856966,402.79
66.848752,402.91
66.846014,403.78
66.843276,403.22
66.840538,402.6
66.8378,402.18
66.835062,402.7
66.832324,402.4
66.829587,403.17
66.826849,402.01
66.821373,401.57
66.818635,401.83
66.815897,402.29
66.813159,401.67
66.810421,401.74
66.807683,401.89
66.804945,401.48
66.802207,401.23
66.79947,401.78
66.796732,401.85
66.793994,401.72
66.791256,401.75
66.788518,401.83
66.78578,401.34
66.783042,401.65
66.780304,401.38
66.777566,401.57
66.77209,401.21
66.769353,400.88
66.766615,400.83
66.763877,401.06
66.761139,400.73
66.758401,401.03
66.755663,400.76
66.752925,400.64
66.750187,400.94
66.744711,400.46
66.739235,400.93
66.736498,400.74
66.73376,400.54
66.731022,400.71
66.728284,401.02
66.725546,400.78
66.722808,400.64
66.72007,400.85
66.717332,401.72
66.714594,401.95
66.711856,401.22
66.709118,400.9
66.703643,400.99
66.700905,401.67
66.692691,401.33
66.689953,400.31
66.687215,400.35
66.684477,401.16
66.681739,401.59
66.679001,401.19
66.676264,401.09
66.673526,402.03
66.665312,401
66.662574,399.48
66.659836,401.39
66.65436,402.07
66.651622,401.88
66.648884,401.98
66.646147,402.16
66.643409,401.68
66.640671,402.17
66.635195,402.23
66.632457,402.55
66.626981,401.43
66.624243,401.27
66.618767,402.11
66.613292,402.98
66.610554,402.96
66.607816,403.12
66.605078,403.31
66.596864,403.58
66.594126,403.58
66.591388,403.22
66.58865,403.28
66.585913,403.29
66.583175,403.97
66.580437,404
66.577699,403.96
66.574961,404.03
66.572223,403.89
66.569485,403.97
66.566747,404.04
66.564009,403.09
66.561271,402.51
66.558533,404.4
66.555796,404.94
66.553058,403.23
66.55032,403.2
66.547582,400.82
66.544844,404.8
66.542106,404.36
66.539368,404.02
66.53663,404.14
66.533892,404.46
66.531154,404.42
66.525679,405.61
66.520203,405.66
66.517465,405.42
66.514727,405.25
66.511989,405.42
66.509251,406.05
66.506513,405.73
66.503775,406.17
66.498299,406.15
66.495562,406.09
66.490086,405.31
66.487348,406.23
66.48461,406.06
66.479134,407.16
66.476396,406.38
66.473658,406.55
66.47092,406.84
66.468182,406.96
66.465445,406.94
66.462707,406.7
66.459969,407.67
66.457231,407.33
66.451755,407.38
66.449017,407.28
66.446279,407.42
66.443541,405.83
66.440803,405.59
66.438065,406.34
66.435328,407.57
66.43259,407.86
66.429852,407.53
66.424376,408.27
66.421638,407.39
66.4189,407.1
66.416162,407.03
66.410686,407.94
66.407948,408.11
66.405211,408.01
66.402473,407.86
66.399735,408.11
66.394259,408.88
66.391521,408.99
66.388783,407.23
66.386045,407.79
66.383307,407.12
66.380569,407.6
66.377831,407.22
66.375094,407.25
66.372356,406.99
66.369618,407.89
66.36688,407.82
66.364142,408.36
66.361404,407.78
66.358666,408.1
66.355928,407.68
66.35319,407.41
66.350452,407.4
66.347714,407.67
66.344977,407.39
66.342239,407.48
66.339501,407.77
66.336763,407.71
66.334025,407.49
66.331287,408.41
66.328549,407.87
66.325811,408.31
66.323073,406.56
66.320335,407.43
66.317597,408.25
66.312122,407.74
66.309384,407.97
66.306646,407.15
66.303908,406.94
66.30117,407.16
66.298432,407.48
66.295694,407.73
66.292956,408.13
66.290218,408.59
66.284743,408.73
66.282005,408.52
66.279267,408.98
66.276529,409.36
66.268315,407.77
66.262839,406.49
66.260101,406.13
66.257363,406.01
66.254626,404.72
66.251888,404.37
66.24915,405
66.246412,406.03
66.243674,406.08
66.240936,406.06
66.238198,405.92
66.23546,405.7
66.232722,405.88
66.229984,406.12
66.227246,405.36
66.219033,405.26
66.216295,405.02
66.213557,407.17
66.210819,404.23
66.208081,403.97
66.205343,403.89
66.202605,404.52
66.199867,404.66
66.197129,404.7
66.194392,404.64
66.191654,404.12
66.188916,403.54
66.186178,403.47
66.18344,403.51
66.177964,403.34
66.175226,403.83
66.172488,404.26
66.16975,406.51
66.167012,403.57
66.164275,403.5
66.158799,403.81
66.156061,403.62
66.153323,403.69
66.150585,404.25
66.147847,404.94
66.145109,405.4
66.142371,405.05
66.139633,404.16
66.136895,403.96
66.134158,403.79
66.13142,403.13
66.128682,403.4
66.125944,403.66
66.123206,403.65
66.120468,402.93
66.11773,402.82
66.114992,402.51
66.109516,404.45
66.106778,406.32
66.104041,404.15
66.101303,406.03
66.098565,405.64
66.095827,405.71
66.093089,403.13
66.084875,402.48
66.082137,402.45
66.079399,402.28
66.076661,402.64
66.073924,403.66
66.071186,403.74
66.068448,403.1
66.06571,404.19
66.062972,402.53
66.060234,403.07
66.057496,402.89
66.054758,402.25
66.05202,402.35
66.049282,402.48
66.046544,402.71
66.043807,402.69
66.038331,403.82
66.032855,402.02
66.030117,401.87
66.027379,402
66.024641,402.27
66.021903,402.42
66.019165,401.94
66.01369,401.88
66.010952,402.24
66.005476,401.87
66.002738,401.86
65.999337,402.45
65.996599,402.89
65.993861,401.56
65.991123,402.29
65.988385,401.63
65.985647,401.96
65.982909,401.66
65.980172,402.31
65.977434,402.65
65.974696,402.56
65.971958,403.89
65.96922,403.17
65.966482,402.16
65.963744,402.13
65.961006,401.78
65.958268,402.45
65.95553,402.38
65.952792,402.82
65.950055,402.7
65.944579,402.04
65.941841,401.16
65.939103,401.69
65.936365,400.87
65.933627,400.92
65.930889,401.18
65.928151,400.92
65.925413,400.43
65.922675,400.38
65.919938,400.39
65.9172,400.33
65.914462,400.75
65.911724,402.37
65.908986,400.63
65.906248,400.03
65.90351,400.79
65.900772,400.81
65.898034,400.1
65.895296,400.08
65.892558,400.15
65.889821,400.12
65.887083,400.46
65.881607,400.4
65.878869,400.26
65.876131,400.43
65.873393,400.42
65.870655,401.55
65.867917,402.51
65.862441,399.61
65.859704,399.48
65.856966,400.29
65.854228,399.16
65.85149,399.24
65.848752,399.56
65.843276,399.21
65.840538,398.87
65.8378,399
65.835062,398.46
65.832324,398.53
65.829587,398.85
65.826849,398.74
65.824111,398.49
65.821373,398.17
65.818635,398.14
65.815897,398.46
65.813159,398.65
65.810421,398.51
65.807683,398.46
65.802207,398.49
65.79947,398.19
65.796732,398.82
65.793994,398.48
65.791256,398.6
65.788518,398.32
65.78578,398.7
65.783042,397.14
65.780304,397.83
65.774828,397.56
65.77209,399.32
65.769353,399.23
65.766615,398.23
65.763877,398.01
65.761139,398.24
65.758401,398
65.752925,397.39
65.750187,396.92
65.747449,397.19
65.741973,396.91
65.739235,397.6
65.736498,397.51
65.73376,397.17
65.731022,397.37
65.728284,397.25
65.725546,397.28
65.722808,397.43
65.72007,397.32
65.717332,397.33
65.714594,397.56
65.711856,397.49
65.709118,396.57
65.698167,397.59
65.695429,397.37
65.692691,397.87
65.689953,397.79
65.687215,397.63
65.684477,398.36
65.679001,398.44
65.676264,398.16
65.673526,398.15
65.670788,398.66
65.66805,398.85
65.665312,398.8
65.662574,398.4
65.659836,398.43
65.657098,398.71
65.65436,398.25
65.651622,398.7
65.648884,399.27
65.646147,399.33
65.643409,399.23
65.640671,399.27
65.637933,399.23
65.632457,398.6
65.629719,399.13
65.626981,399.2
65.624243,399.39
65.621505,399.05
65.618767,398.91
65.61603,399.17
65.610554,399.19
65.607816,399.43
65.605078,399.39
65.60234,399.38
65.599602,398.79
65.596864,398.58
65.594126,398.77
65.591388,397.8
65.585913,396.82
65.583175,399.83
65.580437,399.93
65.577699,400.05
65.574961,400.59
65.572223,399.03
65.569485,400.92
65.566747,401.15
65.564009,401.37
65.561271,401.33
65.558533,401.05
65.544844,400.49
65.542106,401.11
65.539368,401.04
65.53663,402.19
65.533892,402.14
65.525679,401.86
65.522941,401.52
65.520203,401.06
65.517465,401.29
65.511989,402.15
65.509251,402.52
65.506513,402.14
65.503775,402.1
65.498299,402.17
65.495562,402.18
65.492824,402.27
65.487348,401.87
65.48461,402.09
65.481872,402.74
65.479134,402.88
65.476396,403.19
65.473658,403.31
65.47092,402.81
65.468182,402.43
65.465445,402.04
65.462707,402.13
65.459969,401.87
65.457231,402.16
65.454493,402.74
65.451755,403.33
65.449017,402.66
65.446279,402.71
65.443541,402.34
65.440803,403.72
65.438065,403.77
65.435328,403.82
65.43259,403.63
65.429852,403.1
65.427114,402.9
65.424376,403.08
65.421638,403.33
65.4189,403.19
65.413424,403.68
65.410686,404.04
65.407948,404.19
65.405211,404.16
65.402473,403.54
65.399735,403.3
65.396997,403.74
65.394259,403.73
65.391521,403.84
65.388783,403.83
65.386045,403.72
65.383307,404.07
65.380569,404.16
65.377831,404
65.375094,404.17
65.372356,404.56
65.369618,404.39
65.36688,403.87
65.364142,404.08
65.361404,403.67
65.358666,403.81
65.355928,403.31
65.35319,403.81
65.350452,404.39
65.347714,404.44
65.344977,404.36
65.342239,404.15
65.336763,403.65
65.334025,403.61
65.331287,404.36
65.328549,403.75
65.325811,403.74
65.323073,404.05
65.320335,403.93
65.317597,403.13
65.31486,402.53
65.312122,402.31
65.309384,402.19
65.306646,404.21
65.303908,403.28
65.30117,403.62
65.298432,403.35
65.295694,403.46
65.292956,404.22
65.290218,404.07
65.28748,404.23
65.284743,404.65
65.279267,403.61
65.276529,403.96
65.273791,402.93
65.271053,403.6
65.268315,402.99
65.262839,403.7
65.260101,403.45
65.257363,401.01
65.254626,402.58
65.251888,400.92
65.246412,403.33
65.238198,402.96
65.23546,402.53
65.232722,402.51
65.229984,400.56
65.227246,400.96
65.224509,401.63
65.221771,401.24
65.219033,400.75
65.216295,399.94
65.213557,400.08
65.210819,400.37
65.208081,400.41
65.205343,403.12
65.199867,402.3
65.197129,401.87
65.194392,401.28
65.188916,403.45
65.186178,401.58
65.18344,401.76
65.180702,401.45
65.177964,401.68
65.175226,401.32
65.172488,400.68
65.161537,400.87
65.158799,401.39
65.156061,401.09
65.153323,401.53
65.150585,401.01
65.147847,400.84
65.142371,400.37
65.139633,399.66
65.136895,399.49
65.134158,399.77
65.13142,400.03
65.128682,399.93
65.125944,400.23
65.123206,399.83
65.120468,400
65.11773,399.91
65.114992,401.17
65.112254,399.69
65.109516,399.6
65.106778,399.46
65.104041,400.65
65.101303,400.64
65.098565,399.71
65.095827,400.03
65.093089,400.13
65.090351,400.2
65.087613,400.28
65.084875,400.55
65.082137,400.35
65.079399,399.83
65.076661,399.8
65.073924,399.99
65.071186,400.04
65.068448,400.82
65.06571,399.53
65.062972,399.62
65.060234,399.52
65.057496,399.55
65.054758,399.33
65.05202,399.51
65.049282,399.51
65.043807,399.77
65.041069,400.22
65.038331,400.61
65.035593,401.19
65.032855,399.67
65.030117,399.5
65.027379,399.87
65.024641,400.1
65.021903,399.98
65.019165,399.89
65.016427,399.55
65.01369,399.57
65.010952,400.01
65.008214,400.16
65.005476,399.82
65.002738,401.59
64.999337,400.14
64.996599,398.85
64.993861,399.71
64.991123,398.62
64.988385,398.42
64.985647,398.47
64.982909,399.18
64.980172,399.18
64.977434,399.34
64.974696,398.98
64.971958,398.84
64.96922,398.79
64.966482,399.31
64.963744,399.14
64.961006,399.46
64.958268,399.14
64.95553,399.42
64.952792,398.54
64.950055,398.67
64.947317,398.48
64.941841,398.49
64.939103,399.33
64.933627,400.63
64.930889,398.17
64.928151,398.06
64.925413,398.19
64.922675,398.26
64.919938,398.55
64.9172,398.57
64.914462,397.63
64.911724,397.76
64.908986,397.7
64.906248,397.92
64.90351,398.82
64.898034,397.14
64.892558,396.95
64.889821,396.99
64.887083,397.75
64.884345,397.52
64.881607,397.31
64.878869,397.6
64.876131,397.09
64.873393,397.58
64.867917,397.75
64.865179,397.27
64.862441,396.85
64.859704,396.75
64.856966,397.11
64.854228,396.88
64.85149,396.54
64.848752,397.18
64.846014,396.87
64.843276,396.32
64.840538,396.57
64.8378,397.06
64.835062,396.82
64.826849,396.92
64.824111,399.69
64.821373,396.94
64.818635,397.18
64.815897,395.92
64.813159,395.64
64.810421,396.09
64.807683,395.82
64.804945,395.84
64.791256,395.58
64.788518,395.62
64.78578,395.67
64.783042,395.99
64.780304,395.39
64.777566,395.43
64.774828,395.29
64.77209,395.49
64.769353,395.7
64.766615,395.84
64.763877,395.79
64.761139,395.36
64.755663,395.75
64.752925,395.47
64.750187,395.5
64.747449,395.44
64.744711,395.27
64.741973,394.53
64.739235,395.18
64.736498,395.53
64.73376,395.61
64.731022,395.53
64.728284,395.85
64.725546,394.99
64.714594,394.6
64.706381,395.51
64.703643,395.14
64.700905,394.7
64.698167,394.82
64.695429,394.23
64.692691,394.49
64.687215,396.13
64.684477,395.74
64.679001,396.37
64.676264,396.3
64.673526,396.2
64.665312,396.6
64.662574,396.3
64.659836,396.17
64.657098,396.54
64.648884,396.22
64.646147,396.36
64.643409,396.82
64.640671,396.65
64.637933,396.67
64.626981,396.92
64.624243,397.27
64.621505,397.04
64.618767,397.26
64.61603,397.34
64.613292,397.23
64.596864,397.47
64.594126,397.8
64.591388,398.04
64.58865,397.81
64.585913,397.31
64.583175,397.47
64.577699,398.41
64.574961,396.15
64.572223,397.74
64.566747,399.23
64.564009,398.98
64.561271,399.07
64.558533,398.67
64.555796,398.26
64.547582,397.67
64.542106,398.77
64.539368,399.13
64.53663,399.16
64.533892,399.09
64.528416,399.66
64.525679,400.04
64.522941,399.35
64.520203,399.86
64.517465,399.64
64.514727,399.98
64.511989,400.33
64.509251,399.82
64.506513,399.81
64.503775,400.23
64.501037,400.32
64.498299,400.53
64.495562,400.59
64.492824,400.23
64.490086,400.33
64.487348,400.73
64.481872,401.06
64.479134,400.98
64.476396,401.29
64.473658,401.23
64.47092,400.66
64.468182,401.39
64.465445,401.28
64.462707,400.77
64.459969,400.82
64.457231,401
64.454493,401.32
64.451755,402.6
64.449017,401.4
64.443541,401.33
64.440803,401.31
64.438065,401.32
64.435328,401.03
64.43259,401.83
64.429852,401.38
64.427114,401.8
64.424376,401.89
64.421638,402.02
64.4189,401.79
64.416162,402.03
64.413424,402.56
64.410686,402.26
64.407948,402.11
64.405211,402.27
64.402473,400.95
64.399735,401.2
64.396997,401.36
64.394259,401.09
64.391521,401.22
64.388783,401.53
64.386045,401.78
64.383307,402.04
64.380569,402.42
64.377831,402.2
64.375094,402.12
64.364142,401.31
64.35319,401.12
64.350452,401.7
64.347714,402.3
64.336763,401.86
64.334025,402.11
64.331287,401.33
64.325811,401.3
64.323073,402.49
64.320335,401.36
64.317597,402.04
64.31486,401.06
64.312122,401.52
64.309384,401.94
64.306646,400.96
64.303908,401.2
64.30117,402.41
64.298432,401.48
64.292956,401.03
64.290218,401.26
64.28748,402.11
64.284743,402.71
64.282005,401.83
64.279267,400.42
64.276529,400.63
64.273791,400.83
64.271053,401.57
64.268315,401.23
64.265577,401.84
64.262839,401.35
64.260101,400.75
64.257363,400.97
64.254626,400.68
64.251888,400.45
64.24915,400.69
64.246412,400.61
64.243674,400.16
64.240936,399.98
64.232722,400.73
64.229984,400.34
64.227246,400.03
64.224509,399.22
64.219033,400.68
64.213557,401.45
64.210819,401.17
64.208081,401.65
64.202605,399.77
64.199867,400
64.197129,400.53
64.194392,401.29
64.191654,399.32
64.188916,399.09
64.186178,398.63
64.18344,398.57
64.180702,398.59
64.175226,398.44
64.16975,398.63
64.167012,397.92
64.164275,397.21
64.161537,398.27
64.156061,397.4
64.153323,397.51
64.150585,398.41
64.147847,399.02
64.145109,398.3
64.142371,398.74
64.139633,398.14
64.136895,398.22
64.13142,397.65
64.128682,397.42
64.125944,397.95
64.123206,398.34
64.120468,397.58
64.11773,397.63
64.114992,397.82
64.112254,397.82
64.109516,397.97
64.106778,398.1
64.104041,397.93
64.101303,397.81
64.098565,397.97
64.095827,398.14
64.093089,397.93
64.090351,397.82
64.087613,398.04
64.084875,397.88
64.082137,398.08
64.079399,398.09
64.076661,397.62
64.073924,397.68
64.071186,397.43
64.068448,397.86
64.06571,397.28
64.062972,398.04
64.060234,397.9
64.057496,398.59
64.054758,397.96
64.05202,398.13
64.049282,399.03
64.046544,397.94
64.043807,397.34
64.041069,397.49
64.038331,397.5
64.035593,397.6
64.032855,397.31
64.030117,397.37
64.027379,397.96
64.024641,398.54
64.021903,398.32
64.019165,398.84
64.016427,398.19
64.01369,398.37
64.010952,397.77
64.008214,397.01
64.005476,397.11
64.002738,397.26
63.999337,397.67
63.996599,397.58
63.993861,397.5
63.991123,397.43
63.988385,397.19
63.985647,397.58
63.982909,397.61
63.980172,397.11
63.977434,397.01
63.974696,396.95
63.971958,397.32
63.96922,397.47
63.963744,398.21
63.961006,398.57
63.958268,396.7
63.95553,396.28
63.952792,396.24
63.950055,396.26
63.947317,396.39
63.944579,396.48
63.941841,395.86
63.939103,395.89
63.936365,395.86
63.933627,396.4
63.930889,396.42
63.928151,396.24
63.925413,396.19
63.922675,396.36
63.919938,396.18
63.9172,396.05
63.914462,395.98
63.911724,395.91
63.908986,395.35
63.906248,396.26
63.90351,396.36
63.900772,396.18
63.898034,395.97
63.895296,395.55
63.892558,395.05
63.889821,394.78
63.887083,394.79
63.884345,394.64
63.881607,394.66
63.878869,394.61
63.876131,394.59
63.873393,394.88
63.870655,394.96
63.867917,396.01
63.865179,396.71
63.862441,396.36
63.859704,395.23
63.856966,394.53
63.854228,394.58
63.85149,394.52
63.848752,394.38
63.846014,394.5
63.843276,394.41
63.840538,394.32
63.8378,394.49
63.835062,394.29
63.832324,394.32
63.829587,394.28
63.826849,394.13
63.824111,394.06
63.821373,394.09
63.818635,394.21
63.815897,394.17
63.813159,393.73
63.810421,393.8
63.807683,394.06
63.804945,394.09
63.802207,393.82
63.79947,393.87
63.796732,393.79
63.791256,393.63
63.783042,393.41
63.780304,393.39
63.777566,393.36
63.774828,393.33
63.77209,393.35
63.769353,393.4
63.766615,393.39
63.763877,393.16
63.761139,393.74
63.758401,393.24
63.755663,393.49
63.752925,393.35
63.750187,392.93
63.747449,393.31
63.744711,393.13
63.741973,393.66
63.739235,393.23
63.73376,393.09
63.731022,393.39
63.728284,393.04
63.725546,393.84
63.722808,393.48
63.72007,393.37
63.717332,393.45
63.714594,393.57
63.709118,393.76
63.706381,392.18
63.703643,393.13
63.698167,393.16
63.695429,392.86
63.692691,393.61
63.689953,393.64
63.687215,393.73
63.684477,393.3
63.681739,393.37
63.679001,393.32
63.676264,393.38
63.673526,394.6
63.670788,394.32
63.66805,394.65
63.665312,393.93
63.662574,393.61
63.659836,393.73
63.657098,394.7
63.65436,394.68
63.651622,394.44
63.648884,394.44
63.646147,394.86
63.643409,395.29
63.637933,394.77
63.635195,395.82
63.629719,395.03
63.626981,394.91
63.621505,394.96
63.618767,395.37
63.61603,394.71
63.613292,395.31
63.610554,395.52
63.607816,395.27
63.605078,395.59
63.60234,395.44
63.596864,395.59
63.594126,395.35
63.591388,396.77
63.58865,396.84
63.585913,396.73
63.583175,396.76
63.580437,396.29
63.574961,396.24
63.572223,397.19
63.569485,397.55
63.566747,397.2
63.564009,396.92
63.561271,396.85
63.558533,396.96
63.553058,395.41
63.544844,396.83
63.542106,396.85
63.539368,397.12
63.53663,397.51
63.528416,397.3
63.525679,397.67
63.522941,398.02
63.520203,397.99
63.509251,397.54
63.503775,398.21
63.501037,398.09
63.498299,398.76
63.495562,398.6
63.492824,398.65
63.490086,398.58
63.479134,398.53
63.476396,398.82
63.473658,397.99
63.47092,398.2
63.468182,398.06
63.465445,398.01
63.462707,398.29
63.459969,397.98
63.457231,398.47
63.454493,398.7
63.451755,398.92
63.449017,398.98
63.446279,399.07
63.443541,397.78
63.440803,398.19
63.435328,398.68
63.43259,398.97
63.429852,399.27
63.427114,399.38
63.424376,399.12
63.421638,399.45
63.4189,399.36
63.416162,398.81
63.413424,399.09
63.410686,399.91
63.407948,400.16
63.405211,400.3
63.402473,400.25
63.399735,400.63
63.396997,400
63.394259,399.86
63.391521,399.7
63.388783,399.99
63.386045,399.71
63.383307,400.13
63.380569,400.1
63.375094,399.91
63.372356,400.02
63.369618,399.56
63.36688,399.91
63.361404,399.29
63.358666,399.4
63.355928,399.23
63.35319,400.07
63.347714,399.54
63.344977,399.5
63.342239,399.39
63.339501,399.83
63.336763,399.76
63.334025,399.24
63.331287,399.45
63.328549,399.4
63.325811,399.49
63.320335,400.05
63.317597,399.55
63.31486,399.22
63.312122,398.21
63.309384,398.39
63.303908,399.78
63.30117,398.77
63.284743,397.15
63.282005,397.14
63.279267,397.65
63.276529,397.3
63.273791,398.52
63.271053,398.22
63.268315,397.84
63.265577,397.67
63.262839,397.74
63.257363,397.73
63.254626,398.14
63.251888,398.24
63.24915,398.19
63.246412,398.35
63.243674,398.32
63.240936,398.55
63.238198,398.17
63.23546,398.29
63.232722,397.04
63.229984,397.08
63.227246,398.26
63.224509,398.23
63.221771,397.41
63.219033,397.15
63.216295,397.25
63.213557,398.05
63.210819,396.71
63.208081,396.71
63.205343,397.51
63.202605,397.11
63.199867,397.08
63.197129,397.07
63.194392,396.87
63.191654,396.17
63.188916,396.77
63.186178,396.92
63.18344,397.11
63.180702,396.31
63.175226,398.39
63.172488,398.05
63.16975,399.1
63.167012,396.61
63.164275,396.7
63.161537,396.68
63.158799,396.7
63.153323,396.47
63.150585,397.22
63.147847,397.08
63.145109,397.24
63.142371,396.5
63.139633,397.21
63.136895,397.33
63.134158,397.28
63.13142,397.4
63.128682,397.89
63.125944,397.7
63.123206,397.69
63.120468,395.96
63.11773,395.87
63.112254,396.71
63.109516,396.43
63.106778,396.16
63.104041,396.56
63.101303,396.47
63.098565,397.33
63.093089,396.82
63.090351,395.55
63.087613,395.74
63.084875,395.96
63.082137,396.45
63.079399,396.16
63.076661,395.09
63.073924,395.41
63.071186,395.27
63.068448,395.73
63.06571,396.15
63.062972,395.27
63.060234,395.18
63.057496,395.43
63.054758,397.41
63.05202,395.89
63.049282,395.55
63.046544,396.37
63.043807,397.02
63.041069,395.5
63.035593,395.57
63.030117,395.54
63.027379,395.35
63.024641,395.48
63.021903,395.13
63.019165,395.09
63.016427,395.48
63.010952,394.6
63.008214,394.71
63.005476,394.63
63.002738,394.44
63.002075,394.31
62.999337,394.29
62.993861,394.84
62.991123,394.81
62.988385,394.38
62.985647,394.57
62.982909,394.86
62.980172,395.56
62.977434,394.43
62.974696,394.25
62.971958,395.38
62.96922,394.49
62.966482,394.4
62.963744,394.29
62.961006,394.49
62.958268,394.82
62.95553,394.22
62.952792,394.34
62.950055,394.1
62.947317,394.17
62.944579,394.94
62.941841,394.18
62.939103,394.38
62.936365,393.56
62.930889,393.25
62.928151,393.23
62.925413,393.26
62.922675,394.17
62.919938,393.86
62.9172,393.66
62.914462,393.4
62.911724,394.1
62.908986,395.32
62.906248,392.94
62.90351,392.71
62.900772,393.26
62.898034,393.18
62.895296,393.16
62.892558,393.15
62.889821,393.06
62.887083,393.06
62.884345,393.28
62.881607,393.82
62.878869,393.69
62.876131,393.13
62.873393,393.46
62.870655,393.12
62.867917,392.8
62.865179,392.79
62.862441,392.95
62.859704,392.33
62.856966,393.34
62.854228,392.44
62.85149,392.01
62.848752,391.57
62.846014,391.42
62.843276,391.93
62.8378,391.94
62.835062,391.32
62.832324,391.43
62.829587,391.46
62.826849,391.27
62.824111,391.16
62.821373,391.31
62.818635,391.65
62.815897,391.47
62.813159,391.29
62.807683,391.12
62.804945,391.16
62.802207,391.22
62.79947,390.77
62.793994,390.79
62.791256,390.83
62.788518,390.6
62.78578,390.64
62.783042,390.96
62.780304,391.07
62.777566,391.03
62.77209,390.94
62.769353,391.1
62.766615,391.01
62.763877,391.01
62.761139,390.9
62.758401,390.76
62.755663,390.71
62.752925,390.46
62.750187,390.82
62.747449,390.81
62.744711,390.8
62.739235,390.94
62.736498,390.95
62.73376,390.92
62.731022,390.93
62.728284,391.06
62.725546,391.19
62.722808,391.04
62.72007,390.68
62.717332,390.54
62.714594,390.34
62.711856,390.67
62.709118,390.76
62.706381,391.24
62.703643,391.59
62.700905,391.03
62.695429,390.17
62.692691,390.64
62.689953,391.34
62.684477,391.81
62.681739,392.13
62.679001,391.96
62.676264,392.01
62.673526,391.93
62.670788,391.72
62.66805,391.91
62.665312,391.82
62.662574,391.82
62.659836,391.93
62.657098,391.67
62.65436,391.66
62.651622,391.85
62.648884,391.52
62.646147,391.51
62.643409,391.62
62.640671,390.41
62.637933,390.41
62.635195,392.22
62.632457,392.44
62.629719,392.55
62.626981,392.46
62.624243,392.34
62.621505,392
62.618767,392.52
62.61603,393.15
62.613292,392.94
62.610554,393.49
62.607816,392.98
62.605078,393.38
62.60234,393.42
62.599602,393.23
62.594126,393.64
62.591388,393.64
62.58865,393.35
62.585913,393.04
62.583175,392.92
62.580437,393.57
62.577699,393.86
62.574961,393.93
62.566747,394.1
62.561271,393.78
62.558533,394.51
62.555796,394.55
62.553058,394.63
62.55032,394.71
62.547582,394.04
62.544844,394.53
62.542106,394.18
62.539368,394.62
62.53663,393.83
62.533892,394.24
62.531154,394.5
62.528416,394.48
62.525679,394.77
62.522941,394.37
62.517465,394.67
62.514727,394.95
62.511989,395.16
62.509251,394.91
62.506513,394.83
62.503775,395.22
62.498299,393.75
62.495562,395.36
62.490086,395.71
62.487348,395.38
62.48461,395.61
62.481872,395.71
62.479134,395.4
62.476396,395.81
62.473658,395.96
62.47092,395.91
62.468182,395.83
62.465445,395.48
62.462707,394.62
62.459969,395.55
62.457231,396.17
62.454493,395.91
62.451755,396.5
62.446279,396.51
62.443541,396.78
62.440803,395.97
62.438065,394.88
62.435328,395.07
62.43259,395.71
62.429852,395.6
62.427114,396.11
62.424376,396.79
62.421638,395.55
62.4189,396.75
62.413424,395.37
62.410686,396.37
62.407948,396.63
62.405211,397.1
62.402473,396.53
62.399735,395.77
62.396997,395.2
62.394259,396.72
62.391521,396.53
62.388783,395.53
62.386045,396.54
62.383307,396.08
62.380569,396.94
62.377831,397.32
62.375094,397.17
62.372356,396.98
62.369618,397.01
62.36688,397.42
62.364142,397.31
62.361404,397.2
62.358666,397.08
62.355928,397.09
62.35319,397.29
62.350452,396.96
62.347714,396.94
62.344977,396.99
62.342239,396.95
62.339501,397.39
62.336763,396.77
62.334025,397.01
62.331287,396.65
62.328549,396.65
62.325811,396.31
62.323073,396.48
62.320335,396.63
62.317597,396.49
62.31486,396.75
62.312122,397.06
62.309384,396.55
62.306646,396.59
62.303908,396.14
62.30117,396.38
62.298432,396.21
62.295694,395.71
62.292956,395.78
62.290218,396.28
62.28748,395.86
62.284743,395.4
62.282005,396.59
62.279267,397.68
62.276529,397.78
62.273791,396.4
62.268315,395.48
62.265577,395.7
62.262839,395.95
62.260101,395.04
62.257363,395.02
62.254626,395.08
62.251888,394.94
62.24915,394.96
62.246412,394.78
62.243674,394.67
62.240936,395.24
62.238198,395.97
62.23546,395.09
62.229984,395.46
62.227246,394.79
62.224509,394.59
62.221771,394.24
62.219033,395.18
62.216295,394.94
62.213557,394.32
62.210819,395.01
62.208081,395.23
62.205343,394.98
62.202605,394.42
62.199867,393.65
62.197129,393.49
62.194392,393.09
62.191654,393.03
62.188916,393.2
62.186178,393.43
62.18344,393.09
62.180702,393.43
62.177964,394.24
62.175226,394.44
62.172488,394.69
62.16975,393.97
62.167012,394.1
62.164275,395.62
62.161537,393.83
62.158799,393.83
62.156061,393.75
62.153323,393.98
62.150585,393.94
62.145109,395.37
62.139633,393.63
62.136895,395.27
62.134158,394.36
62.13142,393.69
62.128682,393.92
62.125944,393.55
62.123206,392.97
62.120468,393.06
62.11773,392.88
62.114992,393.19
62.112254,396.76
62.109516,396.8
62.106778,392.79
62.104041,392.03
62.101303,392.12
62.098565,392.28
62.095827,393.48
62.090351,393.82
62.087613,393.62
62.084875,392.63
62.082137,392.71
62.079399,393.19
62.076661,392.96
62.073924,393.37
62.071186,393.69
62.068448,393.63
62.06571,393.54
62.062972,393.27
62.060234,392.92
62.057496,393.05
62.054758,393.01
62.05202,392.29
62.049282,392.35
62.046544,392.33
62.043807,392.98
62.041069,394.8
62.038331,395.64
62.035593,392.92
62.032855,394.01
62.027379,393.11
62.024641,392.31
62.021903,392.25
62.019165,392.83
62.016427,393.76
62.01369,393.46
62.010952,393.22
62.008214,393.01
62.005476,392.34
62.002738,392.09
61.999337,392.15
61.996599,392.01
61.993861,392.3
61.991123,391.8
61.988385,392.56
61.985647,392.71
61.982909,391.9
61.980172,391.89
61.977434,392.57
61.96922,392.62
61.966482,392.48
61.963744,392.18
61.961006,392.5
61.95553,392.06
61.952792,391.99
61.950055,391.49
61.947317,391.88
61.944579,392.15
61.941841,391.72
61.939103,391.66
61.936365,391.3
61.933627,391.18
61.930889,391.54
61.928151,391.07
61.925413,391.06
61.922675,390.87
61.919938,390.86
61.9172,391.13
61.914462,391.38
61.911724,391.07
61.908986,391.56
61.906248,391.17
61.90351,390.36
61.900772,390.41
61.898034,390.38
61.895296,390.53
61.892558,390.59
61.889821,390.72
61.887083,390.55
61.884345,390.39
61.881607,390.33
61.878869,390.69
61.873393,390.44
61.870655,390.56
61.867917,390.21
61.865179,390.39
61.862441,389.75
61.859704,389.74
61.854228,389.67
61.85149,389.55
61.848752,389.48
61.846014,389.53
61.843276,389.63
61.840538,389.65
61.8378,389.7
61.835062,389.75
61.832324,389.47
61.829587,389.54
61.826849,389.33
61.824111,389.37
61.821373,389.17
61.818635,389.31
61.815897,389.24
61.813159,389
61.810421,389.29
61.807683,389.26
61.804945,388.98
61.802207,389.07
61.79947,388.9
61.796732,389.05
61.793994,388.82
61.791256,389.15
61.788518,389.33
61.78578,388.9
61.783042,388.64
61.780304,388.45
61.777566,388.71
61.774828,389.02
61.77209,388.57
61.769353,388.69
61.766615,388.62
61.763877,388.44
61.761139,388.9
61.758401,389
61.755663,388.85
61.752925,388.9
61.750187,388.95
61.747449,388.81
61.744711,388.75
61.741973,388.57
61.739235,388.57
61.736498,388.57
61.73376,388.48
61.731022,388.87
61.728284,388.9
61.725546,389.23
61.722808,388.85
61.72007,389.13
61.717332,389.26
61.714594,389.34
61.711856,389.39
61.709118,388.9
61.706381,388.99
61.703643,389.14
61.700905,389.33
61.698167,389.11
61.692691,389.34
61.684477,388.94
61.679001,388.25
61.676264,389.63
61.673526,389.52
61.670788,389.59
61.66805,389.66
61.665312,389.49
61.657098,389.33
61.65436,388.35
61.651622,389.28
61.648884,389.25
61.646147,389.61
61.643409,389.56
61.640671,389.77
61.637933,389.94
61.635195,390.17
61.632457,390.39
61.629719,389.14
61.626981,390.65
61.624243,390.77
61.621505,389.87
61.618767,389.97
61.610554,390.49
61.607816,390.66
61.605078,390.43
61.60234,390.93
61.599602,390.47
61.596864,391.2
61.594126,390.76
61.591388,391.18
61.58865,390.44
61.585913,391.34
61.583175,391.61
61.580437,391.82
61.577699,392.05
61.574961,392.22
61.572223,392.14
61.569485,391.55
61.566747,392.27
61.561271,391.65
61.558533,391.08
61.555796,390.47
61.553058,390.79
61.55032,391.92
61.547582,391.78
61.544844,391.85
61.539368,393.48
61.53663,393.79
61.525679,392.31
61.522941,393.56
61.520203,393.44
61.517465,393.42
61.514727,393.87
61.511989,393.7
61.509251,393.14
61.506513,393.54
61.503775,393.4
61.501037,393.21
61.498299,393
61.495562,393.43
61.492824,393.06
61.490086,393.81
61.487348,393.76
61.48461,393.85
61.481872,394
61.479134,392.83
61.476396,392.92
61.473658,393.52
61.47092,393.81
61.468182,393.75
61.465445,393.94
61.462707,394.43
61.459969,394.36
61.457231,393.89
61.454493,393.3
61.451755,393.55
61.449017,393.58
61.446279,393.44
61.443541,393.34
61.440803,393.38
61.438065,393.25
61.435328,393.47
61.43259,394.02
61.424376,394.47
61.421638,394.35
61.4189,394.36
61.416162,393.82
61.413424,394.16
61.410686,394.08
61.407948,394.1
61.405211,393.39
61.402473,394.97
61.399735,395.17
61.396997,394.87
61.394259,395.3
61.391521,395.17
61.388783,395.06
61.386045,395.49
61.383307,395.06
61.380569,394.89
61.377831,394.77
61.375094,395.07
61.372356,394.92
61.369618,394.17
61.36688,393.81
61.364142,393.65
61.361404,392.58
61.358666,392.58
61.355928,392.64
61.35319,392.51
61.350452,392.44
61.344977,395.35
61.342239,394.67
61.339501,395.55
61.336763,392.95
61.334025,392.81
61.331287,393.51
61.328549,393.27
61.325811,393.77
61.323073,394.08
61.320335,392.61
61.31486,392.51
61.312122,393.62
61.309384,392.65
61.306646,393.89
61.30117,392.76
61.298432,393.48
61.295694,394.26
61.292956,394.23
61.290218,394.21
61.28748,393.54
61.284743,393.22
61.282005,392.76
61.279267,393.87
61.276529,392.08
61.273791,391.91
61.271053,392.5
61.268315,391.41
61.265577,393.55
61.262839,393.38
61.260101,393.24
61.257363,393.67
61.254626,393.26
61.251888,393.24
61.24915,393.43
61.246412,393.36
61.240936,394.45
61.238198,394.27
61.23546,395.24
61.229984,395.83
61.227246,392.84
61.224509,392.31
61.221771,392.12
61.219033,392.14
61.216295,392.13
61.213557,392.9
61.210819,392.47
61.208081,392.67
61.205343,392.75
61.202605,391.97
61.199867,392.18
61.197129,392.5
61.194392,394.47
61.191654,391.57
61.188916,391.47
61.186178,391.35
61.18344,391.34
61.180702,391.51
61.177964,391.47
61.175226,391.55
61.172488,391.17
61.16975,391.88
61.167012,392.36
61.164275,392.41
61.161537,392.64
61.158799,392.41
61.156061,392.6
61.153323,392.45
61.150585,392.28
61.147847,391.94
61.145109,391.75
61.142371,391.49
61.139633,391.86
61.136895,391.56
61.134158,391.85
61.13142,391.81
61.128682,391.92
61.125944,391.66
61.123206,391.41
61.120468,391.33
61.11773,391.18
61.114992,391.51
61.112254,391.18
61.109516,391.68
61.106778,391.88
61.104041,391.37
61.101303,391.26
61.098565,391.62
61.095827,391.56
61.093089,392.31
61.090351,392.49
61.087613,393.16
61.084875,391.63
61.082137,391.75
61.079399,392.02
61.076661,391.9
61.073924,391.04
61.071186,391.53
61.068448,391.02
61.06571,391.19
61.062972,390.9
61.060234,390.58
61.057496,390.97
61.054758,391.06
61.05202,392.76
61.049282,393.49
61.043807,390.27
61.041069,389.91
61.035593,390.59
61.032855,390.91
61.030117,390.97
61.027379,391.16
61.024641,391.02
61.021903,392.09
61.019165,393.14
61.016427,393.04
61.01369,391.2
61.010952,391.45
61.008214,390.2
61.005476,390.35
61.002738,390.48
60.999337,390.42
60.996599,390.33
60.993861,389.32
60.991123,389.52
60.988385,389.56
60.982909,390.11
60.980172,390.38
60.977434,390.11
60.974696,390.35
60.971958,390.56
60.96922,390.11
60.966482,389.4
60.963744,389.22
60.961006,389.16
60.958268,389.16
60.95553,389.08
60.952792,389.42
60.950055,390
60.947317,390.07
60.944579,389.85
60.941841,389.55
60.939103,389.68
60.936365,389.86
60.930889,389.92
60.928151,389.83
60.925413,390.39
60.922675,389.21
60.919938,389.64
60.9172,389.69
60.914462,389.3
60.908986,389.75
60.906248,389.53
60.90351,389.78
60.900772,389.63
60.898034,389.17
60.895296,389.1
60.892558,389.44
60.889821,389.81
60.887083,389.4
60.884345,388.73
60.881607,388.52
60.878869,388.17
60.876131,388.38
60.873393,388.7
60.870655,388.54
60.867917,388.02
60.862441,388
60.859704,387.92
60.856966,388.25
60.854228,387.88
60.85149,387.67
60.848752,389.28
60.846014,387.74
60.843276,387.83
60.840538,387.97
60.8378,387.89
60.835062,387.83
60.832324,387.8
60.829587,387.8
60.826849,387.56
60.824111,388.19
60.821373,387.45
60.818635,387.95
60.815897,388.05
60.813159,387.83
60.810421,387.97
60.807683,387.71
60.804945,387.4
60.802207,387.54
60.79947,387.19
60.796732,387.11
60.793994,387.07
60.791256,386.72
60.788518,386.96
60.78578,386.97
60.783042,386.75
60.780304,386.63
60.777566,386.92
60.774828,386.9
60.77209,386.91
60.769353,387
60.766615,387.32
60.763877,387.01
60.761139,386.91
60.758401,386.79
60.755663,386.74
60.752925,386.56
60.750187,386.84
60.747449,386.57
60.744711,386.88
60.741973,386.71
60.739235,387.1
60.736498,386.82
60.73376,386.75
60.731022,386.84
60.728284,386.7
60.725546,387.09
60.722808,386.79
60.72007,386.69
60.717332,386.58
60.714594,387.06
60.711856,387.38
60.709118,387.09
60.706381,386.79
60.703643,386.84
60.700905,387.29
60.698167,386.96
60.695429,387.2
60.692691,386.3
60.689953,386.13
60.687215,386.03
60.684477,385.89
60.681739,385.29
60.676264,387.74
60.673526,387.87
60.670788,387.58
60.66805,387.42
60.665312,387.58
60.662574,387.33
60.659836,387.21
60.657098,387.87
60.65436,387.22
60.648884,387.69
60.643409,387.37
60.640671,387.93
60.637933,388.16
60.635195,388.68
60.632457,388.25
60.629719,388.5
60.624243,388.76
60.618767,388.93
60.61603,388.55
60.613292,388.57
60.610554,388.98
60.607816,389.09
60.605078,389.06
60.60234,388.54
60.599602,389.06
60.596864,389.04
60.594126,389.12
60.58865,387.85
60.585913,388.66
60.583175,389.44
60.580437,389.86
60.577699,389.63
60.574961,389.95
60.572223,389.47
60.569485,389.61
60.566747,390.27
60.564009,389.97
60.561271,389.94
60.558533,390.29
60.555796,390.42
60.553058,389.79
60.55032,390.84
60.542106,390.09
60.539368,389.43
60.53663,389.64
60.533892,389.38
60.531154,390.24
60.528416,390.18
60.525679,389.99
60.522941,390.68
60.520203,391
60.517465,389.71
60.514727,390.51
60.511989,390.85
60.509251,389.99
60.506513,391.13
60.503775,391.3
60.501037,391.49
60.498299,390.56
60.495562,390.98
60.492824,390.9
60.490086,391.62
60.487348,391.18
60.48461,391.29
60.479134,391.54
60.476396,391.4
60.473658,391.55
60.47092,391.65
60.468182,392.43
60.465445,391.51
60.459969,391.54
60.457231,392.38
60.454493,391.38
60.451755,391.5
60.449017,392.8
60.446279,392.38
60.443541,392.94
60.440803,393.08
60.438065,392.93
60.435328,392.74
60.43259,392.04
60.429852,393.11
60.427114,392.74
60.424376,392.84
60.421638,393.07
60.4189,393.35
60.416162,393.93
60.413424,393.89
60.410686,393.25
60.407948,392.13
60.405211,392.19
60.402473,391.5
60.396997,393.31
60.394259,393.42
60.391521,393.71
60.388783,393.7
60.386045,393.52
60.383307,393.26
60.380569,393.27
60.377831,393.23
60.375094,393.53
60.372356,393.45
60.369618,393.52
60.36688,391.97
60.364142,391.82
60.361404,392.43
60.358666,392.59
60.355928,392.98
60.35319,392.86
60.350452,392.98
60.347714,393.78
60.344977,393.27
60.336763,391.99
60.334025,393.04
60.331287,393.34
60.328549,393.42
60.325811,393.18
60.323073,392.79
60.320335,393.29
60.31486,393.2
60.312122,392.82
60.309384,393.08
60.306646,393.11
60.303908,393.07
60.30117,393.94
60.298432,393.56
60.295694,393.53
60.292956,394.02
60.290218,392.34
60.28748,392.45
60.284743,392.18
60.282005,392.58
60.271053,391.06
60.268315,391.59
60.265577,391.09
60.262839,391.38
60.260101,390.49
60.257363,391.54
60.254626,391.41
60.251888,391.94
60.24915,391
60.246412,390.32
60.243674,390.42
60.240936,393.69
60.238198,393.64
60.23546,390.7
60.232722,389.69
60.229984,389.74
60.227246,389.64
60.224509,390.14
60.221771,391.85
60.208081,391.7
60.205343,390.84
60.202605,391.15
60.199867,391.01
60.197129,391.07
60.194392,391.44
60.191654,391.46
60.188916,391.81
60.18344,390.8
60.180702,391.7
60.177964,391.87
60.175226,391.37
60.172488,391.68
60.16975,391.13
60.167012,390.55
60.161537,389.01
60.158799,388.52
60.156061,388.64
60.142371,391.54
60.139633,390.21
60.136895,391.82
60.134158,391
60.128682,388.9
60.125944,389.24
60.123206,390.18
60.120468,389.99
60.11773,389.72
60.114992,390.03
60.112254,389.82
60.109516,391.38
60.106778,391.13
60.101303,392.82
60.093089,389.99
60.090351,391.3
60.087613,388.57
60.084875,390.85
60.082137,388.92
60.079399,388.42
60.076661,389.22
60.073924,389.42
60.071186,389.69
60.068448,389.1
60.06571,388.27
60.062972,387.77
60.060234,388.14
60.057496,388.1
60.054758,388.52
60.05202,388.62
60.049282,388.44
60.046544,388.72
60.043807,388.72
60.041069,389.02
60.035593,388.03
60.032855,387.96
60.030117,388
60.027379,388.27
60.024641,388.98
60.021903,387.93
60.019165,387.89
60.016427,388.07
60.01369,388.14
60.010952,388.2
60.008214,387.98
60.005476,391.27
60.002738,390.54
59.999337,387.68
59.996599,387.65
59.993861,387.59
59.991123,387.95
59.988385,387.49
59.985647,387.67
59.982909,388.61
59.980172,388.91
59.950055,386.87
59.947317,386.81
59.941841,386.58
59.939103,386.8
59.936365,387.34
59.933627,387.01
59.930889,387.27
59.928151,387.7
59.925413,387.02
59.922675,387.14
59.919938,386.73
59.9172,386.8
59.914462,386.89
59.911724,387.2
59.908986,386.72
59.906248,386.62
59.90351,386.21
59.900772,386.14
59.898034,386.39
59.895296,386.29
59.892558,386.29
59.889821,386.1
59.887083,386.37
59.884345,386.28
59.881607,386.06
59.878869,387.31
59.876131,386.14
59.873393,386.1
59.870655,386
59.867917,385.84
59.865179,385.79
59.862441,385.75
59.859704,385.43
59.856966,385.4
59.854228,385.63
59.85149,385.33
59.848752,385.69
59.846014,385.78
59.843276,385.17
59.840538,385.14
59.8378,385.19
59.835062,385.25
59.832324,385.23
59.829587,385.04
59.826849,385.11
59.824111,385.07
59.821373,384.84
59.818635,384.9
59.815897,384.86
59.813159,384.77
59.810421,384.77
59.807683,384.75
59.804945,384.66
59.802207,384.64
59.79947,384.73
59.796732,384.68
59.793994,384.38
59.791256,384.37
59.788518,384.33
59.78578,384.36
59.783042,384.52
59.780304,384.48
59.777566,384.2
59.774828,384.48
59.77209,384.03
59.769353,383.91
59.763877,383.97
59.761139,383.74
59.758401,383.14
59.755663,383.05
59.752925,384.17
59.750187,384.02
59.747449,384.3
59.744711,384.12
59.741973,384.13
59.739235,384.42
59.736498,383.61
59.73376,384.46
59.731022,385
59.728284,384.93
59.725546,385.09
59.722808,385.63
59.72007,383.61
59.717332,384.63
59.714594,385.42
59.711856,384.61
59.709118,384.64
59.706381,384.55
59.703643,384.68
59.698167,384.3
59.695429,384.33
59.692691,383.61
59.689953,385.07
59.687215,385.58
59.684477,385.23
59.679001,385.66
59.676264,385.92
59.673526,384.93
59.670788,385.25
59.66805,384.69
59.665312,384.24
59.662574,385.36
59.657098,385.26
59.65436,385.91
59.651622,385.74
59.648884,385.9
59.646147,386.5
59.640671,386.29
59.637933,386.09
59.635195,386.32
59.632457,386.14
59.629719,384.96
59.626981,384.48
59.624243,385.63
59.621505,385.96
59.618767,386.75
59.61603,386.46
59.613292,385.2
59.607816,385.68
59.60234,386.68
59.599602,386.95
59.596864,387.15
59.594126,387.22
59.591388,387.31
59.58865,387.12
59.585913,387.02
59.583175,387.18
59.580437,387.6
59.572223,387.12
59.569485,387.47
59.566747,387.5
59.564009,387.65
59.558533,387.19
59.555796,387.75
59.553058,387.88
59.55032,387.99
59.547582,387.6
59.544844,388.25
59.542106,388.28
59.533892,388.06
59.531154,388.83
59.522941,388.8
59.520203,388.59
59.517465,388.41
59.514727,388.18
59.511989,388.43
59.506513,388.24
59.503775,387.96
59.498299,388.83
59.495562,389.02
59.492824,389.11
59.490086,388.96
59.487348,388.16
59.48461,387.94
59.479134,388.47
59.476396,388.67
59.473658,389.01
59.47092,388.71
59.468182,388.9
59.465445,388.85
59.462707,389.96
59.459969,388.98
59.457231,388.88
59.454493,390.13
59.451755,390.24
59.449017,390.03
59.446279,390.03
59.443541,390.14
59.440803,390.08
59.438065,390.14
59.435328,390.55
59.43259,390.45
59.429852,390.51
59.427114,390.55
59.424376,390.71
59.421638,390.5
59.4189,388.74
59.416162,388.98
59.413424,388.93
59.410686,389.36
59.407948,390.47
59.405211,389.38
59.402473,390.9
59.399735,391.08
59.396997,390.94
59.394259,390.71
59.391521,390.62
59.388783,390.5
59.386045,390.65
59.383307,390.36
59.380569,390.67
59.377831,390.2
59.375094,389.66
59.372356,390.14
59.369618,389.89
59.36688,390.54
59.364142,390.57
59.361404,390.1
59.358666,389.92
59.355928,390.01
59.35319,389.89
59.350452,388.93
59.344977,390.01
59.342239,389.85
59.339501,390.02
59.336763,389.88
59.334025,389.79
59.331287,390.23
59.328549,390.62
59.325811,391.32
59.323073,390.4
59.320335,390.27
59.317597,390.98
59.31486,391.21
59.312122,390.13
59.309384,388.39
59.306646,390.89
59.303908,389.74
59.30117,388.25
59.298432,388.34
59.295694,387.78
59.292956,387.88
59.28748,389.05
59.284743,389.47
59.282005,389.45
59.279267,389.96
59.276529,389.65
59.273791,388.87
59.271053,389.62
59.268315,389.55
59.265577,389.44
59.262839,389.39
59.260101,389.48
59.257363,389.59
59.254626,389.22
59.251888,388.96
59.24915,388.89
59.246412,388.95
59.243674,388.79
59.240936,388.9
59.238198,389.4
59.23546,389.44
59.232722,390.43
59.227246,389.22
59.224509,388.49
59.221771,388.77
59.219033,389.21
59.216295,388.3
59.213557,388.12
59.210819,387.37
59.208081,388.02
59.205343,388.14
59.202605,388.21
59.199867,388.61
59.197129,388.78
59.191654,389.14
59.188916,388.85
59.186178,388.65
59.18344,388.79
59.180702,388.59
59.177964,388.62
59.172488,388.61
59.16975,389.67
59.167012,389.53
59.164275,389.45
59.161537,388.91
59.158799,388.6
59.156061,388.39
59.153323,387.54
59.150585,387.94
59.147847,388.09
59.145109,388.09
59.142371,387.43
59.139633,387.58
59.136895,387.12
59.134158,387.17
59.13142,387.27
59.128682,388.61
59.125944,388.13
59.123206,387.5
59.120468,387.1
59.114992,386.8
59.112254,386.7
59.109516,386.79
59.106778,386.75
59.104041,386.71
59.101303,386.44
59.098565,386.84
59.095827,387.22
59.093089,387.59
59.090351,387.38
59.082137,387.51
59.079399,387.93
59.076661,387.54
59.073924,387.45
59.071186,387.41
59.068448,387.17
59.06571,386.91
59.062972,387.23
59.060234,387.28
59.057496,387.78
59.054758,386.78
59.05202,386.97
59.049282,387.02
59.046544,387.13
59.043807,387.27
59.041069,386.64
59.038331,386.66
59.035593,387.39
59.032855,387.85
59.030117,386.19
59.027379,386.46
59.024641,386.37
59.021903,386.33
59.019165,386.55
59.016427,386.64
59.01369,386.32
59.010952,386.12
59.008214,386.07
59.005476,386.49
59.002738,386.52
58.999337,386.06
58.993861,386.01
58.991123,386.23
58.988385,386.09
58.985647,386.34
58.982909,385.88
58.980172,385.74
58.977434,385.54
58.974696,385.67
58.971958,385.62
58.96922,385.59
58.966482,385.54
58.963744,385.52
58.961006,385.55
58.958268,385.41
58.95553,385.57
58.952792,385.54
58.950055,385.43
58.947317,385.44
58.944579,385
58.941841,385.42
58.939103,385.3
58.936365,384.93
58.933627,385.46
58.930889,385.39
58.928151,384.43
58.925413,385.27
58.922675,385.76
58.919938,384.5
58.9172,384.56
58.914462,384.61
58.911724,384.35
58.908986,384.1
58.906248,384.2
58.90351,385
58.900772,384.51
58.898034,384.69
58.895296,384.37
58.892558,384.51
58.887083,384.17
58.884345,384.15
58.881607,384.64
58.878869,384.22
58.876131,384.28
58.873393,384.44
58.870655,384.74
58.867917,384
58.865179,383.71
58.862441,383.63
58.859704,383.97
58.856966,383.83
58.854228,383.57
58.85149,383.59
58.846014,383.91
58.843276,383.91
58.840538,383.91
58.8378,383.92
58.835062,384.06
58.815897,382.7
58.813159,383
58.810421,383.11
58.807683,383.26
58.804945,383.12
58.802207,383.22
58.79947,382.97
58.796732,382.95
58.793994,382.95
58.791256,383
58.788518,382.82
58.78578,382.54
58.783042,382.7
58.780304,382.68
58.777566,382.59
58.774828,382.89
58.769353,383.04
58.763877,383.17
58.761139,382.72
58.758401,383.1
58.755663,382.22
58.752925,382.58
58.750187,382.37
58.747449,383.26
58.744711,382.97
58.741973,382.88
58.739235,383.04
58.736498,383.19
58.73376,383.25
58.731022,383.1
58.728284,382.69
58.725546,383.25
58.717332,383.06
58.714594,383.43
58.711856,383.37
58.709118,383.48
58.706381,383.52
58.703643,383.43
58.700905,382.95
58.698167,382.57
58.692691,383.37
58.689953,382.48
58.687215,383.36
58.684477,383.83
58.681739,383.77
58.679001,383.73
58.676264,383.25
58.673526,383.21
58.670788,383.24
58.665312,383.55
58.662574,383.19
58.657098,383.12
58.65436,383.16
58.651622,383.37
58.648884,383.41
58.646147,383.57
58.643409,383.88
58.640671,381.41
58.637933,384.33
58.635195,384.83
58.629719,384.07
58.626981,383.75
58.624243,383.21
58.621505,383.98
58.618767,384.5
58.610554,384.23
58.607816,385.62
58.605078,385.23
58.60234,384.95
58.599602,385.29
58.596864,385.46
58.594126,384.82
58.58865,385.12
58.585913,384.66
58.583175,385.79
58.580437,384.95
58.577699,384.04
58.574961,385.84
58.572223,383.93
58.569485,386.4
58.566747,385.82
58.564009,387.41
58.561271,385.89
58.558533,386.33
58.48461,387.39
58.481872,387.29
58.479134,387.32
58.476396,387.34
58.473658,387.58
58.47092,387.41
58.465445,388.21
58.462707,387.62
58.459969,388.12
58.457231,388.33
58.454493,388.7
58.451755,387.12
58.449017,386.95
58.446279,387.12
58.440803,387
58.438065,387.93
58.435328,388.71
58.43259,388.5
58.429852,388.3
58.427114,388.24
58.424376,388.81
58.421638,388.37
58.4189,388.83
58.416162,388.82
58.413424,388.72
58.410686,388.26
58.405211,388.55
58.402473,388.68
58.399735,388.51
58.396997,388.56
58.394259,388.79
58.391521,388.83
58.388783,389.15
58.386045,389.13
58.372356,388.78
58.369618,388.77
58.36688,388.9
58.364142,389.08
58.361404,388.82
58.358666,388.53
58.355928,389.34
58.35319,389.05
58.350452,389.4
58.344977,387.47
58.342239,387.36
58.339501,386.65
58.336763,386.93
58.334025,388.51
58.331287,386.71
58.325811,387.04
58.323073,387.81
58.320335,388.5
58.312122,386.99
58.309384,386.5
58.30117,386.16
58.298432,386.77
58.295694,386.73
58.292956,386.86
58.290218,386.2
58.28748,386.6
58.284743,386.01
58.282005,385.85
58.279267,385.79
58.276529,385.62
58.273791,385.95
58.271053,388.5
58.268315,388.64
58.262839,387.93
58.260101,390.63
58.257363,388.32
58.254626,388.34
58.251888,387.59
58.24915,387.52
58.246412,386.29
58.243674,386.16
58.240936,385.84
58.238198,386.45
58.23546,387.55
58.232722,387.58
58.229984,387.49
58.227246,386.09
58.224509,385.61
58.221771,385.68
58.219033,385.68
58.216295,385.76
58.213557,386.1
58.210819,386.51
58.208081,385.43
58.205343,385.56
58.202605,385.6
58.199867,386.1
58.197129,385.37
58.194392,385.65
58.191654,385.81
58.188916,385.94
58.186178,385.92
58.18344,386.43
58.180702,386.36
58.177964,386.14
58.172488,384.9
58.16975,385.1
58.167012,384.82
58.164275,384.57
58.161537,384.71
58.156061,387.2
58.153323,385.33
58.150585,385.54
58.142371,385.46
58.139633,384.48
58.136895,384.98
58.134158,385.51
58.13142,386.05
58.128682,385.67
58.125944,385.9
58.123206,385.91
58.120468,385.91
58.11773,385.79
58.114992,386.19
58.112254,386.31
58.109516,386.21
58.106778,385.65
58.104041,385.39
58.101303,385.62
58.098565,386.13
58.095827,386.92
58.093089,386.12
58.090351,386.33
58.087613,387.03
58.084875,386.52
58.082137,386.69
58.079399,386.56
58.076661,386.83
58.073924,387.38
58.071186,386.65
58.068448,386.11
58.06571,385.8
58.062972,385.69
58.060234,386.12
58.057496,385.8
58.054758,385.75
58.05202,385.67
58.049282,385.62
58.046544,385.93
58.043807,385.77
58.041069,386.64
58.038331,386.23
58.035593,384.67
58.032855,384.25
58.030117,384.23
58.027379,384.48
58.024641,384.38
58.021903,384.41
58.019165,384.45
58.016427,384.52
58.01369,384.46
58.010952,384.42
58.008214,384.71
58.005476,385.23
58.002738,385.04
57.999337,384.89
57.996599,384.59
57.993861,384.07
57.988385,383.87
57.980172,383.9
57.977434,383.68
57.974696,384.08
57.971958,384.36
57.96922,384.1
57.966482,384.84
57.963744,384.51
57.952792,383.65
57.950055,383.71
57.947317,384.11
57.944579,383.48
57.941841,383.56
57.939103,383.6
57.936365,383.68
57.933627,384.07
57.930889,383.78
57.925413,383.13
57.914462,382.89
57.911724,382.84
57.908986,382.92
57.906248,382.73
57.90351,382.91
57.900772,382.95
57.898034,382.58
57.895296,383.4
57.892558,383.3
57.889821,383.52
57.887083,382.68
57.884345,382.48
57.881607,383.31
57.878869,382.32
57.876131,382.62
57.873393,381.96
57.870655,381.96
57.867917,382.33
57.865179,382.22
57.862441,382.03
57.859704,381.95
57.856966,381.93
57.854228,382.16
57.85149,382.16
57.848752,382.07
57.846014,382.02
57.843276,381.81
57.840538,381.75
57.8378,381.92
57.835062,381.84
57.832324,381.65
57.829587,381.49
57.826849,381.76
57.824111,381.87
57.821373,381.21
57.818635,381.35
57.815897,381.37
57.813159,381.33
57.810421,381.45
57.807683,381.49
57.804945,381.17
57.802207,381.05
57.79947,380.97
57.796732,381.37
57.793994,381.12
57.791256,380.92
57.78578,380.72
57.783042,380.7
57.780304,380.71
57.777566,380.98
57.774828,381.04
57.769353,381.05
57.766615,381.16
57.763877,380.64
57.761139,380.82
57.758401,380.7
57.755663,380.85
57.752925,380.9
57.750187,380.86
57.747449,381.31
57.744711,381.01
57.741973,379.6
57.739235,380.34
57.736498,380.94
57.73376,381
57.731022,380.96
57.728284,380.86
57.725546,380.63
57.722808,381.1
57.72007,380.65
57.700905,380.72
57.698167,380.71
57.695429,380.65
57.692691,380.29
57.689953,380.9
57.687215,380.91
57.681739,381.27
57.679001,381.74
57.676264,381.77
57.673526,381.92
57.662574,381.93
57.659836,381.54
57.657098,381.11
57.651622,381.91
57.643409,382.43
57.640671,382.24
57.635195,381.86
57.632457,381.83
57.629719,381.78
57.626981,382.33
57.624243,381.55
57.621505,381.83
57.618767,381.83
57.61603,381.44
57.613292,382.36
57.610554,381.02
57.599602,383.04
57.596864,383.1
57.591388,380.96
57.58865,382.23
57.585913,383.31
57.583175,383.38
57.580437,383.31
57.577699,382.89
57.574961,384.04
57.572223,383.88
57.569485,383.97
57.564009,383.36
57.555796,384
57.553058,384.14
57.55032,383.84
57.544844,384.49
57.542106,384.63
57.539368,382.79
57.53663,384.57
57.533892,384.95
57.531154,384.87
57.528416,385.21
57.525679,385.57
57.522941,385.24
57.520203,385.05
57.517465,384.94
57.514727,385.18
57.511989,385.62
57.509251,385.45
57.506513,385.16
57.503775,385.04
57.501037,385.45
57.498299,385.75
57.495562,384.64
57.492824,385.37
57.490086,385.12
57.487348,384.64
57.48461,385.42
57.476396,384.84
57.473658,385.16
57.468182,385.48
57.465445,386.22
57.462707,386.37
57.459969,386.13
57.457231,386.48
57.454493,386.31
57.451755,386.62
57.446279,386.16
57.443541,386.49
57.440803,386.5
57.438065,386.83
57.435328,386.57
57.43259,386.7
57.429852,387.02
57.427114,387.09
57.424376,386.95
57.421638,387.13
57.4189,386.73
57.416162,386.59
57.413424,386.67
57.407948,387.16
57.405211,387.27
57.402473,387.03
57.399735,387.45
57.396997,387.21
57.394259,387.19
57.391521,386.78
57.388783,385.95
57.386045,385.9
57.383307,385.11
57.377831,386.86
57.375094,386.65
57.372356,386.32
57.369618,385.83
57.36688,387.05
57.364142,387.21
57.361404,386.68
57.358666,386.91
57.355928,387.49
57.35319,385.58
57.350452,385.77
57.347714,385.73
57.344977,385.6
57.342239,385.81
57.339501,387.11
57.336763,386.74
57.334025,386.66
57.331287,386.48
57.328549,386.69
57.325811,386.7
57.323073,386.65
57.317597,386.75
57.31486,386.93
57.312122,387.23
57.306646,387.23
57.303908,387.06
57.30117,387.41
57.298432,387.64
57.295694,387.56
57.292956,387.69
57.290218,387.83
57.28748,385.86
57.284743,385.12
57.282005,386.17
57.276529,387.29
57.273791,384.8
57.271053,385.66
57.268315,385.66
57.265577,385.67
57.262839,385.5
57.260101,385.36
57.257363,386.46
57.254626,386.13
57.251888,385.95
57.246412,386.72
57.243674,386.8
57.240936,384.78
57.238198,385.22
57.229984,385.75
57.227246,385.57
57.221771,385.06
57.219033,385.35
57.216295,384.67
57.210819,384.76
57.208081,384.51
57.205343,384.2
57.202605,384.1
57.199867,384.09
57.194392,384.67
57.191654,384.42
57.188916,383.78
57.186178,383.77
57.18344,383.02
57.180702,382.82
57.177964,382.91
57.175226,383.55
57.172488,383.99
57.16975,384.21
57.167012,384.64
57.164275,384.77
57.161537,383.66
57.158799,383.4
57.156061,383.58
57.153323,383.77
57.150585,383.94
57.147847,385.85
57.145109,384.35
57.123206,384.68
57.120468,384.75
57.11773,385.55
57.114992,384.26
57.112254,384.46
57.109516,382.94
57.106778,382.92
57.104041,383.34
57.101303,382.86
57.098565,382.81
57.095827,383.52
57.093089,384.27
57.090351,383.04
57.087613,383.42
57.084875,384.02
57.082137,384.13
57.079399,382.89
57.076661,383.9
57.073924,384.81
57.071186,384.35
57.06571,385.29
57.062972,382.62
57.060234,382.49
57.057496,381.74
57.054758,383.31
57.046544,381.84
57.043807,381.95
57.041069,382.15
57.038331,382.92
57.035593,383.01
57.032855,382.83
57.030117,382.93
57.016427,382.14
57.01369,381.93
57.010952,381.96
57.008214,382.2
57.005476,382.34
57.002738,381.9
56.999337,382.11
56.993861,382.25
56.991123,381.77
56.985647,381.87
56.982909,382.28
56.980172,381.81
56.977434,382.06
56.974696,382.22
56.96922,382.78
56.963744,381.73
56.961006,382.11
56.958268,382.75
56.95553,381.57
56.952792,381.03
56.950055,381
56.947317,382.01
56.944579,382.13
56.941841,381.39
56.939103,381.98
56.936365,381.51
56.933627,381.31
56.930889,381.26
56.928151,381.34
56.925413,381.54
56.922675,381.37
56.919938,381.47
56.9172,381.35
56.911724,380.98
56.908986,381.57
56.906248,381
56.90351,381.05
56.900772,381.18
56.898034,381.62
56.895296,380.81
56.892558,379.65
56.889821,380.1
56.887083,379.5
56.884345,379.8
56.881607,380.02
56.878869,379.99
56.876131,380.17
56.873393,380.02
56.870655,380.02
56.867917,379.84
56.865179,379.93
56.862441,379.81
56.859704,379.77
56.856966,379.75
56.854228,379.79
56.85149,379.76
56.848752,379.74
56.846014,379.72
56.843276,379.72
56.840538,379.78
56.8378,379.66
56.835062,378.96
56.832324,379.61
56.829587,379.94
56.826849,379.83
56.824111,379.86
56.821373,379.41
56.818635,379.24
56.815897,379.4
56.796732,378.76
56.793994,379.04
56.791256,378.97
56.788518,378.94
56.78578,379.55
56.783042,379.55
56.780304,378.93
56.777566,377.79
56.774828,378.51
56.77209,378.87
56.769353,379.07
56.766615,378.94
56.763877,379.15
56.758401,378.65
56.755663,378.53
56.750187,379.32
56.747449,379.24
56.744711,379.3
56.741973,379.12
56.739235,378.5
56.736498,378.79
56.73376,378.55
56.731022,378.56
56.728284,378.39
56.725546,378.29
56.722808,378.6
56.72007,378.85
56.717332,378.95
56.714594,378.76
56.711856,378.81
56.709118,378.98
56.703643,379.38
56.700905,378.99
56.698167,379.15
56.695429,379.19
56.692691,379.14
56.689953,378.66
56.687215,379.19
56.684477,377.65
56.679001,379.13
56.676264,378.9
56.673526,378.63
56.670788,378.56
56.665312,379.19
56.662574,379.75
56.659836,379.97
56.657098,379.84
56.65436,380
56.651622,379.86
56.648884,379.58
56.646147,379.7
56.640671,380.13
56.637933,379.89
56.635195,379.58
56.632457,380.27
56.629719,380.44
56.626981,380.82
56.624243,380.18
56.621505,379.93
56.61603,380.76
56.613292,381.07
56.610554,381.04
56.607816,381.3
56.599602,379.83
56.596864,379.72
56.594126,381.17
56.591388,381.58
56.58865,381.57
56.585913,381.52
56.583175,381.59
56.580437,381.32
56.577699,381.8
56.574961,381.97
56.572223,381.89
56.569485,382.53
56.566747,382
56.564009,382.21
56.561271,382.07
56.555796,381.66
56.55032,381.83
56.547582,382.04
56.544844,381.66
56.533892,382.51
56.531154,382.74
56.528416,382.67
56.525679,383.2
56.520203,383.01
56.517465,382.91
56.511989,382.87
56.509251,383.22
56.506513,383.32
56.503775,383.38
56.501037,382.94
56.498299,383.04
56.495562,383.25
56.492824,383.45
56.490086,383.51
56.487348,384.02
56.48461,383.13
56.481872,383.71
56.479134,383.46
56.473658,383.77
56.47092,383.77
56.468182,383.67
56.465445,384.79
56.462707,384.14
56.459969,383.49
56.457231,384.44
56.454493,384.51
56.451755,384.42
56.449017,384.25
56.446279,384.38
56.443541,384.44
56.440803,384.65
56.435328,384.62
56.43259,384.54
56.429852,383.5
56.427114,383.12
56.424376,384.63
56.421638,384.6
56.4189,384.6
56.416162,384.62
56.410686,384.97
56.407948,384.51
56.402473,383.47
56.396997,384.53
56.394259,385.68
56.391521,385.62
56.388783,385.26
56.386045,385.18
56.383307,385.29
56.380569,385.32
56.375094,385.52
56.369618,385.3
56.36688,385.18
56.364142,384.96
56.361404,384.62
56.358666,384.81
56.355928,385.17
56.35319,385.31
56.347714,385.29
56.344977,384.8
56.342239,384.92
56.339501,384.74
56.334025,385.08
56.331287,385.23
56.328549,384.53
56.325811,384.65
56.323073,384.74
56.320335,384.79
56.317597,384.89
56.31486,384.97
56.312122,384.6
56.309384,384.66
56.306646,384.65
56.303908,384.82
56.30117,385.03
56.298432,384.79
56.295694,384.77
56.292956,385.02
56.290218,384.97
56.28748,384.67
56.284743,384.45
56.282005,384.08
56.279267,385.02
56.276529,384.88
56.271053,385.37
56.268315,385.31
56.262839,383.54
56.260101,383.71
56.257363,384.14
56.246412,382.47
56.243674,382.64
56.240936,382.27
56.238198,382.36
56.23546,382.43
56.232722,382.38
56.229984,382.58
56.227246,382.82
56.224509,382.75
56.221771,382.93
56.219033,382.9
56.216295,382.93
56.213557,383.44
56.210819,383.21
56.208081,382.72
56.205343,383.03
56.202605,382.63
56.199867,382.8
56.197129,383.18
56.194392,382.65
56.191654,383.17
56.188916,382.83
56.186178,382.7
56.18344,382.91
56.177964,383.11
56.175226,382.62
56.172488,382.79
56.16975,382.22
56.167012,381.4
56.164275,381.67
56.161537,382.1
56.158799,382.65
56.156061,382.14
56.153323,382.22
56.150585,382.49
56.147847,382.2
56.145109,381.77
56.142371,381.67
56.139633,381.67
56.136895,381.55
56.134158,381.84
56.13142,382.06
56.128682,382.53
56.125944,382.74
56.123206,382.96
56.120468,383.05
56.11773,382.98
56.114992,382.54
56.106778,382.21
56.104041,382.03
56.101303,382.03
56.098565,382.6
56.095827,382.61
56.093089,381.5
56.090351,381.22
56.084875,381.2
56.082137,381.47
56.079399,381.74
56.076661,382.06
56.073924,381.69
56.071186,381.57
56.068448,381.18
56.06571,381.66
56.062972,381.57
56.060234,381.59
56.054758,381.39
56.05202,381.32
56.043807,381.84
56.041069,381.63
56.038331,381.74
56.035593,380.77
56.032855,381.16
56.030117,381.13
56.027379,381.11
56.024641,381.57
56.021903,380.93
56.019165,381.23
56.01369,381.1
56.010952,381.45
55.996599,380.44
55.993861,380.76
55.991123,380.65
55.988385,380.64
55.985647,380.23
55.982909,380.24
55.980172,380.72
55.974696,380.13
55.971958,380.03
55.96922,380.09
55.961006,380.11
55.958268,380.66
55.95553,380.57
55.952792,379.65
55.950055,380.39
55.947317,379.93
55.944579,379.92
55.941841,380.01
55.939103,380.53
55.936365,379.74
55.933627,380.42
55.930889,379.47
55.928151,379.4
55.922675,379.87
55.919938,378.51
55.9172,379.22
55.914462,379.1
55.911724,378.34
55.908986,379.11
55.906248,379.02
55.90351,378.3
55.900772,378.65
55.898034,378.42
55.895296,378.57
55.884345,378.98
55.881607,378.84
55.878869,378.68
55.876131,378.33
55.873393,379.47
55.865179,377.38
55.862441,377.49
55.859704,378.11
55.856966,378.19
55.854228,378.14
55.85149,378.37
55.848752,377.93
55.846014,377.98
55.843276,378.02
55.840538,377.4
55.826849,377.55
55.824111,377.48
55.780304,377.12
55.777566,376.66
55.774828,376.94
55.77209,376.93
55.769353,376.69
55.766615,376.69
55.763877,376.57
55.761139,376.7
55.758401,376.82
55.755663,376.4
55.752925,376.66
55.750187,376.3
55.747449,376.41
55.744711,376.48
55.741973,376.81
55.739235,376.65
55.736498,376.21
55.73376,376.36
55.728284,375.96
55.725546,375.9
55.722808,376.19
55.72007,376.92
55.717332,376.29
55.714594,376.85
55.711856,376.75
55.709118,376.61
55.706381,376.26
55.703643,376.3
55.700905,374.94
55.698167,376.12
55.689953,376.7
55.687215,376.56
55.684477,377.51
55.681739,377.65
55.679001,377.66
55.676264,377.82
55.670788,377.58
55.66805,378.26
55.665312,377.88
55.657098,378.1
55.65436,377.32
55.651622,377.51
55.648884,377.82
55.646147,378.7
55.640671,378.05
55.637933,378.6
55.635195,378.47
55.632457,378.62
55.629719,379.13
55.626981,378.95
55.624243,379.23
55.621505,378.18
55.618767,379.24
55.61603,379.57
55.613292,379.31
55.607816,378.73
55.605078,378.62
55.60234,378.72
55.599602,378.44
55.596864,380.27
55.594126,380
55.58865,380.04
55.585913,380.14
55.583175,378.74
55.580437,379.77
55.577699,380.22
55.574961,379.97
55.572223,380.03
55.569485,379.83
55.566747,380.17
55.564009,380.41
55.561271,380.35
55.558533,380.32
55.555796,380.8
55.553058,380.98
55.55032,380.65
55.547582,380.67
55.544844,380.78
55.542106,381.01
55.539368,380.88
55.53663,380.81
55.531154,381.64
55.528416,381.33
55.525679,380.83
55.522941,379.62
55.520203,381.04
55.517465,381.27
55.514727,381.07
55.511989,381.34
55.509251,381.08
55.503775,380.89
55.501037,381.42
55.498299,381.28
55.495562,381.31
55.492824,381.27
55.490086,381.39
55.487348,381.5
55.481872,381.55
55.479134,382.02
55.476396,381.79
55.473658,381.7
55.47092,381.93
55.468182,382.16
55.465445,382.47
55.462707,382.46
55.459969,382.57
55.457231,382.51
55.454493,382.24
55.449017,382.2
55.446279,382.49
55.443541,382.47
55.440803,382.71
55.438065,382.41
55.435328,382.66
55.43259,382.65
55.429852,382.48
55.427114,383
55.424376,382.46
55.421638,382.26
55.4189,382.91
55.416162,382.85
55.413424,382.86
55.410686,383.3
55.407948,382.92
55.405211,382.69
55.402473,382.86
55.399735,382.94
55.396997,383.06
55.394259,382.95
55.391521,383.29
55.388783,383.27
55.386045,382.73
55.383307,382.87
55.380569,382.39
55.377831,382.17
55.375094,382.58
55.372356,383.01
55.369618,382.63
55.36688,382.3
55.364142,382.72
55.361404,382.87
55.358666,382.01
55.355928,380.99
55.35319,381.45
55.350452,381.54
55.347714,381.42
55.344977,381.82
55.342239,381.79
55.339501,381.38
55.336763,381.44
55.334025,381.95
55.331287,383.79
55.328549,383.04
55.325811,383.07
55.323073,383
55.320335,382.11
55.31486,381.64
55.312122,382.56
55.309384,382.5
55.306646,383.05
55.303908,382.52
55.30117,382.14
55.298432,381.88
55.295694,381.37
55.292956,381.8
55.28748,381.84
55.284743,381.64
55.279267,382.23
55.276529,382.84
55.273791,381.95
55.271053,382.3
55.268315,382.85
55.262839,382.56
55.260101,382.1
55.257363,382.27
55.254626,381.72
55.251888,382.08
55.24915,382.6
55.246412,382.72
55.243674,382.36
55.240936,381.33
55.23546,379.5
55.232722,379.34
55.229984,379.29
55.227246,379.39
55.224509,380.26
55.221771,380.64
55.219033,381.08
55.216295,381.55
55.213557,380.75
55.210819,380.39
55.208081,380.05
55.205343,382.44
55.202605,382.14
55.199867,381.78
55.197129,381.39
55.194392,381.24
55.191654,379.78
55.188916,380.23
55.18344,378.52
55.180702,380.54
55.175226,380.84
55.172488,381.33
55.167012,382.34
55.161537,380.36
55.158799,381.92
55.156061,379.99
55.153323,379.81
55.150585,379.99
55.147847,380.33
55.145109,379.82
55.142371,379.95
55.139633,379.2
55.136895,378.4
55.134158,380.44
55.128682,380.17
55.125944,380.47
55.123206,380.14
55.11773,379.34
55.114992,379.14
55.112254,379.27
55.109516,379.07
55.106778,379.27
55.101303,379.27
55.095827,379.88
55.093089,379.27
55.090351,379.32
55.087613,379.13
55.084875,379.37
55.082137,379.56
55.079399,378.75
55.076661,378.57
55.073924,378.71
55.071186,378.64
55.068448,378.34
55.06571,378.82
55.062972,378.59
55.060234,378.36
55.057496,378.33
55.054758,378.41
55.05202,378.69
55.049282,378.12
55.046544,378.19
55.043807,378.36
55.041069,378.48
55.038331,377.69
55.035593,378.91
55.032855,378.84
55.030117,378.81
55.027379,378.29
55.024641,378.07
55.021903,378.16
55.019165,377.71
55.016427,378.54
55.01369,378.25
55.010952,378.4
55.008214,378.02
55.005476,378.39
55.002738,377.98
55.002075,377.69
54.999337,377.78
54.996599,378
54.993861,378.01
54.991123,377.51
54.988385,377.85
54.985647,377.6
54.982909,377.62
54.980172,377.67
54.977434,377.87
54.974696,377.86
54.971958,378.06
54.96922,377.8
54.966482,377.32
54.963744,377.35
54.961006,377.32
54.958268,377.34
54.95553,377.38
54.952792,376.89
54.950055,377.06
54.947317,377.81
54.944579,378.12
54.941841,377.45
54.939103,377.44
54.936365,377.48
54.933627,377.31
54.930889,377.2
54.928151,377.27
54.925413,377.22
54.922675,376.65
54.919938,376.98
54.9172,376.55
54.914462,376.42
54.911724,376.66
54.908986,376.56
54.906248,376.78
54.90351,376.78
54.900772,376.78
54.898034,376.7
54.895296,377.11
54.892558,376.38
54.889821,376.28
54.887083,376.02
54.884345,377.6
54.881607,376.56
54.878869,377.41
54.876131,378.38
54.873393,375.38
54.870655,375.37
54.867917,375.47
54.865179,375.48
54.862441,375.62
54.859704,375.33
54.856966,375.41
54.854228,375.4
54.85149,375.49
54.848752,374.85
54.846014,375.08
54.843276,375.28
54.840538,375.32
54.8378,375.41
54.835062,375.28
54.832324,375.16
54.829587,375.08
54.826849,374.97
54.824111,374.84
54.821373,375.08
54.818635,374.91
54.815897,374.66
54.813159,374.71
54.810421,374.94
54.807683,374.86
54.804945,374.63
54.802207,374.41
54.79947,374.16
54.796732,374.25
54.793994,374.24
54.791256,374.16
54.788518,374.21
54.78578,374.55
54.783042,374.24
54.780304,374.01
54.777566,374.15
54.774828,373.99
54.77209,374.08
54.769353,374.04
54.766615,374.31
54.763877,374.11
54.761139,373.68
54.758401,373.74
54.755663,374.08
54.752925,374.3
54.750187,374.55
54.747449,373.9
54.744711,373.87
54.739235,373.23
54.736498,373.69
54.73376,373.97
54.731022,373.96
54.728284,373.93
54.725546,374.23
54.722808,374.54
54.72007,374.44
54.717332,374.21
54.714594,374.18
54.711856,374.15
54.709118,374.26
54.706381,374.4
54.703643,374.31
54.700905,373.68
54.698167,374.13
54.695429,375.42
54.692691,375
54.689953,374.56
54.687215,374.11
54.684477,373.49
54.681739,374.01
54.679001,373.13
54.676264,373.99
54.673526,373.78
54.670788,374.3
54.66805,374.77
54.665312,374.05
54.662574,373.99
54.659836,374.26
54.657098,374.81
54.65436,374.81
54.651622,374.94
54.648884,375.94
54.646147,376.41
54.643409,375.77
54.640671,375.9
54.637933,375.49
54.635195,375.97
54.632457,375.84
54.629719,375.32
54.626981,376.19
54.624243,375.9
54.621505,376.17
54.618767,376.05
54.61603,376.25
54.613292,375.36
54.610554,377
54.607816,376.6
54.605078,376.75
54.60234,376.56
54.599602,377.02
54.596864,376.72
54.594126,376.97
54.591388,376.49
54.58865,377.38
54.583175,375.67
54.580437,377.23
54.577699,376.45
54.572223,376.22
54.569485,376.19
54.566747,376.75
54.564009,377.25
54.561271,376.32
54.558533,376.41
54.555796,376.36
54.553058,376.83
54.55032,376.15
54.547582,377.83
54.544844,377.98
54.542106,377.57
54.539368,377.12
54.53663,377.35
54.533892,377.99
54.531154,378.37
54.528416,378.18
54.525679,378.23
54.522941,378.48
54.517465,377.83
54.514727,378.28
54.511989,378.55
54.509251,378.26
54.506513,379.01
54.503775,378.95
54.501037,379.2
54.498299,379.31
54.495562,379.22
54.492824,378.9
54.490086,378.79
54.487348,379.35
54.48461,379.6
54.481872,379.46
54.479134,379.32
54.476396,379.13
54.473658,378.71
54.465445,379.7
54.462707,379.65
54.459969,380.05
54.457231,380.05
54.454493,380.37
54.451755,380.37
54.449017,380.38
54.446279,379.79
54.443541,380.17
54.440803,380.28
54.438065,379.9
54.435328,380.09
54.43259,379.73
54.429852,379.1
54.427114,379.32
54.424376,379.3
54.421638,380.21
54.4189,380.73
54.416162,380.1
54.413424,380.8
54.410686,381.14
54.407948,381.03
54.405211,381.19
54.402473,380.96
54.399735,381.02
54.396997,380.69
54.394259,381.26
54.391521,380.75
54.388783,379.71
54.386045,379.57
54.383307,379.93
54.380569,380.78
54.377831,381
54.375094,380.02
54.372356,380.22
54.369618,380.9
54.36688,380.65
54.364142,380.28
54.361404,380.75
54.358666,381
54.355928,381.18
54.35319,381.01
54.350452,381.11
54.347714,381.58
54.344977,381.4
54.342239,381.43
54.339501,379.68
54.336763,379.56
54.334025,380.06
54.331287,380.36
54.328549,380.66
54.325811,380.69
54.323073,380.26
54.320335,380.97
54.317597,381.51
54.31486,381.11
54.312122,381.01
54.306646,380.24
54.303908,380.11
54.30117,380.18
54.298432,380.28
54.295694,380.62
54.292956,380.77
54.290218,380.48
54.28748,380.36
54.284743,380.93
54.282005,381.03
54.279267,380.94
54.276529,380.57
54.273791,379.74
54.271053,380.24
54.268315,380.44
54.260101,379.02
54.257363,378.89
54.254626,378.83
54.251888,380.18
54.24915,381.29
54.246412,380.41
54.243674,379.44
54.240936,378.98
54.238198,378.39
54.23546,378.42
54.232722,378.5
54.229984,378.46
54.227246,379.22
54.224509,377.78
54.221771,378.7
54.219033,379.16
54.216295,378.91
54.213557,379.05
54.210819,380.08
54.208081,380.37
54.205343,378.97
54.202605,377.8
54.199867,378.08
54.197129,379.25
54.194392,379.45
54.188916,379.92
54.186178,378.1
54.18344,377.89
54.180702,377.84
54.177964,378.32
54.175226,377.92
54.172488,378.16
54.16975,378.47
54.167012,378.76
54.164275,378.54
54.161537,378.2
54.158799,377.61
54.156061,377.33
54.153323,377.45
54.150585,377.51
54.147847,377.63
54.145109,377.62
54.142371,377.01
54.139633,377.08
54.136895,377.44
54.134158,377.35
54.13142,377.71
54.128682,377.78
54.125944,378.08
54.123206,378.18
54.120468,377.08
54.11773,380.02
54.114992,380.33
54.112254,377.88
54.109516,377.75
54.106778,377.79
54.104041,377.93
54.101303,378.08
54.098565,377.92
54.095827,377.61
54.093089,377.78
54.090351,377.86
54.087613,377.93
54.084875,378.16
54.082137,377.94
54.079399,378.17
54.076661,377.76
54.071186,378.2
54.068448,377.46
54.06571,377.85
54.062972,377.27
54.060234,376.91
54.057496,376.94
54.054758,376.79
54.05202,377.27
54.049282,376.8
54.046544,376.67
54.043807,377.91
54.041069,378.27
54.038331,376.48
54.035593,376.61
54.032855,376.24
54.030117,376.49
54.027379,376.27
54.024641,376.26
54.021903,376.18
54.019165,376.31
54.016427,376.69
54.01369,376.28
54.010952,376.38
54.008214,376.36
54.005476,376.32
54.002738,376.49
53.999337,376.29
53.996599,376.3
53.993861,376.35
53.985647,376.2
53.980172,376.16
53.977434,375.81
53.974696,376.16
53.971958,376.02
53.96922,376.06
53.966482,375.97
53.963744,375.93
53.961006,376.49
53.958268,377.11
53.95553,375.87
53.952792,376.92
53.950055,376.33
53.947317,376.21
53.944579,376.06
53.941841,375.49
53.939103,375.38
53.936365,375.48
53.933627,375.22
53.930889,375.23
53.928151,375.47
53.925413,375.52
53.922675,375.39
53.919938,375.25
53.9172,375.35
53.914462,375.02
53.911724,374.91
53.908986,375.04
53.906248,375.06
53.90351,375.23
53.900772,375.42
53.898034,375.63
53.895296,375.63
53.892558,374.99
53.889821,375.2
53.887083,375.82
53.884345,374.53
53.881607,374.59
53.878869,374.82
53.876131,374.28
53.873393,375.08
53.870655,374.55
53.867917,375.21
53.865179,375.04
53.862441,373.98
53.859704,374.03
53.856966,373.77
53.854228,373.77
53.85149,373.67
53.848752,373.66
53.846014,373.47
53.843276,374.75
53.840538,373.42
53.8378,373.39
53.835062,373.52
53.832324,373.56
53.829587,373.38
53.826849,373.34
53.824111,373.3
53.821373,373.5
53.818635,373.3
53.815897,373.47
53.813159,373.86
53.810421,373.76
53.807683,373.43
53.804945,373.37
53.79947,372.69
53.796732,372.78
53.793994,372.68
53.791256,372.63
53.788518,372.24
53.78578,373.06
53.783042,373.17
53.780304,372.98
53.777566,373.04
53.774828,372.43
53.77209,372.76
53.769353,372.91
53.766615,372.89
53.763877,373.28
53.761139,373.13
53.758401,373.29
53.755663,373.07
53.752925,373.51
53.750187,373.43
53.747449,373.22
53.744711,373.14
53.741973,373.29
53.739235,372.94
53.736498,373.29
53.73376,373.51
53.731022,373.64
53.728284,373.36
53.725546,373.12
53.722808,373.16
53.72007,373.07
53.717332,372.56
53.714594,373.13
53.711856,372.76
53.709118,372.62
53.706381,372.94
53.703643,372.77
53.700905,372.44
53.698167,372.85
53.695429,372.53
53.692691,373.49
53.689953,373.44
53.687215,373.46
53.684477,373.64
53.681739,373.59
53.679001,372.6
53.676264,373.44
53.665312,373.47
53.662574,374.68
53.659836,373.29
53.657098,373.59
53.65436,374.08
53.651622,374.85
53.648884,374.77
53.646147,374.83
53.643409,374.84
53.640671,373.97
53.637933,373.93
53.635195,374.29
53.632457,373.37
53.629719,372.94
53.626981,373.99
53.624243,373.85
53.621505,374.53
53.618767,374.79
53.61603,374.93
53.613292,375.33
53.610554,375.38
53.607816,373.91
53.605078,373.99
53.60234,374.36
53.599602,375.18
53.596864,375.35
53.594126,375.29
53.591388,375.5
53.58865,374.74
53.585913,376.07
53.583175,376.07
53.580437,374.36
53.577699,376.24
53.574961,376.31
53.572223,376.13
53.569485,376.17
53.566747,376.02
53.564009,375.9
53.561271,376.02
53.558533,376.67
53.555796,376.52
53.553058,376.92
53.55032,376.69
53.544844,377.21
53.542106,377.04
53.539368,376.43
53.53663,377.35
53.533892,378.25
53.531154,377.07
53.528416,377.16
53.525679,377.32
53.522941,376.65
53.520203,376.22
53.517465,375.72
53.514727,377.14
53.511989,375.79
53.509251,377.09
53.506513,376.47
53.503775,376.67
53.501037,378.73
53.498299,378.03
53.495562,377.47
53.492824,377.48
53.490086,377.86
53.487348,378.37
53.48461,378.38
53.481872,378.52
53.479134,378.76
53.476396,377.47
53.473658,377.96
53.47092,377.75
53.468182,378.18
53.465445,378.63
53.462707,378.07
53.459969,378.04
53.457231,378.04
53.454493,378.12
53.451755,378.35
53.449017,378.6
53.446279,378.31
53.440803,378.72
53.435328,378.56
53.43259,378.31
53.429852,378.39
53.427114,378.08
53.424376,378.79
53.421638,378.57
53.4189,378.82
53.416162,377.62
53.413424,377.82
53.410686,378.22
53.407948,379.06
53.405211,379.11
53.402473,379.23
53.399735,378.72
53.396997,378.9
53.394259,378.96
53.391521,378.94
53.388783,379.28
53.386045,379.6
53.383307,379.1
53.380569,379.99
53.377831,380.17
53.375094,379.69
53.372356,379.07
53.369618,377.54
53.36688,377.53
53.364142,377.51
53.361404,377.4
53.358666,377.74
53.355928,378.07
53.35319,377.5
53.350452,377.72
53.347714,379.27
53.344977,378.67
53.342239,377.5
53.339501,378.35
53.336763,378.6
53.334025,378.38
53.331287,378.84
53.328549,378.98
53.325811,378.3
53.323073,378.32
53.320335,378.96
53.317597,378.64
53.31486,378.33
53.312122,378.38
53.309384,378.38
53.306646,378.28
53.303908,378.1
53.30117,378.37
53.298432,378.23
53.295694,377.75
53.292956,378.26
53.290218,377.95
53.28748,377.98
53.284743,377.72
53.282005,377.22
53.279267,377.08
53.276529,377.75
53.273791,377.45
53.271053,377.2
53.268315,377.09
53.265577,376.47
53.262839,376.86
53.260101,377.21
53.257363,377.17
53.254626,377.48
53.251888,376.53
53.24915,376.19
53.246412,376.42
53.243674,376.93
53.240936,377.41
53.238198,376.96
53.23546,377.31
53.232722,377.13
53.229984,377.08
53.227246,376.67
53.224509,376.44
53.221771,376.56
53.219033,377.28
53.216295,376.49
53.213557,376.28
53.210819,375.63
53.208081,376.16
53.205343,375.24
53.202605,375.74
53.199867,375.32
53.197129,375.45
53.194392,377.47
53.191654,377.79
53.188916,376.27
53.186178,375.88
53.18344,376.17
53.180702,376.07
53.177964,375.86
53.175226,376.54
53.172488,377.38
53.16975,376.12
53.167012,375.94
53.164275,375.98
53.161537,375.17
53.158799,375.52
53.156061,375.61
53.153323,375.73
53.150585,377.29
53.147847,376.52
53.145109,376.38
53.142371,376.22
53.139633,376.37
53.136895,376.39
53.134158,376.65
53.13142,376.25
53.128682,376.38
53.125944,376.02
53.123206,374.93
53.120468,374.94
53.11773,374.81
53.114992,375.02
53.112254,374.75
53.109516,375.32
53.106778,375.54
53.104041,375.16
53.101303,374.72
53.098565,375.01
53.095827,375.05
53.093089,375.21
53.090351,375.47
53.087613,375.25
53.084875,376.17
53.082137,374.96
53.079399,375.27
53.076661,374.84
53.073924,375.58
53.071186,375
53.068448,374.63
53.06571,374.9
53.062972,375.09
53.060234,375.65
53.057496,375.85
53.054758,374.62
53.05202,374.64
53.049282,375.06
53.046544,375.09
53.043807,376.18
53.041069,374.48
53.038331,374.78
53.035593,374.75
53.032855,374.8
53.030117,374.79
53.027379,374.21
53.024641,374.35
53.021903,373.87
53.019165,374.92
53.016427,375.46
53.01369,374.22
53.010952,374.33
53.008214,374.15
53.005476,374.04
53.002738,375.43
52.999337,375.4
52.996599,374.96
52.993861,374.51
52.991123,374.67
52.988385,374.04
52.985647,373.84
52.982909,374.18
52.980172,375.47
52.977434,374.64
52.974696,374.47
52.971958,373.37
52.96922,373.64
52.966482,373.44
52.963744,373.68
52.961006,373.53
52.958268,373.89
52.95553,373.44
52.952792,373.44
52.950055,373.76
52.947317,373.5
52.944579,373.98
52.941841,373.51
52.939103,372.85
52.936365,374.1
52.933627,373.56
52.930889,373.02
52.928151,372.87
52.925413,373.41
52.922675,373.3
52.919938,372.63
52.9172,372.52
52.914462,372.81
52.911724,372.65
52.908986,372.85
52.906248,372.76
52.90351,372.64
52.898034,372.88
52.895296,372.73
52.892558,372.39
52.889821,372.83
52.887083,372.8
52.884345,372.72
52.881607,373.59
52.878869,372.03
52.876131,371.79
52.873393,371.89
52.870655,372.04
52.867917,371.96
52.865179,371.76
52.862441,371.66
52.859704,371.93
52.856966,371.59
52.854228,371.7
52.85149,371.59
52.848752,371.69
52.846014,372.67
52.843276,372.71
52.840538,371.81
52.8378,371.26
52.835062,371.19
52.832324,371.2
52.829587,371.59
52.826849,371.22
52.824111,370.86
52.821373,370.11
52.818635,370.27
52.815897,370.28
52.813159,370.05
52.810421,370.52
52.807683,371.02
52.804945,371.17
52.802207,371.47
52.79947,371.54
52.796732,371.6
52.793994,371.68
52.791256,370.96
52.788518,370.69
52.78578,370.65
52.783042,371.54
52.780304,370.3
52.777566,370.16
52.774828,369.9
52.77209,369.79
52.769353,369.7
52.766615,369.49
52.763877,370.01
52.761139,370.48
52.758401,369.67
52.755663,369.8
52.752925,369.69
52.750187,369.78
52.747449,369.39
52.744711,370.35
52.741973,370.84
52.739235,370.7
52.736498,370.39
52.73376,370.31
52.731022,370.15
52.725546,370.28
52.722808,370.82
52.72007,370.88
52.717332,370.62
52.714594,370.55
52.711856,370.11
52.709118,372
52.703643,371.78
52.700905,371.31
52.698167,371.7
52.695429,371.61
52.692691,371.93
52.689953,371.45
52.684477,370.58
52.681739,371.23
52.679001,371.38
52.673526,369.43
52.670788,369.63
52.66805,370.44
52.665312,371.64
52.662574,370.65
52.659836,369.78
52.657098,370.39
52.651622,371.73
52.648884,371.36
52.646147,370.89
52.643409,370.54
52.640671,371.36
52.637933,371.86
52.635195,372.07
52.632457,372.01
52.629719,370.56
52.626981,370.45
52.624243,372.45
52.621505,371.79
52.618767,371.81
52.61603,371.72
52.610554,372.64
52.607816,372.62
52.605078,371.75
52.60234,371.45
52.599602,372.2
52.596864,372.59
52.594126,372.94
52.591388,373.31
52.58865,373.14
52.585913,373.95
52.583175,373.52
52.580437,373.29
52.577699,373.48
52.574961,372.58
52.569485,371.41
52.561271,373.65
52.558533,373.85
52.555796,373.84
52.553058,373.94
52.55032,373.98
52.547582,373.86
52.544844,373.87
52.542106,373.6
52.539368,373.95
52.53663,374.37
52.531154,374.53
52.528416,374.44
52.525679,374.06
52.522941,373.94
52.520203,374.55
52.517465,374.97
52.514727,374.77
52.511989,374.94
52.509251,374.87
52.506513,374.79
52.503775,374.57
52.501037,375.17
52.498299,374.56
52.495562,374.83
52.492824,374.77
52.490086,374.86
52.487348,374.69
52.48461,374.96
52.481872,376.37
52.479134,376.53
52.476396,376.25
52.468182,375.06
52.465445,375.2
52.462707,375.01
52.459969,375.51
52.457231,375.36
52.454493,375.15
52.451755,375.43
52.449017,375.58
52.446279,375.46
52.443541,375.23
52.440803,375.66
52.438065,375.64
52.435328,375.91
52.43259,376
52.429852,376.13
52.427114,375.98
52.424376,375.67
52.421638,375.67
52.4189,375.94
52.416162,376.22
52.413424,376.52
52.410686,376.2
52.407948,376.14
52.405211,376.11
52.402473,376.58
52.399735,375.92
52.396997,376.08
52.394259,376.12
52.391521,376.14
52.388783,376.09
52.386045,375.93
52.383307,375.1
52.380569,376.02
52.375094,375.58
52.372356,374.99
52.369618,374.87
52.36688,375.41
52.364142,374.91
52.361404,374.63
52.355928,374.73
52.35319,374.99
52.350452,376.32
52.347714,376.24
52.344977,375.85
52.342239,375.44
52.339501,375.75
52.336763,376.18
52.334025,376.23
52.331287,376.06
52.328549,376.19
52.325811,375.98
52.323073,375.99
52.320335,375.76
52.317597,375.86
52.31486,375.77
52.312122,375.09
52.309384,374.93
52.306646,375
52.303908,375.48
52.30117,375.18
52.298432,375.5
52.295694,375.42
52.292956,375.18
52.290218,374.83
52.28748,375.3
52.284743,375.39
52.282005,374.03
52.279267,373.96
52.276529,374.12
52.273791,374.56
52.271053,374.83
52.268315,374.88
52.265577,375.34
52.262839,374.23
52.260101,375.11
52.257363,375.39
52.254626,374.66
52.251888,373.38
52.24915,373.52
52.246412,373.54
52.243674,374.59
52.240936,373.85
52.238198,374.4
52.23546,373.65
52.232722,373.16
52.229984,372.89
52.227246,373.22
52.221771,375.07
52.219033,374.57
52.216295,373.95
52.213557,373.27
52.210819,375.57
52.208081,374.03
52.205343,373.68
52.202605,374.04
52.199867,374.08
52.197129,374.08
52.194392,374.15
52.191654,374.3
52.188916,374.61
52.186178,373.5
52.18344,373.95
52.180702,373.5
52.177964,373.17
52.175226,373.96
52.172488,373.81
52.16975,375.21
52.167012,372.72
52.164275,373.18
52.161537,374.83
52.158799,374.58
52.156061,374.22
52.153323,373.76
52.150585,372.88
52.147847,372.87
52.145109,373.21
52.142371,374.46
52.139633,372.6
52.136895,372.64
52.134158,372.88
52.13142,372.93
52.128682,372.64
52.125944,372.5
52.123206,372.59
52.120468,372.94
52.11773,373.02
52.114992,373.18
52.112254,374.15
52.109516,373.73
52.106778,372.44
52.104041,372.31
52.101303,372.31
52.098565,374.23
52.095827,373.12
52.093089,372.5
52.090351,372.96
52.087613,373.04
52.082137,372.23
52.079399,373.03
52.071186,372.1
52.068448,371.96
52.06571,372.55
52.062972,372.68
52.060234,372.71
52.057496,373.01
52.054758,373.04
52.05202,373.3
52.049282,373.91
52.046544,372.28
52.043807,372.41
52.041069,372.17
52.038331,372.47
52.035593,372.61
52.032855,372.79
52.030117,372.8
52.027379,371.97
52.024641,371.8
52.021903,371.9
52.019165,371.94
52.016427,372.23
52.01369,372.1
52.010952,372.75
52.008214,372.13
52.005476,371.75
52.002738,373.32
51.999337,371.79
51.996599,371.58
51.993861,371.4
51.991123,371.62
51.988385,372.91
51.985647,371.26
51.982909,371.57
51.977434,371.38
51.974696,371.51
51.971958,371.35
51.96922,371.37
51.966482,371.03
51.963744,371.07
51.961006,371.25
51.958268,371.27
51.95553,371.14
51.952792,370.95
51.950055,371.56
51.947317,372.32
51.944579,371.06
51.941841,370.67
51.939103,370.64
51.936365,370.74
51.933627,370.93
51.930889,371.13
51.928151,370.63
51.925413,370.47
51.922675,370.9
51.919938,370.69
51.9172,370.53
51.914462,370.21
51.911724,370.22
51.908986,370.6
51.906248,370.52
51.90351,370.42
51.900772,370.57
51.898034,370.32
51.895296,369.89
51.892558,370.62
51.889821,370.5
51.887083,370.07
51.881607,369.92
51.878869,369.98
51.876131,369.71
51.873393,369.81
51.856966,369.12
51.854228,369.07
51.85149,369.04
51.848752,369.14
51.846014,369.3
51.843276,368.9
51.840538,368.97
51.8378,368.85
51.835062,369.17
51.832324,369.17
51.829587,369.28
51.826849,369.18
51.824111,369.25
51.821373,368.84
51.818635,368.55
51.815897,369.17
51.813159,368.8
51.810421,368.5
51.807683,368.54
51.804945,368.54
51.802207,368.64
51.79947,368.18
51.796732,368.43
51.793994,369.06
51.791256,367.45
51.788518,367.64
51.78578,367.85
51.783042,368.52
51.780304,368.49
51.777566,368.1
51.774828,368.1
51.77209,368.35
51.769353,368.32
51.766615,368.18
51.763877,368.48
51.761139,368.23
51.758401,368.11
51.755663,368.17
51.752925,367.96
51.750187,368.01
51.747449,367.53
51.741973,367.87
51.739235,367.39
51.736498,367.29
51.73376,367.39
51.731022,368.48
51.728284,368.42
51.725546,367.83
51.722808,367.8
51.72007,367.83
51.717332,367.73
51.714594,367.88
51.711856,368.48
51.709118,368.81
51.706381,368.94
51.703643,368.24
51.700905,368.28
51.698167,368.99
51.695429,368.44
51.692691,368.47
51.687215,368.54
51.684477,366.97
51.681739,368.33
51.679001,368.25
51.676264,368.2
51.673526,368.83
51.670788,369.2
51.66805,368.9
51.665312,369.33
51.662574,369.06
51.659836,369.27
51.657098,369.48
51.65436,369.22
51.651622,369.72
51.648884,369.58
51.646147,369.7
51.643409,368.84
51.640671,369.38
51.637933,369.24
51.635195,369.37
51.632457,369.11
51.629719,369.72
51.626981,369.44
51.624243,369.77
51.621505,370.03
51.618767,370.07
51.61603,367.31
51.613292,368.91
51.610554,369.37
51.607816,369.93
51.605078,369.97
51.60234,369.76
51.599602,369.46
51.596864,370.47
51.594126,370.46
51.591388,370.37
51.58865,370.2
51.577699,371.21
51.574961,371.07
51.572223,371.22
51.569485,370.77
51.566747,370.25
51.564009,371.53
51.561271,370.57
51.553058,371.4
51.55032,371.66
51.547582,369.22
51.544844,371.06
51.542106,372.05
51.539368,371.91
51.53663,371.8
51.533892,371.61
51.531154,371.62
51.528416,371.09
51.525679,370.98
51.520203,371.67
51.514727,371.66
51.511989,372.35
51.509251,372.7
51.506513,372.6
51.503775,372.71
51.501037,372.71
51.498299,372.64
51.495562,372.65
51.492824,372.92
51.490086,373.12
51.487348,373.12
51.48461,373.05
51.481872,373.02
51.479134,373.23
51.476396,373.06
51.473658,373.24
51.47092,373.12
51.468182,373.34
51.465445,373.54
51.462707,372.69
51.459969,372.79
51.457231,372.86
51.449017,372.86
51.446279,373.02
51.443541,373.52
51.440803,372.99
51.438065,372.94
51.435328,373.13
51.43259,373.21
51.429852,374.16
51.427114,373.89
51.421638,374.42
51.4189,373.68
51.416162,373.27
51.413424,373.85
51.410686,373.79
51.407948,374.23
51.405211,374.23
51.402473,374.06
51.399735,374.24
51.396997,373.8
51.394259,373.89
51.391521,374.25
51.388783,374.05
51.386045,373.57
51.383307,373.51
51.377831,374.12
51.375094,373.8
51.372356,373
51.369618,374.05
51.364142,374.46
51.358666,374.08
51.355928,373.84
51.35319,373.93
51.350452,373.89
51.347714,373.99
51.339501,373.69
51.336763,373.76
51.334025,374.14
51.331287,372.51
51.328549,373.67
51.323073,373.58
51.320335,373.4
51.317597,373.62
51.31486,373.9
51.312122,373.41
51.309384,373.42
51.306646,373.87
51.303908,374.02
51.30117,373.98
51.298432,373.91
51.295694,373.51
51.292956,373.51
51.290218,373.66
51.28748,373.34
51.284743,373.1
51.282005,373.48
51.279267,374.07
51.276529,375.36
51.273791,373.79
51.271053,372.86
51.268315,372.6
51.265577,372.39
51.262839,372.67
51.260101,372.68
51.257363,372.5
51.254626,372.36
51.251888,372.09
51.24915,372.49
51.246412,373.04
51.240936,372.84
51.23546,371.07
51.232722,372.01
51.229984,372.72
51.227246,372.41
51.224509,372.55
51.221771,372.39
51.219033,372.47
51.216295,372.43
51.213557,372.79
51.210819,372.74
51.205343,372.52
51.202605,372.94
51.199867,372.85
51.197129,372.31
51.194392,372.1
51.191654,372.48
51.188916,372.35
51.186178,372.57
51.18344,372.44
51.180702,371.57
51.177964,372.05
51.175226,372.56
51.16975,373.07
51.167012,372.35
51.164275,371.84
51.161537,372.05
51.158799,371.11
51.156061,370.76
51.153323,370.9
51.150585,371.43
51.147847,371.59
51.145109,371.56
51.142371,371.16
51.139633,371.34
51.136895,371.63
51.134158,371.66
51.13142,372.47
51.128682,372.12
51.125944,372.05
51.123206,371.96
51.120468,371.55
51.11773,371.64
51.114992,371.53
51.112254,370.62
51.109516,370.52
51.106778,371.47
51.104041,371.98
51.101303,372.38
51.098565,372.08
51.095827,372.52
51.093089,371.02
51.090351,370.95
51.087613,371.2
51.084875,371.79
51.082137,371.77
51.079399,371.27
51.076661,371.55
51.073924,371.31
51.071186,372.18
51.068448,369.93
51.06571,369.95
51.062972,369.93
51.060234,370.22
51.057496,370.14
51.054758,370.11
51.05202,370.98
51.049282,370.65
51.046544,370.42
51.041069,370.33
51.038331,371.55
51.035593,371.09
51.032855,370.17
51.030117,370.25
51.027379,370.16
51.024641,370.11
51.021903,370.16
51.019165,370.13
51.016427,370.37
51.01369,370.04
51.010952,370.3
51.008214,370.82
51.005476,370.13
51.002738,369.79
51.002075,369.75
50.999337,369.78
50.996599,370.16
50.993861,369.64
50.991123,369.98
50.988385,369.9
50.985647,369.72
50.982909,369.83
50.980172,369.78
50.977434,369.77
50.974696,369.81
50.971958,369.51
50.96922,369.6
50.966482,369.48
50.963744,369.56
50.961006,369.5
50.958268,369.56
50.95553,369.49
50.952792,369.33
50.950055,369.66
50.947317,369.7
50.944579,370.39
50.941841,370.02
50.939103,370.05
50.936365,369.09
50.933627,369.12
50.930889,369.38
50.928151,369.52
50.925413,370.57
50.922675,368.99
50.9172,368.71
50.914462,368.82
50.911724,368.65
50.908986,368.69
50.906248,368.31
50.90351,368.52
50.900772,368.3
50.898034,368.34
50.892558,369.32
50.889821,369.86
50.887083,368.76
50.884345,368.59
50.881607,368.42
50.878869,369.16
50.876131,368.57
50.873393,368.85
50.870655,368.27
50.867917,368.29
50.865179,367.97
50.862441,368.23
50.859704,367.87
50.856966,367.98
50.854228,368.09
50.848752,367.96
50.846014,368.02
50.843276,368
50.840538,368.08
50.8378,367.72
50.835062,367.71
50.832324,367.76
50.829587,367.63
50.826849,367.6
50.824111,367.82
50.821373,367.64
50.818635,367.88
50.815897,366.76
50.813159,367.34
50.810421,367.25
50.807683,366.86
50.804945,367.34
50.802207,367.23
50.79947,366.37
50.796732,366.98
50.793994,366.62
50.791256,367.18
50.788518,367.02
50.78578,366.97
50.783042,367.1
50.780304,366.7
50.777566,366.67
50.774828,366.45
50.77209,366.23
50.769353,366.33
50.766615,366.61
50.763877,366.9
50.761139,366.78
50.758401,366.64
50.755663,366.56
50.752925,366.72
50.750187,366.7
50.747449,366.62
50.744711,367.12
50.741973,367.12
50.736498,366.47
50.73376,366.67
50.731022,366.77
50.728284,366.67
50.725546,366.66
50.722808,366.64
50.72007,366.4
50.717332,366.87
50.714594,367.16
50.711856,366.94
50.709118,367.04
50.706381,367.25
50.703643,367.74
50.700905,367.83
50.698167,367.24
50.695429,366.32
50.692691,366.97
50.689953,367.04
50.687215,366.6
50.681739,367.74
50.679001,367.37
50.676264,367.36
50.673526,367.52
50.670788,367.75
50.66805,367.57
50.665312,367.42
50.662574,367.05
50.659836,368.01
50.657098,367.55
50.65436,367.14
50.651622,367.87
50.648884,367.38
50.646147,367.26
50.643409,368.16
50.640671,367.74
50.637933,367.79
50.635195,368.09
50.632457,368.01
50.629719,367.12
50.626981,368.72
50.624243,368.47
50.621505,368.92
50.618767,368.45
50.61603,367.93
50.613292,367.67
50.610554,368.51
50.607816,368.97
50.605078,369.17
50.60234,368.49
50.599602,368.6
50.596864,368.35
50.594126,368.67
50.591388,369.08
50.58865,369.19
50.585913,369.34
50.583175,369.02
50.580437,368.89
50.577699,368.87
50.574961,368.93
50.572223,369.07
50.569485,369.62
50.564009,369.13
50.561271,369.89
50.558533,369.79
50.555796,369.82
50.553058,370.2
50.55032,369.98
50.547582,370.03
50.544844,370.01
50.542106,370.11
50.539368,370.03
50.53663,370.21
50.533892,370.29
50.531154,370.36
50.528416,370.03
50.525679,370.25
50.522941,369.91
50.520203,370.44
50.517465,369.81
50.514727,370.31
50.511989,369.9
50.509251,370.12
50.503775,370.76
50.501037,371.06
50.498299,371.04
50.495562,371.28
50.492824,371.13
50.490086,371.26
50.487348,371.32
50.48461,371.63
50.481872,371.65
50.476396,371.57
50.473658,371.66
50.47092,371.76
50.468182,372.01
50.465445,372.09
50.462707,371.88
50.459969,371.67
50.457231,371.71
50.454493,371.89
50.451755,371.59
50.449017,371.81
50.446279,371.12
50.443541,372
50.440803,371.88
50.438065,371.66
50.435328,371.63
50.43259,372.07
50.429852,372.26
50.427114,372.61
50.424376,371.86
50.421638,372
50.4189,372.1
50.416162,372.14
50.413424,372.27
50.410686,372.25
50.407948,371.27
50.405211,371.59
50.402473,372.03
50.399735,371.75
50.396997,372.27
50.394259,372.29
50.391521,372.24
50.388783,372.37
50.386045,371.98
50.383307,371.32
50.380569,371.44
50.377831,371.49
50.375094,371.38
50.372356,371.56
50.369618,371.36
50.36688,371.4
50.364142,371.77
50.361404,372.12
50.358666,371.94
50.355928,371.82
50.35319,371.78
50.350452,372.2
50.347714,370.92
50.344977,370.76
50.342239,370.8
50.339501,370.6
50.336763,370.67
50.334025,370.9
50.331287,371.69
50.325811,371.82
50.323073,371.97
50.320335,371.94
50.317597,371.93
50.31486,371.87
50.312122,371.98
50.309384,371.85
50.306646,372.02
50.303908,373.34
50.30117,373.03
50.298432,372.12
50.295694,372.25
50.292956,372.41
50.290218,373.11
50.28748,371.48
50.284743,372.06
50.282005,371.49
50.276529,371.61
50.273791,372.28
50.271053,371.52
50.268315,371.13
50.265577,371.74
50.262839,370.21
50.260101,370.72
50.257363,371.48
50.254626,370.65
50.251888,371.91
50.24915,371.01
50.246412,370.74
50.243674,370.79
50.240936,371.18
50.238198,371.22
50.23546,371.07
50.232722,370.6
50.229984,370.94
50.227246,370.71
50.221771,370.85
50.219033,371.03
50.216295,371.47
50.213557,371.29
50.210819,370.82
50.208081,370.77
50.205343,370.87
50.202605,370.03
50.199867,370.44
50.197129,370.28
50.194392,370.64
50.191654,369.67
50.188916,369.58
50.186178,369.86
50.18344,369.64
50.180702,369.84
50.177964,371.29
50.175226,370.66
50.172488,370.8
50.16975,369.95
50.167012,369.74
50.164275,369.83
50.161537,369.5
50.158799,370.27
50.156061,369.84
50.153323,370.24
50.150585,369.01
50.147847,368.9
50.145109,369.01
50.142371,369.14
50.139633,369.03
50.136895,370.76
50.134158,369.78
50.13142,369.51
50.128682,369.63
50.125944,369.82
50.123206,369.82
50.120468,369.79
50.11773,369.93
50.112254,369.52
50.109516,369.48
50.104041,369.43
50.101303,369.38
50.098565,369.15
50.095827,369.39
50.093089,369.33
50.090351,369.38
50.087613,369.42
50.084875,368.98
50.082137,369.34
50.079399,369.75
50.076661,370.63
50.073924,370.59
50.071186,369.62
50.068448,369.63
50.06571,369.57
50.062972,369.87
50.060234,370.65
50.057496,369.83
50.054758,369.63
50.05202,369.49
50.049282,369.85
50.046544,369.86
50.043807,370.02
50.041069,368.82
50.038331,368.84
50.035593,369.14
50.032855,368.71
50.030117,368.96
50.027379,368.8
50.024641,368.83
50.021903,369
50.019165,368.64
50.016427,368.46
50.01369,368.66
50.010952,368.82
50.008214,368.75
50.005476,368.82
50.002738,368.84
49.999337,368.98
49.996599,369.06
49.993861,368.76
49.991123,368.79
49.988385,368.61
49.985647,367.97
49.982909,367.88
49.980172,368.38
49.977434,368.48
49.974696,368.37
49.971958,368.41
49.96922,367.92
49.966482,368.05
49.963744,368.03
49.961006,367.72
49.958268,367.73
49.95553,367.79
49.952792,367.69
49.950055,368.14
49.947317,368.28
49.944579,368.01
49.941841,368.26
49.939103,368.18
49.936365,367.75
49.933627,367.67
49.930889,367.93
49.928151,367.31
49.925413,367.32
49.922675,367.53
49.919938,367.45
49.9172,367.93
49.914462,367.41
49.911724,367.44
49.908986,367.11
49.906248,367.16
49.90351,366.99
49.900772,367.48
49.898034,366.75
49.895296,366.88
49.892558,367.04
49.889821,367.29
49.887083,367.01
49.884345,366.26
49.881607,367.01
49.878869,366.64
49.876131,366.58
49.873393,367.01
49.870655,366.55
49.867917,366.66
49.865179,367.15
49.862441,366.9
49.859704,366.27
49.856966,366.6
49.854228,366.79
49.85149,366.17
49.848752,366.1
49.846014,365.91
49.843276,366.26
49.840538,366.01
49.8378,365.91
49.835062,365.78
49.832324,365.88
49.829587,365.91
49.826849,365.8
49.824111,365.72
49.821373,365.36
49.818635,365.26
49.815897,365.48
49.813159,366
49.810421,365.96
49.807683,365.8
49.804945,365.68
49.802207,366
49.79947,365.08
49.796732,365.54
49.793994,365.13
49.791256,364.97
49.788518,365.13
49.78578,365.08
49.783042,365.3
49.780304,365.58
49.777566,365.3
49.774828,364.94
49.77209,365.39
49.769353,365.3
49.766615,365.32
49.763877,365.57
49.761139,365.01
49.758401,364.79
49.755663,364.66
49.752925,364.82
49.750187,364.62
49.747449,364.7
49.744711,364.58
49.741973,364.75
49.739235,364.74
49.736498,364.5
49.73376,364.67
49.731022,364.68
49.728284,364.82
49.725546,365.47
49.722808,365.02
49.72007,365.24
49.717332,365.45
49.714594,365.62
49.711856,365.17
49.709118,364.8
49.703643,365.17
49.700905,364.76
49.698167,365.45
49.695429,364.72
49.692691,364.65
49.689953,364.39
49.687215,364.35
49.684477,363.76
49.681739,363.33
49.679001,364.29
49.676264,363.44
49.673526,363.22
49.670788,365.67
49.66805,366.32
49.665312,365.86
49.662574,366.54
49.651622,366.97
49.648884,366.03
49.646147,365.68
49.643409,366.26
49.640671,366.39
49.637933,366.48
49.635195,366.53
49.632457,366.38
49.629719,366.76
49.626981,366.91
49.624243,366.39
49.621505,366.74
49.618767,366.97
49.61603,366.96
49.613292,367.45
49.610554,367.56
49.607816,367.63
49.605078,367.54
49.599602,368.22
49.596864,367.65
49.594126,367.34
49.591388,367.63
49.58865,367.66
49.585913,366.95
49.577699,367.29
49.574961,368.11
49.572223,368.9
49.569485,368.25
49.566747,368.25
49.564009,368.8
49.561271,368.83
49.558533,369.03
49.555796,368.66
49.553058,368.8
49.55032,369.38
49.547582,369.03
49.544844,369.88
49.542106,369.39
49.539368,370.93
49.53663,369.37
49.533892,369.82
49.531154,370.72
49.528416,370.54
49.525679,370.14
49.522941,370.52
49.520203,370.42
49.517465,370.65
49.514727,370.02
49.511989,370.39
49.509251,369.33
49.506513,368.99
49.503775,369.03
49.501037,369.17
49.495562,369.89
49.492824,370.02
49.490086,370.09
49.487348,370.04
49.48461,370
49.481872,369.97
49.479134,369.95
49.476396,369.93
49.473658,369.26
49.468182,370.27
49.465445,370.11
49.462707,370.3
49.459969,370.39
49.457231,370.08
49.454493,370.74
49.451755,371.1
49.449017,370.18
49.446279,369.87
49.443541,369.84
49.440803,371.03
49.438065,369.55
49.435328,369.63
49.43259,371.32
49.429852,370.7
49.427114,370.49
49.424376,371.03
49.421638,371.02
49.4189,370.69
49.416162,370.75
49.413424,370.82
49.410686,370.19
49.407948,370.36
49.405211,370.41
49.402473,372.08
49.399735,370.08
49.396997,371.45
49.394259,371.5
49.391521,369.95
49.388783,370.36
49.383307,370.14
49.380569,369.82
49.375094,371.34
49.372356,371.22
49.369618,371.03
49.36688,370.79
49.364142,370.83
49.361404,371.24
49.358666,371.13
49.355928,371.19
49.35319,371.31
49.350452,371.6
49.347714,371.42
49.344977,371.51
49.342239,371.7
49.339501,371.53
49.336763,371.38
49.328549,370.44
49.325811,370.08
49.323073,370.29
49.320335,370.66
49.317597,371.14
49.31486,370.97
49.312122,370.65
49.309384,369.26
49.306646,369.41
49.303908,369.96
49.30117,370.92
49.298432,370.65
49.295694,371.18
49.292956,371.7
49.290218,371.12
49.28748,371.19
49.284743,371.36
49.282005,371.28
49.279267,371.77
49.276529,372.12
49.273791,372.23
49.271053,371.65
49.268315,371.78
49.265577,371.27
49.262839,371.43
49.260101,372.02
49.254626,370.97
49.251888,370.73
49.24915,370.82
49.246412,370.85
49.243674,370.1
49.240936,369.41
49.238198,371.76
49.23546,371.5
49.232722,370.13
49.229984,370.15
49.227246,370.29
49.224509,370.74
49.219033,371.98
49.216295,370.29
49.213557,369.17
49.210819,369.79
49.208081,370.14
49.205343,371.5
49.199867,369.15
49.197129,370.4
49.194392,370.57
49.191654,368.82
49.188916,368.63
49.186178,369.48
49.18344,368.45
49.180702,368.3
49.177964,368.05
49.175226,367.52
49.172488,366.87
49.16975,368.23
49.167012,368.33
49.161537,369.01
49.158799,368.63
49.156061,368.58
49.153323,368.53
49.150585,368.76
49.147847,369.76
49.145109,369.74
49.142371,369.13
49.139633,368.38
49.136895,367.79
49.134158,368.09
49.13142,368.47
49.128682,368.44
49.125944,368.44
49.123206,369.55
49.120468,369.37
49.11773,368.48
49.114992,368.82
49.112254,369.15
49.109516,369.77
49.106778,369.26
49.104041,368.95
49.101303,368.78
49.098565,368.96
49.095827,369.3
49.093089,369.37
49.090351,369.93
49.087613,369.28
49.084875,369.19
49.082137,369.26
49.079399,369.12
49.076661,369.16
49.073924,369.23
49.071186,369.75
49.068448,369.06
49.06571,368.19
49.062972,367.95
49.060234,367.84
49.057496,367.78
49.054758,367.72
49.05202,367.61
49.046544,367.79
49.043807,367.92
49.041069,367.92
49.038331,367.95
49.035593,367.82
49.032855,367.94
49.030117,368.3
49.027379,368.87
49.024641,367.64
49.021903,367.68
49.019165,367.69
49.016427,367.72
49.01369,367.95
49.010952,368.21
49.008214,367.71
49.005476,367.79
49.002738,367.44
48.999337,367.33
48.996599,367.43
48.993861,367.64
48.991123,367.96
48.988385,367.79
48.985647,367.24
48.982909,367.34
48.980172,367.41
48.977434,367.32
48.974696,366.79
48.971958,367.12
48.96922,367.71
48.966482,367.51
48.963744,367.56
48.961006,367.93
48.958268,366.76
48.95553,367.23
48.952792,366.79
48.950055,366.7
48.947317,366.84
48.944579,367.05
48.941841,367.05
48.939103,366.48
48.936365,366.58
48.933627,366.44
48.922675,367.49
48.919938,367.01
48.9172,366.41
48.914462,365.87
48.911724,366.18
48.908986,366.01
48.906248,365.95
48.90351,365.45
48.900772,365.81
48.898034,365.58
48.895296,365.78
48.892558,365.94
48.889821,366.16
48.887083,365.61
48.884345,366.07
48.881607,365.82
48.878869,365.87
48.876131,365.23
48.873393,365.26
48.870655,365.7
48.867917,365.45
48.865179,365.46
48.862441,365.58
48.859704,365.46
48.856966,365.3
48.854228,365.14
48.85149,365.08
48.848752,364.99
48.846014,365.02
48.843276,364.89
48.840538,364.76
48.8378,365.07
48.835062,364.75
48.832324,364.68
48.829587,364.64
48.826849,364.78
48.824111,365.08
48.821373,365.44
48.818635,364.43
48.815897,364.5
48.813159,364.67
48.810421,364.62
48.807683,364.7
48.804945,364.2
48.802207,364.56
48.79947,364.44
48.793994,364.55
48.791256,364.3
48.788518,364.31
48.78578,364.25
48.783042,364.2
48.780304,364.36
48.777566,364.12
48.774828,364.5
48.77209,363.88
48.769353,363.84
48.766615,363.97
48.763877,364.18
48.761139,363.99
48.758401,364.32
48.755663,364.69
48.752925,363.99
48.750187,363.71
48.747449,364.07
48.744711,363.94
48.741973,363.69
48.739235,363.94
48.736498,363.78
48.73376,363.65
48.731022,363.73
48.728284,363.28
48.725546,363.34
48.722808,363.49
48.72007,363.32
48.717332,363.42
48.714594,363.68
48.711856,364.03
48.709118,363.74
48.703643,363.68
48.700905,363.35
48.698167,363.08
48.695429,364.69
48.692691,364
48.689953,364.64
48.687215,364.95
48.684477,364.36
48.681739,364.49
48.679001,364.77
48.676264,365.15
48.673526,364.77
48.670788,364.62
48.66805,364.95
48.665312,364.2
48.662574,364.17
48.659836,364.77
48.657098,365.37
48.65436,365.67
48.651622,365.56
48.648884,365.5
48.646147,365.32
48.643409,365.22
48.640671,365.6
48.637933,365.8
48.635195,365.78
48.632457,365.4
48.629719,365.3
48.626981,365.34
48.624243,365.58
48.621505,366.21
48.618767,366.15
48.61603,366.29
48.613292,366.19
48.610554,366.48
48.607816,366.31
48.605078,365.98
48.60234,366.51
48.599602,366.72
48.596864,366.75
48.594126,366.94
48.591388,367.04
48.58865,367.11
48.585913,367.22
48.583175,367.2
48.580437,367.31
48.577699,367.42
48.574961,367.09
48.572223,367.29
48.566747,366.49
48.564009,367.23
48.561271,367.92
48.558533,367.56
48.555796,368.01
48.553058,367.71
48.55032,368.18
48.547582,368.35
48.544844,367.66
48.53663,366.45
48.533892,367.89
48.531154,367.49
48.528416,369.17
48.525679,369.28
48.522941,367.94
48.520203,367.95
48.517465,367.72
48.514727,367.64
48.511989,369.23
48.509251,367.67
48.506513,367.79
48.503775,367.62
48.501037,368
48.498299,368.2
48.495562,368.43
48.492824,368.47
48.490086,368.4
48.487348,368.47
48.48461,368.71
48.481872,368.65
48.479134,368.93
48.476396,368.84
48.473658,368.86
48.47092,368.77
48.468182,368.49
48.465445,368.46
48.459969,368.84
48.457231,369.25
48.454493,368.79
48.451755,368.95
48.449017,369.37
48.446279,368.68
48.443541,369.08
48.440803,369.68
48.438065,369.12
48.435328,368.94
48.43259,369.08
48.429852,369.55
48.427114,369.43
48.424376,369.32
48.421638,369.83
48.416162,369.72
48.413424,369.8
48.410686,369.88
48.407948,370.05
48.405211,370.16
48.402473,370.03
48.399735,369.9
48.396997,370.06
48.394259,369.53
48.391521,369.68
48.388783,369.7
48.383307,370.63
48.380569,369.72
48.377831,368.66
48.375094,369.11
48.372356,369.17
48.369618,368.15
48.36688,368.14
48.364142,368.45
48.361404,368.23
48.358666,367.48
48.355928,368.62
48.35319,368.62
48.350452,369.77
48.347714,369.82
48.344977,369.98
48.342239,369.82
48.339501,369.97
48.336763,370.08
48.334025,369.56
48.331287,369.91
48.328549,369.45
48.325811,370.22
48.323073,370.04
48.320335,368.81
48.317597,368.88
48.31486,368.75
48.312122,368.68
48.309384,368.69
48.306646,368.54
48.303908,368.52
48.30117,367.49
48.298432,367.79
48.295694,367.78
48.292956,368.3
48.290218,368.53
48.28748,368.62
48.284743,368.56
48.282005,368.68
48.279267,368.68
48.276529,368.98
48.273791,368.58
48.271053,368.26
48.268315,367.92
48.265577,367.97
48.262839,367.99
48.260101,368.67
48.257363,369.75
48.254626,368.63
48.251888,368.78
48.24915,368.79
48.246412,369
48.243674,368.56
48.240936,368.16
48.238198,367.59
48.23546,367.74
48.232722,369.07
48.229984,368.53
48.227246,367.63
48.224509,367.05
48.221771,366.79
48.219033,366.09
48.216295,367.25
48.213557,367.65
48.210819,367.28
48.208081,366.33
48.205343,366.11
48.202605,367.1
48.199867,366.78
48.197129,366.14
48.194392,366.37
48.191654,366.38
48.188916,366.33
48.186178,366.38
48.18344,368.26
48.180702,365.7
48.177964,366.62
48.175226,366.98
48.172488,367.57
48.16975,366.87
48.167012,368.55
48.164275,367.44
48.161537,366.44
48.158799,366.31
48.156061,366.69
48.153323,367.14
48.150585,366.65
48.147847,367.62
48.145109,365.83
48.142371,366.36
48.139633,366.55
48.136895,365.6
48.134158,365.37
48.13142,365.48
48.128682,365.35
48.125944,365.01
48.123206,365.36
48.120468,365.34
48.11773,365.55
48.114992,365.54
48.112254,366.59
48.109516,365.42
48.106778,365.52
48.104041,365.72
48.101303,366.32
48.098565,366.93
48.095827,366.37
48.093089,365.83
48.090351,365.81
48.087613,364.78
48.084875,364.94
48.082137,366.1
48.079399,364.99
48.076661,365.02
48.073924,365.09
48.071186,366.17
48.068448,365.34
48.06571,365.2
48.062972,365.09
48.060234,365.3
48.057496,364.74
48.054758,365.17
48.05202,365.3
48.049282,365.08
48.046544,365.41
48.043807,365.27
48.041069,365.24
48.038331,364.84
48.035593,365
48.032855,365.46
48.030117,365.95
48.027379,365
48.024641,364.68
48.021903,364.92
48.019165,365.97
48.016427,366.14
48.01369,365.04
48.010952,365.41
48.008214,364.86
48.005476,365.25
48.002738,365.21
47.999337,365.59
47.996599,364.57
47.993861,364.95
47.991123,364.75
47.988385,365.04
47.985647,365.43
47.982909,365.49
47.980172,364.25
47.977434,364.42
47.974696,364.33
47.971958,364.29
47.96922,364.22
47.966482,364.12
47.963744,364.31
47.961006,364.27
47.958268,364.31
47.95553,364.74
47.950055,364.47
47.947317,363.96
47.944579,364.18
47.941841,363.91
47.939103,363.98
47.936365,363.82
47.933627,363.95
47.930889,363.76
47.928151,363.64
47.925413,364.29
47.922675,364.79
47.919938,364.19
47.9172,363.39
47.914462,363.59
47.911724,364.09
47.908986,362.95
47.906248,362.9
47.90351,363.27
47.900772,363.47
47.898034,363.21
47.895296,362.99
47.892558,362.98
47.889821,363.2
47.887083,362.4
47.884345,362.41
47.881607,362.48
47.878869,362.01
47.876131,362.19
47.873393,362.09
47.870655,361.87
47.867917,362.14
47.865179,362.33
47.862441,362.32
47.859704,362.11
47.856966,362.12
47.854228,362.47
47.85149,362.16
47.848752,362.11
47.846014,361.95
47.843276,362.1
47.840538,362.02
47.8378,361.57
47.835062,361.31
47.832324,361.75
47.829587,361.71
47.824111,361.07
47.821373,361
47.818635,360.93
47.815897,361.13
47.813159,361.01
47.810421,361.19
47.807683,361.21
47.804945,361.11
47.802207,360.76
47.79947,360.74
47.796732,361.79
47.793994,360.63
47.791256,360.61
47.788518,360.57
47.78578,360.47
47.783042,360.43
47.780304,360.54
47.777566,360.47
47.774828,360.69
47.766615,360.55
47.763877,360.91
47.761139,360.05
47.758401,360.27
47.755663,360.1
47.752925,360.88
47.750187,360.18
47.747449,358.91
47.744711,359.18
47.741973,359.7
47.739235,359.76
47.736498,359.51
47.73376,360.09
47.731022,360.15
47.728284,360.19
47.722808,359.85
47.72007,359.71
47.717332,359.68
47.714594,360.51
47.711856,360.78
47.709118,361.13
47.706381,360.46
47.703643,360.03
47.700905,360.39
47.698167,360.34
47.695429,359.6
47.692691,359.77
47.689953,359.83
47.687215,359.53
47.684477,361.09
47.681739,360.82
47.679001,360.68
47.676264,361.91
47.673526,361.88
47.670788,361.91
47.66805,362.11
47.662574,361.1
47.659836,360.97
47.657098,361.19
47.65436,362.56
47.651622,361.2
47.648884,362.59
47.646147,361.2
47.643409,361.16
47.640671,361.26
47.637933,361.06
47.635195,363.22
47.632457,363.14
47.626981,361.27
47.624243,362.33
47.621505,363.01
47.618767,361.67
47.61603,362.13
47.610554,363.32
47.607816,363.33
47.605078,363.33
47.60234,363.35
47.599602,363.34
47.596864,363.18
47.594126,362.72
47.58865,363.23
47.585913,363.26
47.583175,363.16
47.580437,363.33
47.577699,363.36
47.572223,364.06
47.569485,364.07
47.566747,364.07
47.564009,363.59
47.558533,363.7
47.555796,363.79
47.553058,363.94
47.55032,362.54
47.547582,364.33
47.544844,364.41
47.542106,364.37
47.539368,364.21
47.53663,364.14
47.533892,364.84
47.531154,364.73
47.528416,364.85
47.525679,364.82
47.522941,364.73
47.520203,364.69
47.517465,365.31
47.511989,364.15
47.509251,364.47
47.506513,364.94
47.503775,364.94
47.501037,365.4
47.498299,365.55
47.495562,365.17
47.492824,365.23
47.490086,365.21
47.487348,365.19
47.48461,365.05
47.481872,365.16
47.479134,365.31
47.476396,365.3
47.473658,365.31
47.47092,365.61
47.468182,365.41
47.465445,364.9
47.462707,365
47.459969,365.7
47.457231,365.28
47.454493,365.57
47.451755,365.71
47.449017,365.99
47.446279,365.79
47.443541,365.66
47.440803,365.73
47.438065,365.65
47.435328,365.38
47.43259,366.35
47.429852,365.74
47.427114,365.74
47.424376,366.45
47.421638,366.06
47.413424,366.39
47.410686,366.75
47.407948,366.29
47.405211,366.49
47.402473,366.29
47.396997,365.29
47.394259,366.72
47.391521,367.06
47.388783,367.12
47.386045,367.37
47.383307,366.73
47.380569,366.79
47.377831,367.29
47.375094,367.26
47.372356,366.65
47.369618,366.78
47.36688,366.83
47.364142,366.67
47.361404,366.59
47.358666,366.98
47.355928,366.22
47.35319,366.76
47.350452,366.95
47.347714,366.64
47.344977,367.18
47.342239,365.85
47.339501,365.73
47.336763,366.17
47.334025,366.01
47.331287,367.11
47.328549,367.05
47.325811,366.3
47.323073,366.49
47.320335,367.16
47.317597,366.49
47.31486,366.87
47.306646,366.74
47.298432,368.02
47.295694,367.03
47.292956,365.8
47.290218,366.08
47.28748,366.2
47.284743,366.25
47.282005,366.11
47.279267,365.78
47.276529,365.7
47.273791,365.84
47.271053,366.25
47.268315,365.99
47.260101,365.85
47.257363,365.91
47.254626,366.04
47.251888,365.67
47.24915,365.47
47.246412,365.75
47.243674,365.21
47.240936,365.63
47.238198,365.42
47.23546,365.55
47.232722,365.73
47.229984,364.9
47.227246,364.39
47.224509,364.71
47.221771,364.75
47.219033,364.65
47.216295,366.05
47.213557,364.66
47.210819,364.25
47.208081,364.01
47.205343,364.07
47.202605,364.02
47.199867,364.1
47.197129,364.27
47.194392,364.24
47.191654,364.55
47.188916,364.16
47.186178,363.77
47.18344,364
47.180702,363.87
47.177964,364.21
47.175226,363.67
47.172488,363.78
47.16975,363.64
47.167012,363.93
47.164275,363.77
47.161537,364.47
47.158799,364.95
47.156061,365.81
47.153323,365.18
47.147847,364.27
47.145109,364.3
47.142371,363.24
47.139633,363.27
47.136895,363.68
47.134158,363.42
47.13142,363.58
47.128682,364.01
47.125944,364.25
47.123206,364.09
47.120468,364.05
47.11773,364.27
47.114992,364.46
47.112254,364.54
47.109516,364.4
47.106778,364.24
47.104041,363.71
47.101303,363.41
47.098565,362.91
47.095827,363.35
47.093089,363.68
47.090351,363.59
47.087613,363.49
47.084875,363.01
47.082137,363.14
47.079399,363.36
47.076661,363.23
47.073924,362.92
47.071186,363.23
47.068448,363.14
47.06571,364.12
47.062972,364.46
47.060234,363.15
47.057496,363.11
47.054758,363.03
47.05202,363.47
47.049282,363.72
47.046544,362.74
47.043807,362.61
47.041069,363
47.038331,363.15
47.035593,362.62
47.032855,362.96
47.030117,362.96
47.027379,362.5
47.024641,362.9
47.021903,363.72
47.019165,362.97
47.016427,362.87
47.01369,362.82
47.010952,362.67
47.008214,362.86
47.005476,362.62
47.002738,362.68
47.002075,362.78
46.999337,363.12
46.996599,362.62
46.993861,362.44
46.991123,362.31
46.988385,362.23
46.985647,362.28
46.982909,362.2
46.980172,362.45
46.977434,362.34
46.974696,362.36
46.971958,362.34
46.96922,362.2
46.966482,362.82
46.963744,363.35
46.961006,362.14
46.958268,362.17
46.95553,362.11
46.952792,361.93
46.950055,361.91
46.947317,362.27
46.944579,361.91
46.941841,362.48
46.939103,362.98
46.933627,361.79
46.930889,361.79
46.928151,361.77
46.925413,361.55
46.922675,361.65
46.919938,361.35
46.9172,361.5
46.914462,361.23
46.911724,361.46
46.908986,361.02
46.906248,360.99
46.90351,361.15
46.900772,361.39
46.898034,361.12
46.895296,361.28
46.892558,361.58
46.889821,361.6
46.887083,362
46.884345,361.08
46.881607,360.93
46.878869,360.9
46.876131,360.88
46.873393,360.83
46.870655,360.87
46.867917,361.05
46.865179,360.79
46.862441,360.66
46.859704,360.57
46.856966,360.51
46.85149,359.97
46.848752,360.18
46.846014,360.2
46.843276,360.17
46.840538,360.08
46.8378,360.22
46.835062,359.72
46.832324,359.67
46.829587,359.83
46.826849,360.28
46.824111,360.08
46.821373,359.63
46.818635,359.58
46.815897,359.4
46.813159,359.28
46.810421,359.41
46.807683,359.65
46.804945,359.67
46.802207,359.81
46.79947,359.68
46.796732,359.67
46.793994,359.64
46.791256,359.96
46.788518,360.2
46.78578,359.33
46.783042,359.34
46.780304,359.24
46.777566,359.37
46.774828,359.74
46.77209,360.01
46.769353,359.25
46.766615,359.14
46.763877,359.09
46.761139,359.64
46.755663,359.24
46.752925,359.13
46.741973,358.48
46.739235,359.06
46.736498,359.51
46.73376,359.58
46.731022,359.31
46.728284,359.4
46.725546,359.15
46.722808,358.81
46.72007,358.83
46.717332,358.55
46.714594,357.67
46.709118,361.07
46.706381,358.5
46.703643,360.59
46.700905,360.55
46.698167,360.22
46.695429,359.82
46.692691,359.85
46.689953,360.07
46.687215,358.55
46.684477,360.62
46.681739,360.06
46.676264,359.88
46.673526,360.51
46.670788,360.89
46.66805,361.07
46.665312,360.8
46.662574,361.13
46.659836,360.97
46.657098,360.24
46.651622,360.98
46.648884,360.97
46.646147,361.15
46.643409,361.08
46.640671,360.83
46.637933,360.85
46.635195,361.07
46.632457,361.1
46.629719,361.6
46.626981,361.88
46.624243,360.81
46.621505,361.89
46.618767,361.39
46.61603,362.19
46.613292,361.86
46.610554,362.11
46.607816,362.31
46.605078,362.62
46.60234,362.26
46.599602,361.59
46.596864,361.62
46.594126,361.68
46.591388,360.4
46.58865,361.3
46.585913,362.24
46.583175,362.24
46.580437,362.65
46.577699,362.69
46.574961,362.77
46.572223,362.7
46.569485,363.21
46.566747,363.19
46.564009,363.03
46.561271,363.35
46.558533,363.5
46.555796,362.84
46.553058,363.51
46.55032,363.47
46.547582,363.73
46.544844,363.74
46.542106,363.67
46.539368,363.53
46.53663,362.88
46.533892,363.83
46.531154,363.93
46.528416,364.04
46.525679,363.75
46.522941,363.55
46.520203,363.71
46.517465,363.9
46.514727,364.28
46.511989,364.84
46.509251,364.97
46.506513,364.25
46.503775,364.2
46.501037,364.05
46.498299,364.34
46.495562,364.44
46.492824,364.08
46.490086,364.19
46.487348,364.4
46.48461,364.23
46.481872,365.09
46.479134,365.1
46.476396,364.48
46.473658,365.21
46.47092,365.26
46.468182,365.36
46.465445,365.27
46.462707,365.29
46.459969,364.64
46.457231,364.74
46.454493,365.04
46.451755,365.02
46.449017,365.18
46.446279,365.46
46.443541,365.55
46.440803,366
46.438065,364.91
46.435328,364.91
46.43259,365.4
46.429852,365.14
46.427114,364.81
46.424376,364.79
46.421638,364.8
46.4189,364.57
46.416162,364.63
46.413424,365.06
46.410686,364.9
46.407948,365.58
46.405211,365.54
46.402473,365.02
46.399735,365.28
46.396997,364.83
46.394259,365.19
46.391521,365.95
46.388783,365.89
46.386045,364.71
46.383307,365.1
46.380569,365.64
46.377831,365.88
46.375094,365.58
46.372356,365.43
46.369618,364.66
46.36688,364.57
46.364142,365.63
46.361404,365.81
46.358666,365.59
46.355928,364.1
46.35319,364.04
46.350452,364.17
46.347714,363.71
46.344977,365.41
46.342239,364.86
46.339501,364.9
46.336763,364.97
46.334025,365.68
46.331287,364.6
46.328549,364.83
46.325811,365.29
46.323073,365.13
46.320335,365.16
46.317597,364.65
46.31486,364.2
46.312122,364.62
46.309384,364.19
46.306646,363.89
46.303908,364.69
46.30117,364.31
46.298432,364.49
46.295694,364.54
46.292956,365.01
46.290218,365.46
46.28748,364.43
46.284743,364.71
46.282005,365.02
46.279267,364.93
46.276529,364.14
46.273791,362.51
46.271053,365.34
46.268315,365.64
46.265577,364.53
46.262839,364.54
46.257363,363.92
46.254626,364.12
46.251888,364.14
46.246412,365.28
46.243674,364.02
46.240936,363.82
46.238198,364.12
46.23546,364.89
46.232722,364.09
46.229984,365.21
46.227246,365.21
46.224509,365.14
46.221771,364.59
46.216295,363.64
46.213557,363.69
46.208081,365.09
46.205343,363.14
46.202605,364.13
46.199867,363.4
46.197129,363.69
46.194392,363.61
46.191654,362.77
46.188916,363.42
46.186178,363.9
46.18344,364.85
46.180702,364.07
46.177964,364.62
46.175226,363.66
46.16975,364.86
46.167012,363.56
46.164275,363
46.161537,363.28
46.158799,364.22
46.156061,364.19
46.153323,364.38
46.150585,364.37
46.147847,364.24
46.145109,363.46
46.142371,362.96
46.139633,363.67
46.136895,363.48
46.134158,362.8
46.13142,363.09
46.128682,362.65
46.125944,362.61
46.123206,362.61
46.120468,362.62
46.11773,363.15
46.114992,364.48
46.112254,362.84
46.109516,363.13
46.106778,363.12
46.104041,363.41
46.101303,362.95
46.098565,363.08
46.095827,362.09
46.093089,362.32
46.090351,363.01
46.087613,363.01
46.084875,362.19
46.082137,362.19
46.079399,362.13
46.076661,362.19
46.073924,362.21
46.071186,362.18
46.068448,362.25
46.06571,362.19
46.062972,362.44
46.060234,362.32
46.057496,361.98
46.054758,361.87
46.05202,362.02
46.049282,362.03
46.046544,362
46.043807,361.87
46.041069,361.78
46.038331,361.82
46.035593,362.31
46.032855,362.44
46.030117,361.96
46.027379,362.28
46.024641,362.93
46.021903,361.88
46.019165,361.51
46.016427,361.62
46.01369,361.4
46.010952,361.66
46.008214,361.9
46.005476,362.29
46.002738,362.45
45.999337,361.55
45.996599,361.77
45.993861,361.49
45.991123,362.24
45.988385,361.73
45.985647,361.07
45.982909,360.69
45.980172,360.79
45.977434,360.69
45.974696,360.64
45.971958,361.31
45.96922,360.53
45.966482,360.29
45.963744,360.32
45.961006,360.58
45.958268,361.62
45.95553,360.44
45.952792,360.3
45.950055,360.34
45.947317,360.3
45.944579,360.41
45.941841,360.45
45.939103,360.31
45.936365,360.28
45.933627,360.15
45.930889,360.47
45.928151,360.28
45.925413,360.07
45.922675,359.94
45.919938,359.88
45.9172,359.89
45.914462,359.98
45.911724,359.85
45.908986,359.74
45.906248,359.81
45.90351,359.67
45.900772,359.57
45.898034,359.73
45.895296,359.85
45.892558,360.04
45.889821,360.04
45.887083,359.94
45.884345,359.43
45.881607,359.49
45.878869,359.74
45.876131,359.11
45.870655,360.25
45.867917,359.15
45.865179,359.19
45.862441,359.28
45.859704,359.32
45.856966,358.79
45.854228,359.29
45.85149,359.06
45.848752,358.95
45.846014,358.88
45.843276,359.1
45.840538,359.08
45.8378,359.02
45.835062,358.5
45.829587,358.6
45.826849,358.69
45.824111,358.42
45.821373,358.27
45.818635,358.37
45.815897,358.14
45.813159,358.07
45.810421,358.14
45.807683,358.18
45.804945,358.35
45.802207,358.65
45.79947,358.19
45.796732,357.8
45.793994,357.71
45.791256,357.58
45.788518,357.67
45.78578,357.39
45.783042,357.71
45.780304,357.85
45.777566,357.18
45.774828,358.44
45.77209,357.61
45.769353,357.88
45.766615,357.66
45.763877,357.66
45.761139,357.6
45.758401,358.02
45.755663,357.73
45.752925,357.77
45.750187,357.99
45.747449,357.89
45.744711,357.43
45.741973,357.37
45.739235,357.05
45.736498,357.23
45.73376,358.18
45.731022,358.01
45.728284,358.71
45.725546,358.82
45.722808,358.68
45.72007,358.81
45.717332,357.99
45.714594,358.82
45.709118,358.91
45.706381,358.5
45.703643,358.62
45.700905,358.54
45.698167,358.65
45.695429,358.55
45.692691,358.23
45.689953,358.45
45.687215,358.83
45.684477,358.45
45.681739,358.45
45.679001,357.69
45.676264,357.52
45.670788,356.89
45.66805,356.65
45.665312,356
45.662574,357.08
45.659836,359.39
45.657098,359.47
45.65436,359.38
45.651622,359.54
45.648884,358.68
45.646147,357.71
45.640671,358.52
45.637933,359.11
45.635195,358.4
45.632457,357.98
45.629719,358.79
45.624243,357.86
45.621505,359.26
45.618767,358.99
45.61603,359.05
45.610554,359.29
45.607816,359.27
45.605078,359.21
45.60234,360.24
45.599602,360.31
45.596864,360.26
45.594126,360.44
45.591388,359.7
45.58865,358.67
45.585913,360.55
45.583175,360.59
45.580437,360.7
45.577699,359.91
45.574961,359.99
45.572223,361.2
45.569485,361.14
45.566747,361.14
45.564009,361.11
45.561271,361.13
45.558533,361.22
45.555796,360.48
45.553058,360.33
45.55032,361.69
45.547582,361.7
45.544844,361.9
45.542106,361.93
45.539368,361.94
45.53663,361.96
45.533892,362.08
45.531154,361.79
45.528416,362.01
45.525679,362.25
45.522941,362.35
45.520203,362.26
45.517465,362.08
45.514727,362.48
45.509251,362.05
45.506513,362.36
45.503775,362.33
45.501037,362.46
45.498299,362.52
45.495562,362.53
45.492824,362.3
45.490086,362.52
45.487348,362.38
45.48461,362.36
45.481872,362.54
45.479134,362.74
45.476396,362.83
45.473658,363.05
45.47092,363.09
45.468182,363.16
45.465445,362.61
45.462707,362.74
45.459969,362.86
45.457231,363.23
45.454493,363.37
45.451755,362.89
45.449017,362.65
45.446279,362.92
45.443541,363.46
45.440803,363.63
45.438065,363.45
45.435328,363.84
45.43259,363.75
45.429852,363.66
45.427114,364
45.424376,364.2
45.421638,364.24
45.4189,365.04
45.416162,363.85
45.413424,363.26
45.410686,363.47
45.407948,363.38
45.405211,363.02
45.402473,362.97
45.399735,363.69
45.396997,363.63
45.394259,363.87
45.391521,363.92
45.388783,364.01
45.386045,363.62
45.383307,364
45.380569,364.53
45.377831,364.66
45.375094,364.55
45.372356,364.69
45.369618,364.33
45.36688,364.04
45.364142,364.25
45.361404,363.83
45.358666,363.13
45.355928,363.43
45.35319,363.85
45.350452,364.64
45.344977,361.88
45.342239,362.96
45.339501,363.01
45.336763,363.42
45.334025,362.05
45.331287,363.82
45.328549,363.95
45.325811,363.79
45.323073,363.55
45.320335,363.51
45.317597,363.29
45.31486,362.84
45.312122,363.92
45.309384,363.69
45.306646,362.27
45.303908,362.15
45.30117,362.6
45.298432,363.32
45.295694,363.61
45.292956,363.29
45.290218,363.86
45.28748,363.47
45.284743,362.76
45.282005,362.55
45.279267,362.43
45.276529,362.91
45.273791,362.84
45.271053,362.74
45.268315,363.58
45.265577,363.89
45.262839,364.06
45.260101,363.82
45.257363,363.21
45.254626,363.54
45.251888,364.15
45.24915,363.52
45.246412,363.4
45.243674,364.01
45.238198,362.7
45.23546,361.8
45.232722,361.61
45.229984,362.07
45.227246,362.12
45.224509,362.41
45.221771,361.2
45.219033,361.2
45.216295,361.57
45.213557,361.88
45.210819,360.92
45.208081,360.71
45.205343,360.58
45.202605,362.08
45.199867,361.25
45.197129,361.09
45.194392,361.09
45.191654,361.45
45.188916,361.25
45.186178,360.88
45.18344,361.52
45.180702,362.66
45.177964,362.11
45.175226,362.56
45.172488,362.27
45.16975,361.57
45.167012,361.8
45.164275,362.7
45.161537,361.53
45.158799,361.22
45.156061,360.64
45.153323,361.88
45.150585,361.53
45.147847,361.02
45.145109,360.66
45.142371,360.68
45.139633,360.54
45.136895,360.77
45.134158,360.93
45.13142,360.95
45.128682,360.85
45.125944,360.77
45.123206,361.08
45.120468,361.63
45.11773,361.13
45.114992,362.17
45.112254,360.32
45.109516,360.1
45.106778,361.13
45.104041,361.66
45.101303,359.95
45.098565,359.97
45.095827,360.05
45.093089,360.24
45.090351,360.7
45.087613,360.09
45.084875,360
45.082137,359.99
45.079399,359.93
45.076661,359.89
45.073924,359.91
45.071186,359.98
45.068448,359.92
45.06571,359.98
45.062972,360.3
45.060234,360.2
45.057496,359.93
45.054758,359.95
45.05202,360.08
45.049282,360.11
45.046544,360.15
45.043807,361.19
45.041069,361.16
45.038331,359.75
45.035593,359.39
45.032855,359.66
45.030117,359.97
45.027379,359.69
45.024641,359.48
45.021903,359.27
45.019165,359.3
45.016427,360.82
45.01369,359.78
45.010952,359.67
45.008214,359.37
45.005476,359.68
45.002738,359.25
44.999337,359.55
44.996599,359.63
44.993861,359.1
44.991123,358.94
44.988385,359.53
44.985647,359.5
44.982909,358.7
44.980172,358.7
44.977434,358.65
44.974696,358.83
44.971958,358.76
44.96922,358.73
44.966482,358.87
44.963744,359.21
44.961006,359.54
44.958268,359.41
44.95553,359.06
44.952792,359.16
44.950055,359.89
44.947317,359.27
44.944579,359.31
44.941841,359.54
44.939103,359.08
44.936365,358.38
44.933627,358.09
44.930889,358.24
44.928151,359.14
44.925413,358.74
44.922675,357.92
44.919938,357.86
44.9172,358.24
44.914462,358
44.911724,358.45
44.908986,357.96
44.906248,358.03
44.90351,357.61
44.900772,357.98
44.898034,357.67
44.895296,357.47
44.892558,357.76
44.889821,357.46
44.887083,357.6
44.884345,357.55
44.881607,358.9
44.878869,358.32
44.876131,358.8
44.873393,358.81
44.870655,357.31
44.867917,357.35
44.865179,357.58
44.862441,357.32
44.856966,356.39
44.854228,357.18
44.85149,357.04
44.848752,356.9
44.846014,356.95
44.843276,356.7
44.840538,356.73
44.8378,356.48
44.835062,356.52
44.832324,356.47
44.824111,356.38
44.821373,356.68
44.818635,356.43
44.815897,356.42
44.813159,356.61
44.810421,356.84
44.807683,356.94
44.804945,355.28
44.802207,355.99
44.79947,356.24
44.796732,356.18
44.793994,356.28
44.791256,356.06
44.788518,355.92
44.78578,356.09
44.783042,355.76
44.780304,355.89
44.777566,355.85
44.774828,355.87
44.77209,355.6
44.769353,355.88
44.766615,356.15
44.763877,355.66
44.761139,355.55
44.758401,355.61
44.755663,355.49
44.752925,355.59
44.750187,355.69
44.747449,355.36
44.744711,355.21
44.741973,355.07
44.739235,355.22
44.736498,355.2
44.73376,355.4
44.731022,355.58
44.728284,355.29
44.725546,355.21
44.722808,355.77
44.72007,355.96
44.717332,356.14
44.714594,355.75
44.711856,354.97
44.709118,353.99
44.706381,354.28
44.703643,355.47
44.700905,355.33
44.698167,356.01
44.695429,356.48
44.692691,356.73
44.689953,356.89
44.687215,356.61
44.681739,356.57
44.679001,356.43
44.676264,356.08
44.673526,356.2
44.670788,356.26
44.66805,356.6
44.662574,356.15
44.659836,355.97
44.657098,355.94
44.65436,356.79
44.651622,356.85
44.648884,355.64
44.646147,356.74
44.640671,357.63
44.637933,357.53
44.635195,357.42
44.632457,357.49
44.629719,357.47
44.626981,358.03
44.621505,357.84
44.618767,357.93
44.61603,357.84
44.613292,357.63
44.60234,358.36
44.599602,357.68
44.596864,357.77
44.594126,358.51
44.591388,357.91
44.58865,358.32
44.585913,358.58
44.583175,358.83
44.580437,359.21
44.577699,358.67
44.574961,358.98
44.572223,358.89
44.569485,359.03
44.566747,358.96
44.564009,358.71
44.561271,358.57
44.558533,359.28
44.555796,358.92
44.553058,359.06
44.55032,359.54
44.547582,359.49
44.544844,358.9
44.542106,359.27
44.539368,359.4
44.53663,358.92
44.533892,359.6
44.531154,360.07
44.528416,360.21
44.525679,359.69
44.522941,359.57
44.520203,359.94
44.517465,359.53
44.514727,359.77
44.511989,359.74
44.509251,359.95
44.506513,360.77
44.503775,359.96
44.501037,359.18
44.498299,359.02
44.495562,360.1
44.492824,360.31
44.490086,360.47
44.487348,360.59
44.48461,360.5
44.481872,360.61
44.476396,360.86
44.47092,360.66
44.468182,360.81
44.465445,361.15
44.462707,360.88
44.459969,360.81
44.457231,360.72
44.454493,360.79
44.451755,360.93
44.449017,361.03
44.446279,360.99
44.443541,360.82
44.440803,361.3
44.438065,361.32
44.435328,360.3
44.43259,360.97
44.429852,361.09
44.427114,360.45
44.424376,360.72
44.421638,361.23
44.4189,361.27
44.416162,361.61
44.413424,361.87
44.410686,361.18
44.407948,361.96
44.405211,361.94
44.402473,361.35
44.399735,362.08
44.396997,361.6
44.394259,360.81
44.391521,361.29
44.388783,361.61
44.386045,361.58
44.383307,361.92
44.380569,362.35
44.377831,361.94
44.375094,361.5
44.372356,361.51
44.369618,361.08
44.36688,361.25
44.364142,361.79
44.361404,361.2
44.358666,361.12
44.355928,361.41
44.35319,361.38
44.350452,361.53
44.347714,361.41
44.344977,361.56
44.342239,362.2
44.339501,362.01
44.336763,361.8
44.334025,362.17
44.331287,362.74
44.328549,362.73
44.325811,362.12
44.323073,362.48
44.320335,362.04
44.317597,361.73
44.31486,361.57
44.312122,360
44.309384,361.17
44.306646,361.62
44.303908,361.18
44.30117,361.94
44.298432,361.02
44.295694,360.86
44.292956,361.29
44.290218,360.82
44.28748,361.09
44.284743,361.13
44.282005,361.21
44.279267,360.91
44.276529,360.77
44.273791,361.15
44.271053,361.3
44.268315,360.99
44.265577,361.09
44.262839,361
44.260101,361.08
44.257363,360.97
44.251888,360.61
44.24915,360.26
44.246412,360.52
44.243674,360.66
44.240936,360.26
44.238198,361.58
44.23546,361.81
44.232722,361.86
44.229984,360.53
44.227246,360.46
44.224509,360.96
44.221771,360.48
44.219033,360.46
44.216295,360.74
44.213557,360.17
44.210819,360.39
44.208081,360.72
44.202605,360.48
44.199867,360.47
44.197129,360.56
44.194392,361.36
44.191654,358.79
44.188916,358.42
44.186178,359.12
44.18344,359
44.180702,360.43
44.177964,358.34
44.175226,358.02
44.172488,358.15
44.16975,358.18
44.167012,358.22
44.164275,359.98
44.161537,359.98
44.158799,359.63
44.156061,358.63
44.153323,360.07
44.150585,359.66
44.147847,359.2
44.145109,359.43
44.142371,359.33
44.139633,359.44
44.136895,358.89
44.134158,358.85
44.13142,358.91
44.128682,358.41
44.125944,358.75
44.123206,358.4
44.120468,358.27
44.11773,358.45
44.112254,358.96
44.109516,358.87
44.106778,359.49
44.104041,359.66
44.101303,358.03
44.098565,358.06
44.095827,358.57
44.093089,358.68
44.090351,357.8
44.087613,357.97
44.084875,358.77
44.082137,359.17
44.079399,359.33
44.076661,359.62
44.073924,358.24
44.071186,358.51
44.068448,358.53
44.06571,357.89
44.062972,358.05
44.060234,358.25
44.057496,358.27
44.054758,358.67
44.05202,358.28
44.049282,358.07
44.046544,358.77
44.043807,358.49
44.041069,358.09
44.038331,358.3
44.035593,358.18
44.032855,358
44.030117,358.26
44.027379,358.04
44.024641,357.96
44.021903,358.12
44.019165,357.65
44.016427,357.8
44.01369,358.5
44.010952,358.63
44.008214,358.66
44.005476,357.43
44.002738,357.57
43.999337,357.33
43.996599,357.62
43.993861,357.45
43.991123,357.54
43.988385,357.43
43.985647,357.41
43.982909,357.77
43.980172,357.61
43.977434,357.48
43.974696,357.38
43.971958,357.16
43.96922,357.41
43.966482,357.88
43.963744,357.09
43.961006,356.66
43.958268,356.39
43.95553,356.78
43.952792,356.31
43.947317,356.59
43.944579,356.55
43.941841,356.41
43.939103,356.52
43.936365,356.52
43.933627,356.91
43.930889,356.37
43.928151,356.37
43.925413,356.36
43.922675,356.03
43.919938,355.93
43.9172,356.15
43.914462,356.31
43.911724,356.17
43.908986,356
43.906248,355.93
43.90351,356.21
43.900772,356.31
43.898034,356.59
43.895296,355.65
43.892558,355.62
43.889821,355.62
43.887083,355.68
43.884345,356.37
43.881607,355.7
43.878869,355.56
43.876131,355.49
43.873393,355.29
43.870655,355.14
43.867917,355.08
43.865179,355.05
43.862441,355.24
43.859704,355.1
43.856966,354.88
43.854228,354.89
43.85149,354.84
43.848752,354.91
43.846014,354.72
43.843276,354.46
43.840538,354.55
43.8378,354.5
43.835062,354.6
43.832324,354.65
43.829587,353.91
43.826849,353.96
43.824111,354.39
43.821373,354.23
43.818635,354.65
43.815897,354.58
43.813159,354.65
43.810421,354.63
43.807683,354.27
43.804945,354.69
43.802207,354.47
43.79947,354.05
43.796732,354.28
43.793994,354.1
43.791256,354.16
43.788518,353.77
43.78578,353.78
43.783042,353.85
43.780304,353.88
43.777566,353.77
43.774828,353.97
43.77209,353.98
43.769353,353.64
43.766615,354.26
43.763877,354.35
43.761139,354.06
43.758401,354.34
43.750187,353.45
43.747449,354.42
43.744711,354.99
43.739235,354.04
43.736498,353.91
43.73376,354.44
43.731022,354.58
43.728284,353.7
43.725546,353.79
43.722808,353.07
43.72007,353.98
43.717332,354.36
43.711856,354.42
43.709118,354.46
43.706381,354.18
43.703643,354.41
43.700905,353.45
43.698167,352.71
43.689953,353.53
43.687215,354.08
43.684477,355.23
43.681739,355.08
43.679001,352.99
43.673526,352.85
43.670788,353.88
43.665312,355.62
43.662574,355.61
43.659836,356.03
43.657098,355.21
43.65436,354.62
43.651622,354.44
43.648884,354.61
43.643409,354.42
43.640671,355.66
43.637933,356
43.635195,354.67
43.629719,354.8
43.626981,355.26
43.621505,356.3
43.618767,355.85
43.61603,355.98
43.613292,356.32
43.607816,355.45
43.605078,354.7
43.60234,356.29
43.599602,356.85
43.596864,356.23
43.594126,356.48
43.591388,356.34
43.58865,355.98
43.585913,356.56
43.583175,356.56
43.580437,355.52
43.577699,356.39
43.574961,357.14
43.569485,356.54
43.566747,356.47
43.564009,357.1
43.561271,355.97
43.558533,357.57
43.555796,355.56
43.55032,357.43
43.547582,357.77
43.544844,358.61
43.542106,356.15
43.53663,358.46
43.533892,358.39
43.531154,358.54
43.528416,357.91
43.525679,357.87
43.522941,358.6
43.520203,358.48
43.517465,357.48
43.514727,357.17
43.511989,357.62
43.509251,357.2
43.506513,357.46
43.503775,357.34
43.501037,358.6
43.498299,358.85
43.495562,358.67
43.492824,358.99
43.490086,359.12
43.487348,359.23
43.48461,359.13
43.481872,359.29
43.479134,359.14
43.476396,358.95
43.473658,359
43.47092,359.56
43.465445,358.98
43.462707,359.68
43.459969,359.77
43.457231,359.69
43.454493,359.82
43.451755,359.97
43.449017,359.97
43.446279,359.98
43.443541,359.98
43.440803,359.93
43.438065,359.89
43.435328,359.53
43.43259,359.63
43.429852,359.47
43.427114,359.32
43.424376,359.61
43.421638,359.97
43.4189,360.24
43.416162,360.08
43.413424,360.18
43.410686,360.51
43.407948,360.57
43.405211,360.52
43.402473,360.39
43.399735,360.52
43.396997,361.12
43.394259,360.96
43.391521,361.14
43.388783,360.58
43.386045,360.29
43.383307,360.32
43.380569,360.63
43.377831,360.65
43.375094,360.57
43.372356,360.86
43.369618,360.72
43.36688,361
43.364142,360.45
43.361404,359.42
43.358666,359.92
43.355928,359.74
43.35319,359.56
43.350452,359.46
43.347714,359.87
43.344977,359.84
43.342239,359.15
43.339501,359.16
43.336763,359.17
43.334025,359.65
43.331287,359.29
43.328549,360.06
43.325811,359.69
43.323073,359.79
43.320335,359.78
43.317597,359.78
43.31486,359.88
43.312122,359.63
43.309384,359.79
43.306646,359.87
43.303908,360.09
43.30117,358.75
43.298432,358.91
43.292956,358.34
43.290218,359.34
43.28748,359.68
43.284743,359.74
43.282005,359.83
43.279267,358.31
43.273791,357.87
43.271053,358.32
43.268315,358.64
43.265577,358.89
43.262839,359.07
43.260101,359.36
43.257363,359.73
43.254626,358.89
43.251888,358.35
43.24915,359.21
43.246412,359.17
43.243674,359.08
43.240936,359.85
43.238198,359.8
43.23546,357.92
43.232722,357.79
43.229984,357.9
43.227246,358.06
43.224509,358.5
43.221771,357.32
43.219033,357.39
43.216295,358.38
43.213557,358.02
43.210819,358.17
43.208081,358.31
43.205343,358.31
43.202605,359.35
43.199867,360.18
43.197129,358.66
43.194392,358.54
43.191654,358.47
43.188916,358.34
43.186178,358.14
43.18344,358.08
43.180702,357.98
43.177964,358.08
43.175226,358.81
43.172488,358.51
43.16975,359.45
43.164275,358.16
43.161537,358.43
43.158799,357.78
43.156061,357.25
43.153323,357.4
43.150585,358.01
43.147847,357.74
43.145109,357.77
43.142371,358.58
43.139633,357.04
43.136895,356.74
43.134158,356.73
43.13142,357.09
43.128682,357.18
43.125944,357.46
43.123206,357.91
43.120468,357.18
43.11773,356.88
43.114992,357.36
43.112254,357.52
43.109516,357.08
43.106778,356.48
43.104041,356.44
43.101303,356.76
43.098565,356.74
43.095827,356.33
43.093089,357.59
43.090351,357.54
43.087613,357.63
43.084875,358.35
43.082137,358.17
43.076661,356.13
43.073924,358.13
43.071186,356.62
43.068448,356.49
43.06571,356.76
43.062972,356.79
43.060234,356.49
43.057496,356.74
43.054758,357.23
43.05202,357.07
43.049282,356.77
43.046544,356.87
43.043807,356.93
43.041069,357.64
43.038331,356.98
43.035593,356.92
43.032855,356.94
43.030117,357.3
43.027379,357.85
43.024641,356.47
43.021903,356.73
43.019165,357.16
43.016427,357.7
43.01369,356.6
43.008214,356.46
43.005476,356.36
43.002738,356.02
43.002075,356.48
42.999337,356.59
42.996599,356.2
42.993861,356.43
42.991123,355.87
42.988385,355.89
42.985647,356.04
42.982909,356.53
42.980172,356.54
42.977434,356.2
42.974696,355.36
42.971958,355.4
42.96922,355.25
42.966482,355.3
42.963744,355.56
42.961006,355.55
42.958268,355.65
42.95553,355.41
42.952792,355.39
42.950055,355.59
42.947317,356.34
42.944579,355.16
42.941841,354.95
42.939103,354.79
42.936365,355.08
42.933627,355.03
42.930889,354.9
42.928151,354.81
42.925413,354.79
42.922675,354.76
42.919938,354.68
42.9172,355.03
42.914462,354.93
42.911724,354.82
42.908986,354.58
42.906248,354.38
42.90351,354.48
42.900772,355.14
42.898034,354.58
42.895296,354.72
42.892558,354.56
42.889821,354.54
42.887083,354.44
42.884345,354.27
42.881607,353.74
42.878869,353.84
42.876131,353.71
42.873393,354.08
42.870655,354.44
42.867917,354.04
42.865179,354.05
42.862441,353.66
42.859704,353.77
42.856966,353.57
42.854228,354.16
42.85149,354.33
42.848752,354.63
42.846014,354.56
42.843276,354.07
42.840538,353.9
42.8378,354.15
42.835062,353.18
42.832324,353.12
42.829587,353.23
42.826849,353.22
42.824111,352.98
42.821373,353.06
42.818635,353.43
42.815897,354.04
42.813159,352.65
42.810421,353.97
42.807683,352.96
42.804945,352.72
42.802207,353.19
42.79947,352.84
42.796732,353.31
42.793994,353.74
42.791256,353.93
42.788518,353.41
42.78578,353.98
42.783042,353.4
42.780304,353.32
42.777566,353.37
42.774828,352.91
42.77209,353.53
42.769353,352.36
42.766615,353.42
42.763877,353.76
42.761139,353.87
42.758401,353.82
42.755663,354.16
42.750187,352.71
42.747449,351.92
42.744711,351.77
42.741973,352.79
42.739235,352.66
42.736498,353.73
42.73376,353.51
42.728284,351.67
42.725546,351.86
42.722808,352.2
42.72007,351.96
42.717332,353.26
42.714594,353.03
42.711856,352.71
42.709118,352.53
42.706381,352.38
42.703643,354.2
42.700905,354.38
42.698167,354.53
42.695429,354.32
42.692691,353.56
42.689953,353.15
42.687215,353.97
42.684477,353.68
42.681739,353.5
42.673526,351.15
42.670788,352.09
42.66805,353.67
42.665312,354.05
42.659836,354.72
42.657098,353.74
42.651622,354.05
42.648884,354.46
42.646147,354.71
42.643409,355.15
42.640671,355.16
42.632457,355.43
42.629719,355.42
42.624243,355.24
42.621505,355.62
42.618767,355.7
42.61603,355.51
42.613292,354.77
42.610554,355.69
42.607816,355.98
42.605078,355.8
42.60234,355.55
42.599602,354.68
42.596864,354.6
42.594126,355.12
42.591388,355.65
42.58865,354.84
42.585913,354.32
42.583175,355.27
42.580437,355.35
42.577699,354.85
42.574961,356.46
42.572223,356.44
42.569485,356.59
42.566747,356.89
42.564009,356.97
42.561271,355.79
42.558533,355.77
42.555796,356.51
42.553058,355.65
42.547582,355.93
42.544844,356.37
42.542106,356.66
42.539368,356.95
42.53663,356.53
42.533892,358.08
42.531154,357.58
42.525679,356.56
42.522941,356.98
42.520203,357.95
42.514727,358.39
42.511989,358.52
42.509251,358.83
42.506513,358.75
42.503775,358.98
42.501037,358.58
42.498299,358.62
42.495562,358.69
42.492824,358.94
42.490086,358.41
42.487348,358.55
42.48461,358.58
42.481872,358.75
42.479134,358.78
42.476396,358.92
42.473658,358.52
42.47092,358.71
42.468182,359.05
42.465445,359.38
42.462707,359.01
42.459969,358.73
42.457231,358.74
42.454493,358.54
42.451755,358.67
42.449017,359.9
42.446279,359.95
42.443541,359.79
42.440803,359.89
42.438065,359.98
42.435328,360.24
42.43259,360.42
42.429852,360.38
42.427114,360.34
42.424376,360.33
42.421638,360.59
42.4189,360.58
42.416162,360.63
42.413424,360.54
42.410686,360.49
42.407948,360.27
42.402473,360.36
42.399735,360.21
42.396997,360.34
42.394259,360.33
42.391521,358.94
42.388783,359.06
42.386045,358.71
42.383307,359.28
42.380569,359.95
42.377831,358.46
42.375094,358.2
42.372356,358.39
42.369618,358.11
42.36688,358.6
42.364142,359.4
42.361404,359.54
42.358666,360.01
42.355928,359.63
42.35319,359.67
42.350452,359.67
42.347714,359.6
42.344977,359.88
42.342239,359.5
42.339501,359.86
42.336763,360.49
42.331287,359.62
42.328549,358.31
42.325811,359.04
42.323073,359.05
42.320335,359.04
42.317597,359.15
42.31486,359.42
42.312122,359.99
42.309384,359.48
42.303908,359.7
42.30117,360.16
42.298432,359.74
42.295694,359.56
42.292956,359.14
42.28748,359.04
42.284743,358.68
42.282005,358.8
42.279267,358.67
42.276529,359.25
42.273791,359.85
42.271053,359.01
42.268315,359.16
42.265577,359.16
42.262839,358.84
42.260101,358.45
42.257363,358.38
42.254626,358.26
42.251888,357.19
42.24915,357.12
42.246412,358.76
42.243674,358.64
42.240936,359.36
42.238198,359.54
42.23546,358.39
42.232722,358.34
42.229984,359.13
42.227246,358.67
42.224509,358.28
42.221771,357.55
42.219033,358.1
42.216295,358.53
42.213557,359.17
42.210819,358.14
42.202605,357.9
42.199867,358.33
42.197129,357.77
42.194392,358.38
42.191654,357.7
42.188916,357.45
42.186178,357.47
42.18344,357.58
42.180702,357.28
42.177964,356.96
42.175226,356.02
42.172488,356.21
42.16975,356.4
42.167012,356.22
42.164275,356.1
42.161537,356.66
42.158799,357.08
42.156061,358.26
42.153323,357.95
42.150585,357.26
42.147847,357.5
42.145109,357.54
42.142371,356.6
42.134158,356.86
42.13142,357.5
42.128682,357.93
42.125944,357.15
42.123206,357.28
42.120468,357.43
42.11773,357.15
42.114992,356.47
42.112254,356.56
42.109516,357.78
42.106778,357.54
42.104041,356.42
42.101303,357.46
42.098565,356.26
42.095827,356.57
42.093089,356.81
42.090351,357.16
42.087613,356.74
42.084875,355.71
42.082137,355.83
42.079399,356.01
42.076661,356.29
42.073924,355.85
42.071186,356.19
42.068448,356.51
42.06571,356.81
42.062972,355.53
42.060234,355.51
42.057496,355.82
42.054758,356.26
42.05202,357.61
42.049282,356.52
42.046544,356.49
42.043807,356.31
42.041069,356.58
42.038331,356.35
42.035593,355.7
42.032855,355.79
42.030117,356.9
42.027379,356.39
42.024641,356.47
42.021903,355.64
42.019165,356.26
42.016427,355.79
42.01369,355.31
42.010952,356.58
42.008214,357.21
42.005476,356.89
42.002738,356.64
41.999337,356.83
41.996599,355.36
41.993861,355.68
41.991123,355.63
41.988385,355.99
41.985647,355.56
41.982909,355.19
41.980172,355.41
41.977434,355.45
41.974696,355.29
41.971958,354.96
41.96922,354.97
41.966482,355.01
41.963744,355.81
41.961006,355.51
41.958268,354.93
41.95553,354.77
41.952792,354.74
41.950055,354.81
41.947317,354.79
41.944579,355.56
41.941841,354.76
41.939103,354.87
41.936365,354.78
41.933627,354.6
41.930889,354.61
41.928151,354.56
41.925413,354.43
41.922675,354.52
41.919938,354.67
41.9172,354.43
41.914462,354.43
41.911724,354.47
41.908986,354.26
41.906248,354.08
41.90351,353.76
41.900772,353.79
41.898034,353.91
41.895296,353.91
41.892558,354
41.889821,354.13
41.887083,353.93
41.884345,353.55
41.881607,353.58
41.878869,353.7
41.876131,353.66
41.873393,353.6
41.870655,353.51
41.867917,353.95
41.865179,353.77
41.862441,353.77
41.859704,353.72
41.856966,353.65
41.854228,353.64
41.85149,354.16
41.848752,354.02
41.846014,354.19
41.843276,353.36
41.840538,353.68
41.8378,353.29
41.835062,353.3
41.832324,352.94
41.829587,352.91
41.826849,352.87
41.824111,352.33
41.818635,353.03
41.815897,352.96
41.813159,352.7
41.810421,352.65
41.807683,352.59
41.804945,352.47
41.802207,352.44
41.79947,352.43
41.796732,352.28
41.793994,352.72
41.791256,352.8
41.788518,352.98
41.78578,352.35
41.783042,352.34
41.780304,352.03
41.777566,352.21
41.774828,352.22
41.77209,351.83
41.769353,351.44
41.766615,352.07
41.763877,351.96
41.761139,351.81
41.758401,351.86
41.755663,351.59
41.752925,351.8
41.750187,351.57
41.747449,351.05
41.744711,351.92
41.741973,352.06
41.739235,351.86
41.736498,351.48
41.73376,351.78
41.731022,351.95
41.728284,352.07
41.725546,351.94
41.722808,351.99
41.72007,351.87
41.717332,351.35
41.714594,351.95
41.711856,352.38
41.709118,351.97
41.706381,351.67
41.703643,352.07
41.700905,352.14
41.698167,351.64
41.695429,352.66
41.692691,352.79
41.689953,353.12
41.687215,352.78
41.684477,352.54
41.681739,353.07
41.679001,353.23
41.676264,352.8
41.673526,353.3
41.670788,353.22
41.66805,353.14
41.665312,353.13
41.662574,353.37
41.659836,351.88
41.657098,352.99
41.65436,352.65
41.651622,352.77
41.648884,353.18
41.646147,353.21
41.643409,353.13
41.640671,352.86
41.637933,352.8
41.635195,353.69
41.632457,353.71
41.629719,353.06
41.626981,353.2
41.624243,354.36
41.621505,354.03
41.618767,354.41
41.61603,354.24
41.613292,353.88
41.610554,354.82
41.607816,354.15
41.605078,354.85
41.60234,354.24
41.599602,354.2
41.596864,354.66
41.594126,354.89
41.591388,355.06
41.580437,355.5
41.577699,355.66
41.574961,355.2
41.572223,354.98
41.569485,355.25
41.566747,355.01
41.564009,355.3
41.558533,355.06
41.555796,354.98
41.553058,355.01
41.55032,355.61
41.547582,355.45
41.544844,355.54
41.542106,356.61
41.539368,356.46
41.53663,356.56
41.533892,356.69
41.531154,356.89
41.525679,356.99
41.522941,355.52
41.520203,357.05
41.517465,357.07
41.514727,357.04
41.511989,356.53
41.509251,357.69
41.506513,356.35
41.503775,357.74
41.501037,357.61
41.498299,357.45
41.495562,357.06
41.492824,357.14
41.490086,357.6
41.487348,357.97
41.48461,358.07
41.481872,357.42
41.479134,358.31
41.476396,358.11
41.473658,358.07
41.47092,358.31
41.468182,357.84
41.465445,358.06
41.462707,357.95
41.459969,358.02
41.457231,358.01
41.454493,358.18
41.451755,358.68
41.449017,358.51
41.446279,358.67
41.443541,358.23
41.440803,358.49
41.438065,358.42
41.435328,358.42
41.43259,358.47
41.429852,358.21
41.427114,358.53
41.424376,358.05
41.421638,358.16
41.4189,358.13
41.416162,358.7
41.413424,358.76
41.410686,358.96
41.407948,358.28
41.405211,358.67
41.402473,358.87
41.399735,358.92
41.396997,359.11
41.394259,359.41
41.391521,358.95
41.388783,359.6
41.386045,360.16
41.383307,359.56
41.380569,359.99
41.377831,359.66
41.375094,359.96
41.372356,360.46
41.369618,358.96
41.36688,358.74
41.364142,359.05
41.361404,358.58
41.358666,358.52
41.355928,358.79
41.35319,358.86
41.350452,359.06
41.347714,359.22
41.344977,358.83
41.342239,358.77
41.339501,359.03
41.336763,359.48
41.334025,359.14
41.331287,359.02
41.328549,359.44
41.325811,359.31
41.323073,358.91
41.320335,358.64
41.317597,359.2
41.31486,359.54
41.312122,359.93
41.309384,359.22
41.306646,359.19
41.303908,359.12
41.30117,359.47
41.298432,359.94
41.295694,358.57
41.292956,358.49
41.290218,358.5
41.28748,358.2
41.284743,357.36
41.282005,357.68
41.279267,357.49
41.276529,358.6
41.273791,357.33
41.271053,357.58
41.268315,358.38
41.265577,358.75
41.262839,358.37
41.260101,357.77
41.257363,359.14
41.254626,359.07
41.251888,359.12
41.24915,357.57
41.246412,357.36
41.243674,357.6
41.240936,358.22
41.238198,358.73
41.23546,356.85
41.232722,357.3
41.229984,356.54
41.227246,356.49
41.224509,357.13
41.221771,357.06
41.219033,356.8
41.216295,356.57
41.213557,357.69
41.210819,356.88
41.208081,358.08
41.205343,357.72
41.202605,358.25
41.199867,358.2
41.197129,357.61
41.194392,356.77
41.191654,357.45
41.188916,357.52
41.186178,357.39
41.18344,356.61
41.180702,356.78
41.177964,357.06
41.175226,357.19
41.172488,356.15
41.16975,358.1
41.167012,356.6
41.164275,355.17
41.161537,355.42
41.158799,355.85
41.156061,355.48
41.153323,355.75
41.150585,355.87
41.147847,356.01
41.145109,356.53
41.142371,356.07
41.139633,355.98
41.136895,355.98
41.134158,357.04
41.13142,356.96
41.128682,356.14
41.125944,356.5
41.123206,356.42
41.120468,355.14
41.11773,355.15
41.114992,355.61
41.112254,355.48
41.109516,355.15
41.106778,355.32
41.104041,355.49
41.101303,355.49
41.098565,355.38
41.095827,355.08
41.093089,354.73
41.090351,354.94
41.087613,355.55
41.084875,355.71
41.082137,355.58
41.079399,355.61
41.076661,355.25
41.073924,355.73
41.071186,354.6
41.068448,354.4
41.06571,354.57
41.062972,354.74
41.060234,354.08
41.057496,355.22
41.054758,356.34
41.05202,355.24
41.049282,354.79
41.046544,354.98
41.043807,355.1
41.041069,354.83
41.038331,354.65
41.035593,355.18
41.032855,355.17
41.030117,354.84
41.027379,354.38
41.024641,354.17
41.021903,354.24
41.019165,354.31
41.016427,354.21
41.01369,354.32
41.010952,354.11
41.008214,354.22
41.005476,354.72
41.002738,354.95
40.999337,355.73
40.996599,354.94
40.993861,355.75
40.991123,355.13
40.988385,354.35
40.985647,354.64
40.982909,354.78
40.980172,354.24
40.977434,354.34
40.974696,354.38
40.971958,354.69
40.96922,354.58
40.966482,354.16
40.963744,354.04
40.961006,354.29
40.958268,353.65
40.95553,353.72
40.952792,353.76
40.950055,355.82
40.947317,353.88
40.944579,354.12
40.941841,354.5
40.939103,354.92
40.936365,353.63
40.933627,353.7
40.930889,353.96
40.928151,353.72
40.925413,353.95
40.922675,354.14
40.919938,353.73
40.9172,353.73
40.914462,353.36
40.911724,353.47
40.908986,353.63
40.906248,353.5
40.90351,353.44
40.900772,353.79
40.898034,353.67
40.895296,353.33
40.892558,353.23
40.889821,352.63
40.887083,353.42
40.884345,353.27
40.881607,353.02
40.878869,353.59
40.876131,353.11
40.873393,353.32
40.870655,353.42
40.867917,353.06
40.865179,352.96
40.862441,352.58
40.859704,352.79
40.856966,352.57
40.854228,352.74
40.85149,352.99
40.848752,352.71
40.846014,352.29
40.843276,352.37
40.840538,352.11
40.8378,352.19
40.832324,351.88
40.829587,352.29
40.826849,352.87
40.824111,352.64
40.821373,351.7
40.818635,351.62
40.815897,351.74
40.813159,351.81
40.810421,351.8
40.807683,351.21
40.804945,351.69
40.802207,351.93
40.796732,351.43
40.793994,351.36
40.791256,351.36
40.788518,351.36
40.78578,351.45
40.783042,351.19
40.780304,351.31
40.777566,351.54
40.774828,351.51
40.77209,351.64
40.769353,351.89
40.766615,351.28
40.763877,351.23
40.761139,351.32
40.758401,351.23
40.755663,351.63
40.750187,351.2
40.747449,351.38
40.744711,351.15
40.741973,351.11
40.739235,351.92
40.736498,351.42
40.73376,351.22
40.731022,351.8
40.728284,351.14
40.725546,351.76
40.722808,352.1
40.72007,351.21
40.717332,351.61
40.714594,351.58
40.711856,351.76
40.709118,351.79
40.706381,351.64
40.703643,351.62
40.700905,351.27
40.698167,351.47
40.692691,348.46
40.687215,351.34
40.684477,351.47
40.681739,350.42
40.679001,350.99
40.676264,351.05
40.673526,351.31
40.670788,351.08
40.66805,351.26
40.665312,351.37
40.662574,350.58
40.659836,351.66
40.657098,351.72
40.65436,351.76
40.651622,352.63
40.648884,352.6
40.646147,352.25
40.643409,350.03
40.640671,353.16
40.637933,352.87
40.635195,352.75
40.632457,353.53
40.629719,353.41
40.626981,353.68
40.624243,353.41
40.621505,353.35
40.618767,353.57
40.61603,353.06
40.613292,353.23
40.610554,351.6
40.60234,354.27
40.599602,353.99
40.596864,352.67
40.591388,353.67
40.58865,353.7
40.585913,354.07
40.583175,354.21
40.580437,354.1
40.577699,353.44
40.574961,354.73
40.572223,354.83
40.569485,354.86
40.566747,355.24
40.564009,355.09
40.561271,351.07
40.558533,354.75
40.555796,354.88
40.553058,354.33
40.55032,354.06
40.547582,354.42
40.544844,354.56
40.542106,354.15
40.539368,353.93
40.53663,354.28
40.533892,353.3
40.531154,354.39
40.528416,355.14
40.525679,355.49
40.522941,355.52
40.520203,355.43
40.517465,355.35
40.514727,355.28
40.511989,356.27
40.509251,356.38
40.506513,356.02
40.503775,356.3
40.501037,356.13
40.498299,356.81
40.495562,355.87
40.492824,355.73
40.490086,355.85
40.487348,355.65
40.48461,355.76
40.481872,355.55
40.479134,355.69
40.476396,355.88
40.473658,355.93
40.47092,355.64
40.468182,356.1
40.465445,356.65
40.462707,356.41
40.459969,356.29
40.457231,356.27
40.454493,356.05
40.451755,355.5
40.449017,355.4
40.446279,356.84
40.443541,356.86
40.440803,356.49
40.438065,356.66
40.435328,356.83
40.43259,356.44
40.429852,356.95
40.427114,356.91
40.424376,357.44
40.421638,357.31
40.4189,357.5
40.416162,357.59
40.413424,356.95
40.410686,357.45
40.407948,357.26
40.405211,357.26
40.402473,357.33
40.399735,357.46
40.396997,357.07
40.394259,357.26
40.391521,357.33
40.388783,357.02
40.386045,357.28
40.383307,357.32
40.380569,357.32
40.377831,357.05
40.375094,357.02
40.372356,357.19
40.369618,357.05
40.36688,357.4
40.364142,357.4
40.361404,357.55
40.358666,357.23
40.35319,357.44
40.350452,357.73
40.347714,357.85
40.344977,358.1
40.342239,357.42
40.339501,357.35
40.336763,357.13
40.334025,356.68
40.331287,357.36
40.328549,356.59
40.325811,356.01
40.323073,355.86
40.320335,356.38
40.317597,357.7
40.312122,356.97
40.309384,357
40.306646,356.95
40.303908,356.67
40.30117,356.61
40.298432,355.89
40.295694,356.13
40.292956,355.22
40.290218,356.31
40.28748,356.3
40.284743,356.09
40.282005,356.08
40.279267,355.7
40.276529,356.31
40.273791,356.06
40.271053,355.93
40.268315,356.53
40.265577,356.17
40.262839,356.53
40.260101,357.47
40.257363,355.73
40.254626,355.75
40.251888,356.1
40.24915,355.72
40.246412,355.49
40.243674,357.31
40.240936,356.69
40.238198,356.29
40.23546,356.65
40.232722,355.07
40.229984,354.97
40.227246,355.03
40.224509,355.2
40.221771,355.12
40.219033,355.24
40.216295,355.66
40.213557,356.01
40.210819,355.63
40.208081,356.43
40.205343,356.41
40.199867,355.71
40.197129,355.4
40.194392,355.52
40.191654,354.9
40.188916,355.02
40.186178,355.48
40.18344,356.73
40.180702,355.6
40.177964,355.39
40.175226,356.07
40.172488,355.62
40.16975,355.44
40.167012,355.77
40.164275,356
40.161537,355.61
40.158799,354.91
40.156061,354.65
40.153323,354.32
40.150585,354.89
40.147847,355.17
40.145109,355.19
40.142371,355.29
40.139633,355.43
40.136895,356.03
40.134158,355.57
40.13142,354.42
40.128682,354.47
40.125944,354.75
40.123206,355.22
40.120468,356.06
40.11773,355.55
40.114992,354.75
40.112254,354.85
40.109516,355.94
40.106778,356.04
40.104041,356.21
40.101303,353.98
40.098565,353.85
40.095827,354.01
40.093089,354.63
40.090351,354.56
40.087613,354.69
40.084875,354.36
40.082137,354.27
40.079399,354.02
40.076661,353.83
40.073924,353.75
40.071186,354.02
40.068448,354.05
40.06571,354.2
40.062972,353.68
40.060234,353.43
40.057496,354.02
40.054758,353.89
40.05202,354.08
40.049282,354.2
40.046544,354.02
40.043807,354.1
40.041069,353.7
40.038331,353.54
40.035593,353.27
40.032855,353.42
40.030117,353.05
40.027379,353.77
40.024641,354.42
40.021903,353.39
40.019165,353.25
40.016427,353.71
40.01369,353.74
40.010952,353.63
40.008214,353.6
40.005476,353.37
40.002738,353.59
39.999337,353.63
39.996599,353.67
39.993861,352.96
39.991123,353.61
39.988385,353.08
39.985647,352.57
39.982909,352.66
39.980172,352.59
39.977434,352.48
39.974696,352.64
39.971958,353.14
39.96922,353.22
39.966482,352.48
39.963744,352.79
39.961006,353.53
39.958268,352.93
39.95553,352.68
39.952792,353.79
39.950055,352.26
39.947317,352.68
39.944579,354
39.941841,353.18
39.939103,352.22
39.936365,352.19
39.933627,352.06
39.930889,352.12
39.928151,352.49
39.925413,352.46
39.922675,352.33
39.919938,352.51
39.9172,352.85
39.914462,352
39.911724,351.58
39.908986,351.6
39.906248,352.1
39.90351,351.69
39.900772,351.65
39.898034,351.89
39.895296,352.75
39.892558,351.48
39.889821,351.39
39.887083,351.6
39.884345,352.13
39.881607,352.02
39.878869,351.77
39.876131,351.59
39.873393,351.32
39.870655,351.53
39.867917,351.29
39.862441,351.44
39.859704,351.23
39.856966,351.74
39.854228,351.09
39.85149,351.17
39.848752,351.28
39.846014,351.29
39.843276,351.18
39.840538,350.39
39.8378,350.33
39.835062,350.86
39.832324,349.93
39.829587,350.54
39.826849,350.61
39.824111,350.74
39.821373,350.96
39.818635,350.65
39.815897,350.35
39.813159,349.57
39.810421,350.81
39.804945,350.32
39.802207,350.44
39.79947,350.79
39.796732,350.2
39.793994,349.89
39.791256,350.28
39.788518,350.45
39.78578,349.88
39.783042,349.61
39.780304,349.76
39.777566,349.87
39.774828,349.86
39.77209,350.14
39.769353,349.91
39.766615,349.67
39.761139,350.53
39.758401,350.12
39.755663,350.55
39.750187,350.14
39.744711,349.57
39.741973,350.85
39.739235,350.69
39.736498,349.65
39.73376,349.68
39.731022,349.41
39.728284,349.37
39.725546,349.38
39.722808,349.44
39.72007,349.61
39.717332,349.69
39.714594,349.82
39.711856,349.51
39.709118,349.29
39.706381,349.85
39.703643,349.31
39.700905,349.17
39.692691,349.09
39.689953,349.68
39.687215,351.63
39.684477,351.24
39.681739,350.62
39.679001,350.52
39.676264,351.74
39.673526,351.3
39.670788,350.88
39.66805,350.71
39.665312,350.63
39.662574,350.23
39.659836,351.2
39.651622,350.55
39.648884,350.28
39.646147,349.95
39.643409,350.96
39.640671,350.95
39.637933,351.2
39.635195,350.58
39.626981,351.41
39.624243,352.12
39.621505,352.09
39.618767,352.57
39.61603,351.54
39.613292,350.98
39.610554,353.18
39.607816,352.51
39.605078,352.67
39.60234,352.79
39.599602,352.41
39.596864,352.31
39.594126,353.24
39.591388,353.03
39.58865,353.28
39.585913,352.99
39.583175,353.21
39.577699,353.57
39.574961,353.27
39.572223,353.23
39.569485,353.18
39.566747,353.31
39.564009,353.5
39.561271,353.08
39.558533,353.21
39.555796,353.11
39.553058,353.22
39.55032,353.15
39.547582,354.03
39.544844,353.96
39.542106,354.1
39.539368,353.85
39.53663,353.81
39.533892,353.72
39.531154,353.85
39.528416,354.75
39.525679,355.02
39.522941,354.47
39.520203,355.23
39.517465,355.09
39.511989,354.87
39.509251,354.78
39.506513,354.69
39.503775,354.12
39.501037,354.29
39.498299,354.75
39.495562,354.93
39.492824,355.07
39.490086,354.93
39.487348,354.42
39.48461,355.12
39.481872,355.22
39.479134,355.19
39.476396,355.22
39.473658,355.29
39.47092,354.93
39.468182,354.74
39.465445,354.8
39.462707,354.66
39.459969,356.35
39.457231,356.19
39.454493,355.1
39.451755,354.9
39.449017,355.35
39.446279,354.84
39.443541,355.48
39.440803,355.01
39.438065,354.87
39.435328,354.73
39.43259,355.5
39.427114,355.78
39.424376,355.98
39.421638,356.29
39.4189,355.98
39.416162,356.16
39.413424,356.19
39.410686,356.62
39.407948,355.42
39.405211,356.28
39.402473,355.79
39.399735,356.29
39.396997,356.56
39.394259,356.08
39.391521,355.27
39.388783,355.79
39.386045,355.78
39.383307,355.91
39.380569,355.92
39.377831,355.94
39.375094,356.02
39.372356,355.62
39.369618,356.51
39.36688,356.35
39.364142,356.33
39.361404,356.1
39.358666,355.78
39.355928,355.19
39.35319,355.47
39.350452,354.86
39.347714,355.52
39.344977,355.7
39.342239,355.55
39.339501,355.51
39.336763,355.03
39.334025,355.68
39.331287,356.14
39.328549,356.72
39.325811,356.5
39.323073,356.64
39.320335,355.85
39.317597,356.11
39.31486,356.04
39.312122,356.43
39.309384,356.67
39.306646,356.72
39.303908,356.19
39.30117,356.37
39.298432,355.67
39.295694,355.56
39.292956,355.01
39.290218,355.96
39.28748,355.59
39.284743,354.94
39.282005,354.83
39.279267,354.55
39.276529,355.47
39.273791,355.67
39.271053,355.9
39.268315,354.92
39.265577,354.06
39.262839,354.87
39.260101,354.64
39.257363,354.76
39.254626,355.02
39.251888,354.95
39.24915,354.95
39.246412,354.78
39.243674,354.41
39.240936,354.29
39.238198,354.87
39.23546,354.95
39.232722,355.19
39.229984,354.28
39.227246,354.34
39.224509,354.54
39.221771,354.4
39.219033,353.53
39.216295,352.97
39.213557,353.45
39.210819,354.12
39.208081,353.99
39.205343,353.23
39.202605,353.27
39.199867,353.74
39.197129,353.51
39.194392,353.6
39.191654,354.31
39.188916,353.43
39.186178,353.58
39.18344,355.13
39.180702,353.32
39.177964,353.18
39.175226,352.49
39.172488,353.07
39.16975,353.74
39.167012,353.64
39.164275,354.38
39.161537,353.66
39.158799,353.69
39.156061,354.21
39.153323,354.21
39.150585,353.95
39.147847,352.95
39.145109,352.64
39.142371,352.96
39.139633,353.67
39.136895,353.3
39.134158,353.36
39.13142,353.32
39.128682,353.18
39.125944,353.36
39.123206,352.99
39.120468,353.84
39.11773,353.54
39.114992,352.76
39.112254,352.43
39.109516,352.78
39.106778,352.82
39.104041,353.16
39.101303,352.87
39.098565,352.79
39.095827,353.34
39.093089,352.94
39.090351,352.86
39.087613,353.27
39.084875,353.44
39.082137,354.16
39.079399,353.16
39.076661,352.61
39.073924,353.04
39.071186,353.31
39.068448,352.32
39.06571,352.3
39.062972,352.45
39.060234,352.6
39.057496,352.77
39.054758,352.75
39.05202,352.79
39.049282,353.29
39.046544,353.42
39.043807,353.07
39.041069,353.46
39.038331,352.71
39.035593,352.75
39.032855,352.97
39.030117,353.23
39.027379,353.61
39.024641,353.61
39.021903,353.16
39.019165,352.77
39.016427,352.45
39.01369,352.69
39.010952,352.57
39.008214,352.32
39.005476,351.95
39.002738,352.1
39.002075,353.26
38.999337,353.15
38.996599,352.38
38.993861,352.29
38.991123,351.46
38.988385,351.83
38.985647,351.29
38.982909,351.49
38.980172,351.46
38.977434,351.53
38.974696,351.4
38.971958,351.42
38.96922,351.26
38.966482,352.15
38.963744,351.72
38.961006,351.55
38.958268,351.74
38.95553,351.73
38.952792,351.39
38.950055,351.23
38.947317,350.75
38.944579,350.72
38.941841,350.86
38.939103,351.14
38.936365,350.76
38.933627,350.99
38.930889,350.96
38.928151,350.7
38.925413,350.39
38.922675,350.6
38.919938,350.85
38.9172,350.4
38.914462,350.6
38.911724,350.74
38.908986,350.66
38.906248,351.02
38.90351,350.63
38.900772,350.59
38.898034,350.64
38.895296,350.72
38.892558,350.08
38.889821,350.26
38.887083,350.12
38.884345,350.15
38.881607,350.12
38.878869,350.19
38.876131,350.03
38.873393,350.15
38.870655,350.31
38.867917,349.87
38.865179,349.95
38.862441,350.03
38.859704,349.73
38.856966,349.74
38.854228,349.69
38.85149,350.08
38.848752,349.76
38.846014,349.87
38.843276,349.97
38.840538,350.13
38.8378,349.68
38.835062,349.38
38.832324,349.62
38.829587,349.35
38.826849,349.89
38.821373,348.98
38.818635,349.02
38.815897,349.36
38.813159,349.65
38.810421,349.49
38.807683,349.47
38.804945,349.16
38.802207,349.6
38.79947,349.52
38.796732,348.94
38.793994,348.9
38.791256,348.55
38.788518,348.95
38.78578,348.53
38.783042,348.96
38.780304,348.67
38.774828,348.49
38.77209,349.01
38.769353,348.98
38.766615,349.07
38.763877,349.18
38.761139,349.01
38.758401,348.52
38.752925,349.37
38.750187,349
38.747449,349.53
38.744711,349.6
38.741973,348.46
38.739235,348.36
38.736498,347.8
38.73376,348.97
38.731022,349.13
38.728284,347.96
38.725546,348.33
38.722808,348.88
38.72007,349.48
38.717332,349.26
38.714594,348.93
38.711856,348.98
38.709118,348.57
38.706381,349.05
38.703643,349.3
38.700905,349.44
38.698167,349.09
38.695429,348.87
38.692691,348.36
38.689953,348.65
38.687215,348.54
38.684477,349.07
38.681739,348.76
38.679001,349.71
38.676264,349.19
38.673526,349.61
38.670788,349.71
38.66805,349.17
38.665312,349.97
38.662574,350.27
38.659836,348.98
38.657098,348.97
38.65436,348.72
38.648884,350.75
38.646147,350.57
38.643409,351.04
38.640671,351.03
38.637933,349.96
38.635195,350.5
38.632457,350.45
38.624243,349.53
38.621505,350.25
38.618767,350.69
38.61603,350.66
38.613292,350.85
38.610554,351.12
38.607816,350.94
38.605078,350.89
38.60234,350.56
38.599602,350.14
38.596864,351.17
38.594126,351.27
38.58865,350.65
38.583175,351.22
38.580437,352.15
38.577699,352.59
38.574961,352.03
38.572223,351.63
38.569485,351.46
38.566747,352.03
38.564009,352.07
38.561271,352.65
38.558533,353.15
38.553058,353.11
38.55032,353.61
38.547582,352.7
38.544844,352.37
38.542106,353.15
38.539368,352.81
38.53663,352.8
38.533892,352.87
38.531154,353.78
38.528416,352.78
38.525679,352.36
38.522941,352.43
38.520203,352.61
38.517465,352.57
38.514727,353.16
38.511989,353.11
38.509251,353.14
38.506513,353.06
38.503775,353.62
38.501037,353.47
38.498299,353.14
38.495562,353.18
38.492824,353.33
38.490086,353.15
38.487348,353.27
38.48461,353.18
38.481872,353.24
38.479134,353.13
38.476396,353.52
38.473658,353.39
38.47092,353.4
38.468182,353.49
38.465445,353.59
38.462707,353.51
38.457231,353.96
38.454493,353.76
38.451755,354.03
38.449017,353.47
38.446279,354.28
38.443541,354.49
38.440803,354.54
38.438065,354.39
38.435328,354.25
38.43259,354.29
38.429852,353.75
38.427114,353.89
38.424376,353.73
38.416162,354.01
38.413424,353.73
38.410686,354.36
38.407948,354.72
38.402473,354.62
38.399735,354.58
38.396997,354.68
38.394259,354.65
38.391521,354.66
38.388783,354.77
38.386045,353.95
38.383307,354.36
38.380569,354.12
38.377831,353.65
38.375094,354.26
38.369618,354.19
38.36688,354.36
38.364142,354.65
38.361404,354.3
38.358666,354.18
38.355928,354.05
38.35319,353.6
38.350452,353.94
38.347714,353.52
38.344977,353.54
38.342239,353.84
38.339501,354.19
38.336763,354.22
38.334025,354.23
38.331287,354.7
38.328549,354.41
38.325811,354.92
38.323073,355.01
38.317597,354.18
38.31486,353.81
38.312122,353.73
38.309384,354.06
38.306646,353.82
38.303908,353.86
38.30117,353.37
38.298432,353.5
38.295694,352.93
38.292956,353.04
38.290218,353.03
38.28748,353.11
38.284743,353.41
38.282005,353.93
38.279267,354.33
38.276529,353.79
38.273791,353.38
38.271053,353.51
38.268315,353.2
38.265577,353.29
38.262839,353.78
38.260101,353.13
38.257363,353.03
38.254626,353.34
38.251888,353.68
38.24915,353.15
38.246412,352.79
38.243674,352.36
38.240936,352.13
38.238198,352.29
38.23546,352.41
38.232722,352.22
38.229984,352.13
38.227246,353.58
38.224509,351.34
38.221771,351.52
38.219033,351.19
38.213557,352.36
38.210819,353.11
38.208081,351.37
38.205343,352.61
38.202605,351.25
38.199867,351
38.197129,351.36
38.194392,352.27
38.191654,352.53
38.188916,352.72
38.186178,352.81
38.18344,352.68
38.180702,352.81
38.177964,352.72
38.175226,352.98
38.172488,353.13
38.16975,353.44
38.167012,353.67
38.164275,352.76
38.161537,352.56
38.158799,352.63
38.156061,353.17
38.153323,351.69
38.150585,351.07
38.147847,352.14
38.145109,351.56
38.142371,351.77
38.139633,350.95
38.136895,351
38.134158,351.46
38.13142,351.42
38.128682,351.75
38.125944,350.95
38.123206,351.18
38.120468,351.27
38.11773,351.19
38.114992,351.2
38.112254,351.05
38.109516,351.6
38.106778,351.74
38.104041,351.66
38.101303,351.83
38.098565,351.6
38.095827,351.78
38.093089,351.57
38.090351,351.94
38.087613,351.06
38.084875,351
38.082137,350.98
38.079399,350.75
38.076661,350.47
38.071186,350.87
38.068448,350.49
38.06571,350.88
38.062972,350.56
38.060234,350.56
38.057496,350.88
38.054758,350.6
38.05202,350.9
38.049282,350.14
38.046544,350.18
38.043807,350.41
38.041069,350.15
38.038331,350.2
38.035593,350.26
38.032855,350.13
38.030117,350.3
38.027379,350.44
38.024641,350.46
38.021903,350.33
38.019165,350.45
38.016427,350.1
38.01369,349.91
38.010952,349.88
38.008214,349.87
38.005476,350.05
38.002738,349.68
37.999337,349.81
37.996599,349.87
37.993861,349.48
37.991123,349.26
37.988385,349.89
37.985647,349.55
37.982909,349.35
37.980172,349.41
37.977434,349.44
37.974696,349.25
37.971958,349.26
37.96922,349.33
37.966482,349.48
37.963744,349.07
37.961006,349.27
37.958268,349.22
37.95553,349.3
37.952792,349.25
37.950055,349.05
37.947317,349.27
37.944579,349.21
37.941841,348.6
37.939103,348.55
37.936365,348.61
37.933627,348.93
37.930889,348.43
37.928151,348.93
37.922675,348.75
37.919938,348.99
37.9172,348.58
37.911724,348.49
37.908986,348.97
37.906248,348.99
37.90351,349.2
37.900772,348.1
37.898034,348.73
37.895296,348.29
37.887083,348.4
37.884345,347.99
37.881607,347.93
37.878869,348.22
37.876131,348.21
37.873393,347.58
37.870655,347.51
37.867917,347.45
37.865179,347.6
37.862441,347.8
37.859704,347.24
37.856966,347.26
37.854228,348.01
37.85149,347.83
37.846014,347.26
37.843276,347.23
37.840538,347.12
37.835062,347.2
37.832324,347.24
37.829587,346.61
37.826849,346.78
37.824111,346.76
37.821373,346.56
37.818635,346.74
37.815897,347.56
37.813159,347.05
37.810421,346.86
37.807683,346.94
37.804945,347.12
37.802207,347.4
37.79947,347.28
37.796732,346.42
37.793994,346.27
37.791256,346.99
37.788518,346.85
37.78578,347.03
37.774828,345.95
37.77209,346.94
37.769353,346.77
37.766615,346.78
37.758401,345.77
37.755663,345.61
37.752925,345.8
37.750187,346.05
37.747449,345.92
37.744711,346.86
37.741973,347.28
37.739235,346.01
37.736498,345.99
37.73376,346.7
37.731022,345.84
37.728284,345.42
37.725546,345.42
37.722808,344.93
37.72007,346.07
37.717332,347.12
37.714594,346.93
37.711856,346.87
37.709118,346.69
37.706381,346.84
37.703643,347
37.700905,346.41
37.698167,346.84
37.695429,346.57
37.692691,346.49
37.689953,345.68
37.687215,346.63
37.684477,347.15
37.681739,346.54
37.679001,347.21
37.676264,347.61
37.670788,347.14
37.66805,346.76
37.665312,346.66
37.662574,346.11
37.659836,345.98
37.65436,346.98
37.648884,348.09
37.646147,347.95
37.643409,348.07
37.640671,347.91
37.637933,348.15
37.635195,348.05
37.624243,348.7
37.621505,348.58
37.618767,348.54
37.61603,348.73
37.613292,348.58
37.610554,349.16
37.607816,346.16
37.599602,347.28
37.596864,347.29
37.585913,349.55
37.583175,349.23
37.580437,349.88
37.569485,350.06
37.566747,348.3
37.564009,350.19
37.561271,349.91
37.558533,349.93
37.555796,350.15
37.553058,349.08
37.55032,347.39
37.547582,350.28
37.544844,349.67
37.542106,350.52
37.53663,348.89
37.533892,347.89
37.531154,349.05
37.528416,350.66
37.525679,350.76
37.522941,350.9
37.520203,350.97
37.517465,350.61
37.514727,350.19
37.511989,351.01
37.506513,349.01
37.503775,349.81
37.501037,350.33
37.498299,350.95
37.495562,350.82
37.492824,350.93
37.490086,351.22
37.487348,351.19
37.48461,350.82
37.481872,350.97
37.479134,350.56
37.476396,351.57
37.473658,351.64
37.47092,351.02
37.468182,350.7
37.465445,351.44
37.462707,351.41
37.459969,351.47
37.457231,351.35
37.454493,351.12
37.451755,351.29
37.449017,351.46
37.446279,351.64
37.443541,351.7
37.440803,351.89
37.438065,352
37.435328,351.86
37.43259,351.49
37.429852,351.64
37.427114,351.65
37.424376,351.89
37.421638,352.16
37.4189,352.26
37.416162,352.31
37.413424,352.38
37.410686,352.14
37.407948,351.28
37.405211,352.23
37.402473,352.31
37.399735,352.25
37.396997,352.15
37.394259,352.65
37.391521,352.06
37.388783,351.61
37.386045,352.32
37.383307,352.41
37.380569,351.9
37.377831,351.88
37.375094,351.99
37.372356,352.22
37.369618,351.98
37.36688,352.2
37.364142,351.57
37.361404,352.08
37.358666,352.27
37.355928,352.15
37.35319,352.49
37.350452,352.46
37.347714,352.26
37.344977,352.28
37.342239,352.56
37.339501,352.39
37.336763,350.95
37.334025,351.32
37.331287,351.79
37.328549,352.19
37.325811,351.41
37.323073,351.91
37.320335,352.06
37.317597,351.43
37.31486,351.27
37.312122,351.68
37.309384,351.45
37.306646,351.75
37.303908,352.01
37.30117,351.8
37.298432,351.44
37.295694,351.39
37.292956,351.32
37.290218,351.66
37.28748,350.49
37.284743,351.13
37.282005,350.22
37.279267,350.69
37.276529,350.53
37.273791,349.45
37.271053,350.03
37.268315,351.9
37.265577,351.33
37.262839,351.72
37.260101,350.82
37.257363,350.63
37.254626,351.44
37.251888,350.93
37.24915,352.59
37.246412,350.56
37.243674,349.9
37.240936,350.28
37.238198,350.85
37.23546,350.59
37.232722,350.13
37.229984,350.32
37.227246,349.74
37.221771,350.02
37.219033,349.93
37.216295,349.98
37.213557,350.09
37.210819,349.74
37.208081,349.22
37.205343,349.59
37.202605,349.4
37.199867,349.18
37.197129,349.97
37.194392,349
37.191654,349.36
37.188916,349.13
37.186178,350.18
37.18344,349.1
37.180702,349.23
37.177964,348.37
37.175226,348.57
37.172488,349.43
37.16975,349.42
37.167012,349.43
37.164275,349.28
37.161537,348.76
37.158799,350.28
37.156061,350.86
37.153323,349.98
37.150585,348.39
37.147847,348.78
37.145109,348.62
37.142371,348.63
37.139633,349.34
37.136895,349.01
37.134158,349.06
37.13142,348.7
37.128682,348.54
37.125944,348.52
37.123206,348.52
37.120468,348.36
37.11773,348.48
37.114992,347.91
37.112254,347.98
37.109516,348.07
37.106778,348
37.104041,348.32
37.101303,348.35
37.098565,348.93
37.095827,348.01
37.093089,348.44
37.090351,348.58
37.087613,348.22
37.084875,348.18
37.082137,347.83
37.079399,347.85
37.076661,347.85
37.073924,349.35
37.071186,350.26
37.068448,348.11
37.06571,348
37.062972,348.13
37.060234,349.44
37.057496,348.5
37.054758,348.78
37.05202,348.67
37.049282,348.31
37.046544,348.5
37.043807,348.5
37.041069,348.65
37.038331,348.51
37.035593,348.57
37.032855,349.73
37.030117,349.08
37.027379,348.54
37.019165,347.84
37.016427,348.09
37.01369,348.12
37.010952,347.64
37.008214,347.75
37.005476,347.96
37.002738,347.82
36.996599,347.23
36.993861,347.35
36.991123,347.31
36.988385,347.27
36.985647,347.01
36.982909,347.02
36.974696,347.18
36.971958,347.25
36.96922,347.03
36.966482,347.49
36.963744,347.09
36.961006,347.06
36.958268,346.89
36.95553,346.7
36.952792,346.9
36.950055,347.03
36.947317,347.27
36.944579,347.09
36.941841,347.03
36.939103,346.68
36.936365,346.81
36.933627,347.37
36.930889,347.36
36.928151,346.98
36.925413,346.92
36.922675,347.51
36.919938,346.67
36.9172,347.51
36.914462,346.88
36.911724,346.58
36.908986,346.5
36.906248,346.65
36.90351,346.57
36.900772,345.96
36.898034,345.85
36.895296,345.79
36.892558,345.79
36.889821,345.86
36.887083,346.33
36.884345,345.94
36.878869,345.73
36.876131,345.67
36.873393,345.87
36.870655,346.04
36.867917,346.05
36.865179,346.07
36.862441,345.65
36.859704,345.87
36.856966,345.78
36.854228,345.52
36.85149,345.49
36.848752,345.17
36.843276,345.67
36.840538,345.41
36.8378,345.26
36.835062,345.76
36.832324,345.35
36.829587,345.05
36.824111,345.33
36.821373,344.88
36.818635,345.04
36.815897,344.26
36.810421,344.62
36.807683,344.57
36.804945,344.07
36.802207,344.78
36.79947,343.82
36.796732,344.77
36.793994,344.25
36.791256,344.09
36.788518,344.2
36.78578,344.53
36.783042,344.77
36.780304,344.37
36.777566,344.4
36.774828,344.6
36.77209,344.08
36.769353,343.81
36.766615,344.1
36.763877,344.11
36.761139,344.12
36.758401,344.31
36.755663,344.15
36.752925,344.33
36.750187,345.1
36.747449,345.02
36.744711,345.21
36.741973,345.88
36.739235,344.35
36.73376,344.39
36.731022,344.45
36.728284,344.29
36.725546,344.15
36.722808,345.04
36.72007,344.44
36.714594,345.81
36.711856,345.58
36.709118,345.77
36.706381,345.58
36.703643,345.8
36.700905,345.28
36.698167,345.93
36.695429,345.73
36.692691,345.49
36.689953,345.64
36.687215,345.2
36.681739,344.29
36.679001,345.83
36.676264,345.55
36.662574,345.12
36.659836,345.09
36.657098,345.11
36.65436,346.34
36.651622,346.05
36.648884,345.77
36.643409,345.68
36.640671,344.6
36.637933,346.57
36.635195,346.29
36.632457,344.37
36.629719,344.81
36.626981,345.59
36.624243,345.71
36.621505,345.63
36.618767,346.12
36.61603,346.52
36.613292,346.53
36.610554,345.9
36.607816,346
36.605078,346.71
36.60234,346.44
36.599602,346.69
36.596864,346.6
36.594126,346.46
36.591388,347.05
36.58865,346.69
36.580437,347.54
36.577699,347.31
36.574961,346.77
36.572223,348.37
36.569485,348.2
36.566747,348.06
36.564009,347.91
36.561271,347.67
36.558533,347.75
36.555796,347.74
36.553058,348
36.544844,347.36
36.542106,347.82
36.539368,347.95
36.53663,347.82
36.533892,348.15
36.531154,346.9
36.520203,348.74
36.517465,348.9
36.514727,348.81
36.511989,348.78
36.509251,348.78
36.506513,348.96
36.503775,349.02
36.501037,349.5
36.495562,348.98
36.490086,349.22
36.487348,349.45
36.48461,349.48
36.481872,349.7
36.479134,349.89
36.476396,349.46
36.473658,349.76
36.47092,350.12
36.468182,349.97
36.465445,349.92
36.462707,349.98
36.457231,349.84
36.454493,349.81
36.451755,349.85
36.449017,349.82
36.438065,350.14
36.435328,350.43
36.43259,349.99
36.429852,349.76
36.427114,350.51
36.424376,350.18
36.421638,350.46
36.4189,350.44
36.416162,350.61
36.413424,350.55
36.410686,350.25
36.407948,350.32
36.405211,349.96
36.402473,349.77
36.399735,350.17
36.396997,350.26
36.394259,350.54
36.391521,350.56
36.388783,350.57
36.386045,350.24
36.383307,350.57
36.380569,350.74
36.377831,350.66
36.375094,350.58
36.372356,350.42
36.369618,349.98
36.361404,350.77
36.358666,350.37
36.355928,349.8
36.35319,350.59
36.350452,350.65
36.347714,349.79
36.344977,350.43
36.342239,349.86
36.334025,351.14
36.331287,350.28
36.325811,349.87
36.323073,350.73
36.320335,350.52
36.317597,350.66
36.31486,350.7
36.312122,350.11
36.309384,350.16
36.306646,349.94
36.303908,349.55
36.30117,349.47
36.298432,349.79
36.292956,349.63
36.290218,349.95
36.28748,349.54
36.282005,349.11
36.279267,348.76
36.276529,348.59
36.273791,349.79
36.271053,350.06
36.268315,349.69
36.265577,349.53
36.262839,349.84
36.260101,349.11
36.257363,349.24
36.254626,348.98
36.251888,349.02
36.24915,348.93
36.246412,348.56
36.243674,348.74
36.240936,348.95
36.23546,348.89
36.232722,349.23
36.229984,349.42
36.227246,349.42
36.224509,349.76
36.221771,349.21
36.219033,348.42
36.216295,349.05
36.213557,348.67
36.210819,347.42
36.208081,347.81
36.205343,347.29
36.202605,347.11
36.186178,347.11
36.18344,346.85
36.180702,346.82
36.177964,346.56
36.175226,346.63
36.172488,346.63
36.16975,347.95
36.167012,347.01
36.164275,347.27
36.161537,347.35
36.158799,347.63
36.156061,347.85
36.153323,347.94
36.150585,347.81
36.147847,346.6
36.145109,348.05
36.142371,346.88
36.139633,347.29
36.136895,347.38
36.134158,347.94
36.13142,348.19
36.128682,347.65
36.125944,346.76
36.123206,347.51
36.120468,347.4
36.11773,347
36.114992,347.29
36.112254,347.66
36.109516,347.09
36.106778,347.02
36.104041,347.66
36.101303,347.36
36.098565,346.81
36.095827,346.61
36.093089,346.98
36.090351,346.47
36.087613,346.44
36.084875,346.56
36.082137,346.5
36.079399,346.43
36.076661,346.53
36.073924,346.5
36.071186,346.56
36.068448,346.52
36.06571,347.23
36.062972,347.07
36.060234,346.82
36.054758,346.61
36.05202,346.47
36.049282,346.09
36.046544,346.21
36.041069,346.52
36.038331,346.59
36.035593,346.27
36.032855,346.27
36.030117,346.37
36.027379,346.26
36.024641,346.31
36.021903,346.46
36.019165,347.02
36.016427,346.62
36.008214,346.6
36.005476,346.33
36.002738,346.94
35.999337,347.11
35.996599,347.11
35.993861,345.98
35.991123,345.64
35.988385,346.06
35.985647,346.72
35.982909,347.04
35.980172,345.36
35.977434,345.15
35.974696,345.39
35.971958,345.35
35.96922,345.19
35.966482,345.35
35.963744,345.74
35.961006,346.14
35.958268,345.83
35.95553,346.89
35.952792,347.47
35.950055,345.48
35.947317,345.47
35.944579,345.21
35.941841,345.27
35.939103,345.87
35.936365,345.93
35.933627,345.34
35.930889,345.07
35.928151,345.59
35.925413,345.48
35.922675,345.17
35.919938,345.04
35.914462,345.18
35.911724,345.54
35.908986,346.12
35.906248,345.92
35.90351,344.49
35.900772,344.47
35.898034,344.43
35.895296,344.76
35.892558,344.48
35.889821,344.94
35.887083,345.15
35.884345,344.74
35.881607,344.34
35.878869,344.46
35.876131,344.53
35.873393,344.27
35.870655,344.46
35.867917,344.13
35.865179,344.29
35.862441,344.37
35.859704,344.02
35.856966,343.84
35.854228,343.55
35.848752,343.69
35.846014,343.76
35.843276,343.8
35.840538,343.69
35.8378,343.32
35.835062,343.38
35.832324,343.93
35.829587,344.31
35.826849,343.66
35.824111,343.75
35.821373,343.45
35.818635,343.46
35.815897,343.2
35.810421,343.31
35.807683,343.51
35.802207,343.3
35.79947,343.16
35.796732,343.39
35.793994,343.31
35.791256,342.56
35.788518,342.79
35.78578,342.86
35.783042,342.57
35.777566,342.64
35.774828,342.82
35.769353,343.36
35.766615,342.77
35.763877,342.74
35.761139,342.4
35.750187,342.49
35.747449,342.25
35.744711,342.22
35.741973,342.17
35.739235,342.33
35.736498,342.06
35.731022,342.08
35.728284,342.63
35.725546,342.48
35.722808,342.38
35.72007,343.42
35.717332,343.36
35.714594,343.26
35.711856,343.75
35.709118,343.8
35.706381,343.67
35.700905,343.73
35.698167,343.14
35.695429,342.58
35.692691,344.18
35.689953,344.44
35.687215,343.85
35.684477,344.57
35.681739,344.77
35.679001,344.66
35.676264,344.7
35.673526,343.68
35.670788,343.7
35.66805,343.47
35.665312,343.57
35.662574,343.13
35.659836,345.39
35.657098,345.06
35.65436,345.2
35.648884,344.58
35.646147,345.07
35.643409,344.13
35.640671,344.34
35.637933,344.52
35.635195,344.75
35.632457,344.83
35.629719,344.22
35.618767,344.29
35.613292,344.16
35.610554,344.31
35.605078,344.67
35.60234,345.17
35.599602,346.15
35.596864,346.19
35.585913,345.83
35.583175,346.15
35.577699,345.19
35.574961,345.58
35.572223,346.26
35.569485,346.41
35.566747,346.33
35.564009,346.26
35.553058,346.66
35.55032,346.74
35.547582,346.64
35.544844,346.75
35.542106,346.53
35.539368,346.95
35.53663,347.11
35.533892,347.12
35.531154,346.96
35.525679,346.82
35.520203,347.1
35.517465,346.81
35.511989,347.18
35.509251,347.34
35.506513,346.54
35.503775,347.12
35.501037,347.6
35.498299,347.47
35.495562,347.46
35.492824,347.45
35.490086,347.64
35.487348,348.11
35.48461,347.99
35.481872,347.91
35.479134,348.26
35.476396,346.85
35.473658,348.06
35.47092,348.29
35.468182,347.51
35.465445,348.64
35.462707,348.48
35.459969,348.4
35.457231,348.2
35.451755,347.37
35.449017,348.88
35.446279,348.71
35.443541,348.89
35.440803,348.59
35.438065,348.87
35.435328,348.63
35.43259,348.73
35.429852,348.86
35.427114,349.08
35.424376,349.02
35.421638,348.78
35.413424,349.7
35.407948,349.12
35.405211,348.55
35.402473,349.2
35.399735,347.98
35.396997,347.84
35.391521,347.88
35.388783,348.21
35.386045,349.54
35.383307,349.43
35.380569,349.47
35.377831,349.84
35.375094,349.01
35.372356,349.17
35.369618,348.92
35.36688,348.77
35.364142,348.86
35.361404,349.12
35.358666,349.82
35.355928,349.07
35.35319,349.92
35.350452,348.64
35.347714,348.86
35.344977,348.11
35.342239,349.72
35.339501,349.13
35.336763,349.07
35.334025,349.18
35.331287,348.62
35.328549,348.9
35.323073,348.86
35.320335,348.69
35.317597,348.8
35.31486,348.9
35.306646,348.69
35.303908,348.63
35.298432,348.35
35.295694,349.05
35.292956,348.45
35.290218,348.11
35.28748,346.86
35.284743,346.98
35.282005,347.54
35.279267,348.06
35.276529,348.81
35.273791,348.64
35.268315,348.18
35.265577,348.44
35.262839,348.13
35.260101,347.18
35.257363,348.63
35.254626,348.42
35.251888,348.45
35.24915,348.27
35.246412,348.52
35.243674,348.39
35.240936,348.87
35.238198,349.3
35.23546,348.19
35.232722,347.52
35.229984,348.39
35.227246,347.42
35.224509,347.52
35.221771,347.69
35.216295,347.86
35.213557,347.93
35.210819,347.79
35.208081,348.12
35.205343,348.29
35.202605,347.41
35.199867,347.25
35.197129,347.7
35.194392,347.19
35.191654,347.99
35.188916,347.21
35.186178,346.73
35.18344,347.75
35.180702,347.44
35.177964,347.15
35.175226,347.08
35.16975,347.07
35.167012,346.85
35.164275,346.94
35.161537,346.88
35.158799,346.26
35.156061,346.57
35.153323,346.58
35.150585,347.02
35.147847,346.54
35.145109,346.5
35.139633,346.34
35.136895,346.14
35.134158,346.42
35.13142,346.66
35.128682,346.08
35.125944,345.43
35.123206,345.66
35.120468,345.89
35.11773,345.62
35.112254,345.63
35.109516,345.74
35.106778,346.14
35.104041,345.87
35.101303,346.12
35.098565,345.84
35.093089,346.17
35.090351,346.31
35.087613,346.22
35.084875,345.99
35.082137,345.26
35.079399,345.27
35.076661,345.39
35.073924,345.51
35.071186,344.91
35.068448,344.48
35.06571,344.87
35.062972,345.29
35.060234,345.03
35.057496,344.95
35.054758,345.78
35.049282,345.04
35.046544,345.03
35.043807,345.33
35.041069,345.9
35.038331,345
35.035593,345.51
35.032855,345.69
35.030117,345.19
35.027379,345.22
35.024641,344.64
35.021903,344.51
35.016427,345.09
35.01369,344.69
35.010952,345.5
35.008214,344.84
35.005476,344.8
35.002738,344.82
35.002075,346.26
34.999337,345.9
34.996599,344.83
34.993861,344.47
34.985647,344.58
34.982909,344.45
34.980172,344.48
34.977434,344.41
34.974696,344.89
34.96922,345.25
34.966482,344.84
34.963744,344.72
34.961006,345.13
34.958268,344.85
34.95553,344.22
34.952792,344.05
34.950055,344.68
34.947317,344.41
34.944579,345.26
34.941841,345.34
34.939103,344
34.936365,343.82
34.933627,343.48
34.930889,343.42
34.928151,343.42
34.922675,343.43
34.919938,343.01
34.9172,343.71
34.914462,343.6
34.911724,343.43
34.906248,344.14
34.90351,343.94
34.900772,344.17
34.898034,344.32
34.895296,343.12
34.892558,343.1
34.889821,343.4
34.887083,343.84
34.884345,343.29
34.881607,342.62
34.876131,343.66
34.873393,342.85
34.870655,342.83
34.867917,342.49
34.865179,343.46
34.862441,342.76
34.859704,343
34.856966,342.67
34.848752,342.23
34.846014,342.42
34.843276,342.03
34.840538,342.23
34.8378,341.86
34.829587,342.03
34.826849,342.14
34.824111,341.8
34.821373,342.03
34.793994,341.99
34.783042,341.55
34.780304,341.13
34.777566,341.17
34.774828,341.13
34.77209,341.22
34.769353,341.15
34.766615,341.59
34.763877,341.75
34.755663,342.06
34.752925,340.25
34.750187,340.22
34.747449,340.9
34.744711,340.5
34.736498,341.55
34.73376,341.13
34.731022,341.36
34.728284,340.96
34.725546,341.77
34.722808,341.48
34.72007,342.17
34.717332,341.73
34.714594,341.37
34.711856,342.31
34.709118,342.08
34.703643,340.68
34.700905,341.58
34.698167,340.91
34.692691,340.63
34.689953,340.11
34.687215,339.99
34.681739,340.56
34.679001,341.97
34.676264,342.65
34.673526,342.55
34.662574,341.8
34.659836,342.45
34.657098,342.56
34.648884,342.54
34.640671,342.49
34.637933,343.09
34.635195,344.09
34.632457,344.12
34.621505,344
34.618767,343.92
34.613292,344.43
34.610554,344
34.607816,344.54
34.599602,344.35
34.596864,344.07
34.591388,344.72
34.58865,344.62
34.585913,344.71
34.580437,344.73
34.577699,344.77
34.574961,344.81
34.572223,344.32
34.566747,344.88
34.561271,344.83
34.558533,345.03
34.555796,344.69
34.55032,345.52
34.547582,345.33
34.544844,345.87
34.542106,345.32
34.539368,345.41
34.53663,345.99
34.533892,345.88
34.531154,346.56
34.528416,346.45
34.525679,345.83
34.522941,345.7
34.520203,345.98
34.517465,346.24
34.509251,346.05
34.506513,346.47
34.503775,346.13
34.501037,346.14
34.498299,346.35
34.495562,346.71
34.492824,346.27
34.490086,346.49
34.487348,346.49
34.48461,346.54
34.481872,346.64
34.476396,346.69
34.47092,347.44
34.468182,347.07
34.465445,346.78
34.462707,346.7
34.459969,347.35
34.457231,347.3
34.454493,347.12
34.451755,347.34
34.449017,347.29
34.446279,347.53
34.443541,347.52
34.440803,347.3
34.438065,346.52
34.435328,346.51
34.43259,347.51
34.429852,347.51
34.427114,346.7
34.424376,346.91
34.413424,347.64
34.410686,347.37
34.407948,347.14
34.405211,346.9
34.396997,346.83
34.394259,347.31
34.391521,347.61
34.388783,347.65
34.386045,348.27
34.383307,347.39
34.380569,347.4
34.377831,348.11
34.375094,348.33
34.372356,348.12
34.369618,347.72
34.36688,347.84
34.364142,346.84
34.361404,347.06
34.358666,348.09
34.355928,346.88
34.35319,347.43
34.350452,347.28
34.347714,346.85
34.344977,345.88
34.342239,347.84
34.339501,347.72
34.336763,347.86
34.334025,347.57
34.331287,347.36
34.328549,347.28
34.232722,345.76
34.229984,346.44
34.227246,345.64
34.224509,345.62
34.221771,345.67
34.219033,345.59
34.216295,345.51
34.213557,345.14
34.210819,345.22
34.208081,345.8
34.205343,346.08
34.202605,345.09
34.199867,345.1
34.197129,344.78
34.194392,344.75
34.191654,344.74
34.188916,344.99
34.186178,345.41
34.18344,345.36
34.180702,345.14
34.177964,344.91
34.175226,344.98
34.172488,345.2
34.16975,345.04
34.167012,344.95
34.164275,344.54
34.161537,344.16
34.158799,345.07
34.156061,344.29
34.153323,344.55
34.150585,345.15
34.147847,345.3
34.145109,345.2
34.142371,345.46
34.139633,344.78
34.136895,344.44
34.134158,344.18
34.13142,344.64
34.128682,344.74
34.125944,344.8
34.123206,344.71
34.120468,344.76
34.11773,344.84
34.114992,344.65
34.112254,345
34.109516,345
34.106778,344.72
34.104041,344.6
34.101303,344.81
34.098565,344.82
34.095827,344.82
34.093089,344.6
34.090351,344.28
34.087613,344.66
34.082137,344.4
34.079399,344.48
34.076661,344.69
34.073924,344.75
34.071186,344.23
34.068448,344.24
34.06571,344.26
34.062972,343.68
34.060234,344.17
34.057496,343.82
34.054758,343.55
34.05202,343.94
34.049282,344.05
34.046544,343.52
34.043807,344.32
34.041069,343.72
34.038331,343.43
34.035593,343.5
34.032855,343.65
34.030117,343.84
34.027379,343.61
34.024641,344.11
34.021903,344.16
34.019165,345.31
34.016427,344.42
34.01369,343.79
34.010952,344.05
34.008214,343.69
34.005476,343.76
34.002738,343.62
33.999337,343.75
33.996599,343.91
33.993861,343.99
33.991123,343.81
33.988385,343.76
33.985647,343.16
33.982909,343.16
33.980172,343.52
33.977434,343.48
33.974696,344.24
33.971958,343.42
33.96922,343.88
33.966482,343.22
33.963744,343.13
33.961006,343.12
33.958268,343.29
33.95553,343.26
33.952792,342.77
33.950055,342.72
33.947317,342.35
33.936365,342.66
33.928151,341.9
33.925413,342.31
33.922675,341.93
33.919938,342.14
33.9172,342.4
33.914462,342.17
33.911724,342.61
33.908986,342.12
33.906248,341.93
33.90351,341.83
33.900772,341.54
33.898034,342.16
33.895296,341.79
33.892558,341.35
33.889821,341.54
33.887083,341.59
33.884345,341.83
33.881607,341.48
33.876131,341.6
33.873393,341.49
33.870655,341.44
33.867917,342.14
33.865179,341.22
33.862441,341.42
33.859704,341.34
33.856966,341.35
33.854228,341.54
33.85149,341.56
33.848752,341.18
33.846014,341.12
33.843276,341.13
33.840538,341.15
33.8378,340.86
33.835062,340.36
33.832324,340.73
33.829587,340.37
33.826849,340.66
33.824111,340.57
33.821373,340.25
33.818635,340.4
33.815897,340.86
33.813159,340.28
33.810421,340.59
33.807683,340.39
33.804945,340.22
33.802207,339.99
33.79947,339.97
33.796732,341.57
33.793994,340.38
33.791256,340.5
33.788518,340.39
33.78578,340.09
33.783042,339.65
33.780304,340.17
33.777566,340.06
33.774828,340.29
33.77209,340.19
33.769353,340.15
33.766615,339.93
33.763877,339.89
33.761139,339.85
33.758401,339.78
33.755663,340.24
33.752925,339.81
33.750187,339.88
33.747449,340.31
33.744711,340.98
33.741973,340.29
33.739235,340.28
33.736498,339.83
33.73376,339.05
33.731022,341.12
33.728284,340.48
33.725546,340.16
33.72007,339.92
33.717332,340.11
33.714594,339.57
33.711856,339.72
33.709118,340.74
33.706381,340.38
33.698167,339.84
33.695429,339.91
33.692691,340.18
33.689953,340.15
33.687215,340.38
33.684477,339.83
33.681739,339.89
33.679001,338.24
33.676264,340.63
33.673526,340.15
33.670788,340.55
33.66805,340.89
33.657098,342.16
33.65436,342.45
33.651622,340.62
33.648884,342.64
33.646147,342.13
33.643409,341.61
33.635195,342.45
33.632457,342.68
33.629719,342.18
33.626981,342.06
33.624243,341.95
33.621505,342.22
33.618767,341.29
33.613292,340.46
33.607816,342.65
33.605078,342.49
33.60234,343.22
33.599602,343.25
33.596864,343.8
33.594126,343.02
33.591388,343.09
33.58865,341.42
33.585913,343.08
33.583175,342.89
33.580437,342.08
33.577699,342.92
33.574961,342.66
33.572223,342.13
33.569485,342.26
33.566747,343.9
33.564009,344.06
33.561271,343.64
33.558533,343.87
33.555796,343.94
33.553058,344.43
33.55032,344.13
33.547582,343.9
33.544844,343.63
33.53663,342.53
33.533892,344.47
33.531154,343.61
33.525679,344.84
33.520203,344.81
33.517465,345.29
33.514727,345.28
33.511989,345.44
33.509251,345.19
33.506513,344.21
33.503775,344.89
33.501037,344.89
33.498299,344.85
33.495562,345.42
33.492824,344.52
33.490086,344.12
33.487348,344.91
33.48461,345.11
33.481872,345.79
33.479134,345.61
33.476396,345.06
33.473658,345.01
33.47092,345.1
33.465445,345.08
33.462707,345.38
33.459969,345.1
33.457231,345
33.454493,346.04
33.451755,345.65
33.449017,345.76
33.446279,345.74
33.443541,346.07
33.438065,346.1
33.435328,346.28
33.43259,346.05
33.429852,345.95
33.427114,345.37
33.421638,345.75
33.4189,345.93
33.416162,346.13
33.413424,346.06
33.410686,345.89
33.407948,345.95
33.405211,346.03
33.402473,346.48
33.399735,346.38
33.396997,346.32
33.394259,344.94
33.391521,345.82
33.388783,346.49
33.386045,346.25
33.383307,346.26
33.380569,346.48
33.377831,346.46
33.375094,346.43
33.372356,346.34
33.369618,346.32
33.36688,346.16
33.364142,345.81
33.361404,346.34
33.358666,345.19
33.35319,345.91
33.350452,346.22
33.347714,346.22
33.344977,346.21
33.342239,343.87
33.339501,343.68
33.336763,345.69
33.334025,345.22
33.331287,346.19
33.328549,346.15
33.325811,346.18
33.323073,345.75
33.320335,345.76
33.317597,345.54
33.31486,345.72
33.312122,345.61
33.309384,345.63
33.306646,345.64
33.303908,345.3
33.30117,345.71
33.298432,345.71
33.295694,345.53
33.292956,345.28
33.290218,345.31
33.28748,345.41
33.284743,345.01
33.282005,344.71
33.279267,344.7
33.276529,344.93
33.273791,345.12
33.271053,345.41
33.268315,344.9
33.265577,344.9
33.262839,344.2
33.260101,344.23
33.257363,344.82
33.254626,344.46
33.251888,344.84
33.24915,343.95
33.246412,343.39
33.243674,344.69
33.240936,343.9
33.238198,342.91
33.23546,342.73
33.232722,343.62
33.229984,345.34
33.227246,345.01
33.224509,345.82
33.221771,345.44
33.216295,344.71
33.213557,343.68
33.210819,343.66
33.208081,343.38
33.205343,344.14
33.202605,343.99
33.199867,343.69
33.197129,343.28
33.194392,342.18
33.191654,342.2
33.188916,342.22
33.186178,342.72
33.18344,342.51
33.180702,343
33.177964,343.61
33.175226,342.21
33.172488,342.21
33.16975,342.81
33.167012,343.05
33.164275,342.13
33.161537,342.98
33.158799,343.6
33.156061,343.75
33.153323,342.68
33.150585,343.42
33.147847,343.37
33.145109,342.42
33.142371,342.72
33.139633,342.86
33.136895,342.8
33.134158,343.13
33.13142,342.61
33.128682,343.28
33.125944,343.49
33.123206,342.96
33.120468,343.1
33.11773,343.24
33.114992,342.91
33.112254,343.31
33.106778,342.09
33.104041,342.35
33.101303,341.54
33.095827,342.48
33.093089,342.21
33.090351,342.45
33.087613,342.3
33.084875,341.59
33.082137,341.57
33.079399,341.59
33.076661,342.36
33.073924,341.98
33.071186,342
33.068448,341.24
33.06571,341.24
33.062972,341.64
33.060234,341.65
33.057496,341.72
33.054758,341.56
33.05202,340.97
33.049282,341.13
33.046544,341.44
33.043807,341.61
33.041069,342.78
33.038331,342.14
33.035593,341.97
33.032855,342.13
33.030117,341.86
33.027379,341.57
33.024641,341.39
33.021903,341.78
33.019165,341.66
33.016427,341.89
33.01369,342.39
33.010952,341.23
33.008214,341.18
33.005476,341.09
33.002738,341.34
32.999337,340.82
32.996599,341.52
32.993861,341.26
32.991123,341.11
32.988385,341.12
32.985647,341.88
32.982909,341.87
32.980172,341.44
32.977434,340.92
32.974696,341.21
32.971958,341.48
32.96922,341.08
32.966482,341.48
32.963744,341.07
32.961006,340.85
32.958268,341.11
32.95553,340.62
32.952792,340.56
32.950055,340.66
32.947317,340.45
32.944579,340.74
32.939103,340.9
32.936365,340.94
32.933627,340.02
32.930889,340.34
32.928151,340.45
32.925413,339.96
32.922675,339.99
32.919938,339.69
32.9172,339.75
32.914462,339.78
32.911724,339.7
32.908986,339.73
32.906248,339.77
32.90351,340.62
32.900772,340.92
32.898034,339.92
32.895296,340.66
32.892558,340.79
32.889821,339.91
32.887083,339.56
32.884345,339.63
32.881607,339.44
32.878869,339.18
32.876131,339.35
32.873393,339.08
32.870655,339.68
32.867917,339.63
32.865179,339.36
32.862441,339.32
32.859704,339.39
32.856966,338.88
32.854228,339.11
32.85149,339.15
32.848752,339.42
32.846014,339.41
32.843276,339.1
32.840538,338.69
32.8378,338.56
32.835062,338.84
32.832324,338.94
32.826849,339.39
32.824111,339.65
32.821373,339.69
32.818635,339.17
32.815897,338.55
32.813159,338.22
32.810421,338.36
32.807683,338.36
32.804945,338.51
32.802207,338.16
32.79947,338.21
32.796732,338.26
32.793994,337.9
32.791256,337.66
32.788518,337.19
32.78578,337.6
32.783042,338.25
32.780304,338.57
32.777566,337.46
32.774828,338.21
32.77209,338.6
32.769353,338.3
32.763877,337.39
32.761139,337.36
32.758401,337.38
32.752925,338.15
32.750187,337.7
32.747449,337.51
32.744711,337.26
32.741973,336.71
32.739235,337.74
32.736498,337.5
32.73376,337.64
32.731022,337.28
32.728284,337.17
32.725546,336.87
32.722808,336.71
32.714594,339.17
32.711856,338.92
32.703643,338.8
32.698167,338.47
32.695429,338.92
32.692691,338.58
32.689953,338.81
32.687215,339
32.684477,338.73
32.681739,338.36
32.679001,338.75
32.676264,339.49
32.673526,339.32
32.670788,339.52
32.66805,338.9
32.665312,338.8
32.662574,337.22
32.659836,338.9
32.651622,338.5
32.648884,338.99
32.646147,337.98
32.643409,338.83
32.640671,340.3
32.637933,340.39
32.635195,340.34
32.632457,340.4
32.629719,338.05
32.626981,340.31
32.624243,340.47
32.621505,340.6
32.618767,340.29
32.61603,340.64
32.613292,340.07
32.610554,340.31
32.605078,340.91
32.60234,340.86
32.599602,340.97
32.596864,340.59
32.594126,341.06
32.591388,341.31
32.58865,341.14
32.585913,341.55
32.583175,340.77
32.580437,341.71
32.577699,341.89
32.574961,341.21
32.572223,340.94
32.569485,341.76
32.566747,342.13
32.564009,342.1
32.561271,341.9
32.558533,342.66
32.555796,341.65
32.553058,341.55
32.55032,342.2
32.547582,341.68
32.544844,342.38
32.542106,341.66
32.539368,342.25
32.53663,342.74
32.533892,342.02
32.531154,342.48
32.528416,341.95
32.525679,342.8
32.522941,342.72
32.520203,342.74
32.517465,342.92
32.514727,342.98
32.511989,343.05
32.509251,342.99
32.506513,343
32.503775,343.11
32.501037,343.33
32.498299,343.02
32.495562,343.15
32.492824,343.52
32.490086,342.71
32.487348,343.56
32.48461,343.46
32.481872,343.13
32.479134,343.43
32.476396,344.04
32.473658,342.91
32.47092,343.25
32.468182,343.59
32.465445,344.07
32.462707,344.02
32.459969,344.27
32.454493,344.31
32.451755,344.07
32.449017,343.67
32.446279,343.78
32.443541,344
32.440803,343.54
32.438065,344.49
32.435328,344.11
32.43259,343.95
32.429852,343.95
32.427114,343.52
32.424376,343.63
32.421638,344.15
32.4189,344.26
32.416162,343.95
32.413424,344.22
32.410686,343.84
32.407948,344.9
32.405211,344.62
32.402473,344.78
32.399735,345.02
32.396997,344.18
32.394259,344.84
32.391521,344.68
32.388783,344.69
32.386045,344.6
32.383307,344.63
32.380569,344.68
32.377831,344.77
32.369618,344.15
32.36688,344.98
32.364142,344.96
32.361404,344.72
32.358666,344.86
32.355928,345.06
32.35319,344.93
32.350452,344.13
32.344977,343.71
32.342239,344.3
32.339501,344.38
32.336763,344.31
32.334025,344.62
32.331287,344.88
32.328549,345.07
32.325811,345.12
32.317597,343.62
32.31486,344.58
32.312122,344.5
32.309384,344.46
32.306646,344.48
32.303908,343.86
32.30117,343.54
32.298432,343.4
32.295694,343.69
32.292956,343.82
32.290218,343.68
32.28748,343.47
32.284743,343.51
32.282005,343.18
32.279267,343.58
32.276529,343.42
32.273791,343.71
32.271053,343.51
32.268315,343.98
32.265577,343.06
32.262839,343.03
32.260101,343.15
32.257363,343.56
32.254626,343.03
32.251888,343.16
32.24915,342.98
32.243674,342.43
32.240936,342.47
32.238198,342.84
32.23546,342.77
32.232722,342.94
32.229984,343.27
32.227246,343.45
32.216295,343.6
32.213557,343.29
32.210819,342.97
32.208081,343.1
32.205343,342.67
32.202605,342.18
32.199867,342.06
32.197129,342.42
32.194392,342.05
32.191654,342.96
32.188916,342.64
32.186178,342.78
32.18344,341.82
32.180702,342.22
32.177964,342.8
32.175226,343.03
32.172488,342.7
32.16975,342.5
32.167012,342.38
32.164275,342.75
32.161537,342.46
32.158799,342.1
32.156061,342.31
32.153323,342.38
32.150585,341.77
32.147847,341.93
32.142371,341.31
32.139633,341.2
32.134158,341.19
32.13142,341.95
32.128682,341.67
32.125944,341.39
32.123206,341.11
32.120468,341.11
32.11773,340.94
32.114992,341.05
32.112254,341.87
32.109516,341.59
32.106778,341.98
32.104041,342.52
32.101303,342.07
32.098565,341.73
32.095827,342.23
32.093089,341.94
32.090351,341.44
32.087613,341.34
32.084875,341.6
32.082137,341.27
32.079399,341.52
32.076661,342.15
32.073924,342.04
32.071186,341.54
32.068448,341.78
32.06571,341.2
32.062972,341.37
32.060234,340.73
32.057496,340.58
32.054758,340.89
32.05202,340.87
32.049282,340.96
32.046544,340.8
32.043807,340.96
32.041069,340.57
32.038331,341.01
32.035593,340.73
32.032855,340.67
32.030117,340.64
32.027379,340.69
32.024641,340.73
32.021903,340.63
32.019165,340.53
32.016427,340.22
32.010952,340.55
32.008214,340.52
32.005476,340.45
32.002738,340.37
31.999337,340.52
31.996599,340.34
31.993861,340.23
31.988385,340.64
31.985647,340.42
31.982909,340.24
31.977434,339.95
31.974696,339.86
31.971958,339.88
31.966482,339.73
31.963744,339.76
31.961006,339.98
31.958268,339.63
31.95553,339.12
31.952792,339.61
31.950055,339.48
31.947317,339.39
31.944579,339.63
31.941841,339.84
31.939103,340.19
31.936365,339.09
31.930889,339.45
31.928151,339.68
31.925413,339.9
31.922675,339.58
31.914462,339.71
31.911724,339.56
31.908986,339.26
31.906248,339.29
31.90351,339.32
31.900772,339.43
31.898034,339.44
31.895296,338.85
31.892558,338.37
31.889821,338.63
31.887083,338.63
31.884345,338.78
31.881607,338.46
31.876131,338.07
31.873393,338.04
31.870655,338.3
31.867917,338.67
31.865179,338.47
31.862441,338.8
31.859704,337.72
31.856966,337.81
31.854228,338.25
31.85149,337.99
31.848752,338.2
31.846014,338.29
31.843276,338.46
31.840538,338.39
31.8378,337.87
31.835062,337.71
31.832324,337.97
31.829587,337.82
31.826849,337.91
31.824111,337.86
31.821373,337.54
31.818635,337.74
31.815897,336.77
31.813159,336.46
31.807683,337.81
31.804945,337.19
31.802207,337.55
31.79947,337.09
31.796732,336.83
31.793994,337.38
31.791256,337.17
31.788518,337.32
31.78578,336.97
31.783042,336.97
31.780304,336.76
31.777566,337.18
31.774828,337.11
31.77209,336.67
31.769353,336.74
31.766615,336.77
31.763877,336.53
31.761139,336.51
31.758401,336.31
31.755663,336.71
31.752925,336.76
31.750187,335.61
31.747449,335.75
31.744711,335.85
31.741973,336.77
31.739235,336.28
31.736498,336.15
31.73376,337.04
31.731022,335.59
31.728284,337.11
31.725546,336.93
31.722808,337.31
31.72007,337.72
31.717332,337.71
31.714594,336.98
31.711856,336.42
31.709118,336.21
31.706381,336.55
31.703643,336.78
31.700905,337.41
31.698167,337.42
31.695429,337.35
31.692691,336.44
31.689953,336.81
31.687215,337.02
31.684477,337.74
31.681739,337.25
31.679001,337.18
31.676264,337.54
31.673526,337.04
31.670788,337.84
31.66805,337.98
31.665312,338.03
31.662574,337.83
31.659836,338.06
31.657098,337.67
31.65436,337.26
31.651622,336.74
31.648884,337.69
31.646147,336.5
31.643409,337.39
31.640671,336.99
31.635195,338.32
31.632457,338.15
31.629719,338.42
31.626981,338.58
31.624243,338.64
31.621505,338.96
31.618767,339.05
31.61603,338.81
31.613292,338.91
31.610554,338.42
31.607816,339.18
31.605078,339.39
31.60234,339.44
31.599602,338.87
31.596864,339.27
31.594126,339.26
31.591388,338.89
31.58865,339.74
31.585913,339.62
31.583175,339.69
31.580437,339.68
31.577699,339.93
31.574961,340.47
31.566747,340.47
31.564009,340.48
31.561271,340.89
31.558533,340.54
31.555796,340.6
31.553058,340.34
31.55032,341.08
31.547582,340.58
31.544844,339.4
31.542106,338.88
31.539368,340.46
31.53663,340.59
31.533892,340.87
31.531154,340.8
31.528416,341.4
31.525679,340.92
31.522941,341.27
31.520203,341.21
31.517465,341.28
31.514727,341.52
31.511989,341.52
31.509251,341.35
31.506513,341.39
31.503775,341.33
31.501037,341.23
31.498299,341.19
31.495562,341.44
31.492824,342.49
31.490086,342.55
31.487348,341.71
31.479134,342.18
31.476396,342.25
31.473658,342.12
31.47092,342.67
31.468182,342.37
31.465445,341.98
31.462707,342.12
31.459969,342.52
31.457231,342.81
31.454493,342.62
31.451755,342.75
31.449017,342.77
31.446279,342.81
31.443541,342.79
31.440803,342.83
31.438065,342.74
31.435328,342.87
31.43259,343.01
31.429852,343.15
31.427114,342.87
31.424376,343.04
31.421638,342.36
31.4189,342.36
31.416162,342.38
31.413424,342.93
31.410686,342.86
31.407948,343.06
31.405211,343.15
31.402473,343.25
31.399735,343.02
31.396997,342.89
31.394259,342.76
31.391521,342.77
31.388783,343.02
31.386045,342.9
31.383307,342.92
31.380569,343.07
31.377831,342.95
31.375094,343.04
31.372356,342.98
31.369618,343.15
31.36688,343.18
31.364142,342.87
31.361404,343.16
31.358666,342.99
31.355928,342.94
31.35319,342.93
31.350452,342.93
31.347714,343.16
31.344977,342.93
31.342239,343.11
31.339501,342.89
31.336763,343.42
31.334025,343.25
31.331287,343.4
31.328549,342.35
31.325811,342.29
31.323073,342.68
31.320335,342.75
31.317597,342.25
31.31486,342.49
31.312122,342.19
31.309384,342.46
31.306646,342.99
31.303908,342.52
31.30117,342.63
31.298432,342.51
31.295694,343.33
31.292956,343.68
31.290218,343.09
31.28748,342.48
31.284743,343.07
31.282005,342.22
31.279267,342.59
31.276529,342.53
31.273791,342.75
31.271053,342.94
31.268315,342.57
31.265577,342.67
31.262839,342.64
31.260101,342.29
31.257363,342.38
31.254626,342.68
31.251888,342.53
31.24915,341.44
31.246412,341.92
31.243674,342.59
31.240936,342.39
31.238198,342.25
31.23546,342.23
31.232722,342.69
31.229984,342.8
31.227246,342.68
31.224509,341.86
31.221771,342.46
31.219033,341.66
31.216295,341.56
31.213557,342.15
31.210819,341.24
31.208081,341.51
31.205343,341.54
31.202605,341.04
31.199867,340.45
31.197129,340.42
31.194392,341.93
31.191654,340.89
31.188916,341.82
31.186178,341.13
31.18344,341.16
31.180702,340.79
31.177964,340.56
31.175226,340.25
31.172488,341.06
31.16975,341.41
31.167012,341.33
31.164275,341.55
31.161537,341.78
31.158799,341.67
31.156061,341.64
31.153323,341.98
31.150585,341.25
31.147847,340.76
31.145109,340.32
31.142371,339.66
31.139633,340.22
31.136895,340.37
31.134158,340.67
31.13142,340.11
31.128682,339.97
31.125944,339.74
31.120468,339.99
31.11773,340.42
31.114992,340.21
31.112254,341.35
31.109516,341.73
31.106778,340.51
31.104041,340.74
31.101303,340.79
31.098565,339.58
31.095827,339.67
31.093089,339.44
31.090351,339.5
31.087613,339.52
31.084875,339.54
31.082137,339.65
31.079399,340.03
31.076661,340.09
31.073924,339.37
31.071186,339.18
31.068448,339.34
31.06571,339.36
31.062972,339.49
31.060234,339.64
31.057496,339.8
31.054758,339.23
31.05202,339.47
31.049282,339.87
31.046544,339.15
31.043807,339.03
31.041069,339.17
31.038331,339.46
31.035593,339.62
31.032855,339.25
31.030117,339.06
31.027379,339.04
31.024641,339.12
31.021903,338.75
31.019165,339.01
31.016427,339.75
31.01369,339.91
31.010952,338.15
31.008214,338.34
31.005476,338.35
31.002738,338.43
31.002075,338.93
30.999337,338.91
30.996599,338.59
30.993861,338.67
30.991123,338.7
30.988385,338.25
30.985647,338.6
30.982909,338.58
30.980172,338.6
30.977434,338.44
30.974696,337.96
30.971958,338.46
30.96922,338.47
30.966482,338.56
30.963744,338.53
30.961006,338.57
30.958268,338.48
30.95553,338.47
30.952792,338.02
30.950055,338.08
30.947317,338.15
30.944579,337.95
30.941841,337.63
30.939103,337.63
30.933627,338.17
30.930889,337.52
30.928151,338.12
30.925413,337.84
30.922675,337.59
30.919938,337.26
30.914462,337.6
30.911724,337.53
30.908986,337.64
30.906248,337.64
30.90351,337.7
30.900772,337.77
30.898034,337.59
30.895296,337.32
30.892558,337.24
30.889821,337.22
30.887083,337.2
30.884345,337.19
30.881607,337.09
30.878869,337.15
30.876131,336.77
30.873393,336.99
30.870655,337.68
30.867917,337.86
30.865179,337.5
30.862441,336.93
30.859704,336.78
30.856966,336.81
30.854228,337.04
30.85149,337.02
30.848752,337.35
30.846014,336.73
30.843276,336.88
30.840538,336.62
30.8378,336.76
30.835062,337.18
30.832324,336.53
30.829587,336.28
30.826849,336.66
30.824111,336.11
30.821373,336.69
30.818635,336.56
30.815897,336.41
30.813159,337.01
30.810421,336.49
30.807683,336.35
30.804945,336.22
30.802207,335.78
30.79947,335.94
30.796732,336.36
30.793994,336.16
30.791256,335.98
30.788518,335.88
30.78578,336.43
30.783042,336.02
30.780304,335.51
30.777566,335.61
30.774828,335.42
30.77209,335.74
30.769353,335.88
30.766615,336.16
30.763877,335.7
30.761139,335.66
30.750187,336.07
30.744711,336.25
30.741973,336.23
30.731022,334.68
30.728284,335.18
30.725546,334.87
30.722808,334.67
30.72007,335.17
30.717332,336.19
30.714594,336.14
30.706381,337.44
30.703643,336.93
30.700905,335.59
30.698167,335.27
30.695429,336.86
30.689953,335.62
30.687215,336.22
30.684477,337.17
30.681739,337.15
30.679001,336.14
30.673526,336.38
30.670788,336.6
30.665312,334.79
30.662574,338.09
30.659836,337.82
30.65436,338.19
30.651622,337.75
30.646147,338.38
30.643409,338.74
30.637933,338.15
30.635195,337.97
30.626981,338.27
30.624243,337.7
30.621505,337.39
30.618767,338.36
30.610554,338.61
30.607816,337.83
30.60234,336.18
30.596864,335.95
30.594126,336.81
30.591388,337.36
30.58865,338.68
30.585913,338.61
30.583175,338.44
30.580437,338.4
30.577699,338.88
30.574961,339.05
30.572223,339.23
30.569485,338.34
30.566747,339.37
30.564009,339.52
30.561271,339.42
30.558533,338.82
30.555796,337.59
30.553058,338.99
30.55032,339.16
30.547582,338.73
30.544844,337.69
30.542106,340.06
30.539368,340.14
30.53663,340.08
30.533892,340.08
30.528416,338.98
30.525679,339.86
30.522941,339.93
30.520203,340.57
30.517465,340.36
30.514727,340.15
30.511989,340.41
30.509251,340.36
30.506513,340.44
30.503775,340.56
30.501037,340.55
30.495562,340.05
30.492824,340.67
30.490086,340.63
30.487348,340.52
30.481872,341.24
30.479134,340.98
30.476396,340.64
30.473658,340.72
30.47092,340.96
30.468182,341.25
30.465445,341.77
30.462707,341.53
30.459969,341.98
30.457231,342.34
30.454493,341.33
30.451755,341.49
30.449017,341.65
30.446279,341.49
30.443541,342.09
30.440803,341.6
30.435328,341.62
30.43259,341.32
30.424376,341.61
30.421638,341.75
30.4189,341.9
30.416162,341.66
30.413424,341.96
30.410686,341.95
30.407948,341.59
30.405211,340.76
30.402473,340.98
30.399735,340.61
30.396997,340.6
30.394259,340.62
30.391521,341.26
30.388783,341.91
30.386045,341.5
30.383307,341.76
30.380569,341.64
30.377831,342.38
30.372356,341.42
30.369618,341.27
30.36688,342.37
30.364142,341.87
30.361404,340.98
30.358666,340.47
30.355928,341
30.35319,341.41
30.350452,341.96
30.347714,341.57
30.342239,341.73
30.339501,341.65
30.336763,341.42
30.334025,341.33
30.328549,341.16
30.325811,341.24
30.323073,341.32
30.320335,341.25
30.317597,341.01
30.31486,341.03
30.312122,341.47
30.309384,341.23
30.306646,340.76
30.303908,341.31
30.30117,340.77
30.298432,340.75
30.295694,340.89
30.292956,340.9
30.290218,341.83
30.28748,340.64
30.284743,340.94
30.282005,341.15
30.279267,340.51
30.273791,340.42
30.271053,340.97
30.268315,341.22
30.265577,340.29
30.262839,340.14
30.260101,340.71
30.257363,340.21
30.254626,340.44
30.251888,340.49
30.24915,340.44
30.246412,341.1
30.243674,341.3
30.240936,341.42
30.238198,340.63
30.23546,341.19
30.232722,340.58
30.229984,340.91
30.227246,340.43
30.224509,340.91
30.221771,340.21
30.219033,339.43
30.216295,338.73
30.213557,339.3
30.210819,339.49
30.208081,339.88
30.205343,340.1
30.202605,340.24
30.199867,340.22
30.197129,340.24
30.194392,339.87
30.191654,339.23
30.188916,339.33
30.186178,339.02
30.18344,339.23
30.180702,339.73
30.175226,339.02
30.172488,339.04
30.16975,340.25
30.167012,340.26
30.164275,338.81
30.161537,338.5
30.158799,338.84
30.156061,339.66
30.153323,338.32
30.150585,338.01
30.147847,337.97
30.145109,337.88
30.142371,338.38
30.139633,338.33
30.136895,338.64
30.134158,338.61
30.13142,338.64
30.128682,338.76
30.125944,338.98
30.123206,338.18
30.120468,338.54
30.11773,337.45
30.114992,337.22
30.112254,337.2
30.104041,338.46
30.101303,338.14
30.098565,338.88
30.095827,338.4
30.093089,338.49
30.090351,337.86
30.087613,337.6
30.084875,337.56
30.082137,337.9
30.079399,337.75
30.076661,338.37
30.073924,338.17
30.071186,338.22
30.068448,338.63
30.06571,338.64
30.062972,339.64
30.060234,339.5
30.057496,337.72
30.054758,338.17
30.05202,338.7
30.049282,337.89
30.046544,338.2
30.043807,336.94
30.041069,337.54
30.038331,337.45
30.035593,337.75
30.032855,337.49
30.030117,337.5
30.027379,337
30.024641,337
30.021903,337.31
30.019165,337.86
30.016427,337.25
30.01369,337.65
30.010952,337.7
30.008214,337.75
30.005476,337.32
30.002738,337.85
29.999337,337.21
29.996599,337.2
29.993861,337.01
29.991123,337.25
29.988385,337.29
29.985647,337.81
29.982909,337.15
29.980172,336.79
29.977434,336.64
29.974696,336.97
29.971958,337.6
29.96922,336.91
29.963744,336.69
29.961006,336.72
29.958268,336.7
29.95553,336.78
29.952792,336.83
29.950055,336.88
29.947317,336.88
29.944579,336.73
29.941841,336.23
29.939103,336.38
29.936365,336.24
29.933627,336.58
29.930889,336.85
29.928151,336.56
29.925413,336.28
29.922675,336.2
29.919938,336.04
29.9172,336.18
29.914462,336.05
29.911724,335.84
29.908986,335.69
29.906248,335.68
29.90351,335.84
29.900772,335.87
29.898034,336.15
29.895296,335.64
29.892558,335.5
29.889821,335.44
29.887083,335.47
29.884345,335.76
29.881607,335.94
29.878869,335.91
29.876131,335.71
29.873393,335.98
29.870655,335.45
29.867917,334.79
29.865179,334.97
29.862441,334.54
29.859704,335.1
29.856966,335.11
29.854228,334.77
29.85149,334.5
29.848752,334.55
29.846014,334.72
29.843276,334.84
29.840538,334.63
29.8378,334.67
29.832324,334.66
29.829587,334.4
29.826849,334.33
29.824111,334.46
29.821373,334.34
29.818635,334.34
29.815897,334.27
29.813159,334.22
29.810421,333.75
29.807683,333.31
29.804945,333.83
29.802207,333.95
29.79947,334.13
29.796732,334.25
29.793994,334.27
29.791256,334.04
29.788518,334.02
29.78578,333.95
29.783042,334.12
29.780304,334.21
29.777566,334.76
29.766615,334.72
29.763877,334.24
29.761139,333.61
29.755663,334.09
29.752925,334.12
29.750187,334.42
29.747449,334.11
29.744711,334.4
29.741973,333.78
29.739235,334.23
29.736498,333.42
29.73376,333.36
29.728284,333.11
29.725546,333.02
29.722808,333.01
29.72007,334.09
29.717332,333.28
29.714594,334.42
29.711856,334.94
29.709118,333.81
29.706381,333.07
29.703643,334.49
29.700905,333.77
29.698167,335.02
29.695429,335.03
29.692691,335.39
29.689953,335.83
29.684477,334.21
29.681739,333.27
29.679001,333.54
29.676264,334.05
29.673526,333.65
29.670788,334.44
29.66805,335.13
29.665312,334.88
29.662574,334.89
29.659836,335.58
29.657098,335.41
29.648884,333.68
29.646147,333.88
29.643409,334.95
29.640671,334.02
29.637933,335.31
29.635195,335.73
29.632457,336.08
29.629719,336.37
29.626981,336.1
29.624243,335.81
29.621505,336.19
29.618767,336.39
29.61603,336.18
29.613292,336.61
29.610554,336.45
29.607816,336.43
29.605078,336.59
29.60234,336.25
29.599602,336.21
29.596864,336.17
29.591388,336.74
29.58865,336.66
29.580437,337.01
29.577699,337.2
29.574961,336.59
29.572223,336.53
29.569485,335.4
29.566747,337.25
29.564009,336.41
29.561271,336.4
29.558533,337.07
29.555796,337.47
29.553058,337.57
29.55032,338.49
29.547582,337.92
29.544844,338.09
29.542106,337.81
29.539368,338.26
29.53663,337.8
29.533892,337.82
29.531154,337.98
29.525679,338.24
29.522941,336.53
29.517465,337.94
29.514727,338.22
29.511989,338.15
29.509251,338.42
29.506513,338.47
29.501037,337.26
29.498299,338.3
29.495562,338.95
29.490086,338.88
29.487348,339.4
29.48461,339.41
29.481872,338.93
29.479134,338.85
29.473658,339.12
29.47092,339.35
29.468182,339.22
29.465445,339.02
29.462707,339.32
29.459969,338.78
29.457231,338.87
29.451755,338.82
29.449017,338.6
29.443541,339.09
29.440803,339.34
29.438065,339.66
29.435328,339.59
29.43259,339.63
29.429852,339.7
29.427114,339.68
29.424376,339.65
29.421638,340.18
29.4189,340.24
29.410686,339.94
29.407948,339.62
29.405211,339.22
29.402473,339.41
29.399735,339.48
29.394259,339.22
29.391521,340.41
29.386045,339.69
29.383307,339.8
29.380569,339.54
29.377831,339.95
29.372356,339.56
29.369618,339.22
29.36688,338.45
29.364142,338.56
29.355928,338.31
29.350452,339.26
29.344977,338.88
29.342239,338.9
29.339501,339.02
29.336763,339.13
29.334025,339.57
29.331287,340.1
29.328549,340.08
29.325811,339.7
29.323073,341.01
29.320335,339.06
29.317597,338.97
29.31486,339.39
29.312122,340.21
29.309384,339.66
29.306646,338.98
29.303908,338.95
29.30117,338.85
29.298432,339.03
29.295694,338.64
29.292956,338.4
29.290218,339.02
29.28748,338.47
29.284743,337.94
29.282005,339.43
29.279267,338.59
29.276529,338.47
29.271053,339.13
29.268315,338.82
29.260101,337.75
29.257363,337.49
29.254626,338.14
29.251888,338.5
29.24915,338.87
29.246412,339.28
29.243674,339.12
29.240936,338.05
29.238198,338.35
29.23546,338.84
29.232722,339.57
29.229984,339.56
29.227246,339.77
29.224509,339.74
29.221771,338.96
29.216295,337.22
29.213557,337.28
29.210819,336.98
29.205343,338.65
29.199867,337.41
29.197129,337.45
29.194392,338.24
29.188916,338.19
29.186178,338.54
29.18344,337.91
29.180702,337.87
29.177964,337.31
29.175226,337.59
29.172488,337.78
29.16975,336.9
29.167012,336.72
29.164275,336.57
29.161537,336.89
29.158799,336.91
29.156061,337.01
29.153323,337.37
29.150585,336.68
29.147847,336.06
29.145109,336.75
29.142371,336.94
29.139633,337.12
29.136895,337.03
29.134158,336.73
29.13142,336.5
29.128682,336.2
29.125944,336.2
29.123206,336.46
29.120468,336.77
29.11773,336.95
29.114992,336.58
29.112254,336.26
29.109516,336.28
29.106778,335.96
29.104041,336.89
29.101303,336.61
29.098565,337.08
29.095827,336.52
29.090351,336.71
29.087613,336.93
29.084875,337.26
29.082137,337.16
29.079399,337.55
29.076661,337.19
29.073924,337.39
29.071186,336.68
29.068448,336.46
29.06571,337.03
29.062972,337.59
29.060234,337.07
29.057496,336.91
29.054758,336.4
29.05202,336.39
29.049282,336.66
29.046544,336.44
29.043807,336.12
29.041069,337.79
29.038331,336.65
29.035593,336.39
29.032855,335.56
29.030117,335.36
29.027379,335.15
29.024641,335.03
29.021903,335.56
29.019165,335.33
29.016427,335.13
29.01369,335.08
29.010952,335.19
29.008214,335.08
29.005476,335.26
29.002738,335.2
28.999337,335.43
28.996599,335.05
28.993861,335.05
28.991123,335.01
28.988385,335.55
28.985647,334.92
28.982909,334.95
28.980172,334.94
28.977434,335.62
28.974696,336.02
28.971958,335.14
28.96922,335.09
28.966482,335.17
28.963744,335.11
28.961006,334.24
28.958268,335.07
28.95553,335.13
28.952792,335.05
28.950055,335.38
28.947317,335
28.944579,334.48
28.941841,334.67
28.939103,335.06
28.936365,334.54
28.933627,334.47
28.930889,334.73
28.928151,334.47
28.925413,334.08
28.922675,334.47
28.919938,334.2
28.9172,334.41
28.908986,334
28.906248,333.87
28.90351,334.13
28.900772,334.25
28.898034,333.76
28.895296,334.31
28.892558,334.12
28.889821,334.61
28.887083,334.36
28.884345,333.64
28.881607,333.59
28.878869,333.51
28.876131,333.78
28.873393,333.64
28.870655,333.58
28.867917,333.56
28.865179,333.57
28.862441,333.66
28.859704,333.54
28.856966,333.56
28.854228,333.77
28.85149,333.31
28.848752,333.71
28.846014,333.89
28.843276,333.33
28.840538,333.58
28.8378,333.26
28.829587,332.7
28.826849,333.26
28.824111,332.81
28.821373,332.85
28.818635,332.85
28.815897,332.7
28.813159,332.58
28.810421,332.99
28.807683,332.69
28.804945,332.81
28.802207,333.2
28.79947,332.84
28.796732,332.61
28.793994,332.37
28.791256,332.73
28.788518,332.39
28.78578,331.83
28.783042,331.6
28.780304,331.56
28.774828,331.64
28.77209,332.39
28.769353,332.07
28.766615,332.4
28.763877,332.06
28.761139,331.89
28.755663,332.44
28.752925,332.49
28.750187,332.15
28.747449,332.95
28.744711,333.31
28.741973,333.33
28.739235,332.46
28.736498,332.29
28.731022,332.53
28.728284,331.82
28.725546,332.25
28.722808,332.66
28.72007,332.16
28.717332,331.26
28.714594,331.71
28.709118,332.37
28.706381,332.33
28.700905,331.47
28.698167,331.9
28.695429,331.48
28.692691,331.59
28.689953,333.5
28.687215,333.28
28.684477,332.95
28.681739,331.99
28.66805,333.94
28.665312,333.73
28.662574,333.67
28.659836,333.88
28.651622,334.07
28.640671,334.34
28.629719,334.24
28.621505,334.65
28.618767,334.83
28.61603,335.03
28.613292,334.7
28.610554,334.52
28.607816,334.27
28.605078,334.56
28.60234,334.54
28.599602,334.79
28.596864,335.12
28.594126,335.15
28.591388,335.42
28.585913,335.11
28.583175,335.53
28.580437,335.41
28.577699,335.95
28.572223,335.55
28.569485,335.89
28.566747,335.62
28.564009,335.38
28.561271,335.98
28.558533,336.24
28.555796,336.03
28.553058,336.01
28.55032,335.92
28.547582,335.77
28.544844,336.81
28.542106,336.92
28.539368,337.09
28.53663,336.51
28.533892,336.64
28.531154,336.64
28.528416,336.79
28.525679,336.94
28.522941,337.24
28.520203,336.76
28.517465,336.66
28.514727,336.96
28.511989,336.45
28.501037,336.15
28.495562,337.83
28.492824,337.55
28.487348,337.27
28.48461,337.28
28.481872,337.44
28.479134,337.33
28.476396,337.66
28.473658,337.92
28.468182,337.6
28.459969,337.58
28.457231,338.06
28.454493,337.93
28.451755,338.23
28.449017,338.48
28.446279,338.03
28.443541,338.08
28.43259,338.29
28.429852,338.17
28.424376,338.62
28.421638,338.54
28.4189,338.87
28.413424,338.35
28.410686,338.35
28.407948,338.48
28.405211,338.03
28.402473,337.37
28.399735,337.52
28.394259,337.7
28.391521,338.27
28.388783,337.91
28.386045,337.69
28.383307,337.45
28.380569,337.25
28.377831,337.56
28.375094,338.74
28.372356,337.56
28.369618,338.45
28.36688,338.2
28.364142,338.47
28.361404,338.77
28.358666,338.1
28.355928,337.45
28.35319,337.6
28.350452,337.84
28.344977,339.6
28.342239,338.42
28.339501,337.78
28.336763,338.47
28.334025,338.34
28.331287,338.37
28.328549,338.29
28.325811,338.3
28.323073,337.77
28.320335,337.77
28.317597,337.67
28.31486,337.66
28.309384,337.75
28.306646,338.39
28.303908,337.17
28.30117,337
28.298432,337.15
28.295694,337.63
28.292956,337.97
28.290218,337.93
28.28748,338.28
28.284743,337.81
28.282005,338.06
28.279267,337.84
28.276529,337.86
28.273791,337.64
28.271053,338.49
28.262839,337.86
28.260101,336.96
28.257363,336.75
28.254626,336.35
28.251888,337.74
28.246412,338.36
28.243674,336.6
28.240936,335.87
28.238198,337.44
28.23546,338.01
28.232722,337.45
28.229984,337.58
28.227246,336.8
28.224509,336.67
28.221771,336.73
28.219033,337.12
28.216295,336.76
28.213557,336.58
28.210819,336.82
28.208081,337.68
28.205343,336.82
28.199867,336.94
28.197129,335.69
28.194392,336.42
28.191654,336.19
28.188916,336.22
28.186178,336.23
28.18344,335.46
28.180702,335.98
28.177964,336.18
28.175226,336.17
28.172488,336.3
28.16975,336.78
28.167012,336.86
28.164275,335.14
28.161537,335.09
28.158799,336.51
28.156061,334.98
28.153323,335.95
28.150585,335.91
28.147847,335.94
28.145109,334.88
28.142371,334.71
28.139633,335.04
28.136895,336.07
28.13142,335.65
28.128682,335.81
28.125944,335.2
28.123206,334.86
28.120468,335.03
28.11773,335.1
28.114992,335.32
28.112254,335.33
28.109516,334.95
28.106778,334.75
28.104041,334.48
28.101303,334.31
28.098565,334.59
28.095827,335.81
28.093089,335.16
28.090351,335.4
28.087613,335.52
28.084875,335.98
28.082137,334.39
28.079399,334.66
28.076661,336.59
28.073924,335.73
28.071186,335.01
28.068448,335.56
28.06571,335.49
28.060234,336.05
28.057496,334.64
28.054758,334.82
28.05202,334.77
28.049282,335.67
28.046544,334.57
28.043807,334.85
28.041069,334.98
28.038331,334.82
28.035593,334.52
28.032855,334.67
28.030117,334.72
28.027379,334.06
28.024641,334.16
28.021903,333.64
28.019165,334.09
28.016427,334.71
28.01369,334.78
28.010952,334.88
28.008214,335.38
28.005476,335.57
28.002738,334.26
27.999337,333.97
27.996599,333.89
27.993861,334.51
27.991123,334.7
27.988385,334.08
27.985647,333.8
27.982909,333.67
27.980172,334.4
27.977434,334.73
27.974696,333.75
27.971958,333.92
27.96922,334.08
27.966482,333.61
27.963744,333.75
27.961006,333.23
27.958268,333.8
27.95553,333.41
27.952792,333.08
27.950055,333.5
27.944579,333.83
27.941841,334.07
27.939103,333.49
27.936365,333.05
27.933627,333.09
27.930889,333.02
27.925413,333.32
27.922675,333.23
27.919938,332.63
27.9172,332.49
27.914462,332.46
27.911724,332.97
27.908986,332.9
27.906248,332.79
27.90351,332.69
27.900772,332.86
27.898034,333.9
27.889821,332.52
27.887083,332.63
27.884345,332.49
27.881607,332.37
27.876131,332.47
27.867917,332.78
27.865179,332.27
27.862441,332.28
27.859704,331.85
27.856966,331.99
27.85149,332.04
27.848752,332.04
27.846014,332.01
27.843276,331.69
27.835062,331.88
27.829587,331.9
27.826849,331.8
27.824111,331.37
27.821373,331.35
27.818635,331.33
27.815897,331.39
27.813159,331.37
27.810421,330.92
27.807683,331.13
27.804945,331.25
27.79947,331.46
27.796732,331.28
27.793994,331.32
27.791256,331.44
27.78578,331.76
27.783042,331.65
27.780304,331.4
27.777566,331.35
27.769353,330.93
27.766615,330.83
27.763877,330.73
27.761139,330.74
27.758401,330.95
27.755663,331.42
27.752925,331.44
27.750187,331.1
27.747449,331.05
27.744711,330.93
27.741973,330.76
27.739235,330.74
27.731022,331.71
27.728284,330
27.725546,330.02
27.714594,331.1
27.711856,331.73
27.709118,331.55
27.706381,331.72
27.703643,331.24
27.700905,331.86
27.698167,331.16
27.695429,331.14
27.689953,330.49
27.687215,331.54
27.684477,331.52
27.681739,331.56
27.670788,331.69
27.66805,332.26
27.665312,332.29
27.659836,332.34
27.657098,332.68
27.651622,331.58
27.648884,331.56
27.646147,332.33
27.632457,332.9
27.621505,332.73
27.618767,332.9
27.613292,332.58
27.607816,331.83
27.605078,332.41
27.60234,332.88
27.599602,333
27.596864,332.79
27.594126,333.21
27.591388,333.53
27.585913,333.53
27.580437,334.04
27.577699,333.87
27.574961,334.13
27.572223,333.88
27.569485,334.02
27.566747,334.22
27.564009,334.27
27.561271,334.25
27.558533,334.36
27.55032,334.47
27.542106,334.95
27.539368,335.05
27.53663,335.02
27.533892,335.12
27.531154,335.91
27.528416,335.05
27.517465,335
27.514727,335.3
27.511989,335.47
27.503775,335.62
27.501037,335.46
27.498299,335.73
27.495562,335.77
27.492824,335.65
27.490086,336
27.487348,335.8
27.48461,335.66
27.481872,335.71
27.479134,336.59
27.476396,336.85
27.473658,337.03
27.47092,336.86
27.465445,335.51
27.462707,335.71
27.459969,336.2
27.457231,335.94
27.451755,336.47
27.449017,336.09
27.446279,336.13
27.443541,336.26
27.440803,336.02
27.438065,336.15
27.435328,336.17
27.43259,335.98
27.429852,336.12
27.427114,336.02
27.424376,336.24
27.421638,336.6
27.4189,336.69
27.416162,337.24
27.413424,336.85
27.410686,336.62
27.407948,336.76
27.405211,336.81
27.402473,336.62
27.399735,336.92
27.396997,337.06
27.394259,337.25
27.391521,337.03
27.388783,337.1
27.386045,336.81
27.383307,336.92
27.377831,337.62
27.372356,336.62
27.369618,337.19
27.36688,336.87
27.364142,336.13
27.361404,335.95
27.358666,336.74
27.355928,336.96
27.35319,336.97
27.347714,336.77
27.336763,337.4
27.334025,337.28
27.331287,336.84
27.328549,337.64
27.325811,336.29
27.323073,336.04
27.320335,336.49
27.317597,336.57
27.31486,336.33
27.312122,336.15
27.309384,336.91
27.306646,336.33
27.303908,336.26
27.30117,336.2
27.298432,336.04
27.295694,335.72
27.292956,336.61
27.290218,337.09
27.284743,336.1
27.282005,335.43
27.279267,335.19
27.276529,335.45
27.268315,335.79
27.265577,335.97
27.262839,335.73
27.260101,335.75
27.257363,336.34
27.254626,336.66
27.246412,335.16
27.243674,335.09
27.240936,335.43
27.23546,334.96
27.232722,334.42
27.229984,334.85
27.227246,335.28
27.224509,335.09
27.221771,335.38
27.219033,336.1
27.216295,335.65
27.213557,334.88
27.210819,334.53
27.208081,335.52
27.205343,334.53
27.202605,335.35
27.199867,335.36
27.197129,334.8
27.194392,334.72
27.191654,334.56
27.188916,334.45
27.186178,334.95
27.18344,333.79
27.180702,333.69
27.177964,334.69
27.175226,335.05
27.172488,334.53
27.16975,334.79
27.164275,334.67
27.161537,333.52
27.158799,333.69
27.156061,333.25
27.153323,333.28
27.150585,333.24
27.147847,333.07
27.145109,333.32
27.142371,332.94
27.139633,332.78
27.136895,333.04
27.134158,333.29
27.13142,333.6
27.128682,333.03
27.125944,332.79
27.123206,333.08
27.11773,333.23
27.114992,333.65
27.112254,333.38
27.106778,333.06
27.104041,332.92
27.093089,332.99
27.090351,332.99
27.087613,333.05
27.082137,332.75
27.079399,333.33
27.076661,332.65
27.073924,332.91
27.071186,332.84
27.068448,332.9
27.06571,332.86
27.062972,333.38
27.060234,333.32
27.057496,333.15
27.054758,332.54
27.05202,332.5
27.038331,333.61
27.035593,332.89
27.032855,332.11
27.030117,331.94
27.027379,332.18
27.024641,332.24
27.021903,332.21
27.019165,332.32
27.016427,332.13
27.01369,332.31
27.010952,332.47
27.008214,333.02
27.005476,332.3
27.002738,332.4
27.002075,332.37
26.999337,332.47
26.996599,332.64
26.993861,332.18
26.991123,332.34
26.988385,332.25
26.985647,332.28
26.982909,331.72
26.980172,331.82
26.977434,331.64
26.974696,331.32
26.971958,331.73
26.96922,331.53
26.966482,331.96
26.963744,332.49
26.961006,332.81
26.958268,331.64
26.95553,331.75
26.952792,331.36
26.950055,331.35
26.947317,331.39
26.944579,331.32
26.941841,331.32
26.939103,330.85
26.936365,331.11
26.933627,331.42
26.930889,331.55
26.928151,330.45
26.925413,331.17
26.922675,330.77
26.919938,330.67
26.9172,330.6
26.914462,330.5
26.911724,330.6
26.908986,330.73
26.906248,330.52
26.90351,330.39
26.900772,330.22
26.898034,330.5
26.895296,330.98
26.892558,330.54
26.889821,330.32
26.887083,330.13
26.884345,330.15
26.881607,330.12
26.878869,329.84
26.876131,330.3
26.873393,330.31
26.870655,329.95
26.867917,330.69
26.865179,330.48
26.862441,330.71
26.856966,330.28
26.854228,330
26.85149,329.59
26.848752,329.71
26.843276,329.73
26.840538,329.29
26.8378,328.54
26.835062,329.3
26.829587,329.17
26.826849,328.86
26.824111,328.86
26.821373,328.51
26.818635,328.79
26.815897,328.44
26.813159,329.26
26.810421,329.91
26.807683,329.9
26.79947,329.67
26.796732,328.87
26.793994,329.61
26.78578,327.73
26.783042,327.98
26.780304,328.99
26.777566,329.47
26.77209,328.63
26.769353,328.77
26.766615,329.41
26.763877,328.16
26.761139,328
26.758401,329.19
26.755663,329.17
26.752925,327.73
26.750187,327.84
26.747449,327.96
26.744711,327.79
26.741973,328.13
26.739235,327.09
26.736498,328.1
26.73376,329.32
26.731022,330.01
26.728284,327.68
26.725546,328.25
26.722808,329.11
26.72007,329.05
26.717332,330.08
26.711856,329.06
26.709118,330.35
26.706381,330.92
26.700905,330.03
26.698167,330.08
26.695429,329.84
26.689953,329.49
26.687215,329.26
26.684477,329.23
26.679001,329.22
26.673526,331.19
26.670788,330.59
26.66805,330.28
26.659836,329.16
26.657098,330.02
26.65436,329.78
26.651622,329.92
26.648884,330.48
26.646147,330.77
26.643409,330.41
26.640671,330.26
26.635195,330.79
26.632457,330.29
26.629719,330.62
26.626981,330.25
26.624243,330.61
26.621505,329.84
26.618767,330.44
26.61603,331.49
26.613292,329.37
26.610554,331.46
26.607816,331.58
26.60234,331.34
26.599602,331.65
26.596864,331.85
26.594126,331.98
26.591388,331.82
26.58865,331.64
26.585913,331.38
26.583175,332.03
26.580437,331.88
26.577699,332.33
26.574961,332.26
26.572223,332.51
26.566747,332.68
26.564009,332.17
26.561271,332.36
26.558533,332.42
26.555796,332.7
26.553058,332.71
26.544844,332.4
26.542106,332.27
26.53663,333.5
26.533892,333.6
26.528416,333.35
26.525679,333.06
26.522941,333.77
26.520203,333.67
26.517465,333.86
26.514727,333.74
26.511989,333.8
26.509251,334.17
26.506513,333.39
26.503775,333.63
26.473658,334.12
26.47092,333.92
26.468182,333.98
26.465445,334.12
26.462707,334.29
26.459969,334.14
26.457231,334.06
26.451755,334.28
26.449017,334.55
26.446279,335.26
26.443541,334.04
26.440803,334.23
26.438065,334.36
26.435328,333.8
26.43259,334.53
26.429852,334.07
26.427114,334.06
26.424376,334.05
26.421638,334.44
26.4189,334.57
26.416162,334.88
26.413424,334.58
26.410686,334.53
26.407948,335.79
26.402473,335.34
26.399735,335.31
26.396997,335.19
26.394259,335.27
26.391521,335.33
26.388783,335.51
26.386045,335.01
26.380569,335.3
26.377831,335.41
26.372356,334.07
26.369618,334.09
26.36688,333.95
26.364142,334.77
26.358666,334.7
26.355928,334.4
26.35319,333.45
26.344977,333.94
26.342239,334.95
26.339501,334.35
26.336763,334.47
26.334025,334.74
26.331287,335.19
26.328549,336.73
26.323073,333.98
26.320335,334.66
26.317597,334.25
26.31486,334.44
26.312122,334.42
26.309384,335.5
26.303908,334.58
26.30117,334.81
26.298432,334.23
26.295694,334.47
26.292956,334.32
26.28748,334.28
26.282005,333.71
26.279267,333.02
26.276529,334.77
26.273791,335.35
26.271053,335.15
26.260101,334.98
26.257363,334.75
26.254626,334.57
26.251888,334.32
26.24915,335.3
26.246412,334.49
26.243674,334.6
26.240936,334.79
26.238198,334.56
26.23546,334.69
26.229984,334.11
26.227246,333.6
26.224509,333.78
26.219033,333.18
26.213557,333.03
26.210819,333.18
26.208081,333.7
26.205343,333.85
26.202605,334.44
26.199867,333.33
26.197129,333.24
26.194392,332.87
26.191654,333.02
26.188916,332.39
26.186178,332.96
26.18344,332.54
26.180702,332.3
26.177964,332.06
26.175226,332.39
26.16975,332.58
26.167012,332.08
26.164275,332.64
26.161537,332.92
26.158799,332.86
26.156061,333.59
26.150585,333.19
26.147847,334.14
26.145109,333.59
26.142371,332.6
26.139633,332.44
26.136895,332.85
26.134158,332.64
26.13142,332.35
26.128682,332.64
26.125944,332.74
26.123206,333.01
26.120468,332.1
26.11773,332.94
26.114992,332.4
26.112254,332.08
26.106778,332.4
26.104041,332.18
26.098565,332.24
26.095827,332.06
26.093089,332.35
26.090351,333.33
26.087613,332.27
26.084875,331.85
26.082137,332.1
26.076661,331.59
26.073924,332.19
26.071186,332.04
26.068448,331.7
26.06571,331.47
26.062972,331.82
26.060234,331.42
26.057496,331.75
26.054758,331.77
26.049282,331.73
26.046544,331.77
26.043807,331.64
26.041069,332.02
26.038331,331.83
26.035593,331.87
26.032855,331.26
26.030117,331.17
26.027379,331.2
26.024641,331.36
26.021903,331.2
26.019165,331.57
26.016427,331.58
26.01369,331.86
26.010952,331.82
26.008214,331.35
26.005476,331.32
26.002738,331.38
25.999337,331.47
25.996599,331.44
25.993861,331.06
25.991123,331.09
25.985647,331.41
25.982909,331.42
25.974696,330.56
25.96922,331.19
25.966482,331.38
25.963744,331.21
25.961006,331.1
25.958268,330.92
25.95553,330.64
25.952792,330.26
25.950055,330.31
25.947317,330.58
25.944579,330.38
25.941841,330.76
25.939103,330.38
25.936365,330.28
25.933627,330.12
25.930889,330.16
25.928151,330.5
25.925413,330.21
25.914462,329.72
25.911724,330.09
25.908986,330.27
25.906248,330.1
25.895296,330.11
25.892558,329.47
25.889821,329.31
25.887083,329.62
25.878869,329.31
25.876131,329.12
25.873393,329.19
25.870655,329.06
25.867917,328.81
25.865179,329.08
25.862441,329.09
25.859704,329.1
25.856966,328.93
25.854228,328.82
25.85149,329.39
25.846014,329.01
25.843276,328.6
25.840538,328.92
25.8378,329.41
25.835062,329.44
25.826849,328.75
25.824111,328.54
25.821373,328.61
25.818635,328.68
25.815897,328.65
25.813159,328.83
25.810421,328.76
25.802207,328.55
25.79947,328.38
25.796732,328.72
25.793994,328.57
25.791256,328.76
25.788518,328.35
25.783042,328.27
25.780304,327.45
25.774828,328.2
25.77209,327.88
25.766615,327.96
25.761139,327.98
25.758401,328.03
25.755663,328.23
25.752925,327.71
25.750187,327.64
25.747449,327.99
25.744711,328.29
25.741973,328.24
25.739235,328.22
25.736498,327.95
25.73376,327.84
25.728284,328.16
25.725546,327.9
25.722808,327.97
25.72007,328.04
25.717332,327.66
25.714594,327.77
25.711856,327.39
25.709118,327.92
25.706381,327.9
25.703643,328.95
25.692691,329.71
25.689953,329.25
25.687215,329.31
25.681739,329.68
25.679001,329.59
25.676264,329.25
25.673526,329.43
25.670788,329.65
25.66805,328.87
25.665312,328.63
25.662574,328.66
25.659836,328.76
25.657098,328.85
25.65436,328.31
25.651622,328.49
25.648884,328.08
25.646147,329.3
25.643409,328.95
25.640671,329.19
25.637933,329.34
25.635195,329.66
25.632457,329.58
25.629719,330.18
25.624243,330.36
25.621505,330.58
25.618767,330.28
25.61603,330.32
25.613292,330.37
25.610554,330.24
25.605078,330.69
25.60234,331.02
25.599602,330.89
25.596864,330.86
25.594126,331.35
25.591388,330.97
25.58865,330.98
25.585913,330.66
25.583175,330.87
25.580437,331.15
25.577699,331.09
25.574961,332
25.572223,330.94
25.569485,330.86
25.566747,331.47
25.564009,331.83
25.558533,331.5
25.555796,330.66
25.553058,330.51
25.55032,330.02
25.547582,331.16
25.544844,331.1
25.539368,331.5
25.53663,332.77
25.533892,332.02
25.531154,331.68
25.528416,332.1
25.525679,331.91
25.522941,332.92
25.520203,332.14
25.517465,332.17
25.514727,332.39
25.511989,332.7
25.509251,332.72
25.506513,332.97
25.503775,332.82
25.501037,333.02
25.498299,333.67
25.495562,332.91
25.492824,332.84
25.490086,333
25.487348,332.93
25.48461,333.4
25.481872,333.04
25.479134,334.24
25.476396,334.13
25.473658,333.13
25.47092,332.7
25.468182,333.43
25.465445,333.12
25.462707,333.35
25.459969,333.76
25.457231,333.24
25.454493,332.93
25.451755,332.93
25.449017,332.69
25.446279,333.45
25.443541,333.12
25.440803,333.23
25.438065,333.54
25.435328,334.02
25.43259,333.7
25.429852,334.14
25.427114,334.01
25.424376,333.5
25.421638,334.01
25.4189,334.02
25.416162,334.31
25.413424,333.44
25.410686,334.12
25.407948,334.03
25.405211,334.02
25.402473,334.25
25.399735,334.21
25.396997,333.91
25.394259,333.42
25.391521,333.9
25.388783,333.15
25.386045,333.34
25.380569,333.11
25.377831,333.43
25.375094,333.34
25.372356,334.37
25.369618,334.58
25.36688,334.63
25.364142,333.98
25.361404,333.94
25.358666,333.99
25.355928,333.97
25.35319,333.82
25.350452,333.98
25.347714,333.91
25.344977,333.97
25.342239,333.91
25.339501,334
25.336763,334.34
25.334025,333.96
25.331287,333.9
25.328549,333.5
25.325811,332.83
25.323073,332.86
25.320335,333.01
25.317597,332.76
25.31486,333.09
25.312122,334.07
25.309384,333.75
25.306646,333.58
25.303908,333.42
25.30117,333.07
25.298432,333.16
25.295694,333.45
25.292956,332.84
25.290218,333.74
25.28748,333.49
25.284743,333.48
25.276529,333.76
25.273791,333.07
25.271053,332.01
25.268315,332.41
25.265577,332.61
25.262839,332.68
25.260101,332.56
25.257363,333.19
25.254626,333.81
25.251888,333.53
25.24915,333.43
25.246412,333.11
25.243674,332.18
25.240936,332.63
25.238198,331.73
25.23546,331.75
25.232722,331.72
25.227246,331.89
25.224509,332.08
25.221771,332.12
25.219033,332.09
25.216295,332.2
25.213557,331.8
25.210819,332.33
25.208081,332
25.205343,331.58
25.202605,331.59
25.199867,332.49
25.197129,331.7
25.194392,331.61
25.191654,331.49
25.188916,331.7
25.186178,331.58
25.18344,331.76
25.180702,331.75
25.177964,331.51
25.175226,331.93
25.172488,332.05
25.16975,331.97
25.167012,332.13
25.164275,332.58
25.161537,331.22
25.158799,331.79
25.156061,331.76
25.153323,331.94
25.150585,331.93
25.147847,332.53
25.145109,331.7
25.142371,331.36
25.139633,331.09
25.136895,331.54
25.134158,331.07
25.13142,331.6
25.128682,331.17
25.125944,331.03
25.123206,331.07
25.120468,331.04
25.11773,330.88
25.114992,331.19
25.112254,330.95
25.109516,331.65
25.106778,331.55
25.104041,331.69
25.101303,331.78
25.098565,332.17
25.095827,332.02
25.093089,330.64
25.090351,330.96
25.087613,330.79
25.084875,330.74
25.082137,330.96
25.079399,331.18
25.076661,331.79
25.073924,331.33
25.071186,331.75
25.068448,331.73
25.06571,330.79
25.062972,330.5
25.060234,330.6
25.057496,330.62
25.054758,330.75
25.05202,330.61
25.049282,329.99
25.046544,330.18
25.043807,330.29
25.041069,331.54
25.038331,331.26
25.035593,330.38
25.032855,330.51
25.030117,330.2
25.027379,329.8
25.024641,330.43
25.021903,330.51
25.019165,330.33
25.01369,330.66
25.010952,330.77
25.008214,330.65
25.005476,330.17
25.002738,330.39
24.999337,330.28
24.996599,330.69
24.993861,329.72
24.991123,329.96
24.988385,329.74
24.985647,330.32
24.982909,329.75
24.980172,329.83
24.977434,330.18
24.974696,329.94
24.971958,329.95
24.96922,330.11
24.966482,329.46
24.963744,329.78
24.961006,330.19
24.958268,329.44
24.95553,329.44
24.952792,329.24
24.950055,329.51
24.947317,329.06
24.944579,329.35
24.941841,329.42
24.939103,329.95
24.936365,329.23
24.933627,328.75
24.925413,328.91
24.919938,328.7
24.9172,328.66
24.914462,328.6
24.911724,328.18
24.908986,328.59
24.906248,328.47
24.90351,328.47
24.900772,328.64
24.898034,328.84
24.895296,328.48
24.892558,328.56
24.889821,328.56
24.887083,328.26
24.884345,328.29
24.881607,328.64
24.878869,329.12
24.876131,328.98
24.873393,329.77
24.870655,328.14
24.867917,328.24
24.865179,328.65
24.862441,327.97
24.859704,327.91
24.856966,327.35
24.854228,327.76
24.85149,328
24.848752,327.86
24.846014,327.79
24.843276,327.95
24.840538,327.91
24.8378,327.8
24.835062,327.72
24.832324,327.48
24.829587,327.46
24.826849,327.53
24.824111,327.87
24.821373,327.6
24.818635,327.44
24.815897,327.41
24.813159,327.46
24.810421,327.32
24.807683,327.26
24.804945,327.33
24.802207,327.36
24.79947,327.34
24.793994,327.18
24.791256,327.26
24.78578,327.22
24.783042,327.15
24.780304,327.25
24.777566,326.72
24.774828,327
24.769353,327.17
24.766615,327.29
24.763877,327.01
24.761139,326.69
24.758401,327.9
24.755663,327.53
24.752925,327.91
24.750187,327.48
24.747449,327.59
24.744711,327.28
24.741973,327.72
24.739235,327.5
24.736498,327.2
24.73376,326.25
24.731022,326.42
24.728284,327.05
24.725546,326.57
24.722808,326.42
24.72007,326.78
24.717332,327.23
24.714594,326.79
24.711856,326.06
24.709118,326.57
24.706381,327.07
24.703643,327.14
24.698167,328.14
24.695429,327.51
24.692691,327.82
24.689953,327.8
24.687215,328.1
24.684477,327.87
24.681739,327.88
24.679001,328.14
24.676264,328.12
24.673526,328.19
24.670788,327.72
24.66805,328.15
24.665312,328.06
24.662574,328.24
24.659836,328.12
24.657098,327.96
24.65436,328.36
24.651622,328.89
24.648884,328.69
24.646147,328.47
24.643409,328.76
24.640671,328.65
24.637933,329.41
24.635195,329.07
24.632457,329.3
24.629719,329.37
24.626981,329.36
24.624243,329.5
24.621505,328.63
24.618767,328.63
24.61603,329.34
24.613292,329.38
24.610554,328.97
24.607816,329.37
24.605078,329.71
24.60234,330.15
24.599602,330.29
24.596864,329.77
24.594126,325.83
24.591388,330.23
24.58865,329.79
24.585913,329.69
24.583175,329.59
24.580437,330.15
24.577699,330.83
24.569485,330.45
24.566747,330.29
24.564009,331.21
24.561271,331.17
24.558533,330.7
24.555796,330.83
24.553058,330.65
24.55032,330.68
24.547582,330.97
24.544844,330.74
24.542106,330.24
24.539368,330.8
24.53663,331.04
24.533892,330.97
24.531154,331.27
24.528416,331.26
24.525679,331.55
24.522941,331.47
24.520203,331.65
24.517465,331.46
24.511989,331.53
24.509251,331.58
24.506513,331.65
24.503775,332.06
24.501037,331.44
24.498299,331.82
24.495562,331.85
24.492824,331.89
24.490086,331.61
24.487348,331.28
24.48461,330.96
24.481872,332.02
24.479134,331.44
24.476396,332.25
24.473658,332.35
24.47092,332.53
24.468182,332.35
24.465445,332.33
24.462707,332.74
24.459969,332.18
24.457231,332.1
24.454493,332.02
24.451755,332.63
24.449017,331.85
24.446279,332.03
24.443541,332.18
24.440803,332.2
24.438065,332.36
24.435328,332
24.43259,332.09
24.429852,331.83
24.427114,332.64
24.424376,333.03
24.421638,333.02
24.4189,332.99
24.416162,333.15
24.413424,333.25
24.410686,333.3
24.407948,332.6
24.405211,332.43
24.402473,332.79
24.399735,333.32
24.396997,332.86
24.394259,333.28
24.391521,333.05
24.388783,333.21
24.386045,333.41
24.383307,333.64
24.380569,333.46
24.377831,333.11
24.375094,333.38
24.372356,333.35
24.369618,333.04
24.36688,332.84
24.364142,333.22
24.361404,332.96
24.358666,333.21
24.355928,333.21
24.35319,333.17
24.350452,333.08
24.347714,332.94
24.344977,333.01
24.342239,333.09
24.339501,333.16
24.336763,332.9
24.334025,332.77
24.331287,332.8
24.328549,332.83
24.325811,332.97
24.323073,333.03
24.320335,333.36
24.317597,333.19
24.31486,333.44
24.312122,333.41
24.309384,333.32
24.306646,333.27
24.303908,332.91
24.30117,332.72
24.298432,332.35
24.295694,333.17
24.292956,333.09
24.290218,332.98
24.28748,332.92
24.284743,332.26
24.282005,332.02
24.279267,331.92
24.276529,331.77
24.273791,331.85
24.271053,331.91
24.268315,332.33
24.265577,332.22
24.262839,332.55
24.260101,332.79
24.257363,332.44
24.254626,333.24
24.251888,332.97
24.24915,332.37
24.246412,331.31
24.243674,331.12
24.240936,330.97
24.238198,330.83
24.23546,330.9
24.232722,332.22
24.229984,332.99
24.227246,332.76
24.224509,331.52
24.221771,331.19
24.219033,331.75
24.216295,332.07
24.213557,332.42
24.210819,332.06
24.208081,332.4
24.205343,332.54
24.202605,332.1
24.199867,332.09
24.197129,331.78
24.194392,331.1
24.191654,330.91
24.188916,330.2
24.18344,331.38
24.180702,331.4
24.177964,331.03
24.175226,330.94
24.172488,331.1
24.167012,330.71
24.164275,330.4
24.161537,330.13
24.158799,331.1
24.156061,330.67
24.153323,330.48
24.150585,330.39
24.147847,330.65
24.145109,330.96
24.142371,330.82
24.139633,330.43
24.136895,330.28
24.134158,330.25
24.13142,330.27
24.128682,330.36
24.125944,330.69
24.123206,331.03
24.120468,331.3
24.11773,330.99
24.114992,331.05
24.112254,331.02
24.109516,331.08
24.106778,330.9
24.104041,330.48
24.101303,330.05
24.098565,330.39
24.095827,330.19
24.093089,330.51
24.090351,330.58
24.087613,330.8
24.084875,330.82
24.082137,330.42
24.079399,330.36
24.06571,329.76
24.062972,329.49
24.060234,329.66
24.057496,329.43
24.054758,329.23
24.05202,329.44
24.046544,329.09
24.043807,329.33
24.041069,329.2
24.038331,329.4
24.035593,329.23
24.032855,329.07
24.030117,329.1
24.027379,329.18
24.024641,329.17
24.021903,329.29
24.019165,328.81
24.016427,328.51
24.01369,328.73
24.010952,328.91
24.008214,328.98
23.985647,329.16
23.963744,329
23.961006,329.07
23.958268,328.96
23.95553,329.32
23.952792,329.34
23.947317,329.03
23.944579,329.05
23.928151,328.47
23.925413,328.5
23.922675,328.75
23.919938,328.82
23.9172,328.82
23.914462,329.13
23.911724,328.82
23.908986,328.84
23.906248,328.98
23.892558,328.77
23.889821,328.76
23.884345,328.79
23.881607,328.72
23.878869,328.72
23.865179,328.86
23.862441,328.74
23.854228,327.99
23.85149,327.78
23.848752,327.67
23.843276,328.16
23.840538,327.39
23.8378,327.52
23.835062,327.49
23.829587,327.38
23.826849,327.23
23.818635,326.81
23.815897,326.97
23.810421,327.57
23.807683,327.68
23.804945,323.39
23.802207,327.36
23.79947,327.34
23.796732,327.34
23.793994,327.36
23.791256,327.44
23.788518,327.6
23.78578,327.42
23.783042,327.32
23.780304,327.31
23.777566,327.5
23.774828,327.67
23.77209,327.31
23.769353,326.7
23.766615,326.92
23.763877,326.9
23.761139,327.5
23.758401,326.73
23.755663,326.58
23.73376,327.07
23.731022,326.75
23.728284,326.98
23.725546,327.62
23.722808,327.42
23.676264,328.39
23.673526,328.47
23.670788,328.54
23.66805,328.57
23.657098,328.88
23.65436,328.72
23.651622,328.68
23.648884,328.7
23.646147,328.46
23.643409,328.73
23.632457,328.95
23.629719,329.07
23.626981,329.08
23.624243,329.32
23.621505,329.18
23.618767,329.61
23.61603,329.24
23.613292,329.16
23.610554,328.93
23.607816,328.7
23.599602,330.1
23.596864,329.69
23.594126,330.41
23.591388,328.84
23.58865,328.75
23.585913,329.96
23.583175,330.43
23.580437,330.09
23.577699,330.32
23.574961,330.03
23.572223,330.28
23.569485,330.38
23.564009,329.57
23.561271,329.51
23.558533,330.22
23.555796,330.01
23.553058,329.87
23.55032,329.98
23.547582,329.82
23.544844,329.77
23.542106,329.79
23.539368,330.89
23.53663,330.9
23.533892,330.64
23.531154,330.76
23.528416,331.22
23.525679,331.15
23.520203,331.26
23.517465,331.74
23.514727,332.04
23.511989,331.52
23.509251,331.52
23.506513,331.17
23.501037,331.41
23.498299,331.37
23.495562,331.42
23.492824,331.39
23.490086,331.42
23.487348,331.63
23.48461,332.12
23.481872,331.8
23.479134,331.3
23.476396,331.05
23.473658,331.74
23.47092,331.69
23.468182,331.57
23.465445,331.46
23.462707,332.09
23.459969,332.16
23.457231,332.15
23.454493,332.01
23.451755,331.78
23.449017,332.52
23.446279,332.58
23.443541,332.57
23.440803,332.58
23.438065,332.73
23.435328,332.1
23.43259,332.8
23.429852,332.85
23.427114,332.48
23.424376,332.15
23.421638,332.77
23.4189,331.87
23.416162,332.16
23.413424,332.28
23.407948,332.55
23.405211,332.53
23.402473,332.41
23.399735,332.66
23.396997,332.56
23.388783,332.58
23.386045,332.45
23.383307,331.99
23.380569,332.43
23.377831,332.58
23.375094,332.76
23.372356,332.65
23.369618,332.14
23.36688,332.6
23.364142,332.82
23.358666,332.74
23.355928,332.34
23.35319,332.25
23.350452,332.06
23.342239,332.06
23.339501,331.99
23.336763,331.97
23.334025,331.9
23.331287,332.3
23.328549,332.68
23.325811,332.18
23.323073,331.59
23.320335,332.66
23.317597,332.31
23.31486,331.72
23.312122,331.38
23.309384,331.68
23.306646,331.81
23.303908,332.03
23.30117,331.42
23.298432,332.92
23.295694,332.2
23.292956,331.36
23.290218,331.21
23.28748,331.09
23.284743,331.2
23.282005,331.36
23.279267,331
23.276529,331.11
23.273791,330.82
23.271053,330.95
23.268315,331.04
23.265577,330.96
23.262839,331.28
23.260101,331.55
23.257363,331.63
23.254626,330.99
23.251888,330.59
23.24915,330.48
23.246412,330.63
23.243674,330.74
23.240936,330.76
23.238198,331.43
23.23546,330.65
23.232722,330.61
23.229984,330.61
23.227246,331.01
23.224509,331.08
23.221771,330.58
23.219033,330.54
23.216295,330.76
23.213557,330.92
23.210819,330.86
23.208081,330.98
23.205343,330.48
23.202605,330.39
23.199867,330.28
23.197129,330.57
23.194392,330.45
23.191654,330.41
23.188916,330.4
23.180702,330.62
23.177964,330.46
23.175226,330.54
23.172488,330.68
23.167012,328.68
23.164275,328.88
23.136895,330.66
23.134158,330.55
23.128682,328.94
23.125944,328.8
23.079399,328.69
23.068448,328.33
23.062972,328.6
23.060234,328.55
23.054758,328.43
23.05202,328.41
23.049282,328.45
23.046544,328.34
23.043807,328.29
23.041069,328.27
23.038331,328.38
23.035593,328.55
23.032855,328.26
23.030117,328.7
23.027379,328.75
23.024641,328.61
23.021903,328.33
23.019165,328.46
23.016427,328.14
23.01369,328.34
23.010952,328.54
23.008214,328.31
23.005476,328.6
23.002738,328.57
23.002075,328.29
22.999337,327.98
22.996599,328.04
22.993861,328.21
22.991123,328.12
22.988385,327.85
22.985647,327.71
22.982909,327.77
22.980172,328
22.977434,328.11
22.974696,328.24
22.971958,328.1
22.96922,327.65
22.966482,327.66
22.963744,327.77
22.961006,327.63
22.958268,327.39
22.95553,327.61
22.952792,327.65
22.950055,327.28
22.947317,327.28
22.944579,327.36
22.941841,327.38
22.939103,327.15
22.936365,327.01
22.933627,327.04
22.930889,327.07
22.928151,327.12
22.925413,327.13
22.922675,326.82
22.908986,327.84
22.906248,327.7
22.90351,326.26
22.895296,326.31
22.892558,326.28
22.889821,326.34
22.887083,326.27
22.884345,326.28
22.881607,326.08
22.878869,326.18
22.873393,326.04
22.870655,325.98
22.867917,326.12
22.865179,325.5
22.862441,325.85
22.859704,325.83
22.856966,325.77
22.854228,326.16
22.85149,326.29
22.848752,326.18
22.846014,326.37
22.843276,326.37
22.840538,326.28
22.8378,325.84
22.835062,326.43
22.832324,326.41
22.829587,326.53
22.826849,325.86
22.824111,325.41
22.821373,325.12
22.818635,325.28
22.815897,325.24
22.813159,325.14
22.810421,325.15
22.807683,325.37
22.804945,325.23
22.802207,324.89
22.79947,325.14
22.796732,325.03
22.791256,325.26
22.788518,325.33
22.78578,325.55
22.783042,324.93
22.780304,324.8
22.77209,323.87
22.769353,324.22
22.766615,324.24
22.763877,324.36
22.761139,324.59
22.758401,324.67
22.752925,324.23
22.750187,324.14
22.747449,324.04
22.744711,324.34
22.741973,324.5
22.739235,324.84
22.736498,325.5
22.73376,324.54
22.731022,324.08
22.728284,323.82
22.725546,323.92
22.722808,323.86
22.72007,323.87
22.717332,324.36
22.714594,324.17
22.711856,324.86
22.709118,325.77
22.706381,326.11
22.703643,326
22.700905,325.76
22.698167,325.62
22.695429,326.11
22.692691,326.34
22.689953,326
22.687215,325.67
22.684477,325.63
22.679001,325.05
22.676264,325.22
22.673526,325.2
22.670788,325.18
22.66805,324.99
22.665312,324.86
22.662574,324.93
22.659836,326.72
22.657098,326.74
22.65436,324.46
22.640671,326.8
22.637933,326.73
22.635195,326.9
22.632457,326.97
22.629719,327.2
22.626981,327.23
22.624243,327.24
22.621505,327.18
22.618767,327.17
22.61603,326.87
22.613292,325.23
22.610554,325.8
22.607816,326.9
22.605078,326.89
22.60234,326.88
22.599602,326.9
22.596864,326.97
22.594126,326.96
22.591388,327.63
22.58865,327.79
22.585913,327.89
22.583175,327.45
22.561271,327.82
22.558533,328.11
22.555796,328.04
22.553058,328.19
22.55032,328.15
22.547582,328.07
22.544844,327.95
22.542106,327.12
22.539368,327.51
22.53663,327.59
22.533892,327.74
22.531154,328.55
22.528416,328.55
22.525679,328.75
22.522941,328.51
22.520203,328.5
22.517465,328.71
22.514727,328.8
22.511989,329.02
22.509251,329.2
22.506513,328.95
22.503775,328.86
22.501037,328.67
22.498299,328.59
22.495562,328.65
22.492824,328.6
22.490086,328.77
22.487348,328.72
22.48461,328.73
22.481872,328.65
22.479134,328.77
22.476396,328.74
22.47092,328.7
22.468182,329.18
22.465445,329.23
22.462707,329.23
22.457231,329.25
22.454493,328.97
22.451755,329.08
22.449017,329.3
22.446279,329.78
22.440803,329.14
22.438065,329.26
22.435328,329.13
22.43259,329.43
22.429852,329.65
22.427114,329.55
22.424376,329.87
22.421638,329.61
22.4189,330.04
22.416162,330.13
22.413424,330.13
22.410686,330.31
22.407948,330.34
22.405211,330.17
22.402473,330.22
22.399735,330.17
22.396997,330.22
22.394259,330
22.391521,330.19
22.388783,330.04
22.386045,330.01
22.383307,329.96
22.380569,330.16
22.377831,330.14
22.375094,330.24
22.372356,329.69
22.369618,329.24
22.36688,329.25
22.364142,330.12
22.361404,329.87
22.358666,329.77
22.355928,329.68
22.35319,329.9
22.350452,329.87
22.347714,329.7
22.344977,330.03
22.342239,330.05
22.339501,330.21
22.336763,330.14
22.334025,330.08
22.331287,330.13
22.328549,330.15
22.325811,329.84
22.323073,330.02
22.320335,329.59
22.317597,330.95
22.31486,330.9
22.312122,330.64
22.309384,329.53
22.306646,329.54
22.303908,329.67
22.30117,329.57
22.298432,329.72
22.295694,329.52
22.292956,329.91
22.290218,329.83
22.28748,329.65
22.284743,329.88
22.282005,330.52
22.279267,330.31
22.276529,330.4
22.273791,330.31
22.271053,330.03
22.268315,329.2
22.265577,328.52
22.262839,328.04
22.260101,327.88
22.257363,327.92
22.254626,329.25
22.251888,329.16
22.24915,329.91
22.246412,329.94
22.243674,329.38
22.240936,329.36
22.238198,329.44
22.232722,330.06
22.229984,329.59
22.227246,327.26
22.224509,327.32
22.221771,327.35
22.219033,327.37
22.216295,327.72
22.213557,327.53
22.205343,327.14
22.202605,327.2
22.199867,327.2
22.197129,327.15
22.194392,327.16
22.191654,327.21
22.188916,326.97
22.186178,327.03
22.177964,328.99
22.175226,327.2
22.172488,327.06
22.16975,326.95
22.167012,327.17
22.164275,327.2
22.161537,327.15
22.158799,327.11
22.153323,327.3
22.150585,327.21
22.147847,326.89
22.13142,327.61
22.128682,327.47
22.11773,327.67
22.114992,327.5
22.112254,327.36
22.109516,327.34
22.106778,327.32
22.104041,327.33
22.101303,327.46
22.098565,327.27
22.095827,326.97
22.093089,327.31
22.090351,327.2
22.087613,327.14
22.084875,327.69
22.082137,327.31
22.079399,327.37
22.076661,326.99
22.073924,327
22.071186,326.99
22.068448,326.8
22.06571,326.65
22.062972,326.69
22.060234,326.49
22.057496,326.39
22.054758,326.79
22.05202,326.65
22.049282,326.7
22.046544,326.6
22.043807,326.65
22.041069,326.61
22.038331,326.36
22.035593,326.68
22.032855,326.64
22.030117,326.59
22.027379,326.54
22.024641,326.66
22.021903,326.74
22.019165,326.77
22.016427,326.69
22.01369,326.71
22.008214,326.87
22.005476,326.87
22.002738,326.63
21.999337,326.52
21.996599,326.49
21.993861,326.49
21.991123,326.43
21.988385,326.34
21.985647,326.48
21.982909,326.37
21.980172,326.3
21.977434,326.52
21.974696,326.43
21.971958,326.35
21.96922,326.44
21.966482,326.48
21.963744,326.35
21.961006,326.53
21.958268,325.6
21.95553,326.38
21.952792,326.47
21.950055,326.25
21.947317,325.96
21.944579,326.02
21.941841,325.95
21.939103,325.57
21.936365,325.48
21.933627,325.61
21.930889,325.7
21.928151,325.43
21.925413,325.37
21.922675,325.3
21.919938,325.38
21.9172,325.4
21.914462,325.59
21.911724,325.53
21.908986,325.39
21.906248,325.52
21.90351,325.47
21.900772,325.62
21.898034,325.6
21.895296,325.38
21.892558,325.34
21.889821,325.46
21.887083,324.45
21.884345,324.63
21.881607,325.01
21.878869,325.29
21.876131,324.83
21.873393,324.83
21.870655,324.53
21.867917,324.5
21.865179,324.41
21.862441,324.36
21.859704,324.49
21.856966,324.46
21.854228,324.88
21.85149,324.65
21.848752,324.35
21.846014,324.1
21.843276,324.59
21.840538,323.91
21.8378,324.16
21.835062,324.16
21.832324,324.08
21.829587,325.31
21.826849,324.6
21.824111,324.38
21.821373,324.4
21.818635,323.59
21.815897,323.44
21.813159,323.6
21.810421,323.71
21.807683,323.67
21.804945,323.87
21.802207,324.1
21.79947,324.1
21.796732,323.77
21.793994,323.15
21.788518,323.52
21.78578,323.58
21.783042,323.64
21.761139,323.51
21.758401,323.41
21.752925,323.07
21.750187,322.88
21.747449,323.93
21.736498,323.94
21.728284,323.15
21.725546,322.69
21.722808,322.19
21.711856,323.73
21.709118,323.27
21.706381,323.67
21.703643,323.79
21.700905,324.02
21.689953,323.32
21.687215,322.97
21.684477,323.58
21.681739,323.61
21.679001,323.89
21.676264,323.75
21.673526,323.54
21.66805,323.01
21.659836,323.26
21.657098,322.97
21.640671,325.56
21.637933,325.79
21.635195,325.81
21.632457,325.62
21.629719,325.47
21.626981,325.59
21.618767,325.38
21.610554,325.62
21.607816,325.5
21.605078,325.34
21.60234,325.27
21.599602,326.27
21.596864,326.01
21.594126,326.39
21.591388,326.95
21.58865,326.67
21.585913,326.88
21.566747,326.04
21.564009,325.96
21.561271,325.94
21.558533,326.07
21.555796,326.48
21.553058,327.23
21.55032,327.53
21.547582,327.73
21.544844,327.56
21.542106,328.04
21.539368,327.14
21.53663,327.01
21.533892,327.41
21.531154,327.24
21.528416,327.21
21.525679,328.18
21.522941,328.54
21.520203,328.08
21.517465,328.38
21.514727,327.8
21.511989,328.08
21.506513,327.91
21.503775,327.57
21.501037,327.56
21.498299,327.68
21.495562,327.71
21.492824,327.76
21.490086,328.17
21.487348,328.43
21.48461,329.25
21.479134,328.47
21.476396,328.49
21.473658,328.48
21.47092,328.11
21.468182,327.93
21.465445,328.64
21.462707,327.37
21.459969,328.2
21.457231,328.41
21.454493,328.28
21.451755,327.95
21.449017,328.97
21.446279,329
21.443541,329.21
21.440803,329.25
21.438065,328.71
21.435328,328.03
21.429852,329.04
21.427114,328.91
21.424376,328.92
21.421638,328.42
21.4189,328.25
21.416162,328.42
21.410686,328.49
21.407948,328.63
21.405211,328.89
21.402473,328.87
21.399735,328.91
21.396997,328.92
21.394259,329.01
21.391521,328.9
21.388783,328.84
21.386045,328.77
21.383307,329.22
21.380569,329.1
21.377831,329.06
21.375094,329.01
21.369618,329.48
21.36688,329.5
21.364142,329.1
21.361404,329.21
21.358666,328.55
21.355928,328.55
21.35319,328.41
21.342239,328.44
21.334025,328.17
21.331287,327.8
21.328549,327.13
21.325811,327.75
21.323073,328.43
21.320335,328.28
21.317597,328.23
21.31486,328.55
21.312122,328.52
21.306646,327.95
21.303908,327.9
21.30117,328.53
21.298432,328.07
21.295694,327.75
21.292956,327.45
21.290218,327.61
21.28748,327.26
21.284743,327.43
21.276529,327.34
21.273791,327.2
21.271053,326.85
21.268315,326.77
21.265577,327.1
21.262839,327.05
21.260101,326.84
21.257363,326.81
21.254626,327.3
21.251888,327.38
21.246412,327.52
21.243674,327.47
21.240936,327.48
21.238198,327.87
21.23546,327.45
21.232722,327.3
21.229984,325.79
21.227246,325.51
21.224509,326.79
21.221771,327.1
21.219033,326.85
21.216295,327.39
21.213557,327.09
21.210819,326.79
21.208081,327.21
21.205343,328.08
21.202605,327.05
21.199867,326.89
21.197129,327.18
21.194392,327.94
21.191654,327.52
21.188916,327.24
21.186178,326.88
21.18344,327.04
21.158799,327.34
21.156061,327.06
21.150585,326.85
21.147847,326.79
21.145109,327.21
21.142371,326.85
21.139633,326.43
21.136895,326.74
21.134158,326.54
21.13142,326.8
21.128682,326.8
21.125944,326.41
21.123206,326.61
21.120468,327.01
21.11773,326.28
21.114992,326.03
21.112254,326.09
21.109516,326.37
21.106778,326.34
21.104041,326.47
21.101303,327.08
21.098565,326.69
21.095827,326.74
21.093089,326.51
21.090351,326.51
21.087613,326.38
21.084875,326.99
21.082137,327.14
21.079399,327.04
21.076661,326.07
21.073924,326.69
21.071186,326.88
21.068448,326.48
21.06571,326.64
21.062972,326.64
21.057496,327.05
21.054758,326.53
21.05202,325.86
21.049282,326.21
21.041069,327
21.035593,324.99
21.032855,325.03
21.030117,324.67
21.021903,326.97
21.019165,326.9
21.016427,326.98
20.96922,325.36
20.966482,324.92
20.963744,325.05
20.961006,325.77
20.958268,326
20.95553,325.46
20.952792,325.27
20.950055,325
20.947317,324.79
20.944579,325.12
20.941841,324.81
20.939103,324.96
20.936365,324.71
20.933627,324.62
20.930889,325.34
20.928151,324.99
20.925413,324.77
20.922675,324.81
20.919938,324.85
20.9172,324.77
20.914462,324.55
20.911724,324.3
20.906248,324.9
20.90351,324.67
20.900772,324.6
20.898034,324.46
20.895296,324.26
20.892558,324.21
20.889821,324.08
20.887083,324.25
20.884345,324.37
20.881607,324.33
20.867917,323.75
20.865179,323.99
20.859704,324.18
20.856966,324.18
20.854228,323.98
20.85149,323.92
20.848752,323.2
20.846014,322.95
20.843276,323.01
20.832324,322.8
20.829587,323.25
20.826849,323.01
20.824111,323.13
20.821373,322.85
20.818635,323.01
20.815897,323.19
20.813159,322.92
20.810421,322.59
20.807683,322.87
20.804945,322.88
20.791256,322.3
20.777566,323.52
20.774828,323.88
20.77209,323.7
20.763877,323.66
20.761139,323.28
20.755663,324.09
20.752925,324.12
20.744711,322.87
20.731022,322.78
20.728284,323.35
20.692691,323.37
20.689953,323.09
20.687215,322.87
20.684477,322.7
20.681739,322.85
20.679001,322.99
20.673526,323.2
20.670788,323.05
20.66805,322.97
20.665312,322.81
20.662574,322.49
20.659836,324.43
20.657098,324.35
20.65436,324.21
20.651622,324.11
20.637933,325
20.635195,324.88
20.629719,324.92
20.626981,325.01
20.624243,324.83
20.621505,324.73
20.618767,324.72
20.61603,324.68
20.613292,324.55
20.610554,324.91
20.607816,324.67
20.594126,326.2
20.591388,326.07
20.58865,325.78
20.580437,325.35
20.577699,325.81
20.574961,325.86
20.572223,325.13
20.569485,325.08
20.566747,324.71
20.564009,326.09
20.561271,326.61
20.558533,326.86
20.555796,326.42
20.553058,325.03
20.55032,326.22
20.547582,326.82
20.544844,326.87
20.53663,326.34
20.533892,326.14
20.522941,325.4
20.509251,327.77
20.506513,327.88
20.503775,327.24
20.501037,327.29
20.498299,327.42
20.495562,327.8
20.492824,327.22
20.490086,327.72
20.487348,327.61
20.48461,327.63
20.481872,327.65
20.476396,327.92
20.473658,327.82
20.47092,327.74
20.468182,327.6
20.465445,327.64
20.462707,327.81
20.459969,328.13
20.457231,328.14
20.451755,328.06
20.449017,327.51
20.446279,327.33
20.443541,327.54
20.440803,327.48
20.438065,327.62
20.435328,327.73
20.43259,327.58
20.429852,327.36
20.427114,327.68
20.424376,327.49
20.421638,327.16
20.4189,328.76
20.416162,328.52
20.413424,328.71
20.402473,328.35
20.399735,329.02
20.396997,329
20.391521,328.66
20.377831,328.07
20.375094,327.87
20.372356,328.03
20.369618,327.61
20.36688,327.61
20.364142,327.87
20.361404,327.58
20.358666,327.49
20.355928,327.7
20.35319,327.29
20.350452,327.37
20.347714,327.03
20.344977,327.8
20.342239,327.76
20.339501,327.37
20.336763,327.2
20.334025,327.12
20.328549,328.42
20.325811,328.29
20.323073,328.76
20.320335,328.82
20.317597,328.53
20.31486,328.13
20.312122,328.47
20.309384,328.7
20.306646,328.43
20.303908,328.69
20.30117,328.52
20.295694,327.01
20.292956,327.47
20.290218,327.56
20.28748,326.75
20.279267,327.9
20.276529,327.29
20.273791,327.28
20.271053,328.41
20.268315,328.73
20.260101,328.95
20.257363,328.92
20.254626,327.07
20.251888,327.46
20.243674,326.85
20.240936,327.16
20.238198,327.25
20.23546,327.16
20.224509,327.45
20.221771,327.56
20.219033,328.18
20.216295,327.76
20.213557,327.35
20.210819,327.76
20.202605,326.71
20.199867,326.75
20.191654,327.19
20.188916,327.53
20.186178,327.26
20.18344,327.04
20.180702,326.04
20.175226,326.56
20.172488,326.6
20.16975,326.33
20.167012,326.31
20.164275,326.19
20.161537,326.07
20.158799,325.97
20.156061,326.01
20.153323,325.97
20.147847,326.38
20.145109,326.1
20.142371,326.23
20.139633,326.09
20.136895,326.11
20.134158,326.45
20.13142,326.18
20.128682,326.3
20.125944,326.37
20.123206,326.14
20.120468,325.04
20.11773,325.98
20.114992,326.16
20.112254,326.01
20.106778,325.75
20.104041,325.75
20.101303,324.87
20.095827,325.99
20.093089,326.12
20.090351,326.12
20.084875,325.74
20.082137,325.83
20.079399,325.51
20.076661,325.44
20.073924,325.29
20.071186,324.98
20.068448,324.75
20.06571,324.88
20.062972,324.79
20.060234,324.62
20.057496,324.38
20.054758,324.7
20.05202,324.74
20.049282,324.95
20.046544,324.89
20.043807,324.93
20.041069,324.65
20.038331,324.83
20.035593,325.05
20.032855,325.27
20.030117,325.49
20.027379,325.22
20.024641,325.48
20.021903,325.34
20.019165,325.64
20.016427,325.28
20.01369,324.69
20.010952,324.39
20.008214,324.45
20.005476,324.54
20.002738,324.83
19.999337,324.8
19.996599,324.7
19.993861,324.2
19.991123,324.29
19.988385,324.39
19.985647,325.04
19.982909,324.32
19.980172,324.29
19.977434,324.3
19.974696,324.4
19.971958,324.23
19.966482,323.72
19.963744,323.97
19.961006,323.93
19.958268,324.25
19.95553,324.34
19.952792,323.76
19.950055,324.09
19.947317,324.42
19.944579,324.06
19.941841,323.87
19.939103,323.75
19.936365,323.86
19.933627,323.88
19.930889,323.87
19.928151,323.89
19.925413,323.72
19.922675,323.81
19.919938,324.1
19.9172,323.86
19.911724,323.45
19.908986,323.76
19.906248,323.65
19.898034,322.96
19.895296,323.15
19.892558,322.72
19.887083,322.76
19.884345,322.85
19.881607,322.68
19.878869,322.9
19.876131,322.7
19.873393,322.55
19.870655,322.57
19.867917,322.86
19.865179,322.51
19.862441,322.48
19.859704,322.36
19.856966,322.56
19.854228,322.57
19.85149,322.6
19.848752,322.53
19.846014,322.72
19.843276,322.6
19.840538,322.26
19.8378,322.19
19.835062,322.09
19.832324,322.04
19.829587,322.14
19.826849,322.32
19.824111,322.3
19.821373,321.95
19.818635,321.89
19.815897,322.02
19.813159,322.18
19.810421,321.97
19.807683,321.71
19.804945,322.89
19.802207,322.31
19.79947,322.01
19.796732,321.65
19.793994,321.81
19.791256,321.87
19.788518,322.08
19.78578,321.49
19.783042,321.6
19.780304,322.21
19.777566,322.36
19.774828,321.82
19.77209,321.79
19.769353,321.81
19.766615,321.98
19.763877,320.53
19.761139,320.41
19.758401,321.72
19.755663,321.86
19.750187,321.96
19.747449,321.73
19.744711,321.64
19.741973,321.67
19.739235,322.15
19.736498,322.23
19.73376,322.42
19.731022,322.33
19.728284,322.18
19.725546,321.31
19.722808,321.21
19.717332,323.1
19.714594,322.95
19.709118,322.5
19.706381,322.42
19.703643,322.57
19.700905,322.4
19.692691,323.21
19.689953,322.73
19.687215,322.35
19.676264,321.94
19.673526,322.27
19.670788,323.18
19.66805,323.3
19.665312,323.33
19.662574,323.43
19.659836,323.28
19.657098,323.41
19.65436,323.82
19.635195,321.83
19.632457,321.77
19.629719,323.45
19.626981,323.42
19.621505,323.02
19.618767,323.2
19.61603,324.46
19.613292,324.61
19.610554,324.51
19.605078,323.65
19.60234,323.45
19.585913,323.29
19.580437,324.85
19.577699,325.21
19.574961,325.43
19.572223,325.31
19.564009,325.37
19.561271,325.5
19.555796,325.57
19.553058,325.74
19.55032,325.36
19.547582,325.79
19.542106,325.83
19.539368,325.84
19.53663,325.31
19.533892,325.43
19.531154,325.82
19.528416,326.45
19.520203,326.6
19.517465,327.03
19.514727,326.9
19.511989,326.51
19.506513,326.56
19.501037,325.7
19.498299,326.42
19.495562,326.3
19.492824,326.48
19.490086,326.73
19.487348,326.21
19.48461,326.22
19.481872,326.91
19.479134,326.92
19.473658,327.01
19.47092,327.18
19.468182,327.16
19.465445,326.6
19.462707,326.57
19.459969,326.47
19.440803,326.24
19.429852,326.5
19.427114,326.38
19.424376,327.43
19.421638,327.52
19.4189,327.42
19.416162,327.86
19.402473,327.93
19.399735,328.04
19.396997,327.67
19.394259,326.18
19.391521,325.74
19.386045,326.05
19.383307,326.91
19.380569,327.03
19.377831,327.04
19.375094,327.13
19.369618,326.45
19.36688,326.84
19.364142,327.13
19.361404,327.29
19.35319,327.8
19.350452,326.98
19.347714,327.56
19.344977,327.86
19.342239,328.16
19.336763,327.22
19.334025,327.42
19.331287,327.56
19.325811,327.12
19.323073,326.72
19.320335,326.9
19.317597,326.42
19.31486,326.34
19.312122,326.03
19.309384,326.16
19.303908,326.33
19.298432,326.68
19.295694,326.93
19.292956,327.11
19.290218,326.99
19.28748,326.84
19.284743,326.53
19.282005,327.28
19.279267,326.99
19.276529,326.95
19.273791,327.06
19.271053,326.89
19.268315,327.61
19.265577,328.81
19.262839,326.43
19.260101,326.37
19.257363,326.15
19.254626,326.25
19.251888,326.04
19.24915,325.96
19.243674,324.93
19.238198,325.95
19.227246,326.8
19.224509,326.74
19.221771,325.85
19.219033,325.87
19.216295,325.38
19.213557,325.59
19.210819,325.04
19.208081,324.91
19.205343,326.01
19.202605,325.87
19.199867,326.59
19.197129,326.65
19.194392,325.27
19.191654,325.17
19.188916,325.38
19.186178,325.32
19.18344,325.27
19.180702,325.57
19.177964,325.42
19.175226,325.17
19.172488,324.84
19.16975,324.8
19.167012,324.65
19.156061,324.58
19.153323,324.41
19.145109,324.46
19.142371,324.69
19.139633,325.15
19.136895,325.31
19.134158,325.22
19.13142,324.04
19.128682,323.81
19.114992,323.65
19.112254,323.39
19.109516,323.73
19.106778,323.78
19.104041,323.77
19.101303,323.97
19.098565,324.07
19.095827,323.82
19.093089,324.33
19.090351,324.25
19.082137,324.36
19.079399,324.27
19.076661,323.71
19.073924,323.99
19.071186,324.25
19.068448,324.22
19.06571,324.48
19.062972,324.44
19.060234,324.43
19.057496,324.49
19.054758,324.47
19.05202,324.61
19.049282,324.34
19.046544,324.7
19.043807,325.87
19.041069,324.95
19.030117,324.58
19.008214,324
18.977434,323.2
18.974696,323.22
18.971958,323.51
18.96922,323.77
18.966482,323.31
18.963744,323.54
18.961006,323.83
18.95553,322.83
18.952792,323.19
18.950055,323.04
18.947317,322.57
18.944579,322.51
18.941841,322.49
18.939103,322.44
18.928151,322.24
18.925413,322.34
18.922675,322.45
18.919938,322.52
18.9172,322.39
18.914462,321.65
18.911724,321.45
18.90351,322.21
18.900772,321.78
18.898034,321.82
18.895296,322
18.889821,321.23
18.887083,321.54
18.884345,321.53
18.881607,321.5
18.878869,321.38
18.876131,321.22
18.873393,321.2
18.865179,321.06
18.862441,320.89
18.859704,320.83
18.856966,320.67
18.854228,320.88
18.85149,320.96
18.848752,321.04
18.846014,320.87
18.843276,320.89
18.840538,320.7
18.8378,320.49
18.829587,320.03
18.826849,320.07
18.821373,319.92
18.815897,320.01
18.813159,320.26
18.810421,320
18.807683,319.86
18.804945,320.11
18.802207,320.19
18.79947,320.63
18.796732,320.14
18.793994,320.27
18.791256,320.58
18.788518,320.59
18.78578,320.39
18.783042,320.94
18.774828,320.46
18.77209,320.33
18.769353,320.42
18.766615,320.26
18.763877,320.77
18.761139,321.09
18.758401,321.08
18.755663,320.61
18.750187,319.89
18.747449,319.85
18.744711,320.33
18.741973,319.64
18.739235,319.34
18.73376,319.93
18.731022,319.77
18.728284,320.04
18.725546,319.92
18.717332,319.73
18.714594,321.03
18.711856,321.34
18.709118,321.22
18.706381,321.06
18.703643,320.92
18.700905,321.38
18.698167,321.53
18.689953,320.57
18.687215,320.44
18.681739,320.56
18.679001,320.92
18.676264,321.11
18.673526,321.31
18.659836,321.97
18.657098,321.8
18.643409,321.91
18.640671,321.89
18.618767,321.83
18.61603,322.4
18.613292,322.11
18.605078,321.66
18.60234,322.13
18.599602,322.82
18.596864,322.2
18.594126,321.29
18.58865,322.02
18.585913,322.07
18.583175,323.04
18.580437,323.33
18.577699,323.51
18.574961,323.44
18.572223,323.61
18.569485,323.71
18.566747,323.05
18.564009,322.98
18.561271,323.4
18.558533,323.85
18.555796,323.94
18.553058,324.13
18.55032,324.16
18.547582,323.92
18.544844,324.08
18.542106,324.07
18.539368,324.08
18.53663,323.8
18.533892,324.46
18.528416,324.01
18.525679,324.16
18.520203,324.66
18.517465,324.87
18.514727,324.62
18.511989,324.9
18.503775,324.28
18.501037,324.47
18.495562,324.7
18.492824,324.99
18.479134,325.08
18.476396,325.07
18.47092,324.91
18.468182,324.99
18.462707,324.99
18.459969,324.9
18.449017,325.42
18.443541,325.53
18.440803,325.84
18.438065,325.78
18.435328,325.78
18.429852,325.51
18.427114,325.31
18.424376,325.52
18.394259,325.91
18.391521,325.97
18.388783,326
18.386045,325.62
18.383307,325.54
18.361404,325.23
18.325811,325.54
18.323073,325.51
18.320335,325.61
18.317597,325.86
18.31486,325.27
18.312122,325.29
18.295694,324.81
18.292956,324.65
18.290218,325
18.282005,324.64
18.279267,325.19
18.276529,325.39
18.273791,324.92
18.271053,324.54
18.268315,324.96
18.265577,324.63
18.262839,324.73
18.260101,324.76
18.257363,324.72
18.243674,324.32
18.240936,324.26
18.238198,324.13
18.23546,324.22
18.232722,323.93
18.229984,324.25
18.227246,324.04
18.224509,324.03
18.221771,324.22
18.219033,324.16
18.213557,323.86
18.210819,323.57
18.208081,323.9
18.205343,323.82
18.202605,323.55
18.199867,323.41
18.197129,323.55
18.188916,324.19
18.186178,323.81
18.18344,323.91
18.177964,322.89
18.175226,322.83
18.161537,323.16
18.158799,323.08
18.156061,322.97
18.153323,323.3
18.150585,323.44
18.147847,323.43
18.145109,323.17
18.142371,323.05
18.136895,323.74
18.134158,324.09
18.13142,323.38
18.128682,323.57
18.125944,322.71
18.123206,323.39
18.120468,323.2
18.11773,322.73
18.114992,322.85
18.112254,323.26
18.109516,323.86
18.106778,323.04
18.104041,322.99
18.101303,322.5
18.098565,322.24
18.095827,322.42
18.093089,322.47
18.090351,323.01
18.087613,322.67
18.084875,322.75
18.082137,322.68
18.079399,323.04
18.076661,322.51
18.073924,323.3
18.071186,322.56
18.068448,322.89
18.06571,322.79
18.062972,322.31
18.054758,322.48
18.05202,322.82
18.049282,322.62
18.046544,322.44
18.043807,322.77
18.041069,322.91
18.032855,322.34
18.030117,322.21
18.027379,322.45
18.024641,322.15
18.021903,322.71
18.019165,322.68
18.016427,322.49
18.01369,322.37
18.010952,322.27
18.008214,321.84
18.005476,322.03
18.002738,322.04
17.993861,322.5
17.991123,322.27
17.988385,321.98
17.985647,322.26
17.982909,322.15
17.980172,321.66
17.977434,321.88
17.974696,321.53
17.971958,321.86
17.96922,322.07
17.966482,322.03
17.95553,321.92
17.952792,322.6
17.950055,323.06
17.947317,322.73
17.944579,322.34
17.941841,321.56
17.939103,321.43
17.936365,321.48
17.933627,321.79
17.930889,321.41
17.928151,321.35
17.925413,321.81
17.922675,321.45
17.919938,321.67
17.911724,321.5
17.908986,321.55
17.906248,321.5
17.90351,321.52
17.900772,321.23
17.898034,321.56
17.895296,321.7
17.892558,321.61
17.889821,321.18
17.887083,321.41
17.884345,321.21
17.881607,321.18
17.876131,319.79
17.867917,320.7
17.865179,320.55
17.862441,320.58
17.859704,320.43
17.856966,319.53
17.854228,319.77
17.85149,320.05
17.848752,320.46
17.846014,319.29
17.843276,319.19
17.840538,320.29
17.8378,320.02
17.835062,319.86
17.829587,319.68
17.826849,319.7
17.824111,319.53
17.821373,320.11
17.818635,319.89
17.815897,319.67
17.813159,319.65
17.804945,319.19
17.802207,319.52
17.79947,319.55
17.796732,319.47
17.788518,319.87
17.78578,319.62
17.783042,319.26
17.780304,319.61
17.777566,319.73
17.774828,319.74
17.77209,319.67
17.769353,319.83
17.761139,318.66
17.758401,318.6
17.755663,318.56
17.752925,318.8
17.750187,318.05
17.747449,319.66
17.744711,319.52
17.739235,319.18
17.736498,318.97
17.73376,318.78
17.728284,319.35
17.725546,319.29
17.722808,319.04
17.72007,319.13
17.717332,319.51
17.714594,319.13
17.711856,319.96
17.709118,320.19
17.706381,319.49
17.700905,318.9
17.698167,318.71
17.695429,318.6
17.692691,319.23
17.689953,319.22
17.673526,320.08
17.670788,320.08
17.66805,320.27
17.665312,319.59
17.662574,319.62
17.657098,320.27
17.65436,320.26
17.651622,320.6
17.648884,320.59
17.643409,318.85
17.640671,319.08
17.632457,320.79
17.629719,320.7
17.626981,320.43
17.624243,321.13
17.621505,321.55
17.618767,320.82
17.61603,321.48
17.610554,322.26
17.60234,320.26
17.599602,321.29
17.596864,321.88
17.594126,322.22
17.591388,321.89
17.58865,321.32
17.585913,321.75
17.583175,322.2
17.577699,321.45
17.572223,322.14
17.569485,322
17.566747,322.64
17.564009,322.58
17.525679,322.42
17.511989,322.9
17.509251,323.08
17.506513,322.99
17.503775,322.92
17.501037,323.11
17.495562,323.07
17.48461,323.5
17.481872,323.88
17.476396,323.26
17.473658,323.6
17.47092,323.35
17.468182,324.39
17.465445,323.51
17.462707,323.23
17.459969,323.21
17.446279,323.99
17.435328,324.11
17.43259,324.2
17.410686,324.12
17.407948,324.08
17.402473,324.12
17.399735,324.2
17.394259,324.19
17.391521,324.18
17.388783,325.79
17.380569,325.81
17.377831,325.68
17.375094,324.68
17.372356,324.57
17.369618,324.65
17.36688,324.68
17.364142,324.43
17.361404,324.84
17.358666,324.83
17.355928,324.75
17.344977,325.1
17.342239,324.95
17.336763,325.26
17.334025,325.37
17.331287,325.01
17.325811,325.2
17.323073,324.88
17.320335,325.13
17.317597,325.13
17.31486,325.11
17.312122,324.6
17.306646,323.85
17.303908,325.28
17.298432,324.96
17.295694,324.87
17.292956,324.19
17.290218,324.3
17.284743,324.56
17.282005,324.68
17.279267,324.44
17.276529,324.24
17.273791,324.27
17.271053,324.39
17.268315,324.11
17.265577,324.01
17.260101,324.27
17.257363,323.77
17.254626,323.42
17.251888,323.82
17.24915,323.7
17.243674,322.72
17.240936,322.72
17.238198,322.68
17.232722,323.24
17.219033,323.14
17.216295,322.92
17.213557,322.84
17.210819,323.47
17.208081,323.31
17.205343,323.55
17.202605,322.21
17.199867,322.69
17.197129,322.94
17.194392,322.66
17.191654,322.77
17.188916,322.84
17.186178,322.18
17.18344,322.25
17.180702,322.78
17.177964,322.59
17.175226,322.94
17.172488,323.03
17.16975,322.98
17.167012,323.19
17.161537,323.63
17.158799,322.68
17.156061,322.25
17.150585,322.82
17.147847,322.7
17.145109,323.2
17.142371,323.15
17.139633,323.14
17.136895,322.6
17.134158,322.11
17.13142,322.84
17.128682,322.75
17.125944,322.7
17.123206,321.94
17.120468,322.25
17.112254,322.13
17.109516,322.07
17.106778,322.66
17.104041,322.84
17.098565,322.08
17.095827,321.72
17.087613,321.99
17.038331,322.75
17.035593,322.93
17.032855,322.98
17.030117,322.9
17.027379,322.56
17.024641,322.56
17.021903,321.85
17.019165,321.74
17.016427,321.82
17.01369,321.77
17.010952,321.74
17.008214,321.84
17.005476,321.61
16.999337,320.98
16.996599,321.12
16.993861,321.06
16.991123,321.26
16.988385,321.5
16.985647,321.36
16.982909,320.98
16.980172,320.83
16.971958,321.52
16.96922,321.51
16.963744,321.48
16.961006,320.6
16.958268,321.29
16.95553,320.79
16.952792,320.6
16.950055,320.7
16.947317,320.9
16.944579,320.84
16.941841,320.88
16.939103,320.87
16.936365,320.71
16.933627,320.63
16.930889,320.98
16.928151,320.39
16.922675,321.01
16.914462,320.12
16.911724,319.74
16.906248,320.46
16.90351,320.35
16.898034,320.29
16.895296,320.07
16.892558,320.2
16.889821,319.75
16.884345,319.82
16.876131,319.88
16.873393,319.84
16.870655,319.63
16.867917,319.35
16.865179,319.58
16.829587,318.25
16.826849,318.65
16.824111,318.21
16.821373,318.38
16.818635,318.63
16.815897,318.26
16.813159,318.39
16.810421,318.67
16.807683,318.93
16.804945,318.65
16.802207,318.53
16.796732,318.39
16.793994,318.35
16.791256,318.23
16.78578,318.27
16.783042,318.31
16.780304,317.96
16.777566,317.84
16.77209,317.89
16.769353,317.84
16.766615,317.91
16.763877,318.01
16.761139,318.15
16.758401,318.03
16.755663,317.93
16.752925,317.65
16.747449,318.2
16.741973,317.66
16.731022,318.27
16.728284,318.49
16.714594,318.89
16.711856,318
16.706381,319.02
16.703643,318.83
16.700905,318.65
16.692691,317.96
16.689953,318.08
16.679001,319.51
16.676264,319.77
16.66805,318.96
16.665312,320.73
16.662574,320.47
16.659836,320.12
16.657098,320.61
16.65436,320.9
16.648884,317.91
16.646147,318.1
16.635195,319.66
16.632457,318.97
16.629719,319.11
16.624243,320.96
16.621505,320.87
16.61603,320.97
16.613292,320.73
16.610554,320.76
16.607816,320.71
16.60234,320.55
16.599602,320.7
16.596864,321.08
16.594126,321.53
16.591388,321.39
16.58865,321.2
16.525679,322.98
16.522941,322.95
16.520203,323.4
16.517465,323.14
16.514727,322.78
16.511989,322.33
16.509251,322.5
16.506513,323.2
16.492824,323.31
16.490086,323.48
16.48461,323.38
16.481872,323.38
16.479134,323.33
16.476396,323.37
16.473658,323.55
16.47092,323.64
16.468182,323.53
16.465445,323.77
16.462707,324.05
16.459969,323.95
16.457231,323.93
16.454493,323.9
16.451755,323.91
16.449017,323.27
16.446279,324.33
16.443541,323.92
16.440803,323.94
16.438065,323.94
16.435328,324.27
16.43259,324.42
16.429852,324.15
16.427114,324.16
16.424376,324.24
16.421638,324.07
16.4189,324.18
16.416162,324.21
16.413424,324.29
16.410686,324.31
16.407948,324.27
16.405211,324.7
16.402473,324.71
16.399735,324.55
16.396997,324.19
16.394259,323.71
16.391521,323.35
16.388783,323.46
16.386045,323.58
16.383307,323.56
16.380569,324.4
16.377831,324.4
16.375094,324.14
16.372356,324.05
16.369618,324.02
16.36688,324.24
16.364142,323.43
16.361404,323.89
16.358666,323.97
16.355928,323.9
16.35319,323.73
16.344977,324.13
16.342239,323.87
16.339501,323.77
16.336763,323.81
16.334025,324.13
16.331287,323.66
16.328549,323.41
16.325811,323.29
16.323073,323.25
16.320335,323.62
16.31486,323.46
16.312122,323.28
16.309384,323.62
16.306646,323.54
16.303908,323.93
16.30117,324.32
16.298432,324.31
16.295694,323.9
16.292956,323.37
16.290218,324.01
16.28748,323.19
16.284743,323.41
16.282005,323.75
16.279267,323.7
16.273791,323.01
16.271053,324.03
16.268315,323.96
16.265577,323.88
16.260101,324.15
16.257363,324.07
16.254626,323.34
16.251888,323.35
16.24915,323.61
16.246412,323.22
16.23546,322.38
16.232722,323.11
16.229984,323.13
16.227246,322.84
16.224509,323.14
16.221771,323.01
16.219033,323.08
16.216295,322.97
16.210819,322.25
16.208081,322.02
16.197129,322.35
16.194392,322.46
16.191654,322.08
16.188916,322.11
16.186178,322.25
16.18344,322.43
16.180702,322.27
16.177964,322.03
16.172488,322.32
16.16975,322.11
16.167012,321.51
16.164275,321.6
16.161537,322.2
16.158799,321.97
16.156061,321.71
16.153323,321.39
16.150585,321.76
16.147847,321.59
16.145109,321.54
16.142371,322.14
16.139633,321.99
16.136895,322.01
16.134158,321.54
16.13142,321.53
16.128682,321.48
16.125944,321.5
16.123206,321.69
16.114992,321.29
16.112254,321.42
16.109516,321.49
16.106778,321.07
16.104041,321.24
16.101303,321.52
16.098565,321.51
16.095827,321.75
16.093089,321.08
16.090351,320.83
16.087613,321.69
16.084875,321.43
16.079399,321.03
16.076661,321.17
16.071186,321.11
16.068448,320.77
16.06571,320.94
16.062972,321.04
16.060234,321.2
16.057496,321.38
16.054758,321.04
16.05202,320.62
16.049282,320.91
16.046544,320.61
16.043807,320.54
16.041069,320.72
16.038331,320.79
16.035593,320.51
16.032855,320.9
16.030117,320.56
16.027379,320.63
16.024641,320.38
16.021903,320.04
16.019165,321.02
16.016427,321.04
16.008214,319.46
16.005476,320.02
16.002738,319.97
15.999337,319.82
15.996599,319.69
15.993861,319.8
15.991123,319.81
15.988385,319.77
15.985647,319.79
15.982909,320.02
15.980172,320.05
15.977434,319.64
15.974696,319.35
15.971958,319.49
15.96922,319.65
15.966482,319.68
15.963744,319.66
15.961006,319.11
15.958268,318.8
15.933627,319.41
15.930889,319.05
15.928151,318.93
15.925413,319.14
15.922675,319.25
15.919938,319.13
15.9172,318.94
15.914462,318.97
15.911724,318.98
15.908986,318.93
15.906248,318.97
15.90351,319.43
15.900772,319.67
15.898034,319.39
15.895296,318.92
15.892558,319.09
15.889821,318.83
15.887083,318.8
15.884345,318.59
15.881607,319.05
15.878869,318.68
15.876131,318.9
15.873393,318.66
15.870655,319.15
15.865179,319.51
15.856966,318.95
15.854228,318.87
15.846014,318.1
15.818635,317.39
15.815897,317.66
15.810421,317.46
15.807683,317.1
15.804945,317.9
15.802207,318.03
15.796732,318.21
15.793994,317.8
15.791256,317.47
15.788518,317.48
15.78578,318.21
15.783042,317.89
15.777566,317.24
15.774828,317.25
15.77209,316.78
15.758401,316.77
15.755663,316.79
15.747449,316.75
15.736498,316.98
15.73376,316.73
15.731022,316.7
15.725546,318.26
15.722808,318.29
15.711856,318.3
15.709118,318.19
15.706381,317
15.703643,317.59
15.700905,318.3
15.698167,318.41
15.681739,318.31
15.665312,318.32
15.662574,318.76
15.659836,318.94
15.648884,319.75
15.640671,319.38
15.637933,319.28
15.635195,319.05
15.632457,319.11
15.629719,317.86
15.626981,317.93
15.624243,317.94
15.621505,316.57
15.618767,316.86
15.61603,317.27
15.613292,319.58
15.610554,319.53
15.607816,319.39
15.605078,319.63
15.60234,319.44
15.599602,319.82
15.594126,319.49
15.591388,319.38
15.58865,319.41
15.585913,319.66
15.583175,320.04
15.577699,319.12
15.574961,319
15.572223,319.41
15.569485,319.25
15.566747,320.05
15.564009,320.27
15.561271,321.06
15.558533,320.66
15.555796,321.12
15.544844,321.29
15.542106,321.74
15.539368,321.49
15.53663,321.59
15.533892,321.94
15.531154,321.98
15.528416,321.83
15.525679,321.57
15.522941,322.46
15.520203,321.45
15.517465,321.69
15.506513,321.84
15.503775,322.06
15.501037,322.2
15.498299,322.26
15.495562,322.09
15.490086,322.01
15.487348,322.08
15.481872,321.79
15.479134,322.1
15.476396,322.15
15.473658,322.11
15.47092,322.29
15.468182,321.47
15.465445,322.01
15.462707,321.69
15.459969,321.84
15.457231,321.64
15.454493,321.76
15.451755,321.82
15.449017,322.03
15.446279,321.99
15.443541,322.04
15.440803,321.64
15.438065,321.31
15.435328,321.67
15.43259,321.93
15.429852,321.92
15.427114,321.63
15.424376,321.39
15.421638,321.68
15.4189,322.14
15.416162,322.4
15.407948,322.25
15.405211,322.34
15.402473,322.33
15.399735,321.88
15.394259,321.68
15.391521,321.68
15.388783,322.23
15.386045,320.27
15.383307,322.55
15.380569,322.17
15.377831,321.68
15.375094,321.5
15.372356,321.39
15.369618,321.43
15.36688,321.66
15.364142,322.28
15.361404,322.29
15.35319,322.19
15.344977,322.44
15.339501,322.29
15.336763,322.25
15.334025,322.68
15.331287,322.48
15.328549,322.33
15.325811,322.42
15.323073,322.23
15.320335,321.89
15.317597,321.56
15.312122,321.97
15.30117,321.21
15.298432,321.51
15.295694,321.92
15.292956,322.38
15.290218,322.3
15.28748,322.72
15.284743,323.23
15.282005,322.12
15.279267,321.82
15.268315,321.95
15.265577,322.37
15.262839,322.15
15.260101,322.75
15.257363,322.11
15.254626,321.69
15.251888,322.07
15.24915,321.76
15.246412,321.64
15.243674,321.26
15.240936,321.09
15.238198,321.17
15.23546,321.53
15.232722,321.9
15.229984,321.69
15.227246,321.32
15.224509,320.81
15.221771,320.54
15.219033,320.86
15.216295,319.7
15.213557,319.68
15.210819,320.61
15.208081,320.79
15.205343,320.82
15.202605,320.93
15.199867,320.83
15.197129,320.89
15.194392,321.01
15.191654,321.04
15.188916,320.81
15.186178,320.95
15.18344,321.11
15.180702,321.67
15.177964,321.5
15.175226,320.61
15.172488,320.65
15.16975,321.01
15.167012,320.36
15.164275,320.33
15.158799,320.94
15.156061,321.53
15.153323,320.95
15.150585,320.73
15.147847,320.26
15.145109,320.97
15.142371,320.5
15.139633,320.8
15.136895,320.83
15.134158,320.95
15.13142,320.35
15.128682,320.04
15.125944,319.75
15.123206,319.81
15.120468,320.72
15.11773,320.37
15.114992,320.2
15.112254,320.1
15.109516,320.06
15.106778,320.06
15.104041,320
15.101303,320.17
15.098565,320.34
15.095827,320.03
15.090351,320.42
15.087613,320.18
15.084875,320.3
15.082137,320.43
15.079399,319.79
15.076661,319.96
15.073924,319.79
15.071186,319.92
15.068448,319.9
15.06571,319.69
15.062972,320.15
15.060234,320.23
15.054758,318.66
15.05202,318.71
15.049282,318.91
15.046544,319.1
15.043807,318.96
15.041069,319.71
15.038331,319.2
15.035593,319.15
15.032855,319.26
15.030117,319.02
15.027379,319.22
15.024641,319.33
15.021903,319.21
15.019165,318.91
15.016427,319.08
15.008214,318.77
15.005476,318.8
15.002738,319.02
15.002075,319.11
14.999337,319.01
14.996599,318.84
14.993861,318.83
14.991123,318.86
14.988385,318.99
14.985647,318.92
14.982909,318.89
14.977434,319.25
14.974696,319.17
14.971958,319.26
14.96922,319.03
14.966482,318.98
14.963744,318.94
14.961006,318.94
14.958268,318.99
14.95553,318.82
14.952792,318.94
14.950055,318.83
14.947317,318.84
14.944579,318.94
14.941841,318.75
14.939103,318.97
14.936365,318.79
14.933627,318.81
14.930889,318.87
14.925413,316.9
14.922675,317.91
14.919938,317.8
14.9172,317.89
14.914462,317.96
14.911724,317.71
14.908986,317.89
14.906248,317.75
14.90351,317.46
14.900772,317.77
14.898034,317.55
14.895296,317.42
14.892558,317.51
14.889821,317.67
14.887083,317.67
14.884345,317.41
14.881607,317.46
14.878869,317.68
14.876131,317.53
14.873393,317.35
14.870655,317.53
14.867917,317.67
14.865179,317.57
14.862441,317.88
14.859704,317.44
14.856966,317.7
14.854228,317.61
14.846014,316.84
14.818635,316.73
14.815897,316.48
14.810421,316.71
14.807683,316.69
14.79947,316.7
14.796732,316.77
14.793994,316.75
14.791256,316.53
14.788518,316.09
14.78578,316.01
14.780304,316.06
14.777566,316.7
14.774828,316.72
14.739235,315.87
14.736498,315.81
14.714594,315.71
14.711856,315.7
14.709118,315.43
14.700905,316.38
14.695429,316.44
14.692691,317.26
14.689953,317.85
14.687215,317.82
14.684477,317.75
14.679001,317.77
14.676264,317.31
14.670788,317.92
14.66805,317.95
14.665312,318.22
14.662574,318.11
14.659836,317.6
14.648884,317.23
14.643409,318.23
14.640671,318.54
14.637933,318.41
14.635195,318.86
14.632457,318.15
14.629719,316.93
14.61603,319.44
14.605078,318.76
14.574961,320.29
14.572223,320.04
14.569485,319.89
14.566747,319.92
14.561271,320.12
14.558533,320.01
14.555796,319.91
14.553058,320.7
14.55032,320.51
14.544844,319.94
14.542106,319.93
14.514727,321.08
14.511989,321.29
14.509251,321.16
14.506513,320.81
14.503775,321.09
14.501037,321.15
14.492824,321.65
14.490086,321.53
14.487348,321.28
14.446279,321.03
14.43259,322.4
14.429852,322.2
14.427114,321.84
14.424376,321.74
14.421638,321.75
14.4189,321.91
14.057496,319.73
14.054758,319.65
14.05202,319.29
14.049282,319.79
14.046544,320.08
14.043807,320.05
14.041069,319.82
14.038331,319.72
14.035593,319.98
14.032855,319.86
14.030117,319.49
14.027379,319.39
14.024641,319.03
14.021903,319.2
14.019165,319.05
14.016427,318.98
14.01369,319.26
14.010952,318.98
14.008214,319.16
14.002738,318.78
13.999337,318.61
13.996599,318.4
13.993861,318.92
13.991123,319.05
13.988385,318.9
13.985647,318.57
13.982909,318.59
13.980172,318.97
13.977434,319.21
13.974696,318.63
13.971958,318.45
13.96922,318.27
13.966482,318.12
13.963744,318
13.961006,318.23
13.958268,318.19
13.95553,318.5
13.952792,318.27
13.950055,318.18
13.947317,318.38
13.941841,318.43
13.939103,318.23
13.936365,318.07
13.933627,317.95
13.930889,317.91
13.925413,317.78
13.919938,317.69
13.9172,317.53
13.914462,317.57
13.911724,317.54
13.908986,317.51
13.906248,317.82
13.881607,316.79
13.870655,317.12
13.867917,317.09
13.865179,317.4
13.859704,316.73
13.856966,316.66
13.854228,316.79
13.85149,316.81
13.848752,316.64
13.846014,316.85
13.843276,316.95
13.832324,316.63
13.829587,316.2
13.826849,316.66
13.824111,316.8
13.821373,315.66
13.818635,315.67
13.813159,316.74
13.810421,316.19
13.807683,317.2
13.804945,317.32
13.802207,316
13.79947,316.3
13.796732,315.72
13.793994,315.52
13.791256,315.35
13.788518,315.54
13.78578,315.23
13.783042,315.59
13.780304,315.72
13.774828,315.81
13.77209,315.77
13.763877,316.17
13.761139,316.13
13.758401,316.25
13.755663,316.36
13.752925,316.38
13.750187,316.07
13.747449,315.76
13.739235,315.69
13.736498,315.59
13.73376,314.44
13.731022,315.75
13.728284,315.78
13.725546,315.97
13.722808,316.39
13.714594,316.31
13.711856,316.14
13.709118,316.27
13.703643,315.17
13.700905,316
13.698167,316.38
13.695429,315.96
13.692691,315.85
13.687215,316.85
13.684477,316.95
13.681739,317.02
13.679001,317.22
13.676264,317.07
13.673526,317.47
13.670788,317.32
13.665312,316.33
13.659836,317.09
13.651622,317.24
13.648884,317.35
13.646147,317.13
13.643409,317.39
13.640671,317.87
13.637933,316.99
13.635195,316.58
13.624243,317.26
13.621505,317.92
13.618767,317.95
13.61603,317.97
13.613292,318.05
13.610554,317.82
13.607816,318.43
13.605078,318.43
13.60234,318.49
13.599602,318.49
13.596864,318.31
13.594126,318.17
13.569485,318.24
13.566747,318.99
13.564009,319.09
13.561271,319.31
13.558533,319.25
13.555796,319.52
13.553058,319.43
13.547582,319.54
13.544844,318.9
13.542106,319.53
13.539368,319.86
13.53663,319.94
13.531154,319.43
13.528416,319.79
13.525679,319.86
13.522941,319.72
13.520203,319.62
13.517465,319.87
13.514727,320.04
13.511989,320.56
13.509251,320.39
13.506513,319.87
13.503775,320.28
13.501037,319.94
13.498299,319.42
13.495562,320.64
13.492824,320.79
13.490086,320.86
13.487348,320.77
13.48461,321.04
13.481872,320.85
13.473658,320.86
13.47092,320.68
13.465445,321.14
13.462707,321.02
13.454493,322.06
13.451755,322.08
13.449017,321.98
13.446279,322.11
13.443541,322.05
13.440803,321.75
13.429852,322.56
13.427114,322.24
13.424376,322.54
13.421638,322.62
13.416162,321.79
13.410686,322.3
13.407948,322.48
13.405211,322.38
13.402473,322.37
13.396997,322.58
13.394259,322.39
13.391521,322.35
13.388783,322.26
13.386045,322.61
13.383307,322.49
13.380569,322.33
13.377831,322.16
13.375094,321.98
13.372356,321.88
13.369618,321.97
13.36688,321.79
13.35319,322.05
13.350452,322.06
13.328549,321.86
13.325811,321.94
13.323073,321.73
13.320335,321.64
13.317597,321.75
13.312122,321.9
13.309384,322.01
13.306646,322.2
13.303908,322.52
13.298432,321.23
13.295694,321.68
13.292956,321.43
13.290218,321.36
13.28748,321.67
13.284743,321.06
13.282005,320.51
13.279267,320.65
13.276529,320.38
13.273791,320.11
13.271053,320.07
13.268315,320.13
13.262839,320.88
13.260101,320.69
13.257363,320.44
13.254626,319.84
13.251888,319.88
13.24915,320.02
13.246412,320.59
13.243674,320.48
13.240936,320.03
13.238198,320.3
13.23546,320.4
13.232722,320.42
13.229984,320.2
13.227246,320.33
13.224509,320.3
13.221771,320.34
13.219033,320.26
13.216295,319.99
13.213557,319.47
13.210819,319.93
13.208081,319.79
13.205343,319.84
13.202605,320.07
13.199867,319.47
13.191654,319.91
13.188916,319.74
13.186178,319.74
13.18344,319.68
13.180702,319.58
13.177964,319.48
13.175226,319.49
13.172488,319.22
13.16975,319.29
13.167012,319.38
13.164275,319.38
13.158799,319.37
13.156061,319.35
13.153323,319.28
13.11773,318.77
13.114992,319.01
13.112254,318.85
13.109516,318.68
13.106778,318.98
13.104041,319.38
13.101303,318.95
13.098565,318.78
13.095827,318.8
13.093089,318.72
13.090351,318.87
13.087613,318.86
13.084875,318.6
13.082137,318.6
13.079399,318.44
13.076661,318.65
13.073924,319.1
13.071186,318.94
13.068448,318.91
13.06571,318.76
13.062972,318.82
13.060234,318.92
13.057496,318.7
13.054758,318.56
13.05202,319.11
13.049282,319.24
13.046544,319.42
13.043807,318.52
13.041069,318.83
13.038331,319.05
13.035593,318.62
13.032855,318.49
13.030117,318.71
13.027379,318.7
13.024641,318.85
13.021903,318.84
13.019165,318.51
13.016427,318.34
13.01369,318.4
13.010952,318.44
13.005476,318.21
12.974696,318.57
12.971958,318.06
12.96922,318.24
12.966482,317.88
12.963744,317.73
12.961006,317.95
12.958268,317.62
12.95553,317.58
12.952792,317.67
12.950055,317.51
12.947317,317.51
12.941841,317.14
12.939103,317.33
12.936365,317.3
12.933627,317.61
12.930889,317.02
12.928151,317.11
12.925413,317.17
12.922675,317.17
12.919938,317.42
12.9172,316.89
12.914462,317.02
12.911724,317.08
12.908986,317.29
12.906248,316.93
12.90351,317.11
12.900772,317.05
12.898034,316.89
12.895296,317.29
12.892558,317.19
12.889821,317.16
12.887083,316.85
12.884345,316.7
12.881607,316.39
12.878869,316.76
12.876131,317.04
12.873393,317.13
12.870655,317.31
12.867917,317.12
12.865179,316.24
12.862441,316.39
12.856966,316.49
12.854228,316.46
12.85149,316.47
12.848752,316.45
12.846014,316.2
12.843276,315.81
12.840538,315.76
12.8378,315.63
12.832324,315.55
12.829587,315.73
12.826849,315.68
12.824111,315.81
12.821373,315.57
12.815897,316.17
12.813159,315.79
12.810421,315.83
12.807683,315.36
12.804945,315.47
12.793994,315.96
12.791256,315.85
12.780304,315.28
12.777566,315.18
12.774828,315.22
12.77209,315.22
12.769353,315.04
12.766615,314.92
12.763877,315.26
12.761139,315.03
12.752925,315.25
12.750187,316.21
12.747449,316.06
12.744711,316.05
12.741973,315.61
12.739235,315.73
12.736498,316.64
12.725546,314.79
12.72007,316.39
12.717332,316.47
12.714594,317.3
12.711856,316.21
12.709118,316.12
12.706381,316.55
12.703643,316.54
12.626981,317.52
12.624243,317.53
12.621505,317.42
12.618767,317.22
12.607816,317.24
12.605078,318.4
12.60234,318.28
12.599602,318.41
12.596864,319.1
12.594126,318.76
12.591388,318.62
12.58865,318.79
12.585913,318.76
12.583175,319.03
12.580437,318.77
12.577699,318.5
12.574961,318.53
12.572223,318.53
12.569485,318.86
12.566747,319.23
12.564009,319.27
12.561271,319.11
12.55032,318.75
12.547582,318.97
12.539368,319.93
12.53663,319.58
12.533892,320.26
12.531154,320.06
12.522941,320.01
12.520203,320.6
12.517465,320.5
12.509251,319.36
12.506513,320.01
12.503775,319.85
12.501037,319.53
12.498299,319.42
12.495562,320.68
12.492824,320.92
12.490086,320.87
12.487348,320.11
12.48461,320.01
12.481872,319.23
12.479134,319.89
12.476396,320.77
12.473658,320.55
12.47092,320.65
12.465445,320.44
12.462707,319.75
12.454493,320.59
12.451755,321.05
12.449017,320.98
12.446279,320.95
12.443541,320.39
12.440803,321.2
12.438065,320.94
12.435328,321
12.43259,320.75
12.429852,320.67
12.427114,321.12
12.424376,321.12
12.421638,320.81
12.4189,320.77
12.416162,320.64
12.413424,320.59
12.410686,321.15
12.405211,320.72
12.402473,320.57
12.399735,320.94
12.396997,320.73
12.394259,321.39
12.391521,321.02
12.388783,320.95
12.386045,320.91
12.383307,321.02
12.380569,321
12.377831,321.1
12.375094,321.1
12.372356,320.55
12.369618,321.67
12.36688,320.97
12.364142,321.28
12.361404,320.38
12.358666,320.26
12.355928,320.43
12.35319,321.32
12.350452,321.2
12.347714,321.05
12.344977,320.94
12.342239,320.79
12.339501,320.7
12.336763,320.65
12.334025,320.29
12.328549,320.52
12.325811,320.56
12.323073,321
12.320335,319.93
12.317597,319.91
12.31486,320.51
12.312122,319.57
12.309384,320.26
12.306646,320.44
12.30117,321.15
12.298432,320.87
12.292956,320.76
12.290218,320.88
12.28748,321.06
12.284743,320.83
12.282005,321.13
12.279267,321.46
12.276529,321.24
12.273791,320.37
12.271053,320.04
12.268315,318.96
12.262839,320.25
12.260101,320.23
12.257363,320.96
12.254626,320.47
12.251888,320.21
12.24915,320.1
12.246412,320.18
12.243674,320.21
12.240936,320.42
12.238198,320.43
12.23546,319.94
12.232722,319.62
12.229984,319.65
12.227246,319.58
12.224509,319.63
12.221771,319.89
12.219033,319.9
12.216295,319.88
12.213557,319.86
12.210819,320.01
12.208081,319.94
12.205343,319.95
12.202605,319.99
12.199867,319.82
12.197129,319.8
12.194392,319.73
12.191654,319.26
12.186178,319.32
12.18344,319.6
12.180702,319.31
12.177964,319.28
12.175226,319.22
12.172488,319.2
12.16975,319.32
12.167012,319.38
12.164275,319.51
12.142371,319.4
12.139633,319.33
12.136895,318.86
12.134158,318.8
12.13142,318.68
12.128682,318.61
12.125944,318.72
12.123206,318.28
12.120468,318.41
12.114992,318.86
12.112254,318.61
12.109516,318.25
12.106778,318.49
12.104041,318.36
12.101303,318.34
12.098565,318.04
12.095827,317.78
12.093089,318.23
12.090351,318.17
12.087613,318.09
12.084875,317.71
12.082137,317.67
12.079399,318.08
12.076661,317.91
12.073924,317.86
12.071186,317.91
12.068448,317.95
12.06571,317.82
12.062972,318.23
12.060234,318.18
12.057496,318.03
12.05202,318.2
12.049282,318.15
12.046544,318.03
12.043807,318.09
12.041069,317.87
12.038331,317.91
12.035593,318.04
12.032855,318.01
12.030117,318.21
12.027379,318.29
12.024641,318.37
12.021903,318.26
12.019165,317.74
12.016427,318
12.008214,317.7
12.005476,317.44
12.002738,317.28
11.999337,317.53
11.996599,317.77
11.993861,317.62
11.991123,317.18
11.988385,317.37
11.985647,317.16
11.982909,317.2
11.980172,317.2
11.977434,316.95
11.966482,316.86
11.963744,316.74
11.961006,316.91
11.958268,316.86
11.95553,317.18
11.952792,316.72
11.950055,316.79
11.947317,316.91
11.944579,316.78
11.941841,316.75
11.939103,317.31
11.933627,317.41
11.928151,316.88
11.925413,316.7
11.922675,316.32
11.919938,316.54
11.9172,316.34
11.911724,316.75
11.908986,316.52
11.90351,316.49
11.900772,316.41
11.898034,316.51
11.895296,316.66
11.892558,316.64
11.889821,316.21
11.887083,315.94
11.884345,316.16
11.881607,316.28
11.878869,316.12
11.876131,316.4
11.873393,316.18
11.870655,315.94
11.865179,315.98
11.862441,315.87
11.859704,315.51
11.856966,315.42
11.854228,315.6
11.85149,315.13
11.846014,315.51
11.843276,315.71
11.840538,316.02
11.8378,316.3
11.835062,316.41
11.832324,316.34
11.829587,316.56
11.826849,315.65
11.824111,315.67
11.821373,315.32
11.818635,315.19
11.815897,315.18
11.813159,315.15
11.810421,315.16
11.807683,315.47
11.804945,315.72
11.802207,315.29
11.79947,315.58
11.796732,315.67
11.793994,315.87
11.791256,315.67
11.788518,315.32
11.78578,315
11.783042,315.46
11.780304,315.37
11.777566,314.85
11.774828,314.93
11.77209,314.61
11.769353,315.23
11.766615,314.95
11.761139,314.64
11.758401,314.57
11.755663,314.98
11.752925,315.76
11.750187,315.62
11.744711,316.55
11.736498,314.72
11.73376,315.15
11.731022,314.89
11.728284,315.04
11.72007,315.63
11.717332,314.27
11.714594,314.1
11.711856,314.1
11.709118,314.26
11.706381,315.89
11.703643,315.56
11.698167,314.62
11.695429,314.9
11.692691,314.91
11.687215,314.97
11.684477,314.85
11.681739,314.76
11.679001,314.72
11.676264,314.68
11.673526,315.21
11.670788,316.11
11.66805,316.94
11.657098,314.39
11.65436,314.57
11.651622,314.45
11.648884,315.46
11.646147,317.08
11.643409,317.27
11.640671,317.1
11.635195,315.39
11.632457,315.5
11.629719,316.77
11.626981,316.89
11.624243,317.32
11.613292,317.35
11.610554,316.57
11.607816,317.32
11.605078,317.65
11.60234,317.7
11.599602,317.84
11.596864,317.69
11.594126,317.68
11.591388,318.05
11.58865,318.27
11.585913,318.19
11.583175,317.99
11.561271,317.23
11.544844,318.44
11.542106,318.49
11.539368,318.49
11.53663,318.63
11.533892,318.52
11.531154,318.88
11.525679,318.46
11.522941,318.77
11.520203,318.89
11.517465,319.3
11.514727,319.56
11.511989,319.36
11.509251,319.24
11.506513,319.48
11.503775,318.77
11.501037,319.45
11.498299,319.66
11.495562,319.4
11.492824,318.67
11.490086,319.11
11.487348,319.36
11.48461,319.36
11.481872,319.23
11.479134,319.5
11.476396,319.61
11.473658,319.5
11.47092,319.51
11.468182,319.52
11.465445,319.83
11.462707,319.52
11.459969,319.61
11.457231,319.73
11.454493,319.69
11.451755,319.68
11.449017,319.74
11.446279,319.92
11.443541,319.85
11.440803,319.68
11.438065,320.4
11.435328,320.19
11.43259,320.33
11.429852,320.1
11.427114,319.79
11.424376,320.1
11.421638,320.15
11.4189,320.25
11.413424,319.9
11.410686,319.88
11.407948,320.07
11.405211,320.41
11.402473,320.7
11.399735,320.53
11.396997,320.41
11.394259,320.52
11.391521,320.31
11.386045,320.84
11.383307,320.5
11.380569,320.83
11.377831,321
11.375094,320.46
11.372356,320.52
11.364142,319.9
11.35319,320.52
11.350452,320.42
11.347714,320.77
11.344977,320.76
11.342239,320.19
11.339501,321.33
11.336763,319.84
11.334025,319.54
11.331287,319.45
11.328549,319.09
11.325811,320
11.317597,319.74
11.31486,319.68
11.312122,319.6
11.309384,319.77
11.306646,319.96
11.303908,320.11
11.30117,319.91
11.298432,318.88
11.295694,318.86
11.292956,318.87
11.290218,318.6
11.282005,318.79
11.279267,318.95
11.276529,318.84
11.273791,319.8
11.271053,319.41
11.265577,319.35
11.262839,319.56
11.260101,319.85
11.257363,320.07
11.254626,319.92
11.251888,319.53
11.24915,319.05
11.246412,318.97
11.243674,319.21
11.240936,319.09
11.238198,319.08
11.23546,319.16
11.229984,318.09
11.227246,317.85
11.224509,319.16
11.221771,318.81
11.219033,318.99
11.216295,318.13
11.213557,318.39
11.208081,319.43
11.205343,318.84
11.194392,318.31
11.188916,318.24
11.18344,317.93
11.180702,318.02
11.177964,317.84
11.175226,318.51
11.172488,318.14
11.16975,318.15
11.167012,318.08
11.164275,317.81
11.161537,318.04
11.156061,318.07
11.153323,318.15
11.150585,318.33
11.147847,318.16
11.145109,318.23
11.142371,318.28
11.139633,318.09
11.136895,318.19
11.134158,317.7
11.13142,317.78
11.11773,318.08
11.114992,318.24
11.112254,317.51
11.109516,317.25
11.106778,317.4
11.104041,317.14
11.101303,316.89
11.098565,316.83
11.095827,316.82
11.093089,317.17
11.090351,317.18
11.087613,316.97
11.084875,316.63
11.082137,316.78
11.079399,316.81
11.076661,316.87
11.073924,316.95
11.071186,316.84
11.068448,316.91
11.06571,316.95
11.062972,317.12
11.060234,317.12
11.057496,316.91
11.054758,316.88
11.05202,316.99
11.049282,317.24
11.046544,317.3
11.043807,317.31
11.041069,317.02
11.038331,317.1
11.035593,317.04
11.032855,317.18
11.030117,316.98
11.027379,316.83
11.024641,316.54
11.021903,316.77
11.016427,316.93
11.01369,316.91
11.010952,316.98
11.008214,316.84
11.005476,316.9
11.002738,317.01
11.002075,316.39
10.999337,316.61
10.996599,316.72
10.993861,316.6
10.991123,316.59
10.988385,316.34
10.985647,316.15
10.980172,316.46
10.977434,316.46
10.96922,316.51
10.966482,316.29
10.963744,316.16
10.961006,316.43
10.958268,316.3
10.95553,315.78
10.952792,316.21
10.950055,315.97
10.947317,316
10.944579,316.08
10.941841,315.92
10.939103,316.07
10.936365,316.37
10.933627,316.12
10.930889,315.7
10.928151,315.79
10.925413,315.63
10.919938,315.72
10.9172,315.7
10.914462,316.17
10.911724,315.37
10.906248,315.18
10.90351,315.16
10.900772,315.37
10.898034,315.65
10.895296,315.41
10.892558,315.18
10.889821,315.01
10.887083,315.19
10.884345,314.96
10.881607,315.01
10.878869,314.93
10.876131,314.94
10.873393,315.02
10.870655,315.43
10.867917,315.07
10.865179,314.97
10.862441,315.06
10.859704,315.07
10.856966,314.99
10.854228,314.78
10.85149,314.61
10.848752,314.5
10.846014,314.64
10.843276,314.6
10.840538,314.52
10.829587,314.14
10.826849,314.58
10.824111,314.98
10.821373,313.88
10.818635,314
10.815897,313.7
10.810421,314.87
10.807683,314.82
10.804945,314.57
10.802207,314.58
10.79947,313.55
10.796732,313.86
10.793994,314.23
10.791256,313.39
10.788518,313.21
10.78578,314.02
10.783042,313.92
10.774828,314.02
10.77209,313.2
10.769353,312.99
10.766615,313.28
10.763877,314.06
10.761139,314.12
10.758401,313.39
10.755663,313.36
10.747449,313.6
10.744711,313.31
10.741973,313.31
10.739235,313.33
10.736498,313.44
10.73376,313.38
10.731022,313.56
10.728284,312.7
10.725546,313.38
10.722808,313.94
10.717332,314.68
10.714594,314.61
10.709118,315.3
10.706381,314.83
10.703643,313.64
10.700905,314.14
10.698167,313.88
10.692691,315.03
10.689953,315.21
10.687215,315.09
10.684477,315
10.681739,314.68
10.679001,314.9
10.676264,315
10.659836,314.85
10.657098,314.89
10.65436,314.78
10.648884,315.26
10.646147,315.28
10.643409,315.47
10.635195,313.69
10.632457,314.71
10.629719,316.3
10.624243,316.28
10.621505,316.25
10.618767,316.94
10.613292,317.1
10.610554,316.77
10.605078,316.55
10.599602,317.08
10.596864,317.28
10.591388,315.48
10.58865,317.3
10.585913,317.13
10.583175,317.16
10.580437,316.66
10.577699,316.31
10.572223,317.82
10.569485,317.94
10.566747,317.87
10.561271,317.92
10.558533,318.13
10.555796,317.9
10.553058,318.02
10.55032,318.25
10.547582,318.26
10.544844,318.62
10.542106,318.56
10.539368,318.45
10.531154,318.65
10.528416,318.59
10.520203,318.68
10.517465,318.42
10.511989,318.3
10.506513,317.55
10.503775,317.62
10.501037,318.18
10.498299,318.37
10.495562,318.88
10.48461,319.2
10.481872,319.15
10.462707,319.22
10.459969,319.57
10.457231,319.65
10.454493,319.91
10.451755,319.75
10.449017,320.2
10.446279,320.03
10.443541,320.27
10.440803,320.4
10.435328,319.87
10.424376,319.03
10.4189,319.94
10.416162,320.02
10.413424,320.64
10.410686,320.18
10.407948,319.53
10.405211,319.78
10.402473,320.16
10.399735,319.75
10.396997,319.56
10.391521,319.66
10.388783,320.12
10.386045,320.26
10.383307,320.34
10.380569,320.23
10.377831,319.88
10.375094,319.49
10.372356,319.52
10.369618,319.8
10.361404,319.98
10.358666,320.2
10.355928,319.19
10.35319,320.26
10.350452,320.31
10.347714,320
10.344977,320.33
10.342239,320.79
10.323073,319.73
10.320335,319.59
10.317597,318.99
10.31486,319
10.312122,318.82
10.309384,318.99
10.306646,318.43
10.303908,319.24
10.30117,318.44
10.298432,319.55
10.295694,318.93
10.292956,318.86
10.290218,318.94
10.28748,318.66
10.284743,318.98
10.271053,319.15
10.268315,319.39
10.262839,317.98
10.260101,318.56
10.257363,318.7
10.254626,318.54
10.251888,318.84
10.24915,318.71
10.243674,317.42
10.240936,318.82
10.23546,319.27
10.229984,317.45
10.227246,317.67
10.224509,317.91
10.221771,318.25
10.219033,318.63
10.216295,318.35
10.208081,317.86
10.205343,317.95
10.202605,317.9
10.199867,318.19
10.197129,318.16
10.194392,317.7
10.191654,317.4
10.188916,317.14
10.186178,316.75
10.18344,316.92
10.180702,316.96
10.177964,317.03
10.175226,316.89
10.172488,316.94
10.16975,316.92
10.164275,317.51
10.161537,317.19
10.158799,317.07
10.156061,316.59
10.153323,316.34
10.150585,317.27
10.147847,317.48
10.145109,317.43
10.142371,317.64
10.139633,317.35
10.136895,316.81
10.13142,317
10.128682,317.09
10.125944,316.92
10.123206,316.58
10.120468,316.87
10.11773,317.56
10.114992,317.38
10.112254,316.84
10.109516,317.02
10.106778,316.45
10.104041,316.92
10.098565,316.85
10.095827,317.58
10.093089,316.54
10.090351,316.62
10.087613,317.25
10.084875,316.81
10.082137,317.17
10.079399,316.72
10.076661,316.77
10.073924,316.68
10.071186,316.67
10.068448,316.53
10.06571,316.46
10.062972,316.41
10.060234,316.55
10.057496,316.43
10.054758,316.77
10.05202,316.73
10.049282,316.96
10.046544,317.01
10.043807,316.66
10.041069,316.21
10.038331,316.38
10.035593,316.74
10.032855,316.57
10.027379,316.59
10.024641,316.74
10.021903,316.14
10.019165,315.9
10.016427,315.79
10.01369,315.58
9.996599,315.54
9.993861,315.4
9.991123,315.69
9.988385,316.04
9.985647,315.76
9.982909,315.66
9.980172,315.74
9.977434,315.62
9.974696,316.39
9.971958,315.66
9.96922,315.46
9.966482,315.82
9.963744,315.85
9.961006,315.59
9.958268,315.77
9.95553,315.82
9.952792,315.83
9.950055,315.66
9.947317,315.42
9.944579,315.4
9.939103,315.51
9.936365,315.11
9.933627,315.1
9.930889,315.18
9.922675,315
9.919938,314.46
9.9172,315.15
9.914462,314.4
9.911724,314.8
9.908986,315.33
9.906248,315.6
9.90351,315.32
9.900772,315.43
9.898034,315.48
9.892558,314.86
9.889821,315.17
9.887083,315.42
9.884345,315.61
9.881607,314.92
9.878869,315.24
9.876131,315.09
9.873393,314.31
9.870655,314.4
9.867917,314.83
9.865179,314.55
9.85149,314.62
9.848752,314.59
9.846014,314.38
9.843276,314.32
9.840538,314.64
9.8378,314.42
9.835062,314.56
9.832324,314.53
9.829587,313.9
9.826849,313.5
9.824111,313.82
9.821373,313.67
9.818635,313.53
9.815897,313.57
9.813159,312.95
9.810421,313.59
9.807683,313.71
9.804945,312.92
9.802207,313.24
9.79947,313.29
9.796732,313.31
9.793994,313.37
9.791256,313.51
9.788518,313.68
9.78578,313.86
9.783042,313.65
9.777566,312.95
9.774828,313.22
9.77209,313.15
9.769353,312.78
9.766615,313.83
9.763877,313.81
9.761139,312.7
9.755663,313.46
9.752925,312.33
9.750187,312.57
9.747449,313.57
9.744711,313.45
9.741973,313.47
9.736498,313.42
9.73376,313.74
9.731022,313.6
9.728284,313.54
9.725546,313.47
9.72007,312.95
9.717332,312.94
9.714594,313.78
9.711856,314.02
9.709118,313.8
9.706381,313.83
9.703643,313.67
9.692691,313.92
9.689953,313.9
9.687215,313.99
9.684477,314.12
9.673526,314.55
9.670788,315.06
9.657098,314.39
9.65436,314.17
9.648884,314.98
9.646147,314.93
9.643409,314.52
9.60234,315.44
9.599602,315.32
9.594126,314.11
9.591388,314.96
9.58865,315.35
9.585913,315.91
9.580437,316.14
9.577699,316.15
9.574961,316.01
9.572223,315.81
9.569485,316.12
9.566747,316.34
9.564009,316.42
9.561271,316.31
9.555796,316.06
9.553058,316.22
9.547582,315.37
9.544844,315.76
9.542106,316.7
9.539368,316.84
9.53663,316.71
9.533892,316.9
9.531154,317.02
9.528416,317.24
9.525679,317.16
9.522941,316.83
9.520203,316.93
9.514727,316.29
9.509251,315.94
9.506513,317.84
9.503775,317.78
9.501037,317.65
9.498299,317.45
9.481872,317.73
9.479134,317.49
9.476396,317.78
9.473658,317.84
9.47092,318.01
9.468182,317.72
9.465445,317.74
9.462707,317.59
9.451755,318.58
9.449017,318.7
9.443541,318.13
9.438065,318.78
9.435328,318.36
9.43259,318.4
9.429852,318.44
9.427114,318.64
9.424376,318.66
9.399735,318.18
9.396997,317.92
9.394259,318.42
9.391521,318.01
9.388783,318.56
9.386045,318.65
9.383307,318.5
9.380569,318.3
9.377831,317.93
9.375094,317.71
9.372356,317.17
9.369618,318.72
9.36688,318.53
9.364142,318.35
9.342239,318.44
9.339501,318.15
9.325811,318.36
9.323073,318.16
9.320335,318.35
9.317597,318.55
9.31486,318.57
9.312122,318.61
9.306646,318.26
9.303908,318.53
9.30117,318.31
9.298432,318.05
9.295694,317.43
9.292956,316.78
9.290218,317.31
9.28748,317.4
9.284743,317.53
9.282005,316.96
9.279267,316.84
9.276529,317.07
9.273791,317.42
9.271053,316.91
9.268315,316.92
9.265577,317.55
9.262839,317.14
9.260101,317.08
9.254626,318.16
9.251888,318.15
9.243674,316.37
9.240936,317.03
9.238198,317.09
9.23546,316.46
9.232722,316.62
9.229984,316.53
9.227246,316.38
9.224509,317.05
9.221771,317.1
9.219033,316.97
9.188916,316.68
9.186178,317.33
9.18344,316.76
9.180702,316.58
9.177964,316.65
9.175226,316.92
9.172488,316.78
9.16975,316.78
9.167012,316.66
9.164275,316.95
9.161537,316.48
9.158799,316.41
9.156061,316.56
9.150585,316.83
9.147847,317.17
9.145109,316.81
9.139633,316.2
9.136895,316.42
9.134158,316.73
9.13142,316.94
9.079399,315.56
9.076661,315.41
9.071186,315.8
9.068448,315.86
9.06571,316.01
9.062972,315.59
9.060234,315.88
9.057496,315.77
9.054758,315.69
9.05202,315.04
9.049282,315.44
9.046544,315.55
9.043807,316.03
9.041069,316.17
9.038331,315.9
9.035593,315.28
9.032855,315.52
9.030117,315.68
9.027379,315.58
9.024641,315.7
9.021903,315.43
9.019165,315.14
9.016427,315.58
9.01369,315.02
9.010952,315.34
9.002738,315.23
8.999337,315.44
8.996599,315.26
8.993861,315.04
8.988385,315.56
8.985647,315.58
8.982909,315.11
8.980172,315.1
8.977434,314.86
8.974696,314.76
8.971958,314.91
8.96922,315.01
8.966482,314.79
8.963744,315.08
8.961006,314.53
8.958268,314.33
8.95553,314.68
8.952792,314.67
8.950055,314.52
8.947317,314.53
8.944579,314.29
8.941841,313.86
8.939103,314.36
8.936365,314.62
8.933627,314.84
8.930889,314.24
8.928151,314.55
8.925413,314.44
8.922675,314.43
8.919938,314.22
8.9172,314.3
8.914462,313.84
8.911724,313.74
8.908986,314.26
8.906248,313.91
8.90351,314.4
8.898034,313.98
8.895296,314.01
8.892558,313.71
8.889821,313.92
8.887083,313.17
8.884345,313.14
8.881607,313.44
8.878869,313.35
8.876131,313.46
8.873393,313.31
8.870655,313.07
8.867917,313.11
8.865179,313.48
8.856966,313.15
8.854228,313.32
8.85149,313.32
8.670788,313.03
8.66805,314.27
8.621505,315.27
8.618767,315.08
8.61603,314.82
8.613292,314.99
8.610554,314.6
8.607816,314.46
8.599602,314.78
8.596864,315.54
8.594126,315.49
8.591388,315.29
8.580437,315.76
8.577699,315.74
8.572223,315.5
8.569485,315.61
8.566747,315.25
8.561271,316.09
8.558533,315.9
8.55032,316.04
8.547582,315.5
8.542106,314.56
8.539368,314.55
8.53663,316.43
8.533892,316.22
8.517465,315.84
8.391521,317.94
8.388783,318.09
8.386045,317.98
8.383307,317.7
8.344977,317.84
8.342239,317.69
8.339501,316.76
8.336763,316.4
8.334025,316.84
8.309384,316.76
8.306646,317.25
8.303908,317.06
8.30117,316.52
8.295694,317.8
8.292956,317.74
8.284743,318.41
8.282005,318.39
8.276529,316.84
8.273791,316.56
8.268315,316.81
8.262839,317.8
8.260101,317.38
8.257363,317.09
8.254626,317.76
8.251888,317.67
8.246412,316.4
8.243674,316.16
8,314.757
7,314.171
6,313.632
5,313.143
4,312.709
3,312.338
2,312.025
1,311.764
0,311.543
-1,311.357
-2,311.208
-3,311.099
-4,311.022
-5,310.965
-6,310.916
-7,310.854
-8,310.762
-9,310.622
-10,310.422
-11,310.152
-12,309.821
-13,309.448
-14,309.052
-15,308.651
-16,308.257
-17,307.882
-18,307.526
-19,307.185
-20,306.853
-21,306.522
-22,306.185
-23,305.841
-24,305.491
-25,305.135
-26,304.777
-27,304.417
-28,304.06
-29,303.699
-30,303.325
-31,302.93
-32,302.506
-33,302.058
-34,301.595
-35,301.126
-36,300.66
-37,300.207
-38,299.769
-39,299.353
-40,298.952
-41,298.552
-42,298.144
-43,297.738
-44,297.351
-45,296.999
-46,296.697
-47,296.458
-48,296.276
-49,296.139
-50,296.026
-51,295.909
-52,295.767
-53,295.575
-54,295.312
-55,294.964
-56,294.548
-57,294.085
-58,293.591
-59,293.077
-60,292.558
-61,292.046
-62,291.553
-63,291.089
-64,290.664
-65,290.289
-66,289.972
-67,289.715
-68,289.508
-69,289.339
-70,289.199
-71,289.075
-72,288.958
-73,288.836
-74,288.698
-75,288.534
-76,288.331
-77,288.087
-78,287.815
-79,287.529
-80,287.239
-81,286.954
-82,286.686
-83,286.454
-84,286.278
-85,286.161
-86,286.105
-87,286.108
-88,286.163
-89,286.259
-90,286.386
-91,286.534
-92,286.694
-93,286.853
-94,287.002
-95,287.128
-96,287.222
-97,287.272
-98,287.263
-99,287.19
-100,287.058
-101,286.874
-102,286.647
-103,286.397
-104,286.142
-105,285.9
-106,285.664
-107,285.423
-108,285.178
-109,284.93
-110,284.681
-111,284.433
-112,284.188
-113,283.946
-114,283.708
-115,283.474
-116,283.244
-117,283.021
-118,282.81
-119,282.617
-120,282.448
-121,282.309
-122,282.207
-123,282.145
-124,282.132
-125,282.167
-126,282.246
-127,282.359
-128,282.499
-129,282.658
-130,282.828
-131,283.002
-132,283.17
-133,283.325
-134,283.46
-135,283.566
-136,283.636
-137,283.665
-138,283.655
-139,283.61
-140,283.534
-141,283.43
-142,283.303
-143,283.156
-144,282.991
-145,282.814
-146,282.628
-147,282.436
-148,282.242
-149,282.05
-150,281.863
-151,281.685
-152,281.514
-153,281.342
-154,281.163
-155,280.97
-156,280.757
-157,280.521
-158,280.267
-159,280
-160,279.724
-161,279.443
-162,279.162
-163,278.885
-164,278.618
-165,278.364
-166,278.128
-167,277.915
-168,277.729
-169,277.575
-170,277.456
-171,277.371
-172,277.312
-173,277.272
-174,277.243
-175,277.217
-176,277.187
-177,277.146
-178,277.093
-179,277.03
-180,276.96
-181,276.884
-182,276.806
-183,276.726
-184,276.648
-185,276.575
-186,276.507
-187,276.447
-188,276.397
-189,276.356
-190,276.324
-191,276.301
-192,276.286
-193,276.28
-194,276.281
-195,276.291
-196,276.308
-197,276.332
-198,276.363
-199,276.401
-200,276.446
-201,276.498
-202,276.557
-203,276.625
-204,276.7
-205,276.783
-206,276.874
-207,276.974
-208,277.082
-209,277.195
-210,277.311
-211,277.424
-212,277.531
-213,277.627
-214,277.708
-215,277.771
-216,277.811
-217,277.825
-218,277.816
-219,277.787
-220,277.739
-221,277.676
-222,277.6
-223,277.515
-224,277.422
-225,277.325
-226,277.227
-227,277.13
-228,277.037
-229,276.948
-230,276.863
-231,276.783
-232,276.708
-233,276.636
-234,276.569
-235,276.507
-236,276.448
-237,276.394
-238,276.344
-239,276.298
-240,276.256
-241,276.219
-242,276.185
-243,276.156
-244,276.13
-245,276.109
-246,276.092
-247,276.079
-248,276.069
-249,276.063
-250,276.062
-251,276.064
-252,276.07
-253,276.079
-254,276.093
-255,276.11
-256,276.131
-257,276.156
-258,276.184
-259,276.216
-260,276.251
-261,276.29
-262,276.333
-263,276.378
-264,276.426
-265,276.477
-266,276.53
-267,276.585
-268,276.641
-269,276.699
-270,276.757
-271,276.817
-272,276.877
-273,276.937
-274,276.996
-275,277.056
-276,277.114
-277,277.172
-278,277.228
-279,277.282
-280,277.335
-281,277.385
-282,277.433
-283,277.478
-284,277.52
-285,277.559
-286,277.593
-287,277.624
-288,277.651
-289,277.673
-290,277.69
-291,277.701
-292,277.708
-293,277.708
-294,277.703
-295,277.691
-296,277.673
-297,277.647
-298,277.615
-299,277.574
-300,277.526
-301,277.47
-302,277.406
-303,277.332
-304,277.25
-305,277.158
-306,277.057
-307,276.946
-308,276.825
-309,276.693
-310,276.55
-311,276.397
-312,276.233
-313,276.059
-314,275.877
-315,275.685
-316,275.486
-317,275.279
-318,275.065
-319,274.845
-320,274.62
-321,274.389
-322,274.154
-323,273.918
-324,273.682
-325,273.45
-326,273.224
-327,273.008
-328,272.803
-329,272.614
-330,272.442
-331,272.289
-332,272.161
-333,272.057
-334,271.983
-335,271.939
-336,271.93
-337,271.958
-338,272.025
-339,272.135
-340,272.29
-341,272.49
-342,272.732
-343,273.012
-344,273.327
-345,273.673
-346,274.046
-347,274.443
-348,274.86
-349,275.294
-350,275.741
-351,276.198
-352,276.66
-353,277.125
-354,277.588
-355,278.047
-356,278.497
-357,278.935
-358,279.357
-359,279.76
-360,280.141
-361,280.494
-362,280.818
-363,281.11
-364,281.371
-365,281.603
-366,281.806
-367,281.983
-368,282.135
-369,282.263
-370,282.368
-371,282.451
-372,282.515
-373,282.561
-374,282.589
-375,282.601
-376,282.599
-377,282.584
-378,282.557
-379,282.52
-380,282.474
-381,282.42
-382,282.36
-383,282.295
-384,282.226
-385,282.156
-386,282.084
-387,282.013
-388,281.944
-389,281.878
-390,281.817
-391,281.761
-392,281.71
-393,281.665
-394,281.624
-395,281.589
-396,281.558
-397,281.532
-398,281.511
-399,281.495
-400,281.483
-401,281.475
-402,281.471
-403,281.472
-404,281.476
-405,281.485
-406,281.497
-407,281.513
-408,281.533
-409,281.555
-410,281.582
-411,281.612
-412,281.645
-413,281.68
-414,281.719
-415,281.761
-416,281.806
-417,281.853
-418,281.903
-419,281.955
-420,282.009
-421,282.066
-422,282.125
-423,282.185
-424,282.248
-425,282.313
-426,282.379
-427,282.447
-428,282.516
-429,282.587
-430,282.658
-431,282.731
-432,282.806
-433,282.881
-434,282.957
-435,283.033
-436,283.111
-437,283.188
-438,283.267
-439,283.345
-440,283.424
-441,283.503
-442,283.582
-443,283.66
-444,283.739
-445,283.817
-446,283.895
-447,283.972
-448,284.049
-449,284.124
-450,284.2
-451,284.274
-452,284.346
-453,284.418
-454,284.489
-455,284.558
-456,284.626
-457,284.692
-458,284.756
-459,284.819
-460,284.88
-461,284.938
-462,284.995
-463,285.049
-464,285.101
-465,285.151
-466,285.198
-467,285.242
-468,285.284
-469,285.323
-470,285.358
-471,285.391
-472,285.421
-473,285.447
-474,285.47
-475,285.489
-476,285.505
-477,285.517
-478,285.525
-479,285.53
-480,285.53
-481,285.526
-482,285.518
-483,285.506
-484,285.489
-485,285.468
-486,285.442
-487,285.411
-488,285.375
-489,285.334
-490,285.289
-491,285.238
-492,285.182
-493,285.12
-494,285.053
-495,284.98
-496,284.902
-497,284.817
-498,284.727
-499,284.631
-500,284.529
-501,284.42
-502,284.305
-503,284.184
-504,284.056
-505,283.921
-506,283.78
-507,283.631
-508,283.476
-509,283.313
-510,283.144
-511,282.967
-512,282.783
-513,282.591
-514,282.391
-515,282.184
-516,281.969
-517,281.746
-518,281.515
-519,281.276
-520,281.032
-521,280.8
-522,280.592
-523,280.407
-524,280.246
-525,280.105
-526,279.984
-527,279.881
-528,279.794
-529,279.723
-530,279.666
-531,279.621
-532,279.587
-533,279.562
-534,279.545
-535,279.534
-536,279.529
-537,279.527
-538,279.528
-539,279.529
-540,279.53
-541,279.53
-542,279.53
-543,279.53
-544,279.53
-545,279.529
-546,279.529
-547,279.528
-548,279.527
-549,279.526
-550,279.525
-551,279.524
-552,279.523
-553,279.522
-554,279.522
-555,279.521
-556,279.52
-557,279.52
-558,279.519
-559,279.519
-560,279.519
-561,279.52
-562,279.521
-563,279.522
-564,279.523
-565,279.525
-566,279.527
-567,279.53
-568,279.533
-569,279.536
-570,279.541
-571,279.545
-572,279.551
-573,279.557
-574,279.563
-575,279.571
-576,279.579
-577,279.587
-578,279.597
-579,279.607
-580,279.618
-581,279.63
-582,279.643
-583,279.657
-584,279.671
-585,279.687
-586,279.704
-587,279.721
-588,279.74
-589,279.76
-590,279.781
-591,279.803
-592,279.826
-593,279.851
-594,279.877
-595,279.903
-596,279.932
-597,279.961
-598,279.992
-599,280.024
-600,280.058
-601,280.093
-602,280.13
-603,280.167
-604,280.206
-605,280.246
-606,280.287
-607,280.329
-608,280.371
-609,280.414
-610,280.458
-611,280.502
-612,280.546
-613,280.59
-614,280.635
-615,280.679
-616,280.724
-617,280.768
-618,280.811
-619,280.855
-620,280.897
-621,280.939
-622,280.981
-623,281.021
-624,281.06
-625,281.099
-626,281.136
-627,281.172
-628,281.206
-629,281.239
-630,281.27
-631,281.3
-632,281.327
-633,281.353
-634,281.376
-635,281.398
-636,281.417
-637,281.434
-638,281.448
-639,281.46
-640,281.469
-641,281.475
-642,281.478
-643,281.478
-644,281.475
-645,281.469
-646,281.46
-647,281.449
-648,281.435
-649,281.42
-650,281.402
-651,281.384
-652,281.364
-653,281.343
-654,281.322
-655,281.3
-656,281.278
-657,281.256
-658,281.234
-659,281.213
-660,281.193
-661,281.175
-662,281.158
-663,281.142
-664,281.129
-665,281.118
-666,281.109
-667,281.103
-668,281.101
-669,281.101
-670,281.105
-671,281.113
-672,281.126
-673,281.142
-674,281.164
-675,281.19
-676,281.221
-677,281.256
-678,281.295
-679,281.338
-680,281.384
-681,281.433
-682,281.485
-683,281.539
-684,281.595
-685,281.652
-686,281.71
-687,281.769
-688,281.829
-689,281.888
-690,281.947
-691,282.006
-692,282.063
-693,282.12
-694,282.174
-695,282.227
-696,282.279
-697,282.329
-698,282.378
-699,282.426
-700,282.472
-701,282.517
-702,282.561
-703,282.603
-704,282.644
-705,282.684
-706,282.723
-707,282.76
-708,282.797
-709,282.833
-710,282.867
-711,282.901
-712,282.933
-713,282.964
-714,282.995
-715,283.025
-716,283.053
-717,283.082
-718,283.109
-719,283.135
-720,283.161
-721,283.186
-722,283.21
-723,283.233
-724,283.256
-725,283.279
-726,283.3
-727,283.322
-728,283.342
-729,283.362
-730,283.382
-731,283.401
-732,283.42
-733,283.439
-734,283.457
-735,283.475
-736,283.492
-737,283.51
-738,283.527
-739,283.544
-740,283.56
-741,283.577
-742,283.593
-743,283.61
-744,283.626
-745,283.642
-746,283.658
-747,283.674
-748,283.69
-749,283.706
-750,283.721
-751,283.736
-752,283.751
-753,283.766
-754,283.78
-755,283.794
-756,283.807
-757,283.821
-758,283.833
-759,283.846
-760,283.858
-761,283.869
-762,283.88
-763,283.89
-764,283.9
-765,283.909
-766,283.918
-767,283.926
-768,283.933
-769,283.94
-770,283.946
-771,283.951
-772,283.955
-773,283.959
-774,283.962
-775,283.964
-776,283.965
-777,283.966
-778,283.965
-779,283.964
-780,283.961
-781,283.958
-782,283.954
-783,283.948
-784,283.942
-785,283.935
-786,283.926
-787,283.916
-788,283.906
-789,283.894
-790,283.881
-791,283.866
-792,283.851
-793,283.834
-794,283.817
-795,283.798
-796,283.778
-797,283.758
-798,283.736
-799,283.714
-800,283.691
-801,283.668
-802,283.643
-803,283.618
-804,283.593
-805,283.567
-806,283.541
-807,283.514
-808,283.487
-809,283.46
-810,283.432
-811,283.404
-812,283.377
-813,283.349
-814,283.321
-815,283.293
-816,283.266
-817,283.238
-818,283.211
-819,283.184
-820,283.158
-821,283.132
-822,283.106
-823,283.081
-824,283.056
-825,283.032
-826,283.008
-827,282.986
-828,282.964
-829,282.942
-830,282.922
-831,282.903
-832,282.885
-833,282.867
-834,282.851
-835,282.836
-836,282.822
-837,282.809
-838,282.798
-839,282.788
-840,282.78
-841,282.772
-842,282.767
-843,282.763
-844,282.761
-845,282.76
-846,282.761
-847,282.764
-848,282.768
-849,282.773
-850,282.78
-851,282.787
-852,282.796
-853,282.806
-854,282.816
-855,282.828
-856,282.839
-857,282.852
-858,282.864
-859,282.877
-860,282.89
-861,282.904
-862,282.916
-863,282.929
-864,282.942
-865,282.954
-866,282.966
-867,282.977
-868,282.987
-869,282.997
-870,283.006
-871,283.013
-872,283.02
-873,283.025
-874,283.029
-875,283.031
-876,283.032
-877,283.031
-878,283.028
-879,283.023
-880,283.017
-881,283.008
-882,282.997
-883,282.983
-884,282.968
-885,282.949
-886,282.928
-887,282.904
-888,282.877
-889,282.848
-890,282.815
-891,282.779
-892,282.739
-893,282.697
-894,282.651
-895,282.602
-896,282.55
-897,282.496
-898,282.439
-899,282.38
-900,282.32
-901,282.258
-902,282.194
-903,282.13
-904,282.064
-905,281.998
-906,281.931
-907,281.863
-908,281.796
-909,281.729
-910,281.662
-911,281.596
-912,281.531
-913,281.467
-914,281.404
-915,281.343
-916,281.283
-917,281.226
-918,281.17
-919,281.117
-920,281.067
-921,281.019
-922,280.975
-923,280.934
-924,280.896
-925,280.863
-926,280.833
-927,280.806
-928,280.783
-929,280.762
-930,280.743
-931,280.727
-932,280.712
-933,280.697
-934,280.684
-935,280.67
-936,280.657
-937,280.642
-938,280.627
-939,280.611
-940,280.592
-941,280.571
-942,280.548
-943,280.522
-944,280.492
-945,280.458
-946,280.42
-947,280.379
-948,280.333
-949,280.284
-950,280.232
-951,280.177
-952,280.119
-953,280.059
-954,279.997
-955,279.933
-956,279.867
-957,279.8
-958,279.732
-959,279.664
-960,279.594
-961,279.525
-962,279.456
-963,279.387
-964,279.318
-965,279.251
-966,279.184
-967,279.119
-968,279.056
-969,278.995
-970,278.935
-971,278.879
-972,278.825
-973,278.774
-974,278.726
-975,278.682
-976,278.642
-977,278.606
-978,278.574
-979,278.547
-980,278.525
-981,278.508
-982,278.496
-983,278.49
-984,278.489
-985,278.493
-986,278.502
-987,278.515
-988,278.532
-989,278.552
-990,278.576
-991,278.602
-992,278.631
-993,278.661
-994,278.694
-995,278.728
-996,278.763
-997,278.799
-998,278.836
-999,278.872
-1000,278.908
-1001,278.943
-1002,278.978
-1003,279.011
-1004,279.042
-1005,279.071
-1006,279.098
-1007,279.123
-1008,279.144
-1009,279.164
-1010,279.18
-1011,279.195
-1012,279.208
-1013,279.218
-1014,279.226
-1015,279.233
-1016,279.237
-1017,279.24
-1018,279.241
-1019,279.24
-1020,279.238
-1021,279.235
-1022,279.23
-1023,279.224
-1024,279.217
-1025,279.209
-1026,279.2
-1027,279.19
-1028,279.18
-1029,279.168
-1030,279.156
-1031,279.144
-1032,279.131
-1033,279.117
-1034,279.104
-1035,279.09
-1036,279.077
-1037,279.063
-1038,279.049
-1039,279.036
-1040,279.023
-1041,279.01
-1042,278.998
-1043,278.986
-1044,278.975
-1045,278.965
-1046,278.955
-1047,278.947
-1048,278.939
-1049,278.933
-1050,278.927
-1051,278.923
-1052,278.921
-1053,278.92
-1054,278.92
-1055,278.921
-1056,278.924
-1057,278.929
-1058,278.934
-1059,278.941
-1060,278.948
-1061,278.957
-1062,278.966
-1063,278.977
-1064,278.988
-1065,279
-1066,279.012
-1067,279.025
-1068,279.039
-1069,279.053
-1070,279.067
-1071,279.082
-1072,279.096
-1073,279.111
-1074,279.126
-1075,279.141
-1076,279.156
-1077,279.171
-1078,279.186
-1079,279.2
-1080,279.214
-1081,279.228
-1082,279.241
-1083,279.254
-1084,279.266
-1085,279.277
-1086,279.288
-1087,279.297
-1088,279.306
-1089,279.314
-1090,279.321
-1091,279.326
-1092,279.331
-1093,279.334
-1094,279.336
-1095,279.337
-1096,279.337
-1097,279.335
-1098,279.332
-1099,279.328
-1100,279.323
-1101,279.317
-1102,279.31
-1103,279.303
-1104,279.294
-1105,279.284
-1106,279.274
-1107,279.262
-1108,279.25
-1109,279.238
-1110,279.224
-1111,279.21
-1112,279.195
-1113,279.18
-1114,279.164
-1115,279.148
-1116,279.131
-1117,279.114
-1118,279.097
-1119,279.079
-1120,279.061
-1121,279.042
-1122,279.024
-1123,279.005
-1124,278.986
-1125,278.967
-1126,278.947
-1127,278.928
-1128,278.909
-1129,278.89
-1130,278.871
-1131,278.852
-1132,278.833
-1133,278.814
-1134,278.796
-1135,278.777
-1136,278.76
-1137,278.742
-1138,278.725
-1139,278.708
-1140,278.692
-1141,278.676
-1142,278.661
-1143,278.646
-1144,278.632
-1145,278.618
-1146,278.606
-1147,278.594
-1148,278.582
-1149,278.572
-1150,278.562
-1151,278.553
-1152,278.545
-1153,278.538
-1154,278.532
-1155,278.526
-1156,278.522
-1157,278.517
-1158,278.514
-1159,278.511
-1160,278.509
-1161,278.507
-1162,278.505
-1163,278.504
-1164,278.504
-1165,278.503
-1166,278.503
-1167,278.504
-1168,278.504
-1169,278.505
-1170,278.506
-1171,278.506
-1172,278.507
-1173,278.508
-1174,278.509
-1175,278.51
-1176,278.51
-1177,278.51
-1178,278.51
-1179,278.51
-1180,278.51
-1181,278.509
-1182,278.508
-1183,278.506
-1184,278.504
-1185,278.501
-1186,278.498
-1187,278.494
-1188,278.49
-1189,278.486
-1190,278.481
-1191,278.475
-1192,278.47
-1193,278.465
-1194,278.459
-1195,278.454
-1196,278.449
-1197,278.444
-1198,278.439
-1199,278.435
-1200,278.431
-1201,278.428
-1202,278.425
-1203,278.424
-1204,278.423
-1205,278.422
-1206,278.423
-1207,278.425
-1208,278.428
-1209,278.432
-1210,278.438
-1211,278.444
-1212,278.452
-1213,278.462
-1214,278.474
-1215,278.486
-1216,278.501
-1217,278.518
-1218,278.536
-1219,278.557
-1220,278.579
-1221,278.604
-1222,278.63
-1223,278.659
-1224,278.689
-1225,278.721
-1226,278.755
-1227,278.789
-1228,278.825
-1229,278.862
-1230,278.9
-1231,278.939
-1232,278.978
-1233,279.017
-1234,279.057
-1235,279.097
-1236,279.137
-1237,279.177
-1238,279.217
-1239,279.256
-1240,279.294
-1241,279.332
-1242,279.368
-1243,279.404
-1244,279.439
-1245,279.472
-1246,279.504
-1247,279.534
-1248,279.562
-1249,279.588
-1250,279.612
-1251,279.634
-1252,279.654
-1253,279.671
-1254,279.686
-1255,279.698
-1256,279.708
-1257,279.716
-1258,279.722
-1259,279.726
-1260,279.728
-1261,279.728
-1262,279.726
-1263,279.722
-1264,279.717
-1265,279.71
-1266,279.702
-1267,279.692
-1268,279.68
-1269,279.668
-1270,279.654
-1271,279.639
-1272,279.623
-1273,279.605
-1274,279.587
-1275,279.567
-1276,279.547
-1277,279.526
-1278,279.505
-1279,279.483
-1280,279.46
-1281,279.436
-1282,279.413
-1283,279.389
-1284,279.364
-1285,279.339
-1286,279.314
-1287,279.288
-1288,279.262
-1289,279.235
-1290,279.208
-1291,279.181
-1292,279.153
-1293,279.124
-1294,279.095
-1295,279.066
-1296,279.036
-1297,279.005
-1298,278.974
-1299,278.942
-1300,278.91
-1301,278.877
-1302,278.844
-1303,278.81
-1304,278.775
-1305,278.74
-1306,278.704
-1307,278.667
-1308,278.63
-1309,278.592
-1310,278.553
-1311,278.514
-1312,278.474
-1313,278.433
-1314,278.391
-1315,278.349
-1316,278.305
-1317,278.261
-1318,278.217
-1319,278.171
-1320,278.125
-1321,278.078
-1322,278.031
-1323,277.983
-1324,277.935
-1325,277.887
-1326,277.839
-1327,277.792
-1328,277.744
-1329,277.697
-1330,277.651
-1331,277.605
-1332,277.56
-1333,277.516
-1334,277.473
-1335,277.431
-1336,277.39
-1337,277.351
-1338,277.313
-1339,277.277
-1340,277.242
-1341,277.21
-1342,277.179
-1343,277.151
-1344,277.125
-1345,277.101
-1346,277.079
-1347,277.061
-1348,277.045
-1349,277.031
-1350,277.021
-1351,277.014
-1352,277.01
-1353,277.01
-1354,277.013
-1355,277.02
-1356,277.03
-1357,277.043
-1358,277.058
-1359,277.077
-1360,277.097
-1361,277.119
-1362,277.142
-1363,277.167
-1364,277.192
-1365,277.217
-1366,277.243
-1367,277.268
-1368,277.292
-1369,277.315
-1370,277.337
-1371,277.358
-1372,277.376
-1373,277.392
-1374,277.404
-1375,277.414
-1376,277.421
-1377,277.423
-1378,277.422
-1379,277.416
-1380,277.406
-1381,277.392
-1382,277.373
-1383,277.352
-1384,277.327
-1385,277.298
-1386,277.267
-1387,277.233
-1388,277.197
-1389,277.158
-1390,277.117
-1391,277.074
-1392,277.029
-1393,276.983
-1394,276.936
-1395,276.888
-1396,276.839
-1397,276.789
-1398,276.739
-1399,276.688
-1400,276.638
-1401,276.588
-1402,276.539
-1403,276.49
-1404,276.442
-1405,276.395
-1406,276.35
-1407,276.306
-1408,276.264
-1409,276.223
-1410,276.185
-1411,276.15
-1412,276.117
-1413,276.087
-1414,276.06
-1415,276.036
-1416,276.015
-1417,275.997
-1418,275.981
-1419,275.969
-1420,275.958
-1421,275.95
-1422,275.945
-1423,275.942
-1424,275.941
-1425,275.942
-1426,275.945
-1427,275.949
-1428,275.956
-1429,275.964
-1430,275.973
-1431,275.984
-1432,275.997
-1433,276.01
-1434,276.025
-1435,276.04
-1436,276.057
-1437,276.074
-1438,276.092
-1439,276.111
-1440,276.13
-1441,276.15
-1442,276.17
-1443,276.19
-1444,276.21
-1445,276.23
-1446,276.25
-1447,276.269
-1448,276.289
-1449,276.308
-1450,276.326
-1451,276.344
-1452,276.361
-1453,276.378
-1454,276.394
-1455,276.409
-1456,276.424
-1457,276.439
-1458,276.452
-1459,276.466
-1460,276.479
-1461,276.491
-1462,276.503
-1463,276.514
-1464,276.526
-1465,276.536
-1466,276.547
-1467,276.557
-1468,276.567
-1469,276.576
-1470,276.585
-1471,276.594
-1472,276.603
-1473,276.611
-1474,276.62
-1475,276.628
-1476,276.635
-1477,276.643
-1478,276.651
-1479,276.659
-1480,276.666
-1481,276.673
-1482,276.681
-1483,276.688
-1484,276.695
-1485,276.703
-1486,276.71
-1487,276.717
-1488,276.725
-1489,276.733
-1490,276.74
-1491,276.748
-1492,276.756
-1493,276.764
-1494,276.772
-1495,276.779
-1496,276.787
-1497,276.795
-1498,276.803
-1499,276.81
-1500,276.817
-1501,276.825
-1502,276.832
-1503,276.839
-1504,276.845
-1505,276.851
-1506,276.857
-1507,276.863
-1508,276.868
-1509,276.873
-1510,276.878
-1511,276.882
-1512,276.886
-1513,276.889
-1514,276.892
-1515,276.894
-1516,276.896
-1517,276.897
-1518,276.897
-1519,276.897
-1520,276.896
-1521,276.895
-1522,276.893
-1523,276.89
-1524,276.887
-1525,276.883
-1526,276.878
-1527,276.873
-1528,276.867
-1529,276.861
-1530,276.855
-1531,276.848
-1532,276.841
-1533,276.833
-1534,276.826
-1535,276.818
-1536,276.81
-1537,276.801
-1538,276.793
-1539,276.785
-1540,276.777
-1541,276.768
-1542,276.76
-1543,276.752
-1544,276.744
-1545,276.737
-1546,276.729
-1547,276.722
-1548,276.715
-1549,276.709
-1550,276.703
-1551,276.697
-1552,276.692
-1553,276.688
-1554,276.684
-1555,276.68
-1556,276.678
-1557,276.676
-1558,276.674
-1559,276.674
-1560,276.674
-1561,276.675
-1562,276.677
-1563,276.68
-1564,276.684
-1565,276.689
-1566,276.695
-1567,276.703
-1568,276.711
-1569,276.721
-1570,276.731
-1571,276.743
-1572,276.757
-1573,276.771
-1574,276.787
-1575,276.805
-1576,276.824
-1577,276.844
-1578,276.866
-1579,276.89
-1580,276.915
-1581,276.942
-1582,276.971
-1583,277.001
-1584,277.033
-1585,277.067
-1586,277.103
-1587,277.141
-1588,277.18
-1589,277.221
-1590,277.264
-1591,277.308
-1592,277.354
-1593,277.401
-1594,277.449
-1595,277.498
-1596,277.549
-1597,277.6
-1598,277.653
-1599,277.706
-1600,277.76
-1601,277.814
-1602,277.869
-1603,277.925
-1604,277.981
-1605,278.037
-1606,278.094
-1607,278.15
-1608,278.207
-1609,278.264
-1610,278.32
-1611,278.377
-1612,278.433
-1613,278.488
-1614,278.543
-1615,278.598
-1616,278.652
-1617,278.705
-1618,278.758
-1619,278.81
-1620,278.86
-1621,278.91
-1622,278.959
-1623,279.006
-1624,279.052
-1625,279.097
-1626,279.141
-1627,279.184
-1628,279.226
-1629,279.266
-1630,279.305
-1631,279.343
-1632,279.38
-1633,279.416
-1634,279.451
-1635,279.484
-1636,279.516
-1637,279.547
-1638,279.577
-1639,279.606
-1640,279.633
-1641,279.659
-1642,279.684
-1643,279.708
-1644,279.731
-1645,279.752
-1646,279.772
-1647,279.791
-1648,279.808
-1649,279.824
-1650,279.839
-1651,279.854
-1652,279.867
-1653,279.879
-1654,279.891
-1655,279.902
-1656,279.913
-1657,279.923
-1658,279.933
-1659,279.943
-1660,279.953
-1661,279.963
-1662,279.973
-1663,279.983
-1664,279.993
-1665,280.004
-1666,280.016
-1667,280.028
-1668,280.041
-1669,280.055
-1670,280.07
-1671,280.086
-1672,280.103
-1673,280.121
-1674,280.141
-1675,280.163
-1676,280.185
-1677,280.21
-1678,280.236
-1679,280.264
-1680,280.293
-1681,280.323
-1682,280.355
-1683,280.387
-1684,280.421
-1685,280.455
-1686,280.491
-1687,280.527
-1688,280.563
-1689,280.6
-1690,280.637
-1691,280.675
-1692,280.712
-1693,280.75
-1694,280.788
-1695,280.826
-1696,280.863
-1697,280.9
-1698,280.937
-1699,280.973
-1700,281.008
-1701,281.043
-1702,281.077
-1703,281.11
-1704,281.142
-1705,281.172
-1706,281.202
-1707,281.23
-1708,281.257
-1709,281.282
-1710,281.306
-1711,281.327
-1712,281.347
-1713,281.365
-1714,281.381
-1715,281.395
-1716,281.407
-1717,281.416
-1718,281.423
-1719,281.427
-1720,281.429
-1721,281.428
-1722,281.423
-1723,281.416
-1724,281.407
-1725,281.394
-1726,281.38
-1727,281.363
-1728,281.343
-1729,281.322
-1730,281.299
-1731,281.274
-1732,281.248
-1733,281.221
-1734,281.193
-1735,281.163
-1736,281.134
-1737,281.103
-1738,281.072
-1739,281.041
-1740,281.009
-1741,280.978
-1742,280.947
-1743,280.916
-1744,280.887
-1745,280.858
-1746,280.829
-1747,280.802
-1748,280.777
-1749,280.752
-1750,280.729
-1751,280.707
-1752,280.686
-1753,280.666
-1754,280.647
-1755,280.628
-1756,280.61
-1757,280.592
-1758,280.575
-1759,280.558
-1760,280.541
-1761,280.524
-1762,280.507
-1763,280.49
-1764,280.472
-1765,280.454
-1766,280.436
-1767,280.417
-1768,280.397
-1769,280.376
-1770,280.354
-1771,280.332
-1772,280.308
-1773,280.283
-1774,280.256
-1775,280.228
-1776,280.198
-1777,280.167
-1778,280.133
-1779,280.098
-1780,280.061
-1781,280.021
-1782,279.979
-1783,279.935
-1784,279.889
-1785,279.841
-1786,279.79
-1787,279.738
-1788,279.685
-1789,279.629
-1790,279.573
-1791,279.515
-1792,279.456
-1793,279.397
-1794,279.336
-1795,279.275
-1796,279.214
-1797,279.152
-1798,279.089
-1799,279.027
-1800,278.965
-1801,278.903
-1802,278.842
-1803,278.781
-1804,278.72
-1805,278.661
-1806,278.602
-1807,278.544
-1808,278.488
-1809,278.433
-1810,278.379
-1811,278.327
-1812,278.277
-1813,278.229
-1814,278.183
-1815,278.139
-1816,278.097
-1817,278.057
-1818,278.019
-1819,277.984
-1820,277.95
-1821,277.918
-1822,277.887
-1823,277.858
-1824,277.831
-1825,277.805
-1826,277.781
-1827,277.757
-1828,277.736
-1829,277.715
-1830,277.696
-1831,277.677
-1832,277.66
-1833,277.643
-1834,277.628
-1835,277.613
-1836,277.599
-1837,277.585
-1838,277.572
-1839,277.559
-1840,277.547
-1841,277.536
-1842,277.524
-1843,277.513
-1844,277.502
-1845,277.49
-1846,277.479
-1847,277.468
-1848,277.457
-1849,277.446
-1850,277.435
-1851,277.423
-1852,277.413
-1853,277.402
-1854,277.391
-1855,277.381
-1856,277.37
-1857,277.36
-1858,277.351
-1859,277.341
-1860,277.332
-1861,277.324
-1862,277.316
-1863,277.308
-1864,277.3
-1865,277.294
-1866,277.287
-1867,277.282
-1868,277.277
-1869,277.272
-1870,277.268
-1871,277.265
-1872,277.263
-1873,277.261
-1874,277.26
-1875,277.26
-1876,277.26
-1877,277.262
-1878,277.264
-1879,277.268
-1880,277.272
-1881,277.277
-1882,277.284
-1883,277.291
-1884,277.299
-1885,277.309
-1886,277.319
-1887,277.331
-1888,277.344
-1889,277.358
-1890,277.374
-1891,277.39
-1892,277.408
-1893,277.428
-1894,277.449
-1895,277.471
-1896,277.494
-1897,277.518
-1898,277.543
-1899,277.568
-1900,277.593
-1901,277.619
-1902,277.644
-1903,277.668
-1904,277.692
-1905,277.714
-1906,277.735
-1907,277.755
-1908,277.773
-1909,277.788
-1910,277.802
-1911,277.812
-1912,277.82
-1913,277.825
-1914,277.827
-1915,277.825
-1916,277.82
-1917,277.81
-1918,277.796
-1919,277.777
-1920,277.754
-1921,277.725
-1922,277.692
-1923,277.654
-1924,277.611
-1925,277.565
-1926,277.515
-1927,277.461
-1928,277.404
-1929,277.345
-1930,277.283
-1931,277.219
-1932,277.153
-1933,277.086
-1934,277.017
-1935,276.948
-1936,276.878
-1937,276.808
-1938,276.738
-1939,276.668
-1940,276.599
-1941,276.531
-1942,276.464
-1943,276.4
-1944,276.337
-1945,276.276
-1946,276.218
-1947,276.163
-1948,276.112
-1949,276.064
-2057,276.7
-2128,276.7
-2212,277.6
-2334,277.9
-2433,273.9
-2536,278.9
-2604,275.3
-2728,274.7
-2806,276.3
-2902,274.6
-3053,276.3
-3116,273.1
-3215,274
-3336,275
-3453,273.4
-3523,273
-3622,271.5
-3721,275.4
-3790,274.9
-3910,271.7
-4004,271.6
-4096,272.8
-4161,271.5
-4324,271.1
-4374,269.1
-4480,269.8
-4573,271.5
-4703,270.7
-4766,269.3
-4874,268.6
-5004,269.8
-5094,267.6
-5160,265.3
-5274,265.2
-5370,267.6
-5476,265.9
-5562,265.5
-5657,260.7
-5716,266.7
-5855,265.5
-5998,263.2
-6039,262.7
-6131,261.2
-6263,261.1
-6354,259.4
-6434,262.1
-6545,262.9
-6617,258.1
-6713,257.6
-6838,262.3
-6941,263
-7028,260.7
-7112,258.4
-7234,260.1
-7320,260.4
-7413,259.7
-7507,259.2
-7590,260.8
-7691,259.6
-7781,259.3
-7876,258.3
-7990,261.3
-8050,260.7
-8181,261.8
-8281,259
-8387,260.9
-8477,260.4
-8579,259.3
-8653,262
-8784,263.7
-8869,263.8
-8973,265.2
-9092,260.6
-9140,260.9
-9232,263
-9317,263.8
-9536,264.4
-9597,264.2
-9721,264
-9807,263.4
-9909,265.7
-9983,264.9
-10088,267.5
-10209,266.9
-10294,266
-10417,265.1
-10527,267.6
-10621,264.8
-10744,264.8
-10805,265
-10827,265.3
-10895,264.4
-10933,264.1
-11014,264.2
-11087,264.5
-11136,264
-11201,263
-11236,265.2
-11278,258.8
-11338,260.8
-11392,255.4
-11436,253.9
-11469,253.8
-11580,250.7
-11635,249.7
-11676,251.1
-11727,250.7
-11819,245.3
-11896,245.3
-11958,246.6
-12050,243.2
-12122,240.3
-12371,237.5
-12496,237.6
-12642,234.2
-12760,238.3
-12942,237.3
-13090,237.9
-13241,237.6
-13440,236.4
-13542,239.2
-13653,238.6
-13804,238.6
-13948,239.1
-14303,228.5
-14550,228.4
-14725,226.1
-14890,225.2
-15012,224.5
-15233,222
-15438,221
-15570,220.9
-15742,219.4
-15886,214
-16073,207.5
-16260,207.7
-16452,202.9
-16659,200.8
-16870,195.2
-17111,193.9
-17375,191
-17565,188.5
-17809,188.5
-17943,189.2
-18285,187
-18541,188.6
-18828,189.4
-18868,192.3
-18921,188.3
-19347,188.7
-19509,188.8
-19748,190
-19988,188
-20168,188.2
-20197,195
-20502,187.8
-20748,186.9
-21011,186.5
-21257,184.7
-21507,186.1
-21854,185.7
-22015,184.4
-22827,189.2
-25994,191.6
-29063,188.5
-30020,191.7
-35009,205.3
-37471,209.1
-43500,209.1
-47336,189.3
-48854,188.4
-49690,210.1
-50663,215.7
-52382,190.4
-57088,221.7
-57657,210.4
-62859,195.3
-64939,191.4
-65939,194.9
-71049,227.3
-73227,229.1
-77150,217.1
-78183,221.7
-80614,230.9
-82417,241.1
-83333,236.4
-84016,228
-85020,214.2
-86181,217
-87917,208
-90357,224.2
-91249,228.3
-94353,232
-99849,225.8
-100837,230.8
-101749,236.9
-103465,228.1
-104704,236.9
-105636,230.6
-107579,238.2
-108153,245.6
-109804,251.2
-111862,256.7
-113262,266.3
-114096,261.4
-114601,274.5
-115118,273.2
-116501,262.5
-117750,267.6
-118649,273.7
-119672,271.9
-120382,265.2
-121017,277.6
-122344,272.1
-123070,276.4
-124213,268.7
-124257,266.6
-124789,266.3
-125081,279.7
-125262,273
-125434,277.1
-126347,273.7
-126598,267.1
-126886,262.5
-127132,262.6
-127622,275.3
-127907,275.6
-128344,274
-128372,287.1
-128609,286.8
-128866,282.6
-129146,264.1
-129340,263.4
-129652,257.9
-129736,259
-131329,245
-131455,240.4
-131728,228.9
-132492,223.5
-133069,223.9
-133105,220.3
-133427,210.6
-134123,208.9
-134287,203.7
-134960,204.5
-135114,200.4
-135207,198
-135603,198
-135883,201.7
-136011,200.7
-136251,202.4
-136567,195.8
-136655,201.1
-137293,194.3
-137633,193.4
-137982,194.2
-138185,190.2
-139275,192.3
-139617,196.5
-140899,195.6
-140960,196.4
-142058,190.4
-145363,196.9
-148831,203
-149803,191.9
-149921,188.9
-151423,200.6
-154480,189
-155395,185.5
-155813,187.5
-159562,204.3
-159943,196.5
-161679,191.6
-162228,190.1
-163024,186.7
-163698,183.8
-164439,196.6
-167183,197.8
-169492,197.7
-171351,196
-172434,190.3
-173135,189.4
-173394,190.1
-175306,207.7
-177139,213.2
-178179,217.7
-179117,198.1
-180068,199.7
-182046,203.4
-184685,210.7
-186697,231.3
-188436,231.4
-189076,220.3
-190352,218
-192910,226.5
-193481,220
-195017,226.4
-195673,241.2
-196179,242.6
-198972,250.9
-199918,239.1
-201163,247.6
-202413,244.4
-202874,231.9
-203317,232.2
-203837,228.6
-204480,226.3
-204908,229.4
-205362,231.4
-205952,238.1
-206144,237.2
-206810,230
-207120,240.5
-207544,242.2
-208064,244.6
-208254,243.9
-208803,247.2
-208995,252
-209432,246.9
-209817,239.5
-210154,257.4
-210813,243.4
-211858,251.2
-212716,241.4
-213270,240.3
-213536,242.6
-213984,247.5
-214459,251.7
-214794,251.1
-215382,245.3
-216352,240.5
-218361,214.1
-219116,216.1
-220058,207.1
-220739,208.8
-222030,205.6
-224269,203.3
-224923,215.7
-225909,235.5
-226711,234.5
-227027,233.1
-227776,224.5
-229423,232.4
-230422,233.9
-231066,241.6
-234817,245.2
-235480,252.1
-236114,241.4
-236734,247.4
-237294,243.1
-237868,239.1
-238558,245.6
-239013,245.8
-239477,247.4
-239973,252.8
-240945,259.7
-241366,263.2
-242007,279
-242346,280.2
-243071,263.7
-243429,252.3
-243856,249.9
-244347,236.7
-244864,230.4
-245441,219.4
-247681,214.7
-250133,200.2
-251005,213.9
-251864,195.4
-252739,196.7
-253636,195.4
-255498,199
-256309,201.9
-257100,204
-258661,203.9
-260353,209.6
-260916,205.7
-262092,208.9
-262930,214.6
-264509,228.1
-265653,199.9
-266326,211.7
-267442,188.7
-268181,187.2
-269154,194.2
-270222,198.8
-271256,184.7
-272311,190.4
-273310,193.9
-274321,194.1
-275350,198.4
-276326,193.2
-277361,202.2
-278350,204.5
-279320,211
-280269,215.3
-281758,223.7
-283785,231.3
-285380,228
-286128,226.4
-287036,231.4
-287538,230.4
-288233,231
-290153,234.9
-290730,220.4
-291367,217.1
-292405,207.6
-293057,206
-293779,206.7
-294568,212.7
-295930,213.1
-297921,217.1
-298741,224.4
-299621,231
-300472,236.1
-301402,239
-302280,236
-303226,240.2
-304232,240.7
-304901,250.2
-305655,248.6
-306547,244.8
-307495,225.8
-308744,227.8
-309389,226.2
-310168,233.2
-311013,237.8
-311868,239
-312676,241.9
-313414,251.6
-314144,256.7
-314867,257.1
-315572,246.8
-316200,272.6
-316897,251.6
-317734,245.2
-318559,233.4
-319480,255.8
-320358,249.2
-322015,257.2
-322767,260.4
-323526,260.3
-324280,260.5
-324971,266.2
-325720,264
-326321,266.1
-326972,270.1
-327590,271.9
-328221,275.1
-329475,265
-330208,271.7
-330740,272.6
-331438,273.1
-331944,282.4
-332285,289.1
-332462,288.4
-332919,298.6
-333380,278.1
-333890,285.8
-334261,278.6
-334748,270.5
-335287,255.7
-335918,241.9
-336725,239.6
-337391,234.2
-339298,250.1
-340456,200.7
-341802,205.2
-343282,204.8
-344446,211.9
-345980,220.3
-348298,221.1
-349688,216.2
-350925,209.4
-352275,209.2
-355302,193
-356898,186.1
-358712,185.8
-360957,201.2
-363385,206.3
-366235,201.9
-367856,199.9
-369446,214.7
-371090,224.6
-372646,229.6
-376568,227
-378096,240
-379696,239.1
-381132,246.8
-382670,245.8
-384534,258.1
-385398,264.6
-386144,259.2
-388062,255.2
-389946,250.1
-391896,266.3
-392544,259.5
-393579,273.6
-394560,260.7
-398086,276.3
-399722,277.1
-400504,283.2
-402000,283.1
-402731,275.7
-404181,276.5
-404927,280.5
-406368,279.6
-407093,285.6
-408600,284.5
-409383,275.2
-409383,274.2
-410206,282.6
-411071,283.5
-412962,274.9
-413948,264.9
-414963,271.6
-415717,276.4
-416193,271.7
-417191,273.4
-417698,271.8
-418245,274.6
-419260,273.7
-419808,271.2
-420350,273.8
-421484,268.6
-422074,266.4
-422649,270.6
-423764,267.7
-424332,268.3
-424840,270.8
-425242,270
-425569,265.4
-425975,255.3
-426598,252.1
-427285,248.2
-427566,242.5
-429006,219.7
-429876,227.2
-431063,211.5
-431445,207.6
-432599,209.8
-433674,207.5
-434804,200.3
-435989,201.7
-437152,201.3
-438356,202
-439565,199.1
-441220,201.1
-442411,203.5
-443562,208.1
-444650,201.7
-445829,201.2
-446984,204.9
-448103,201.9
-449244,198.4
-450455,193.3
-451593,192.5
-452283,199.1
-452795,204.3
-453514,203.3
-454023,208.3
-455279,202.4
-456591,195.5
-458049,190.7
-459430,194.4
-460792,199.9
-461687,205.2
-462133,210
-463456,208.1
-464866,204.4
-466265,203.4
-467602,205.5
-468323,206.5
-468810,215.5
-469470,218.7
-469941,229.2
-470597,232.7
-471046,243.7
-471763,243.9
-472095,245.6
-473102,241.2
-474162,233.1
-475218,232.8
-476240,236.6
-477162,239.1
-477719,236.5
-478124,231.3
-478721,220.8
-479144,218.8
-480108,223.8
-481035,223.4
-481932,227.3
-482803,231.4
-483649,231.4
-484465,231.2
-485276,233
-486043,232.9
-486816,231.3
-487541,237.1
-488268,242
-488689,240.9
-488996,252.8
-489475,249.3
-489722,242.6
-490445,243.3
-491191,246.7
-491959,243.7
-492738,239.7
-493507,239.1
-494311,238.3
-495085,238.5
-495853,237.6
-496608,236.4
-497366,236.5
-498104,232.8
-498865,230.6
-499610,230.8
-500363,228.2
-501130,230.8
-501866,231.2
-502625,232
-503375,232.2
-504083,234.1
-504777,233.9
-505516,235.5
-506287,236
-507011,238.2
-507714,237
-508476,240.3
-509247,233.4
-510008,236.4
-510765,235.2
-511515,242
-512269,238.2
-512997,239.2
-513724,241.5
-514429,243
-515113,247.2
-515771,246.2
-516417,245.5
-517069,245.3
-517706,247.7
-518334,245.5
-518965,243.5
-520892,241.9
-521552,236.8
-522216,235.8
-522923,233.7
-523666,230.3
-524409,227.8
-525164,224.7
-525908,222.7
-526661,221.2
-527454,220.3
-528262,220.7
-528747,214.5
-529101,211.4
-529640,204.4
-530016,200
-530685,195.1
-531035,193.8
-531662,190.5
-532119,199.8
-533246,199.4
-534364,205
-535483,206.4
-536622,212.9
-537770,211.2
-538959,205
-540154,203.6
-541345,208.1
-542502,210.3
-543676,209.6
-544804,209.7
-545956,204.6
-547013,202.5
-547573,208.8
-547972,213.6
-548933,215.2
-549830,219.9
-550637,221.7
-551124,222.3
-551452,226.3
-551979,222.1
-552250,220.3
-552961,223.6
-553626,224.3
-554254,226.7
-554831,233.9
-555345,241
-555637,243
-555839,249.1
-556143,244
-556364,250.5
-556724,245.6
-556889,240.4
-557385,238.1
-557887,234.5
-558183,229.7
-558393,230.2
-558929,230.3
-559461,228.3
-559972,231.6
-560459,231.9
-560930,234.6
-561309,234.1
-561846,240.1
-562272,242.3
-562690,245.7
-563115,245.8
-563517,247.6
-563918,251.4
-564311,252.4
-564699,252.6
-565077,251.4
-565466,253.7
-565851,254.3
-566233,253.9
-566619,254.5
-567007,253.2
-567381,253.9
-567777,252.8
-568167,253
-568556,250.2
-568946,251.3
-569331,250
-569728,251.3
-570139,251.8
-570548,251.8
-570955,249.6
-571367,251.6
-571775,250.3
-572190,246.3
-572619,247.7
-573037,249.2
-573462,248.7
-573902,251.8
-574353,251.9
-574803,252.1
-575265,248.9
-575730,252.5
-576222,252.9
-576723,251.3
-577242,251.3
-577769,251.1
-578305,249.1
-578857,252.9
-579435,251.5
-579821,244.1
-580019,243.8
-580400,236.2
-580695,230.3
-581160,225.2
-581507,219.4
-582000,215.4
-582391,209.9
-583034,206.7
-583413,210.6
-586406,224
-586893,226
-587647,234.4
-588034,238.8
-588716,246.3
-589224,250.2
-589868,248.1
-590335,243.6
-590893,237.4
-592279,225.7
-592697,229.4
-593415,233.2
-593870,238.1
-594639,238
-595189,232.9
-595950,221.2
-596515,216.4
-597443,216.3
-597966,219
-598833,226
-599434,229.4
-600882,232.5
-602278,237.9
-603673,239.1
-605076,244.5
-606374,248.5
-607708,254.6
-608929,259.2
-610136,257.7
-611319,259.6
-612514,258
-613709,256
-614923,252.5
-616227,252.4
-617544,252.3
-618955,247.9
-620338,245.4
-621760,243
-623214,238.6
-624690,237.3
-625570,234.3
-626215,227.8
-627211,214.9
-627999,205
-629446,198.7
-630295,199.9
-632001,199.5
-632856,195.6
-634592,192.1
-635489,193.9
-636957,193
-638127,194.3
-639848,187.7
-640760,189.1
-642405,190.2
-643204,190.4
-644662,194.1
-645470,194.6
-646723,188.6
-647588,190.5
-648946,192.1
-649598,194.8
-650891,187.8
-651556,192
-652802,185.8
-653448,185.3
-654473,191.3
-655202,193.2
-656286,198.4
-656882,198.7
-657923,191.3
-658474,189.2
-659524,182.4
-660084,183.9
-660981,186.6
-661650,189.8
-662669,187.8
-663206,189
-664192,189.1
-664690,185.8
-665645,178.2
-666174,178.5
-666995,172.7
-667569,171.6
-668447,175.6
-668934,178.5
-669751,185.5
-670176,189.3
-670916,192.6
-671286,194.6
-671926,192.5
-672386,194.8
-673095,198.7
-673475,202.3
-674173,209.2
-674521,213.7
-675589,220
-676170,217.4
-676524,214
-677068,215.6
-677380,217.4
-677984,226.5
-678291,230
-678914,230.8
-679252,230.3
-679732,223
-680081,225
-680608,218.4
-680920,216.2
-681531,217.3
-681849,219.7
-682446,222.6
-682762,221.3
-683262,218.7
-683612,217.5
-684142,217.5
-684419,219.4
-684949,219.5
-685217,219.7
-685716,223.5
-685980,224.4
-686425,224.3
-686726,227.3
-687227,228.7
-687470,228.8
-687949,232.3
-688195,233
-688652,235.8
-688881,234.9
-689304,235.8
-689603,239.9
-690057,235.6
-690294,234.8
-690771,240
-690999,234
-691432,235.6
-691672,236.6
-692057,235.5
-692338,235.9
-692765,232.9
-692990,234.8
-693433,234.1
-693639,234.1
-694068,235.4
-694300,234.4
-694672,235.8
-694941,236.9
-695383,236.7
-695618,237.6
-696062,234.6
-696287,234.8
-696717,235.4
-696963,232.9
-697331,232.4
-697660,232.2
-698120,231
-698386,228
-698880,226.4
-699102,227.7
-699633,227.6
-699909,226
-700389,228.7
-700744,227.6
-701242,228.2
-701606,228.8
-702158,229.3
-702381,230.3
-702988,232.4
-703384,232.8
-703934,231.2
-704211,231.2
-704973,233.9
-705410,228.5
-706141,228.6
-706409,228.1
-709680,219.7
-710237,220.2
-711104,218.9
-711421,218.7
-712833,218.5
-713843,222.3
-714288,221.7
-715180,217.7
-715750,222.1
-716704,208.1
-717065,205
-718064,192.9
-718779,184.3
-719794,187.8
-720337,195.2
-721318,206.3
-722039,211.3
-723133,213.4
-723464,213.2
-724445,210.3
-725059,206.3
-725937,206.6
-726322,208.1
-727192,204.5
-727732,205.5
-728568,205.1
-728921,205.4
-730299,204
-730949,204.1
-731329,204.9
-732141,203.8
-732548,205.9
-733261,203.9
-733543,204.4
-734223,205.3
-734604,207.4
-735167,201.7
-735459,201.3
-736079,204.1
-736460,209.7
-737034,208.1
-737266,211.3
-737889,210.6
-738272,206.5
-738844,200.3
-739137,197.8
-739842,185
-740277,178.9
-741021,178.6
-741307,176.6
-742075,177.9
-742558,182.3
-743233,181.7
-743589,180.4
-744354,181.2
-744843,182
-745836,180.2
-746643,183.1
-747110,180.8
-747759,180.8
-748101,180.4
-748913,181.4
-749401,182.9
-750194,184.8
-750476,184
-751301,186.2
-751830,190.1
-752605,188
-752978,196.5
-753984,191.5
-754394,195.8
-755241,200.5
-755495,201.9
-756357,206
-756871,210.7
-757561,215
-757962,219.2
-758259,215.3
-758475,217.6
-758883,217.9
-759306,214.9
-760202,208.8
-760500,206.9
-761453,206.1
-762064,212
-762871,216
-763319,215
-763686,225.7
-763934,221.4
-764249,224.1
-764833,222.6
-765735,216.8
-766110,215.7
-767096,213.5
-767737,217.7
-768655,222.4
-769050,221.4
-769514,228.1
-769787,226
-770133,231.5
-770447,235.6
-770724,238.2
-770994,235.6
-771260,237.7
-771708,229.5
-772076,230.9
-773043,230
-773680,233.3
-774548,236.9
-775051,240.5
-776037,238.8
-776636,243.9
-777556,246.3
-777900,246.1
-778798,245.8
-779364,243.9
-780268,248.5
-780612,242.8
-781535,248.7
-782059,246.2
-783263,252.1
-784147,246.9
-784692,250.7
-785413,253.3
-785789,255.4
-786587,260.3
-787076,256.9
-787805,248.1
-788033,247.9
-788887,229.5
-789381,226.3
-790153,218.2
-790538,221.3
-791491,215.4
-792081,205.1
-792943,204
-793260,209
-794608,199.4
-795202,195.2
-796467,189.3
-797099,188.4
-798512,191