time,Eccentricity
74,0.016705
-1600,0.01734
-3200,0.017905
-4800,0.018425
-6400,0.018833
-8000,0.019181
-9600,0.019471
-11200,0.019613
-12800,0.019632
-14400,0.019622
-16000,0.019558
-17600,0.019378
-19200,0.019178
-20800,0.018869
-22400,0.018475
-24000,0.018092
-25600,0.017692
-27200,0.017175
-28800,0.016716
-30400,0.01626
-32000,0.015779
-33600,0.015343
-35200,0.014892
-36800,0.014451
-38400,0.014129
-40000,0.013932
-41600,0.013742
-43200,0.013682
-44800,0.013735
-46400,0.013894
-48000,0.014184
-49600,0.014602
-51200,0.014983
-52800,0.015507
-54400,0.016121
-56000,0.016741
-57600,0.017429
-59200,0.018148
-60800,0.018824
-62400,0.01961
-64000,0.020387
-65600,0.021094
-67200,0.021837
-68800,0.022659
-70400,0.023465
-72000,0.024342
-73600,0.025232
-75200,0.026076
-76800,0.026928
-78400,0.027904
-80000,0.028804
-81600,0.029717
-83200,0.030681
-84800,0.03164
-86400,0.032585
-88000,0.033599
-89600,0.034487
-91200,0.035365
-92800,0.036325
-94400,0.037262
-96000,0.03809
-97600,0.03892
-99200,0.039712
-100800,0.04045
-102400,0.041166
-104000,0.041769
-105600,0.042252
-107200,0.042773
-108800,0.04321
-110400,0.043503
-112000,0.043725
-113600,0.043894
-115200,0.043895
-116800,0.043886
-118400,0.043702
-120000,0.04337
-121600,0.042962
-123200,0.042516
-124800,0.041924
-126400,0.041254
-128000,0.04049
-129600,0.039638
-131200,0.038763
-132800,0.037874
-134400,0.036861
-136000,0.035828
-137600,0.034905
-139200,0.033924
-140800,0.032901
-142400,0.031946
-144000,0.030978
-145600,0.030133
-147200,0.029456
-148800,0.028813
-150400,0.02829
-152000,0.028001
-153600,0.02781
-155200,0.027778
-156800,0.027901
-158400,0.028152
-160000,0.028566
-161600,0.029165
-163200,0.029823
-164800,0.030505
-166400,0.03131
-168000,0.032104
-169600,0.032956
-171200,0.033871
-172800,0.034746
-174400,0.03557
-176000,0.036526
-177600,0.037421
-179200,0.038293
-180800,0.039169
-182400,0.039997
-184000,0.040783
-185600,0.041623
-187200,0.04238
-188800,0.043035
-190400,0.043742
-192000,0.044448
-193600,0.045044
-195200,0.045622
-196800,0.046168
-198400,0.046652
-200000,0.047166
-201600,0.047686
-203200,0.048065
-204800,0.048499
-206400,0.048879
-208000,0.049179
-209600,0.049411
-211200,0.04964
-212800,0.049741
-214400,0.049868
-216000,0.04995
-217600,0.04994
-219200,0.049807
-220800,0.04965
-222400,0.049408
-224000,0.049067
-225600,0.04867
-227200,0.048131
-228800,0.047489
-230400,0.04684
-232000,0.045997
-233600,0.045004
-235200,0.043998
-236800,0.042918
-238400,0.041719
-240000,0.04053
-241600,0.039195
-243200,0.037824
-244800,0.036405
-246400,0.034971
-248000,0.033408
-249600,0.031881
-251200,0.030368
-252800,0.028846
-254400,0.027392
-256000,0.026036
-257600,0.024702
-259200,0.023544
-260800,0.022592
-262400,0.021741
-264000,0.021129
-265600,0.020743
-267200,0.020563
-268800,0.020664
-270400,0.020972
-272000,0.021403
-273600,0.021993
-275200,0.02272
-276800,0.023532
-278400,0.024458
-280000,0.02541
-281600,0.02636
-283200,0.027353
-284800,0.028386
-286400,0.029296
-288000,0.030189
-289600,0.031077
-291200,0.031869
-292800,0.032663
-294400,0.033375
-296000,0.033958
-297600,0.034471
-299200,0.034975
-300800,0.035334
-302400,0.035667
-304000,0.035928
-305600,0.036138
-307200,0.036278
-308800,0.036437
-310400,0.036476
-312000,0.036408
-313600,0.036366
-315200,0.036277
-316800,0.036081
-318400,0.035851
-320000,0.035581
-321600,0.035253
-323200,0.034943
-324800,0.034537
-326400,0.034023
-328000,0.033552
-329600,0.033023
-331200,0.032436
-332800,0.031768
-334400,0.031101
-336000,0.030329
-337600,0.029537
-339200,0.028679
-340800,0.02772
-342400,0.026686
-344000,0.025718
-345600,0.024655
-347200,0.023519
-348800,0.022364
-350400,0.021113
-352000,0.019832
-353600,0.018554
-355200,0.017158
-356800,0.015715
-358400,0.014347
-360000,0.012988
-361600,0.011512
-363200,0.010101
-364800,0.008744
-366400,0.007472
-368000,0.006286
-369600,0.005293
-371200,0.004545
-372800,0.004175
-374400,0.004284
-376000,0.004818
-377600,0.005649
-379200,0.006623
-380800,0.007706
-382400,0.008697
-384000,0.009636
-385600,0.010646
-387200,0.011546
-388800,0.012305
-390400,0.013045
-392000,0.013717
-393600,0.014297
-395200,0.014755
-396800,0.01519
-398400,0.015491
-400000,0.015803
-401600,0.016034
-403200,0.016109
-404800,0.016034
-406400,0.015985
-408000,0.015799
-409600,0.015516
-411200,0.015216
-412800,0.014834
-414400,0.014435
-416000,0.014001
-417600,0.013459
-419200,0.012833
-420800,0.012232
-422400,0.011644
-424000,0.010966
-425600,0.010275
-427200,0.009625
-428800,0.00899
-430400,0.00833
-432000,0.007795
-433600,0.007321
-435200,0.006986
-436800,0.006885
-438400,0.006869
-440000,0.006971
-441600,0.007294
-443200,0.00783
-444800,0.008414
-446400,0.009144
-448000,0.010049
-449600,0.011036
-451200,0.01202
-452800,0.013052
-454400,0.014136
-456000,0.015231
-457600,0.016385
-459200,0.017573
-460800,0.018666
-462400,0.019861
-464000,0.02107
-465600,0.022206
-467200,0.023296
-468800,0.024474
-470400,0.025555
-472000,0.026652
-473600,0.027714
-475200,0.028663
-476800,0.029523
-478400,0.030429
-480000,0.031226
-481600,0.031891
-483200,0.032573
-484800,0.033189
-486400,0.033682
-488000,0.034111
-489600,0.034395
-491200,0.034559
-492800,0.034687
-494400,0.034734
-496000,0.034556
-497600,0.034364
-499200,0.034033
-500800,0.033586
-502400,0.033004
-504000,0.032365
-505600,0.031569
-507200,0.030746
-508800,0.029867
-510400,0.028838
-512000,0.027685
-513600,0.026503
-515200,0.025235
-516800,0.023896
-518400,0.022571
-520000,0.02116
-521600,0.01976
-523200,0.018469
-524800,0.017117
-526400,0.015829
-528000,0.0147
-529600,0.0137
-531200,0.012899
-532800,0.012423
-534400,0.012132
-536000,0.012184
-537600,0.012578
-539200,0.013238
-540800,0.014101
-542400,0.01517
-544000,0.0163
-545600,0.017551
-547200,0.018943
-548800,0.020316
-550400,0.021731
-552000,0.023175
-553600,0.024564
-555200,0.025927
-556800,0.027348
-558400,0.028625
-560000,0.029914
-561600,0.031205
-563200,0.032466
-564800,0.033645
-566400,0.034826
-568000,0.03591
-569600,0.03697
-571200,0.038086
-572800,0.039117
-574400,0.040042
-576000,0.041005
-577600,0.041931
-579200,0.042723
-580800,0.04349
-582400,0.044183
-584000,0.044777
-585600,0.045416
-587200,0.04593
-588800,0.046338
-590400,0.046693
-592000,0.047027
-593600,0.047183
-595200,0.047304
-596800,0.047297
-598400,0.047195
-600000,0.046966
-601600,0.046724
-603200,0.046295
-604800,0.045717
-606400,0.045109
-608000,0.044374
-609600,0.043509
-611200,0.042567
-612800,0.041474
-614400,0.040296
-616000,0.039094
-617600,0.037696
-619200,0.036138
-620800,0.034582
-622400,0.032911
-624000,0.031194
-625600,0.029403
-627200,0.027621
-628800,0.025769
-630400,0.023993
-632000,0.022212
-633600,0.02043
-635200,0.018734
-636800,0.017258
-638400,0.015915
-640000,0.014861
-641600,0.014081
-643200,0.01358
-644800,0.013552
-646400,0.013902
-648000,0.014588
-649600,0.015545
-651200,0.0167
-652800,0.017984
-654400,0.019455
-656000,0.020927
-657600,0.02239
-659200,0.023852
-660800,0.025312
-662400,0.026695
-664000,0.028051
-665600,0.029297
-667200,0.030424
-668800,0.031587
-670400,0.032662
-672000,0.033571
-673600,0.034428
-675200,0.035216
-676800,0.035913
-678400,0.03659
-680000,0.037171
-681600,0.037615
-683200,0.03808
-684800,0.03843
-686400,0.038679
-688000,0.038793
-689600,0.038931
-691200,0.038954
-692800,0.038968
-694400,0.038929
-696000,0.038772
-697600,0.038507
-699200,0.038289
-700800,0.037961
-702400,0.037505
-704000,0.037061
-705600,0.036536
-707200,0.035947
-708800,0.035303
-710400,0.03452
-712000,0.033665
-713600,0.032831
-715200,0.031975
-716800,0.030965
-718400,0.029949
-720000,0.028884
-721600,0.02774
-723200,0.026465
-724800,0.0252
-726400,0.023781
-728000,0.022379
-729600,0.021
-731200,0.019511
-732800,0.017956
-734400,0.016475
-736000,0.014978
-737600,0.013472
-739200,0.012052
-740800,0.010674
-742400,0.009408
-744000,0.00834
-745600,0.007416
-747200,0.006839
-748800,0.006673
-750400,0.006991
-752000,0.007639
-753600,0.008429
-755200,0.009461
-756800,0.010547
-758400,0.011583
-760000,0.012596
-761600,0.013704
-763200,0.014704
-764800,0.015651
-766400,0.016554
-768000,0.017332
-769600,0.018056
-771200,0.018735
-772800,0.019269
-774400,0.01966
-776000,0.020028
-777600,0.020309
-779200,0.020408
-780800,0.020484
-782400,0.02046
-784000,0.020368
-785600,0.0202
-787200,0.020034
-788800,0.019655
-790400,0.019278
-792000,0.018872
-793600,0.018355
-795200,0.01775
-796800,0.017172
-798400,0.016574
-800000,0.015924
-801600,0.015308
-803200,0.014667
-804800,0.014037
-806400,0.013505
-808000,0.013021
-809600,0.012547
-811200,0.012178
-812800,0.012009
-814400,0.011851
-816000,0.011869
-817600,0.012099
-819200,0.012484
-820800,0.012996
-822400,0.013687
-824000,0.014453
-825600,0.015265
-827200,0.016257
-828800,0.017279
-830400,0.018344
-832000,0.019454
-833600,0.020658
-835200,0.021881
-836800,0.023063
-838400,0.024312
-840000,0.025561
-841600,0.026793
-843200,0.028043
-844800,0.029238
-846400,0.030331
-848000,0.031457
-849600,0.032538
-851200,0.033467
-852800,0.034444
-854400,0.035321
-856000,0.03614
-857600,0.036883
-859200,0.03757
-860800,0.038052
-862400,0.038497
-864000,0.038886
-865600,0.039092
-867200,0.039161
-868800,0.039156
-870400,0.039052
-872000,0.038767
-873600,0.038415
-875200,0.03787
-876800,0.037218
-878400,0.036532
-880000,0.035633
-881600,0.034577
-883200,0.033452
-884800,0.032226
-886400,0.030811
-888000,0.029373
-889600,0.027772
-891200,0.026116
-892800,0.02441
-894400,0.022703
-896000,0.020863
-897600,0.019012
-899200,0.017191
-900800,0.015342
-902400,0.013594
-904000,0.011936
-905600,0.01048
-907200,0.009433
-908800,0.008924
-910400,0.008915
-912000,0.009617
-913600,0.01069
-915200,0.012143
-916800,0.013889
-918400,0.01581
-920000,0.017711
-921600,0.019724
-923200,0.021718
-924800,0.023717
-926400,0.025744
-928000,0.027692
-929600,0.029518
-931200,0.031379
-932800,0.033234
-934400,0.03496
-936000,0.036702
-937600,0.038379
-939200,0.039981
-940800,0.041619
-942400,0.04315
-944000,0.044562
-945600,0.045955
-947200,0.047353
-948800,0.04862
-950400,0.049876
-952000,0.050994
-953600,0.052036
-955200,0.052998
-956800,0.05396
-958400,0.054724
-960000,0.055428
-961600,0.056142
-963200,0.05672
-964800,0.057155
-966400,0.057469
-968000,0.057663
-969600,0.057755
-971200,0.057819
-972800,0.057663
-974400,0.057386
-976000,0.057066
-977600,0.056559
-979200,0.055883
-980800,0.055072
-982400,0.054169
-984000,0.053074
-985600,0.05194
-987200,0.050623
-988800,0.04913
-990400,0.047489
-992000,0.045807
-993600,0.043947
-995200,0.042015
-996800,0.040004
-998400,0.037864
-1000000,0.035739
-1001600,0.033508
-1003200,0.031189
-1004800,0.028849
-1006400,0.026601
-1008000,0.024365
-1009600,0.022246
-1011200,0.020254
-1012800,0.018473
-1014400,0.017039
-1016000,0.01607
-1017600,0.015523
-1019200,0.01553
-1020800,0.016109
-1022400,0.017097
-1024000,0.018564
-1025600,0.020296
-1027200,0.02214
-1028800,0.024146
-1030400,0.026243
-1032000,0.028286
-1033600,0.030355
-1035200,0.032358
-1036800,0.034275
-1038400,0.036226
-1040000,0.038101
-1041600,0.039877
-1043200,0.04153
-1044800,0.043161
-1046400,0.044628
-1048000,0.046081
-1049600,0.047411
-1051200,0.048613
-1052800,0.049695
-1054400,0.050779
-1056000,0.051672
-1057600,0.052432
-1059200,0.053155
-1060800,0.053745
-1062400,0.054295
-1064000,0.054751
-1065600,0.055077
-1067200,0.055303
-1068800,0.055513
-1070400,0.055569
-1072000,0.055472
-1073600,0.055338
-1075200,0.055087
-1076800,0.054725
-1078400,0.054292
-1080000,0.053815
-1081600,0.053116
-1083200,0.052427
-1084800,0.051641
-1086400,0.050728
-1088000,0.049682
-1089600,0.048572
-1091200,0.047332
-1092800,0.046011
-1094400,0.044581
-1096000,0.042958
-1097600,0.041275
-1099200,0.039537
-1100800,0.03772
-1102400,0.035742
-1104000,0.033765
-1105600,0.031718
-1107200,0.029516
-1108800,0.027295
-1110400,0.024933
-1112000,0.0225
-1113600,0.020048
-1115200,0.017618
-1116800,0.015065
-1118400,0.01256
-1120000,0.010037
-1121600,0.007501
-1123200,0.004985
-1124800,0.002479
-1126400,0.000186
-1128000,0.00251
-1129600,0.004903
-1131200,0.007378
-1132800,0.009793
-1134400,0.012117
-1136000,0.014397
-1137600,0.016573
-1139200,0.0186
-1140800,0.020557
-1142400,0.022435
-1144000,0.024103
-1145600,0.025793
-1147200,0.027375
-1148800,0.02885
-1150400,0.030163
-1152000,0.031403
-1153600,0.032501
-1155200,0.033527
-1156800,0.034451
-1158400,0.035174
-1160000,0.035807
-1161600,0.036341
-1163200,0.036748
-1164800,0.036945
-1166400,0.037131
-1168000,0.03723
-1169600,0.037219
-1171200,0.037198
-1172800,0.037011
-1174400,0.036704
-1176000,0.036347
-1177600,0.035956
-1179200,0.03536
-1180800,0.034751
-1182400,0.034068
-1184000,0.033366
-1185600,0.032559
-1187200,0.031701
-1188800,0.030773
-1190400,0.029827
-1192000,0.02896
-1193600,0.027977
-1195200,0.026918
-1196800,0.025925
-1198400,0.024917
-1200000,0.023816
-1201600,0.022776
-1203200,0.021782
-1204800,0.020794
-1206400,0.020026
-1208000,0.019287
-1209600,0.018624
-1211200,0.018084
-1212800,0.017785
-1214400,0.017561
-1216000,0.017499
-1217600,0.01768
-1219200,0.018041
-1220800,0.018566
-1222400,0.019234
-1224000,0.020053
-1225600,0.020994
-1227200,0.022063
-1228800,0.023215
-1230400,0.024282
-1232000,0.02546
-1233600,0.026635
-1235200,0.027738
-1236800,0.028743
-1238400,0.029845
-1240000,0.030893
-1241600,0.03192
-1243200,0.032928
-1244800,0.033766
-1246400,0.034537
-1248000,0.035248
-1249600,0.035844
-1251200,0.03621
-1252800,0.03653
-1254400,0.036795
-1256000,0.036908
-1257600,0.0369
-1259200,0.036759
-1260800,0.036531
-1262400,0.036223
-1264000,0.035892
-1265600,0.035296
-1267200,0.034637
-1268800,0.033895
-1270400,0.032975
-1272000,0.031897
-1273600,0.030755
-1275200,0.029546
-1276800,0.028251
-1278400,0.026975
-1280000,0.025563
-1281600,0.024075
-1283200,0.022521
-1284800,0.020953
-1286400,0.019238
-1288000,0.017452
-1289600,0.015697
-1291200,0.013843
-1292800,0.011972
-1294400,0.010063
-1296000,0.008168
-1297600,0.00634
-1299200,0.004761
-1300800,0.003523
-1302400,0.00309
-1304000,0.00392
-1305600,0.005403
-1307200,0.007185
-1308800,0.009091
-1310400,0.011111
-1312000,0.013194
-1313600,0.015167
-1315200,0.017188
-1316800,0.019231
-1318400,0.021231
-1320000,0.02321
-1321600,0.025162
-1323200,0.027074
-1324800,0.028987
-1326400,0.030929
-1328000,0.032734
-1329600,0.034588
-1331200,0.036439
-1332800,0.038249
-1334400,0.039931
-1336000,0.041601
-1337600,0.043148
-1339200,0.044575
-1340800,0.04601
-1342400,0.047284
-1344000,0.048441
-1345600,0.049561
-1347200,0.050656
-1348800,0.05154
-1350400,0.052363
-1352000,0.053065
-1353600,0.053636
-1355200,0.054142
-1356800,0.054435
-1358400,0.054562
-1360000,0.054559
-1361600,0.054498
-1363200,0.054176
-1364800,0.053732
-1366400,0.053171
-1368000,0.052499
-1369600,0.051654
-1371200,0.050747
-1372800,0.049671
-1374400,0.048382
-1376000,0.047062
-1377600,0.045552
-1379200,0.04391
-1380800,0.042144
-1382400,0.040283
-1384000,0.038342
-1385600,0.036379
-1387200,0.034311
-1388800,0.032128
-1390400,0.029959
-1392000,0.027728
-1393600,0.025486
-1395200,0.023131
-1396800,0.020852
-1398400,0.018506
-1400000,0.016224
-1401600,0.014008
-1403200,0.011851
-1404800,0.00992
-1406400,0.008461
-1408000,0.007507
-1409600,0.007388
-1411200,0.008022
-1412800,0.009222
-1414400,0.010882
-1416000,0.012746
-1417600,0.014716
-1419200,0.01673
-1420800,0.018743
-1422400,0.020694
-1424000,0.022702
-1425600,0.024632
-1427200,0.026496
-1428800,0.028315
-1430400,0.030098
-1432000,0.031784
-1433600,0.033502
-1435200,0.035178
-1436800,0.036737
-1438400,0.038381
-1440000,0.039938
-1441600,0.041398
-1443200,0.04275
-1444800,0.044027
-1446400,0.045178
-1448000,0.046328
-1449600,0.047356
-1451200,0.048272
-1452800,0.049172
-1454400,0.049972
-1456000,0.050682
-1457600,0.05124
-1459200,0.051811
-1460800,0.052228
-1462400,0.05256
-1464000,0.052811
-1465600,0.05289
-1467200,0.052787
-1468800,0.052652
-1470400,0.05238
-1472000,0.051931
-1473600,0.051452
-1475200,0.05081
-1476800,0.050107
-1478400,0.049255
-1480000,0.048239
-1481600,0.047051
-1483200,0.045805
-1484800,0.044499
-1486400,0.042988
-1488000,0.041369
-1489600,0.039712
-1491200,0.037991
-1492800,0.036108
-1494400,0.034235
-1496000,0.032232
-1497600,0.030216
-1499200,0.028226
-1500800,0.026092
-1502400,0.023875
-1504000,0.021672
-1505600,0.01947
-1507200,0.017212
-1508800,0.015013
-1510400,0.012806
-1512000,0.010686
-1513600,0.008683
-1515200,0.006761
-1516800,0.00503
-1518400,0.003787
-1520000,0.003591
-1521600,0.004419
-1523200,0.005758
-1524800,0.007426
-1526400,0.009134
-1528000,0.010784
-1529600,0.012342
-1531200,0.013966
-1532800,0.015484
-1534400,0.016857
-1536000,0.018201
-1537600,0.019428
-1539200,0.020625
-1540800,0.021765
-1542400,0.022822
-1544000,0.023759
-1545600,0.024716
-1547200,0.025636
-1548800,0.026396
-1550400,0.027082
-1552000,0.027701
-1553600,0.028273
-1555200,0.028726
-1556800,0.029176
-1558400,0.029467
-1560000,0.029749
-1561600,0.030019
-1563200,0.030192
-1564800,0.030262
-1566400,0.030334
-1568000,0.030397
-1569600,0.030365
-1571200,0.03031
-1572800,0.030149
-1574400,0.029956
-1576000,0.02973
-1577600,0.029492
-1579200,0.029131
-1580800,0.028794
-1582400,0.028543
-1584000,0.028172
-1585600,0.027786
-1587200,0.027404
-1588800,0.027024
-1590400,0.026624
-1592000,0.026304
-1593600,0.025947
-1595200,0.025602
-1596800,0.025404
-1598400,0.025188
-1600000,0.025023
-1601600,0.024908
-1603200,0.024943
-1604800,0.024991
-1606400,0.025099
-1608000,0.025256
-1609600,0.02544
-1611200,0.025698
-1612800,0.026047
-1614400,0.026395
-1616000,0.026732
-1617600,0.027211
-1619200,0.027661
-1620800,0.028002
-1622400,0.028423
-1624000,0.028778
-1625600,0.029106
-1627200,0.02937
-1628800,0.029659
-1630400,0.029788
-1632000,0.029918
-1633600,0.03003
-1635200,0.030028
-1636800,0.029904
-1638400,0.029797
-1640000,0.029602
-1641600,0.029241
-1643200,0.028873
-1644800,0.028355
-1646400,0.027756
-1648000,0.027194
-1649600,0.026484
-1651200,0.025684
-1652800,0.024884
-1654400,0.024046
-1656000,0.023034
-1657600,0.022025
-1659200,0.020895
-1660800,0.019741
-1662400,0.018493
-1664000,0.017265
-1665600,0.01589
-1667200,0.014486
-1668800,0.0131
-1670400,0.011619
-1672000,0.010072
-1673600,0.008532
-1675200,0.006958
-1676800,0.00532
-1678400,0.003712
-1680000,0.001993
-1681600,0.000235
-1683200,0.001538
-1684800,0.003338
-1686400,0.005154
-1688000,0.007006
-1689600,0.008826
-1691200,0.010746
-1692800,0.01261
-1694400,0.014551
-1696000,0.01655
-1697600,0.018559
-1699200,0.020456
-1700800,0.022442
-1702400,0.024422
-1704000,0.026359
-1705600,0.028335
-1707200,0.03023
-1708800,0.032086
-1710400,0.033974
-1712000,0.03578
-1713600,0.037447
-1715200,0.039123
-1716800,0.040796
-1718400,0.04233
-1720000,0.043858
-1721600,0.04525
-1723200,0.046524
-1724800,0.047667
-1726400,0.048814
-1728000,0.049719
-1729600,0.050534
-1731200,0.051293
-1732800,0.051913
-1734400,0.05237
-1736000,0.052716
-1737600,0.052861
-1739200,0.05289
-1740800,0.052894
-1742400,0.05264
-1744000,0.052218
-1745600,0.051734
-1747200,0.051082
-1748800,0.050244
-1750400,0.04927
-1752000,0.04822
-1753600,0.046993
-1755200,0.045774
-1756800,0.044413
-1758400,0.042931
-1760000,0.041337
-1761600,0.039767
-1763200,0.03804
-1764800,0.036306
-1766400,0.034511
-1768000,0.032645
-1769600,0.030824
-1771200,0.029025
-1772800,0.027197
-1774400,0.025395
-1776000,0.023742
-1777600,0.022187
-1779200,0.020787
-1780800,0.019551
-1782400,0.018528
-1784000,0.017804
-1785600,0.017457
-1787200,0.017343
-1788800,0.017529
-1790400,0.01802
-1792000,0.018715
-1793600,0.019734
-1795200,0.020937
-1796800,0.022184
-1798400,0.023585
-1800000,0.025116
-1801600,0.026645
-1803200,0.028247
-1804800,0.029848
-1806400,0.031427
-1808000,0.033086
-1809600,0.034759
-1811200,0.036349
-1812800,0.037874
-1814400,0.039456
-1816000,0.040917
-1817600,0.042418
-1819200,0.043861
-1820800,0.045223
-1822400,0.046512
-1824000,0.047888
-1825600,0.049095
-1827200,0.050209
-1828800,0.051265
-1830400,0.052203
-1832000,0.053073
-1833600,0.053849
-1835200,0.054454
-1836800,0.054954
-1838400,0.055449
-1840000,0.055793
-1841600,0.055945
-1843200,0.056017
-1844800,0.055981
-1846400,0.055803
-1848000,0.055491
-1849600,0.055074
-1851200,0.054394
-1852800,0.053695
-1854400,0.052809
-1856000,0.051749
-1857600,0.050528
-1859200,0.049254
-1860800,0.047828
-1862400,0.046349
-1864000,0.04475
-1865600,0.042977
-1867200,0.041115
-1868800,0.039229
-1870400,0.037243
-1872000,0.035109
-1873600,0.033004
-1875200,0.030875
-1876800,0.028678
-1878400,0.026521
-1880000,0.02429
-1881600,0.022104
-1883200,0.020063
-1884800,0.018134
-1886400,0.016269
-1888000,0.014687
-1889600,0.013317
-1891200,0.012343
-1892800,0.011808
-1894400,0.011722
-1896000,0.012061
-1897600,0.012836
-1899200,0.01386
-1900800,0.015099
-1902400,0.016499
-1904000,0.017887
-1905600,0.019339
-1907200,0.020831
-1908800,0.022259
-1910400,0.023609
-1912000,0.024995
-1913600,0.026214
-1915200,0.02746
-1916800,0.028652
-1918400,0.029735
-1920000,0.030674
-1921600,0.031609
-1923200,0.032434
-1924800,0.033216
-1926400,0.033944
-1928000,0.034579
-1929600,0.035165
-1931200,0.035726
-1932800,0.036182
-1934400,0.036475
-1936000,0.036756
-1937600,0.036977
-1939200,0.037072
-1940800,0.037141
-1942400,0.037088
-1944000,0.036947
-1945600,0.036756
-1947200,0.036533
-1948800,0.036129
-1950400,0.035743
-1952000,0.035267
-1953600,0.034733
-1955200,0.034074
-1956800,0.033364
-1958400,0.032492
-1960000,0.031546
-1961600,0.030608
-1963200,0.029524
-1964800,0.028316
-1966400,0.027153
-1968000,0.025928
-1969600,0.024581
-1971200,0.02323
-1972800,0.021823
-1974400,0.020338
-1976000,0.018947
-1977600,0.017492
-1979200,0.016024
-1980800,0.014616
-1982400,0.013372
-1984000,0.012164
-1985600,0.011157
-1987200,0.010426
-1988800,0.009965
-1990400,0.009809
-1992000,0.009926
-1993600,0.010322
-1995200,0.010947
-1996800,0.01178
-1998400,0.012776
-2000000,0.013775
-2001600,0.014835
-2003200,0.015938
-2004800,0.016942
-2006400,0.017841
-2008000,0.018757
-2009600,0.019632
-2011200,0.020378
-2012800,0.021094
-2014400,0.02167
-2016000,0.022171
-2017600,0.022578
-2019200,0.022959
-2020800,0.023143
-2022400,0.023281
-2024000,0.023405
-2025600,0.023375
-2027200,0.023203
-2028800,0.022964
-2030400,0.022617
-2032000,0.022217
-2033600,0.021812
-2035200,0.021243
-2036800,0.020624
-2038400,0.020005
-2040000,0.019266
-2041600,0.018423
-2043200,0.017514
-2044800,0.016596
-2046400,0.015588
-2048000,0.014583
-2049600,0.01347
-2051200,0.012273
-2052800,0.01104
-2054400,0.009856
-2056000,0.008539
-2057600,0.007208
-2059200,0.005899
-2060800,0.004515
-2062400,0.003115
-2064000,0.001684
-2065600,0.000471
-2067200,0.00164
-2068800,0.003163
-2070400,0.004788
-2072000,0.006502
-2073600,0.008191
-2075200,0.009914
-2076800,0.011662
-2078400,0.013427
-2080000,0.015203
-2081600,0.017056
-2083200,0.018785
-2084800,0.020535
-2086400,0.022368
-2088000,0.024188
-2089600,0.025914
-2091200,0.027646
-2092800,0.029323
-2094400,0.030951
-2096000,0.032567
-2097600,0.034026
-2099200,0.035402
-2100800,0.036784
-2102400,0.038089
-2104000,0.039246
-2105600,0.040332
-2107200,0.041352
-2108800,0.042219
-2110400,0.043054
-2112000,0.043716
-2113600,0.04422
-2115200,0.044614
-2116800,0.044976
-2118400,0.045111
-2120000,0.045142
-2121600,0.045043
-2123200,0.044811
-2124800,0.044518
-2126400,0.044081
-2128000,0.043476
-2129600,0.04279
-2131200,0.042084
-2132800,0.041212
-2134400,0.040202
-2136000,0.039138
-2137600,0.038002
-2139200,0.036809
-2140800,0.03562
-2142400,0.034377
-2144000,0.033061
-2145600,0.031856
-2147200,0.03059
-2148800,0.029306
-2150400,0.028061
-2152000,0.026873
-2153600,0.025748
-2155200,0.024771
-2156800,0.02385
-2158400,0.023007
-2160000,0.022345
-2161600,0.021839
-2163200,0.021525
-2164800,0.021388
-2166400,0.021454
-2168000,0.02164
-2169600,0.022094
-2171200,0.022646
-2172800,0.023281
-2174400,0.024048
-2176000,0.024924
-2177600,0.025817
-2179200,0.02689
-2180800,0.027944
-2182400,0.028993
-2184000,0.030181
-2185600,0.031416
-2187200,0.032627
-2188800,0.033882
-2190400,0.035162
-2192000,0.036431
-2193600,0.037777
-2195200,0.039136
-2196800,0.0404
-2198400,0.041706
-2200000,0.042987
-2201600,0.044174
-2203200,0.045313
-2204800,0.046459
-2206400,0.047452
-2208000,0.048493
-2209600,0.049478
-2211200,0.050365
-2212800,0.05113
-2214400,0.051862
-2216000,0.052489
-2217600,0.053058
-2219200,0.053507
-2220800,0.05383
-2222400,0.054062
-2224000,0.054209
-2225600,0.0542
-2227200,0.053985
-2228800,0.053737
-2230400,0.053382
-2232000,0.052852
-2233600,0.052274
-2235200,0.051519
-2236800,0.05063
-2238400,0.049658
-2240000,0.048591
-2241600,0.047343
-2243200,0.046084
-2244800,0.044715
-2246400,0.043301
-2248000,0.04183
-2249600,0.040336
-2251200,0.038745
-2252800,0.037163
-2254400,0.035654
-2256000,0.034076
-2257600,0.03249
-2259200,0.031007
-2260800,0.029551
-2262400,0.028167
-2264000,0.026926
-2265600,0.025713
-2267200,0.024667
-2268800,0.023852
-2270400,0.023176
-2272000,0.022709
-2273600,0.022452
-2275200,0.022373
-2276800,0.022484
-2278400,0.022779
-2280000,0.023128
-2281600,0.023581
-2283200,0.024162
-2284800,0.024793
-2286400,0.025486
-2288000,0.026225
-2289600,0.0269
-2291200,0.02758
-2292800,0.028366
-2294400,0.029061
-2296000,0.029799
-2297600,0.030525
-2299200,0.03125
-2300800,0.031965
-2302400,0.032719
-2304000,0.033335
-2305600,0.033928
-2307200,0.034518
-2308800,0.035107
-2310400,0.035581
-2312000,0.036029
-2313600,0.036471
-2315200,0.03686
-2316800,0.037273
-2318400,0.037611
-2320000,0.037841
-2321600,0.038122
-2323200,0.038381
-2324800,0.038527
-2326400,0.038638
-2328000,0.03871
-2329600,0.038664
-2331200,0.038633
-2332800,0.038471
-2334400,0.03821
-2336000,0.037869
-2337600,0.037564
-2339200,0.037122
-2340800,0.036603
-2342400,0.036003
-2344000,0.035288
-2345600,0.034481
-2347200,0.033667
-2348800,0.032679
-2350400,0.031591
-2352000,0.030571
-2353600,0.029461
-2355200,0.028211
-2356800,0.026964
-2358400,0.025635
-2360000,0.024288
-2361600,0.022943
-2363200,0.021559
-2364800,0.020047
-2366400,0.018624
-2368000,0.017158
-2369600,0.015618
-2371200,0.014056
-2372800,0.012601
-2374400,0.011116
-2376000,0.009731
-2377600,0.008414
-2379200,0.007035
-2380800,0.005761
-2382400,0.004659
-2384000,0.003629
-2385600,0.002867
-2387200,0.002518
-2388800,0.002584
-2390400,0.003096
-2392000,0.003755
-2393600,0.004481
-2395200,0.005171
-2396800,0.005807
-2398400,0.006334
-2400000,0.006898
-2401600,0.007378
-2403200,0.007742
-2404800,0.008111
-2406400,0.008481
-2408000,0.00875
-2409600,0.008992
-2411200,0.00914
-2412800,0.00918
-2414400,0.009257
-2416000,0.009304
-2417600,0.009234
-2419200,0.009163
-2420800,0.009078
-2422400,0.008949
-2424000,0.008775
-2425600,0.008632
-2427200,0.00842
-2428800,0.008273
-2430400,0.008179
-2432000,0.008039
-2433600,0.007815
-2435200,0.00769
-2436800,0.00755
-2438400,0.007396
-2440000,0.007317
-2441600,0.007268
-2443200,0.007283
-2444800,0.007405
-2446400,0.00755
-2448000,0.007705
-2449600,0.007984
-2451200,0.008387
-2452800,0.008817
-2454400,0.009291
-2456000,0.009847
-2457600,0.010468
-2459200,0.011078
-2460800,0.011743
-2462400,0.012478
-2464000,0.013199
-2465600,0.014018
-2467200,0.01485
-2468800,0.015605
-2470400,0.016333
-2472000,0.017132
-2473600,0.017857
-2475200,0.018556
-2476800,0.019271
-2478400,0.019953
-2480000,0.020601
-2481600,0.021227
-2483200,0.021745
-2484800,0.02219
-2486400,0.022657
-2488000,0.023067
-2489600,0.02333
-2491200,0.023596
-2492800,0.023766
-2494400,0.02384
-2496000,0.023871
-2497600,0.02386
-2499200,0.023714
-2500800,0.023608
-2502400,0.023453
-2504000,0.02321
-2505600,0.022907
-2507200,0.022571
-2508800,0.022174
-2510400,0.021806
-2512000,0.021441
-2513600,0.021025
-2515200,0.020645
-2516800,0.020345
-2518400,0.020038
-2520000,0.019745
-2521600,0.019547
-2523200,0.019359
-2524800,0.019252
-2526400,0.019272
-2528000,0.019263
-2529600,0.019321
-2531200,0.019493
-2532800,0.019689
-2534400,0.019931
-2536000,0.020232
-2537600,0.020529
-2539200,0.020878
-2540800,0.02131
-2542400,0.021753
-2544000,0.022181
-2545600,0.022641
-2547200,0.023094
-2548800,0.023517
-2550400,0.023992
-2552000,0.024399
-2553600,0.024779
-2555200,0.025241
-2556800,0.025692
-2558400,0.026059
-2560000,0.026468
-2561600,0.026827
-2563200,0.027214
-2564800,0.027692
-2566400,0.028154
-2568000,0.028574
-2569600,0.029099
-2571200,0.029643
-2572800,0.030161
-2574400,0.03069
-2576000,0.031257
-2577600,0.031792
-2579200,0.032414
-2580800,0.033027
-2582400,0.033556
-2584000,0.034084
-2585600,0.034674
-2587200,0.035154
-2588800,0.035651
-2590400,0.036101
-2592000,0.036494
-2593600,0.036865
-2595200,0.037251
-2596800,0.03751
-2598400,0.037696
-2600000,0.037843
-2601600,0.037952
-2603200,0.037949
-2604800,0.037901
-2606400,0.037746
-2608000,0.037534
-2609600,0.037339
-2611200,0.037033
-2612800,0.036572
-2614400,0.036153
-2616000,0.035677
-2617600,0.035174
-2619200,0.034677
-2620800,0.034155
-2622400,0.03361
-2624000,0.033165
-2625600,0.032697
-2627200,0.032215
-2628800,0.031785
-2630400,0.031472
-2632000,0.031185
-2633600,0.031011
-2635200,0.030889
-2636800,0.030756
-2638400,0.030723
-2640000,0.030833
-2641600,0.030927
-2643200,0.031109
-2644800,0.031374
-2646400,0.031666
-2648000,0.03204
-2649600,0.032439
-2651200,0.032761
-2652800,0.033127
-2654400,0.033552
-2656000,0.03396
-2657600,0.034291
-2659200,0.034595
-2660800,0.034864
-2662400,0.0351
-2664000,0.035321
-2665600,0.035406
-2667200,0.035427
-2668800,0.035476
-2670400,0.035454
-2672000,0.035351
-2673600,0.035247
-2675200,0.035065
-2676800,0.034878
-2678400,0.034713
-2680000,0.034467
-2681600,0.034169
-2683200,0.033906
-2684800,0.033654
-2686400,0.033391
-2688000,0.033129
-2689600,0.032837
-2691200,0.0325
-2692800,0.032238
-2694400,0.031982
-2696000,0.031636
-2697600,0.031358
-2699200,0.031157
-2700800,0.030891
-2702400,0.030671
-2704000,0.030393
-2705600,0.030073
-2707200,0.029826
-2708800,0.0296
-2710400,0.029272
-2712000,0.028963
-2713600,0.02863
-2715200,0.028246
-2716800,0.027812
-2718400,0.027365
-2720000,0.026811
-2721600,0.02628
-2723200,0.02578
-2724800,0.025207
-2726400,0.024579
-2728000,0.024006
-2729600,0.02335
-2731200,0.022755
-2732800,0.022209
-2734400,0.021615
-2736000,0.021042
-2737600,0.02062
-2739200,0.020185
-2740800,0.019813
-2742400,0.01952
-2744000,0.019287
-2745600,0.019099
-2747200,0.019083
-2748800,0.019097
-2750400,0.019128
-2752000,0.019317
-2753600,0.019571
-2755200,0.019802
-2756800,0.020111
-2758400,0.020384
-2760000,0.020638
-2761600,0.020989
-2763200,0.021299
-2764800,0.021527
-2766400,0.02177
-2768000,0.021946
-2769600,0.022041
-2771200,0.022092
-2772800,0.022076
-2774400,0.021948
-2776000,0.021815
-2777600,0.021628
-2779200,0.021316
-2780800,0.020905
-2782400,0.02046
-2784000,0.019889
-2785600,0.019318
-2787200,0.018706
-2788800,0.017957
-2790400,0.017216
-2792000,0.016477
-2793600,0.015615
-2795200,0.014717
-2796800,0.013822
-2798400,0.012871
-2800000,0.011926
-2801600,0.011002
-2803200,0.01
-2804800,0.008999
-2806400,0.00805
-2808000,0.007102
-2809600,0.006116
-2811200,0.005204
-2812800,0.004316
-2814400,0.003441
-2816000,0.002637
-2817600,0.001872
-2819200,0.001148
-2820800,0.000811
-2822400,0.001125
-2824000,0.001736
-2825600,0.002378
-2827200,0.003077
-2828800,0.003749
-2830400,0.004359
-2832000,0.004963
-2833600,0.005646
-2835200,0.006295
-2836800,0.006902
-2838400,0.007538
-2840000,0.00815
-2841600,0.008736
-2843200,0.009367
-2844800,0.009933
-2846400,0.010463
-2848000,0.011068
-2849600,0.011625
-2851200,0.012091
-2852800,0.01254
-2854400,0.012898
-2856000,0.013246
-2857600,0.013587
-2859200,0.013868
-2860800,0.014038
-2862400,0.014218
-2864000,0.014339
-2865600,0.01436
-2867200,0.014253
-2868800,0.014153
-2870400,0.013944
-2872000,0.013697
-2873600,0.013389
-2875200,0.012919
-2876800,0.012367
-2878400,0.011844
-2880000,0.0112
-2881600,0.010511
-2883200,0.009834
-2884800,0.009134
-2886400,0.008505
-2888000,0.008003
-2889600,0.007573
-2891200,0.007347
-2892800,0.007412
-2894400,0.00774
-2896000,0.008349
-2897600,0.009216
-2899200,0.010185
-2900800,0.011358
-2902400,0.012691
-2904000,0.014053
-2905600,0.015461
-2907200,0.016887
-2908800,0.018255
-2910400,0.019743
-2912000,0.021244
-2913600,0.02265
-2915200,0.024037
-2916800,0.025427
-2918400,0.026755
-2920000,0.027994
-2921600,0.029185
-2923200,0.03029
-2924800,0.031371
-2926400,0.03243
-2928000,0.033386
-2929600,0.034193
-2931200,0.035
-2932800,0.035723
-2934400,0.03635
-2936000,0.036956
-2937600,0.037434
-2939200,0.037841
-2940800,0.038273
-2942400,0.03862
-2944000,0.038842
-2945600,0.039052
-2947200,0.039236
-2948800,0.03941
-2950400,0.039531
-2952000,0.039562
-2953600,0.039578
-2955200,0.039585
-2956800,0.039595
-2958400,0.039445
-2960000,0.03928
-2961600,0.03911
-2963200,0.038891
-2964800,0.038608
-2966400,0.038341
-2968000,0.037956
-2969600,0.037596
-2971200,0.037231
-2972800,0.03675
-2974400,0.036206
-2976000,0.035678
-2977600,0.035093
-2979200,0.034477
-2980800,0.033845
-2982400,0.033109
-2984000,0.032306
-2985600,0.031567
-2987200,0.030779
-2988800,0.02995
-2990400,0.029196
-2992000,0.028501
-2993600,0.027829
-2995200,0.027335
-2996800,0.026823
-2998400,0.026447
-3000000,0.026269
-3001600,0.026286
-3003200,0.026439
-3004800,0.026812
-3006400,0.027314
-3008000,0.028019
-3009600,0.028925
-3011200,0.029967
-3012800,0.03107
-3014400,0.032328
-3016000,0.033702
-3017600,0.035097
-3019200,0.036603
-3020800,0.038096
-3022400,0.039567
-3024000,0.041093
-3025600,0.042582
-3027200,0.043953
-3028800,0.045319
-3030400,0.046622
-3032000,0.04783
-3033600,0.049032
-3035200,0.050093
-3036800,0.051015
-3038400,0.051828
-3040000,0.052592
-3041600,0.053199
-3043200,0.053674
-3044800,0.054069
-3046400,0.054353
-3048000,0.05453
-3049600,0.054582
-3051200,0.054474
-3052800,0.054273
-3054400,0.054091
-3056000,0.053743
-3057600,0.053348
-3059200,0.052881
-3060800,0.05232
-3062400,0.051664
-3064000,0.050983
-3065600,0.050186
-3067200,0.049324
-3068800,0.048467
-3070400,0.047547
-3072000,0.046562
-3073600,0.045563
-3075200,0.044503
-3076800,0.04338
-3078400,0.042352
-3080000,0.04127
-3081600,0.040093
-3083200,0.039007
-3084800,0.037873
-3086400,0.036709
-3088000,0.035548
-3089600,0.034363
-3091200,0.033113
-3092800,0.031985
-3094400,0.030819
-3096000,0.029642
-3097600,0.028499
-3099200,0.027479
-3100800,0.026437
-3102400,0.025505
-3104000,0.024671
-3105600,0.023884
-3107200,0.023288
-3108800,0.022922
-3110400,0.022665
-3112000,0.02263
-3113600,0.022802
-3115200,0.023093
-3116800,0.02366
-3118400,0.024395
-3120000,0.025235
-3121600,0.026249
-3123200,0.027405
-3124800,0.028623
-3126400,0.02992
-3128000,0.031257
-3129600,0.032531
-3131200,0.033874
-3132800,0.035241
-3134400,0.036528
-3136000,0.037719
-3137600,0.038935
-3139200,0.040031
-3140800,0.041082
-3142400,0.042045
-3144000,0.042831
-3145600,0.043571
-3147200,0.044225
-3148800,0.044729
-3150400,0.045071
-3152000,0.045353
-3153600,0.045454
-3155200,0.045457
-3156800,0.045332
-3158400,0.045064
-3160000,0.044633
-3161600,0.044184
-3163200,0.043645
-3164800,0.042927
-3166400,0.042158
-3168000,0.041257
-3169600,0.04027
-3171200,0.039239
-3172800,0.038068
-3174400,0.036767
-3176000,0.035532
-3177600,0.034224
-3179200,0.032763
-3180800,0.03129
-3182400,0.029756
-3184000,0.028221
-3185600,0.026665
-3187200,0.02512
-3188800,0.023486
-3190400,0.021907
-3192000,0.020348
-3193600,0.018715
-3195200,0.017042
-3196800,0.015452
-3198400,0.013866
-3200000,0.01229
-3201600,0.010786
-3203200,0.009181
-3204800,0.007602
-3206400,0.006125
-3208000,0.004603
-3209600,0.003074
-3211200,0.001645
-3212800,0.000691
-3214400,0.001536
-3216000,0.00285
-3217600,0.004311
-3219200,0.005742
-3220800,0.007127
-3222400,0.008402
-3224000,0.009755
-3225600,0.011029
-3227200,0.012237
-3228800,0.01343
-3230400,0.014575
-3232000,0.015668
-3233600,0.016748
-3235200,0.01772
-3236800,0.018545
-3238400,0.019396
-3240000,0.0202
-3241600,0.020888
-3243200,0.021499
-3244800,0.022022
-3246400,0.022471
-3248000,0.022811
-3249600,0.023092
-3251200,0.023172
-3252800,0.023248
-3254400,0.023269
-3256000,0.023177
-3257600,0.022904
-3259200,0.022627
-3260800,0.022213
-3262400,0.021722
-3264000,0.021215
-3265600,0.020549
-3267200,0.019847
-3268800,0.019169
-3270400,0.01842
-3272000,0.017564
-3273600,0.016748
-3275200,0.016
-3276800,0.015259
-3278400,0.014603
-3280000,0.014016
-3281600,0.013586
-3283200,0.013244
-3284800,0.013098
-3286400,0.013123
-3288000,0.013296
-3289600,0.013759
-3291200,0.014357
-3292800,0.015036
-3294400,0.015799
-3296000,0.01676
-3297600,0.017714
-3299200,0.018701
-3300800,0.019768
-3302400,0.020839
-3304000,0.021902
-3305600,0.022949
-3307200,0.023942
-3308800,0.024867
-3310400,0.02584
-3312000,0.026804
-3313600,0.02763
-3315200,0.028495
-3316800,0.029299
-3318400,0.030038
-3320000,0.030702
-3321600,0.031382
-3323200,0.031911
-3324800,0.032484
-3326400,0.033011
-3328000,0.033441
-3329600,0.03377
-3331200,0.034068
-3332800,0.034308
-3334400,0.034484
-3336000,0.034612
-3337600,0.034652
-3339200,0.034627
-3340800,0.034572
-3342400,0.034403
-3344000,0.034071
-3345600,0.033726
-3347200,0.033341
-3348800,0.03279
-3350400,0.032252
-3352000,0.031562
-3353600,0.030788
-3355200,0.029932
-3356800,0.029037
-3358400,0.027941
-3360000,0.026827
-3361600,0.025629
-3363200,0.024317
-3364800,0.022896
-3366400,0.021408
-3368000,0.019789
-3369600,0.018093
-3371200,0.01643
-3372800,0.01462
-3374400,0.012752
-3376000,0.010959
-3377600,0.009123
-3379200,0.007343
-3380800,0.005833
-3382400,0.004728
-3384000,0.004578
-3385600,0.005433
-3387200,0.006972
-3388800,0.008892
-3390400,0.010936
-3392000,0.012984
-3393600,0.015139
-3395200,0.017301
-3396800,0.019398
-3398400,0.021501
-3400000,0.023544
-3401600,0.025543
-3403200,0.027558
-3404800,0.029515
-3406400,0.031308
-3408000,0.033069
-3409600,0.034798
-3411200,0.036331
-3412800,0.037839
-3414400,0.03919
-3416000,0.040444
-3417600,0.041596
-3419200,0.042735
-3420800,0.043656
-3422400,0.044481
-3424000,0.045228
-3425600,0.045918
-3427200,0.046437
-3428800,0.046865
-3430400,0.047205
-3432000,0.047438
-3433600,0.047658
-3435200,0.047695
-3436800,0.047584
-3438400,0.047479
-3440000,0.047301
-3441600,0.04699
-3443200,0.046632
-3444800,0.04621
-3446400,0.045657
-3448000,0.045125
-3449600,0.04443
-3451200,0.043649
-3452800,0.042777
-3454400,0.041958
-3456000,0.040997
-3457600,0.039996
-3459200,0.038926
-3460800,0.037756
-3462400,0.036545
-3464000,0.035345
-3465600,0.033984
-3467200,0.032558
-3468800,0.031198
-3470400,0.029698
-3472000,0.0281
-3473600,0.026449
-3475200,0.024691
-3476800,0.022915
-3478400,0.021153
-3480000,0.019318
-3481600,0.017371
-3483200,0.01552
-3484800,0.01361
-3486400,0.011674
-3488000,0.009755
-3489600,0.00798
-3491200,0.006347
-3492800,0.005283
-3494400,0.004935
-3496000,0.005525
-3497600,0.006829
-3499200,0.008455
-3500800,0.010322
-3502400,0.012279
-3504000,0.014173
-3505600,0.016068
-3507200,0.017991
-3508800,0.019863
-3510400,0.021788
-3512000,0.023606
-3513600,0.025353
-3515200,0.026968
-3516800,0.028616
-3518400,0.030086
-3520000,0.031438
-3521600,0.032719
-3523200,0.033916
-3524800,0.034966
-3526400,0.035953
-3528000,0.036757
-3529600,0.037415
-3531200,0.038108
-3532800,0.038643
-3534400,0.039023
-3536000,0.039325
-3537600,0.039525
-3539200,0.039582
-3540800,0.039527
-3542400,0.039383
-3544000,0.039074
-3545600,0.038796
-3547200,0.038434
-3548800,0.037973
-3550400,0.037367
-3552000,0.036804
-3553600,0.036082
-3555200,0.035337
-3556800,0.034552
-3558400,0.03363
-3560000,0.032687
-3561600,0.031787
-3563200,0.030773
-3564800,0.029666
-3566400,0.028623
-3568000,0.027563
-3569600,0.026485
-3571200,0.025432
-3572800,0.02432
-3574400,0.023224
-3576000,0.022139
-3577600,0.021088
-3579200,0.019925
-3580800,0.018884
-3582400,0.017905
-3584000,0.016968
-3585600,0.016069
-3587200,0.015307
-3588800,0.014586
-3590400,0.014004
-3592000,0.013594
-3593600,0.013252
-3595200,0.013076
-3596800,0.013093
-3598400,0.013235
-3600000,0.013466
-3601600,0.013836
-3603200,0.014431
-3604800,0.015057
-3606400,0.015765
-3608000,0.01654
-3609600,0.017322
-3611200,0.018067
-3612800,0.018825
-3614400,0.019546
-3616000,0.020187
-3617600,0.020917
-3619200,0.021559
-3620800,0.02214
-3622400,0.022624
-3624000,0.023085
-3625600,0.023475
-3627200,0.023777
-3628800,0.024008
-3630400,0.024116
-3632000,0.02415
-3633600,0.024087
-3635200,0.023911
-3636800,0.023567
-3638400,0.023247
-3640000,0.022865
-3641600,0.022354
-3643200,0.021846
-3644800,0.021196
-3646400,0.020472
-3648000,0.019685
-3649600,0.018885
-3651200,0.017919
-3652800,0.017011
-3654400,0.016126
-3656000,0.015208
-3657600,0.01427
-3659200,0.013432
-3660800,0.012688
-3662400,0.01201
-3664000,0.011507
-3665600,0.011137
-3667200,0.010929
-3668800,0.010965
-3670400,0.011182
-3672000,0.011605
-3673600,0.012215
-3675200,0.013124
-3676800,0.014083
-3678400,0.015096
-3680000,0.016228
-3681600,0.017398
-3683200,0.018565
-3684800,0.019746
-3686400,0.020964
-3688000,0.02217
-3689600,0.023448
-3691200,0.02472
-3692800,0.02594
-3694400,0.027173
-3696000,0.028451
-3697600,0.029688
-3699200,0.030846
-3700800,0.032054
-3702400,0.033164
-3704000,0.034266
-3705600,0.035337
-3707200,0.036319
-3708800,0.037247
-3710400,0.038214
-3712000,0.039123
-3713600,0.039939
-3715200,0.04073
-3716800,0.041375
-3718400,0.041997
-3720000,0.042503
-3721600,0.042912
-3723200,0.043184
-3724800,0.043427
-3726400,0.043619
-3728000,0.04362
-3729600,0.043504
-3731200,0.043308
-3732800,0.043027
-3734400,0.042598
-3736000,0.042112
-3737600,0.041404
-3739200,0.040635
-3740800,0.039759
-3742400,0.038669
-3744000,0.037437
-3745600,0.036154
-3747200,0.034791
-3748800,0.033296
-3750400,0.031776
-3752000,0.030096
-3753600,0.028335
-3755200,0.02654
-3756800,0.024703
-3758400,0.022728
-3760000,0.020787
-3761600,0.01889
-3763200,0.016963
-3764800,0.015162
-3766400,0.013409
-3768000,0.011892
-3769600,0.010749
-3771200,0.010139
-3772800,0.010028
-3774400,0.010563
-3776000,0.011518
-3777600,0.012924
-3779200,0.014612
-3780800,0.0165
-3782400,0.01838
-3784000,0.020347
-3785600,0.022294
-3787200,0.024265
-3788800,0.026256
-3790400,0.028148
-3792000,0.029965
-3793600,0.031794
-3795200,0.033564
-3796800,0.035197
-3798400,0.036833
-3800000,0.038377
-3801600,0.039902
-3803200,0.041423
-3804800,0.04285
-3806400,0.044147
-3808000,0.045386
-3809600,0.046602
-3811200,0.047698
-3812800,0.048759
-3814400,0.049723
-3816000,0.050643
-3817600,0.051512
-3819200,0.052346
-3820800,0.052991
-3822400,0.05359
-3824000,0.054198
-3825600,0.054693
-3827200,0.055092
-3828800,0.055369
-3830400,0.055573
-3832000,0.055665
-3833600,0.055704
-3835200,0.055546
-3836800,0.055313
-3838400,0.05504
-3840000,0.054659
-3841600,0.054119
-3843200,0.053514
-3844800,0.052779
-3846400,0.051864
-3848000,0.050937
-3849600,0.049812
-3851200,0.048535
-3852800,0.04718
-3854400,0.045739
-3856000,0.044158
-3857600,0.042501
-3859200,0.040735
-3860800,0.038856
-3862400,0.036975
-3864000,0.034986
-3865600,0.032916
-3867200,0.030778
-3868800,0.028727
-3870400,0.026563
-3872000,0.024443
-3873600,0.022382
-3875200,0.020368
-3876800,0.018535
-3878400,0.017019
-3880000,0.015693
-3881600,0.014772
-3883200,0.014339
-3884800,0.014318
-3886400,0.014842
-3888000,0.015767
-3889600,0.016957
-3891200,0.01842
-3892800,0.020087
-3894400,0.021792
-3896000,0.023588
-3897600,0.025376
-3899200,0.027098
-3900800,0.02883
-3902400,0.030547
-3904000,0.032133
-3905600,0.033653
-3907200,0.035168
-3908800,0.036534
-3910400,0.037911
-3912000,0.039157
-3913600,0.04026
-3915200,0.041268
-3916800,0.042252
-3918400,0.043092
-3920000,0.043831
-3921600,0.044523
-3923200,0.045121
-3924800,0.045647
-3926400,0.046056
-3928000,0.04638
-3929600,0.046572
-3931200,0.0468
-3932800,0.046906
-3934400,0.046903
-3936000,0.046865
-3937600,0.046708
-3939200,0.046424
-3940800,0.04613
-3942400,0.045729
-3944000,0.04518
-3945600,0.044671
-3947200,0.044052
-3948800,0.043348
-3950400,0.04253
-3952000,0.041614
-3953600,0.040614
-3955200,0.039586
-3956800,0.038477
-3958400,0.037194
-3960000,0.035894
-3961600,0.034528
-3963200,0.033038
-3964800,0.031405
-3966400,0.029792
-3968000,0.028037
-3969600,0.026268
-3971200,0.024477
-3972800,0.022514
-3974400,0.020504
-3976000,0.018503
-3977600,0.016426
-3979200,0.014279
-3980800,0.012162
-3982400,0.009999
-3984000,0.007888
-3985600,0.005806
-3987200,0.003736
-3988800,0.001946
-3990400,0.001699
-3992000,0.003255
-3993600,0.005204
-3995200,0.007146
-3996800,0.009095
-3998400,0.010984
-4000000,0.012821
-4001600,0.014556
-4003200,0.016306
-4004800,0.017908
-4006400,0.019343
-4008000,0.020736
-4009600,0.022023
-4011200,0.023201
-4012800,0.024233
-4014400,0.025182
-4016000,0.025998
-4017600,0.026755
-4019200,0.027404
-4020800,0.027853
-4022400,0.028226
-4024000,0.028525
-4025600,0.028712
-4027200,0.028728
-4028800,0.028725
-4030400,0.028555
-4032000,0.028341
-4033600,0.028052
-4035200,0.027622
-4036800,0.027077
-4038400,0.02655
-4040000,0.025948
-4041600,0.025216
-4043200,0.024444
-4044800,0.023575
-4046400,0.022665
-4048000,0.021716
-4049600,0.020688
-4051200,0.019558
-4052800,0.018487
-4054400,0.017418
-4056000,0.016198
-4057600,0.014982
-4059200,0.013736
-4060800,0.012484
-4062400,0.011242
-4064000,0.010045
-4065600,0.008796
-4067200,0.00769
-4068800,0.006769
-4070400,0.00599
-4072000,0.005576
-4073600,0.005651
-4075200,0.006282
-4076800,0.007193
-4078400,0.008304
-4080000,0.009701
-4081600,0.011217
-4083200,0.012729
-4084800,0.014337
-4086400,0.015986
-4088000,0.017601
-4089600,0.019242
-4091200,0.020859
-4092800,0.022378
-4094400,0.023998
-4096000,0.02555
-4097600,0.027029
-4099200,0.028394
-4100800,0.029759
-4102400,0.031004
-4104000,0.032191
-4105600,0.033291
-4107200,0.034289
-4108800,0.035174
-4110400,0.036035
-4112000,0.036754
-4113600,0.037244
-4115200,0.03771
-4116800,0.038074
-4118400,0.038271
-4120000,0.038387
-4121600,0.038319
-4123200,0.038134
-4124800,0.037861
-4126400,0.037469
-4128000,0.036851
-4129600,0.036213
-4131200,0.035465
-4132800,0.034639
-4134400,0.033656
-4136000,0.032655
-4137600,0.031501
-4139200,0.030308
-4140800,0.029109
-4142400,0.027783
-4144000,0.026386
-4145600,0.025055
-4147200,0.023688
-4148800,0.022289
-4150400,0.020961
-4152000,0.019599
-4153600,0.018305
-4155200,0.017189
-4156800,0.016128
-4158400,0.015202
-4160000,0.014521
-4161600,0.014076
-4163200,0.013834
-4164800,0.013894
-4166400,0.014113
-4168000,0.014563
-4169600,0.015259
-4171200,0.016114
-4172800,0.017084
-4174400,0.018205
-4176000,0.019316
-4177600,0.020541
-4179200,0.021857
-4180800,0.023138
-4182400,0.024473
-4184000,0.025841
-4185600,0.027208
-4187200,0.028593
-4188800,0.030038
-4190400,0.031395
-4192000,0.032776
-4193600,0.034145
-4195200,0.035517
-4196800,0.036786
-4198400,0.0381
-4200000,0.039345
-4201600,0.040547
-4203200,0.041785
-4204800,0.042921
-4206400,0.043912
-4208000,0.044905
-4209600,0.045847
-4211200,0.04665
-4212800,0.047409
-4214400,0.048061
-4216000,0.04861
-4217600,0.049112
-4219200,0.049448
-4220800,0.049646
-4222400,0.04976
-4224000,0.049845
-4225600,0.049729
-4227200,0.049554
-4228800,0.049236
-4230400,0.048769
-4232000,0.048142
-4233600,0.047488
-4235200,0.046609
-4236800,0.045641
-4238400,0.044626
-4240000,0.043487
-4241600,0.042248
-4243200,0.040939
-4244800,0.039509
-4246400,0.038036
-4248000,0.036607
-4249600,0.035083
-4251200,0.03347
-4252800,0.03196
-4254400,0.030424
-4256000,0.028873
-4257600,0.027393
-4259200,0.025987
-4260800,0.024597
-4262400,0.023466
-4264000,0.022414
-4265600,0.021482
-4267200,0.020784
-4268800,0.020306
-4270400,0.019989
-4272000,0.019945
-4273600,0.02002
-4275200,0.020245
-4276800,0.020692
-4278400,0.021269
-4280000,0.021948
-4281600,0.022697
-4283200,0.023479
-4284800,0.024236
-4286400,0.025121
-4288000,0.02597
-4289600,0.026771
-4291200,0.027614
-4292800,0.028484
-4294400,0.029275
-4296000,0.030094
-4297600,0.030807
-4299200,0.031444
-4300800,0.03216
-4302400,0.032846
-4304000,0.033424
-4305600,0.03399
-4307200,0.034569
-4308800,0.035083
-4310400,0.035581
-4312000,0.036034
-4313600,0.036395
-4315200,0.036786
-4316800,0.037167
-4318400,0.03744
-4320000,0.03762
-4321600,0.037839
-4323200,0.037909
-4324800,0.037999
-4326400,0.03801
-4328000,0.037911
-4329600,0.037749
-4331200,0.03764
-4332800,0.037389
-4334400,0.037046
-4336000,0.036642
-4337600,0.036143
-4339200,0.035565
-4340800,0.034932
-4342400,0.034142
-4344000,0.033245
-4345600,0.032388
-4347200,0.03143
-4348800,0.030282
-4350400,0.029147
-4352000,0.027933
-4353600,0.026654
-4355200,0.025365
-4356800,0.024034
-4358400,0.02256
-4360000,0.02118
-4361600,0.019734
-4363200,0.018201
-4364800,0.01665
-4366400,0.015157
-4368000,0.013648
-4369600,0.012192
-4371200,0.010758
-4372800,0.009288
-4374400,0.007875
-4376000,0.006613
-4377600,0.005388
-4379200,0.004304
-4380800,0.003549
-4382400,0.003134
-4384000,0.003261
-4385600,0.003761
-4387200,0.004416
-4388800,0.00519
-4390400,0.00595
-4392000,0.006648
-4393600,0.007385
-4395200,0.008033
-4396800,0.008561
-4398400,0.009089
-4400000,0.009599
-4401600,0.009995
-4403200,0.010323
-4404800,0.010579
-4406400,0.010723
-4408000,0.010865
-4409600,0.011012
-4411200,0.010997
-4412800,0.010991
-4414400,0.010978
-4416000,0.010884
-4417600,0.010732
-4419200,0.010614
-4420800,0.010383
-4422400,0.010221
-4424000,0.010067
-4425600,0.009845
-4427200,0.00955
-4428800,0.009311
-4430400,0.009049
-4432000,0.008767
-4433600,0.008529
-4435200,0.008305
-4436800,0.008102
-4438400,0.007986
-4440000,0.007861
-4441600,0.007707
-4443200,0.007662
-4444800,0.00773
-4446400,0.007786
-4448000,0.00794
-4449600,0.00817
-4451200,0.008474
-4452800,0.008821
-4454400,0.00927
-4456000,0.009789
-4457600,0.010359
-4459200,0.011041
-4460800,0.011768
-4462400,0.012447
-4464000,0.013129
-4465600,0.013908
-4467200,0.014631
-4468800,0.015354
-4470400,0.016133
-4472000,0.016865
-4473600,0.017594
-4475200,0.018321
-4476800,0.018939
-4478400,0.019528
-4480000,0.020148
-4481600,0.020701
-4483200,0.021165
-4484800,0.021609
-4486400,0.021955
-4488000,0.022236
-4489600,0.022437
-4491200,0.022606
-4492800,0.022647
-4494400,0.022683
-4496000,0.022688
-4497600,0.022564
-4499200,0.022353
-4500800,0.022109
-4502400,0.021784
-4504000,0.021463
-4505600,0.021125
-4507200,0.02069
-4508800,0.020291
-4510400,0.01991
-4512000,0.019485
-4513600,0.019054
-4515200,0.018672
-4516800,0.018323
-4518400,0.01804
-4520000,0.017841
-4521600,0.017644
-4523200,0.017498
-4524800,0.017489
-4526400,0.017539
-4528000,0.017634
-4529600,0.017844
-4531200,0.018076
-4532800,0.018386
-4534400,0.018829
-4536000,0.019246
-4537600,0.019697
-4539200,0.020187
-4540800,0.020681
-4542400,0.021181
-4544000,0.021706
-4545600,0.022161
-4547200,0.02263
-4548800,0.02315
-4550400,0.023672
-4552000,0.024072
-4553600,0.024514
-4555200,0.024941
-4556800,0.025373
-4558400,0.025862
-4560000,0.026338
-4561600,0.026749
-4563200,0.027281
-4564800,0.027793
-4566400,0.028253
-4568000,0.028741
-4569600,0.029266
-4571200,0.029777
-4572800,0.030374
-4574400,0.030955
-4576000,0.031487
-4577600,0.032018
-4579200,0.032635
-4580800,0.033184
-4582400,0.033731
-4584000,0.034278
-4585600,0.034782
-4587200,0.035266
-4588800,0.035787
-4590400,0.036143
-4592000,0.036454
-4593600,0.036777
-4595200,0.037039
-4596800,0.037201
-4598400,0.037306
-4600000,0.037328
-4601600,0.037321
-4603200,0.037281
-4604800,0.037119
-4606400,0.036836
-4608000,0.036566
-4609600,0.036249
-4611200,0.035845
-4612800,0.035414
-4614400,0.034957
-4616000,0.03443
-4617600,0.033978
-4619200,0.033459
-4620800,0.032883
-4622400,0.032369
-4624000,0.031921
-4625600,0.031498
-4627200,0.031164
-4628800,0.030839
-4630400,0.030543
-4632000,0.030363
-4633600,0.030294
-4635200,0.030239
-4636800,0.030271
-4638400,0.03045
-4640000,0.030665
-4641600,0.030959
-4643200,0.031291
-4644800,0.031572
-4646400,0.031942
-4648000,0.032419
-4649600,0.032817
-4651200,0.033225
-4652800,0.033629
-4654400,0.033987
-4656000,0.034352
-4657600,0.034682
-4659200,0.034886
-4660800,0.035104
-4662400,0.035316
-4664000,0.035462
-4665600,0.035511
-4667200,0.03556
-4668800,0.035508
-4670400,0.035435
-4672000,0.035364
-4673600,0.035194
-4675200,0.034939
-4676800,0.034762
-4678400,0.034524
-4680000,0.034261
-4681600,0.034013
-4683200,0.033703
-4684800,0.033377
-4686400,0.033142
-4688000,0.03286
-4689600,0.032529
-4691200,0.032269
-4692800,0.032069
-4694400,0.031801
-4696000,0.031562
-4697600,0.031291
-4699200,0.030994
-4700800,0.030764
-4702400,0.030571
-4704000,0.030256
-4705600,0.030015
-4707200,0.029769
-4708800,0.029452
-4710400,0.029132
-4712000,0.02881
-4713600,0.028391
-4715200,0.028033
-4716800,0.02766
-4718400,0.027218
-4720000,0.02672
-4721600,0.026231
-4723200,0.025669
-4724800,0.025128
-4726400,0.024607
-4728000,0.024019
-4729600,0.023425
-4731200,0.022971
-4732800,0.022449
-4734400,0.021959
-4736000,0.021561
-4737600,0.021174
-4739200,0.020862
-4740800,0.020701
-4742400,0.020522
-4744000,0.020427
-4745600,0.020478
-4747200,0.020568
-4748800,0.020695
-4750400,0.020892
-4752000,0.021103
-4753600,0.021329
-4755200,0.021663
-4756800,0.021981
-4758400,0.022263
-4760000,0.022582
-4761600,0.022857
-4763200,0.02306
-4764800,0.023287
-4766400,0.023417
-4768000,0.023468
-4769600,0.02355
-4771200,0.023546
-4772800,0.023424
-4774400,0.023228
-4776000,0.022949
-4777600,0.022593
-4779200,0.022211
-4780800,0.021754
-4782400,0.021175
-4784000,0.020588
-4785600,0.019958
-4787200,0.019199
-4788800,0.018374
-4790400,0.017564
-4792000,0.01665
-4793600,0.015765
-4795200,0.01487
-4796800,0.013857
-4798400,0.012846
-4800000,0.011885
-4801600,0.010861
-4803200,0.009834
-4804800,0.008835
-4806400,0.007832
-4808000,0.006859
-4809600,0.005929
-4811200,0.004961
-4812800,0.003999
-4814400,0.003127
-4816000,0.002315
-4817600,0.001483
-4819200,0.000844
-4820800,0.000599
-4822400,0.001101
-4824000,0.00174
-4825600,0.002367
-4827200,0.003073
-4828800,0.003701
-4830400,0.004285
-4832000,0.004906
-4833600,0.005524
-4835200,0.006121
-4836800,0.006711
-4838400,0.007276
-4840000,0.007829
-4841600,0.008429
-4843200,0.009024
-4844800,0.009496
-4846400,0.009984
-4848000,0.01047
-4849600,0.010922
-4851200,0.011364
-4852800,0.011799
-4854400,0.012115
-4856000,0.012492
-4857600,0.012806
-4859200,0.012994
-4860800,0.013102
-4862400,0.013235
-4864000,0.013262
-4865600,0.013249
-4867200,0.013161
-4868800,0.01294
-4870400,0.012634
-4872000,0.012348
-4873600,0.011938
-4875200,0.011409
-4876800,0.010901
-4878400,0.010327
-4880000,0.009663
-4881600,0.008994
-4883200,0.008196
-4884800,0.007398
-4886400,0.006722
-4888000,0.006155
-4889600,0.005713
-4891200,0.005579
-4892800,0.005728
-4894400,0.006264
-4896000,0.007115
-4897600,0.008158
-4899200,0.00931
-4900800,0.010583
-4902400,0.011911
-4904000,0.013355
-4905600,0.014859
-4907200,0.016297
-4908800,0.017754
-4910400,0.019256
-4912000,0.020686
-4913600,0.022037
-4915200,0.023383
-4916800,0.024659
-4918400,0.025955
-4920000,0.027226
-4921600,0.0284
-4923200,0.029462
-4924800,0.030511
-4926400,0.031501
-4928000,0.032382
-4929600,0.033211
-4931200,0.03397
-4932800,0.034635
-4934400,0.035289
-4936000,0.035855
-4937600,0.03625
-4939200,0.036647
-4940800,0.037053
-4942400,0.03736
-4944000,0.037636
-4945600,0.037829
-4947200,0.037984
-4948800,0.038122
-4950400,0.03823
-4952000,0.038198
-4953600,0.038175
-4955200,0.038158
-4956800,0.038101
-4958400,0.037952
-4960000,0.037838
-4961600,0.037635
-4963200,0.037403
-4964800,0.037208
-4966400,0.03689
-4968000,0.036495
-4969600,0.036141
-4971200,0.035708
-4972800,0.035219
-4974400,0.03472
-4976000,0.034111
-4977600,0.033453
-4979200,0.032855
-4980800,0.032173
-4982400,0.03144
-4984000,0.03073
-4985600,0.030085
-4987200,0.029365
-4988800,0.028708
-4990400,0.028026
-4992000,0.027361
-4993600,0.026819
-4995200,0.026429
-4996800,0.026038
-4998400,0.025858
-5000000,0.025824
-5001600,0.025923
-5003200,0.026255
-5004800,0.02676
-5006400,0.027389
-5008000,0.028256
-5009600,0.029306
-5011200,0.030446
-5012800,0.031732
-5014400,0.033105
-5016000,0.034487
-5017600,0.035959
-5019200,0.03749
-5020800,0.038933
-5022400,0.040378
-5024000,0.041874
-5025600,0.04326
-5027200,0.04468
-5028800,0.046027
-5030400,0.047244
-5032000,0.048428
-5033600,0.049594
-5035200,0.050588
-5036800,0.051481
-5038400,0.052318
-5040000,0.053022
-5041600,0.053598
-5043200,0.054038
-5044800,0.054357
-5046400,0.054531
-5048000,0.0547
-5049600,0.054748
-5051200,0.054668
-5052800,0.054552
-5054400,0.054311
-5056000,0.05395
-5057600,0.053569
-5059200,0.05308
-5060800,0.052468
-5062400,0.051893
-5064000,0.051242
-5065600,0.050516
-5067200,0.049729
-5068800,0.048883
-5070400,0.047999
-5072000,0.047141
-5073600,0.046241
-5075200,0.045231
-5076800,0.044262
-5078400,0.043271
-5080000,0.042199
-5081600,0.041085
-5083200,0.040016
-5084800,0.03887
-5086400,0.037814
-5088000,0.036766
-5089600,0.035643
-5091200,0.034562
-5092800,0.033552
-5094400,0.032496
-5096000,0.031472
-5097600,0.030495
-5099200,0.029495
-5100800,0.028573
-5102400,0.027786
-5104000,0.027019
-5105600,0.026343
-5107200,0.025843
-5108800,0.025468
-5110400,0.025255
-5112000,0.025311
-5113600,0.025428
-5115200,0.025806
-5116800,0.026431
-5118400,0.027189
-5120000,0.028037
-5121600,0.02906
-5123200,0.030084
-5124800,0.031265
-5126400,0.032543
-5128000,0.033801
-5129600,0.035026
-5131200,0.036324
-5132800,0.037606
-5134400,0.038799
-5136000,0.039994
-5137600,0.041112
-5139200,0.04217
-5140800,0.043227
-5142400,0.044172
-5144000,0.044923
-5145600,0.045642
-5147200,0.046244
-5148800,0.046678
-5150400,0.047049
-5152000,0.047232
-5153600,0.047289
-5155200,0.047268
-5156800,0.047182
-5158400,0.046865
-5160000,0.046454
-5161600,0.045971
-5163200,0.045393
-5164800,0.044683
-5166400,0.043846
-5168000,0.042905
-5169600,0.041929
-5171200,0.040919
-5172800,0.039719
-5174400,0.038459
-5176000,0.0372
-5177600,0.035871
-5179200,0.034487
-5180800,0.033067
-5182400,0.031591
-5184000,0.030084
-5185600,0.028601
-5187200,0.027029
-5188800,0.025422
-5190400,0.023822
-5192000,0.022298
-5193600,0.020755
-5195200,0.019244
-5196800,0.01773
-5198400,0.016192
-5200000,0.014752
-5201600,0.013327
-5203200,0.01185
-5204800,0.010431
-5206400,0.009123
-5208000,0.0078
-5209600,0.006586
-5211200,0.005428
-5212800,0.004454
-5214400,0.003872
-5216000,0.003821
-5217600,0.004201
-5219200,0.005024
-5220800,0.005947
-5222400,0.007003
-5224000,0.008201
-5225600,0.009412
-5227200,0.010556
-5228800,0.011714
-5230400,0.0128
-5232000,0.01385
-5233600,0.014965
-5235200,0.015933
-5236800,0.016824
-5238400,0.017711
-5240000,0.018528
-5241600,0.01922
-5243200,0.019865
-5244800,0.020441
-5246400,0.020947
-5248000,0.021456
-5249600,0.021843
-5251200,0.022095
-5252800,0.022229
-5254400,0.022353
-5256000,0.022302
-5257600,0.022184
-5259200,0.021991
-5260800,0.021708
-5262400,0.021388
-5264000,0.020987
-5265600,0.020454
-5267200,0.019864
-5268800,0.019312
-5270400,0.018686
-5272000,0.018005
-5273600,0.017327
-5275200,0.016649
-5276800,0.015978
-5278400,0.015319
-5280000,0.014793
-5281600,0.01429
-5283200,0.013971
-5284800,0.013827
-5286400,0.013745
-5288000,0.013742
-5289600,0.013993
-5291200,0.014341
-5292800,0.014756
-5294400,0.015354
-5296000,0.016048
-5297600,0.016784
-5299200,0.017604
-5300800,0.0184
-5302400,0.019223
-5304000,0.020044
-5305600,0.020929
-5307200,0.021721
-5308800,0.022486
-5310400,0.023261
-5312000,0.024007
-5313600,0.024653
-5315200,0.025315
-5316800,0.025943
-5318400,0.026486
-5320000,0.027083
-5321600,0.027576
-5323200,0.02796
-5324800,0.028319
-5326400,0.028647
-5328000,0.028899
-5329600,0.029096
-5331200,0.029284
-5332800,0.029378
-5334400,0.029464
-5336000,0.029455
-5337600,0.02936
-5339200,0.029162
-5340800,0.029016
-5342400,0.028734
-5344000,0.028371
-5345600,0.027974
-5347200,0.027441
-5348800,0.026825
-5350400,0.0262
-5352000,0.025441
-5353600,0.024586
-5355200,0.023762
-5356800,0.022821
-5358400,0.021792
-5360000,0.020686
-5361600,0.019452
-5363200,0.018164
-5364800,0.016868
-5366400,0.015511
-5368000,0.014028
-5369600,0.012639
-5371200,0.011259
-5372800,0.009945
-5374400,0.008828
-5376000,0.008045
-5377600,0.007603
-5379200,0.007848
-5380800,0.008582
-5382400,0.009766
-5384000,0.011281
-5385600,0.012986
-5387200,0.014831
-5388800,0.016809
-5390400,0.018774
-5392000,0.020705
-5393600,0.022701
-5395200,0.024682
-5396800,0.02665
-5398400,0.028595
-5400000,0.030481
-5401600,0.032224
-5403200,0.034012
-5404800,0.035712
-5406400,0.037251
-5408000,0.038775
-5409600,0.040181
-5411200,0.041473
-5412800,0.042696
-5414400,0.043765
-5416000,0.044627
-5417600,0.045491
-5419200,0.046276
-5420800,0.046899
-5422400,0.047375
-5424000,0.047779
-5425600,0.048092
-5427200,0.048245
-5428800,0.048329
-5430400,0.048225
-5432000,0.048079
-5433600,0.047894
-5435200,0.047583
-5436800,0.04712
-5438400,0.046672
-5440000,0.046105
-5441600,0.045474
-5443200,0.044821
-5444800,0.043999
-5446400,0.043124
-5448000,0.042252
-5449600,0.041303
-5451200,0.04022
-5452800,0.039115
-5454400,0.037956
-5456000,0.036774
-5457600,0.03558
-5459200,0.034278
-5460800,0.032956
-5462400,0.031684
-5464000,0.030421
-5465600,0.028995
-5467200,0.027608
-5468800,0.026175
-5470400,0.02473
-5472000,0.023315
-5473600,0.021927
-5475200,0.020474
-5476800,0.019172
-5478400,0.01797
-5480000,0.016827
-5481600,0.015863
-5483200,0.015158
-5484800,0.014685
-5486400,0.014593
-5488000,0.01488
-5489600,0.015372
-5491200,0.016196
-5492800,0.017289
-5494400,0.018547
-5496000,0.020025
-5497600,0.021589
-5499200,0.023129
-5500800,0.024815
-5502400,0.026558
-5504000,0.028239
-5505600,0.029963
-5507200,0.031603
-5508800,0.033206
-5510400,0.03479
-5512000,0.036326
-5513600,0.037676
-5515200,0.038993
-5516800,0.040284
-5518400,0.041437
-5520000,0.042426
-5521600,0.043298
-5523200,0.044057
-5524800,0.044701
-5526400,0.045317
-5528000,0.04569
-5529600,0.045971
-5531200,0.04618
-5532800,0.046222
-5534400,0.046071
-5536000,0.04584
-5537600,0.045471
-5539200,0.044982
-5540800,0.044474
-5542400,0.043796
-5544000,0.042988
-5545600,0.042103
-5547200,0.041179
-5548800,0.040123
-5550400,0.039006
-5552000,0.037823
-5553600,0.03657
-5555200,0.035283
-5556800,0.033878
-5558400,0.032379
-5560000,0.03085
-5561600,0.029383
-5563200,0.027829
-5564800,0.026279
-5566400,0.02473
-5568000,0.023162
-5569600,0.021571
-5571200,0.019988
-5572800,0.018386
-5574400,0.016747
-5576000,0.015197
-5577600,0.013636
-5579200,0.012039
-5580800,0.010465
-5582400,0.008914
-5584000,0.007369
-5585600,0.005904
-5587200,0.004508
-5588800,0.003137
-5590400,0.002094
-5592000,0.001815
-5593600,0.002492
-5595200,0.003688
-5596800,0.00499
-5598400,0.006383
-5600000,0.007697
-5601600,0.008976
-5603200,0.01029
-5604800,0.011549
-5606400,0.012699
-5608000,0.013853
-5609600,0.01501
-5611200,0.016032
-5612800,0.017054
-5614400,0.01801
-5616000,0.018858
-5617600,0.019724
-5619200,0.020513
-5620800,0.021181
-5622400,0.021782
-5624000,0.022387
-5625600,0.022824
-5627200,0.023224
-5628800,0.023547
-5630400,0.023812
-5632000,0.023988
-5633600,0.024169
-5635200,0.024259
-5636800,0.024205
-5638400,0.024185
-5640000,0.024093
-5641600,0.023927
-5643200,0.0237
-5644800,0.023483
-5646400,0.023234
-5648000,0.022994
-5649600,0.022758
-5651200,0.022474
-5652800,0.022268
-5654400,0.022123
-5656000,0.022007
-5657600,0.021862
-5659200,0.021841
-5660800,0.021889
-5662400,0.021925
-5664000,0.022093
-5665600,0.022307
-5667200,0.022594
-5668800,0.022953
-5670400,0.023429
-5672000,0.023802
-5673600,0.024265
-5675200,0.024839
-5676800,0.025349
-5678400,0.025823
-5680000,0.026359
-5681600,0.026903
-5683200,0.027383
-5684800,0.027868
-5686400,0.028326
-5688000,0.028743
-5689600,0.029223
-5691200,0.029622
-5692800,0.029951
-5694400,0.030198
-5696000,0.030516
-5697600,0.030684
-5699200,0.030827
-5700800,0.030934
-5702400,0.03098
-5704000,0.030978
-5705600,0.030993
-5707200,0.03086
-5708800,0.030627
-5710400,0.030442
-5712000,0.030171
-5713600,0.029784
-5715200,0.029349
-5716800,0.028845
-5718400,0.028274
-5720000,0.027653
-5721600,0.026937
-5723200,0.026053
-5724800,0.025228
-5726400,0.0243
-5728000,0.023259
-5729600,0.022088
-5731200,0.020924
-5732800,0.019582
-5734400,0.018243
-5736000,0.016793
-5737600,0.015189
-5739200,0.013567
-5740800,0.011955
-5742400,0.010227
-5744000,0.008417
-5745600,0.006617
-5747200,0.004792
-5748800,0.003252
-5750400,0.002611
-5752000,0.003537
-5753600,0.005327
-5755200,0.007396
-5756800,0.00954
-5758400,0.011881
-5760000,0.014149
-5761600,0.016441
-5763200,0.018733
-5764800,0.021034
-5766400,0.023304
-5768000,0.025616
-5769600,0.02783
-5771200,0.02999
-5772800,0.032208
-5774400,0.034335
-5776000,0.03632
-5777600,0.038227
-5779200,0.040098
-5780800,0.041845
-5782400,0.043513
-5784000,0.04511
-5785600,0.046521
-5787200,0.047923
-5788800,0.049192
-5790400,0.05029
-5792000,0.051221
-5793600,0.05215
-5795200,0.052855
-5796800,0.053498
-5798400,0.054018
-5800000,0.054341
-5801600,0.054534
-5803200,0.05469
-5804800,0.054709
-5806400,0.054535
-5808000,0.054342
-5809600,0.054057
-5811200,0.053639
-5812800,0.053124
-5814400,0.052467
-5816000,0.05169
-5817600,0.050921
-5819200,0.050089
-5820800,0.049043
-5822400,0.048059
-5824000,0.046965
-5825600,0.045788
-5827200,0.044513
-5828800,0.043224
-5830400,0.041788
-5832000,0.040394
-5833600,0.038943
-5835200,0.037376
-5836800,0.035741
-5838400,0.034097
-5840000,0.032407
-5841600,0.030682
-5843200,0.028993
-5844800,0.027217
-5846400,0.025495
-5848000,0.023864
-5849600,0.022184
-5851200,0.020549
-5852800,0.019082
-5854400,0.017711
-5856000,0.016577
-5857600,0.015795
-5859200,0.015265
-5860800,0.015213
-5862400,0.015635
-5864000,0.016453
-5865600,0.017644
-5867200,0.019155
-5868800,0.020813
-5870400,0.022707
-5872000,0.024772
-5873600,0.026898
-5875200,0.029098
-5876800,0.031357
-5878400,0.033552
-5880000,0.035747
-5881600,0.037966
-5883200,0.039995
-5884800,0.042051
-5886400,0.044017
-5888000,0.0459
-5889600,0.047658
-5891200,0.049391
-5892800,0.050901
-5894400,0.052347
-5896000,0.053737
-5897600,0.05496
-5899200,0.05598
-5900800,0.056919
-5902400,0.057733
-5904000,0.058292
-5905600,0.058745
-5907200,0.059
-5908800,0.059085
-5910400,0.059123
-5912000,0.058974
-5913600,0.05864
-5915200,0.058241
-5916800,0.057741
-5918400,0.056994
-5920000,0.056218
-5921600,0.055256
-5923200,0.054187
-5924800,0.052987
-5926400,0.05178
-5928000,0.050388
-5929600,0.048919
-5931200,0.047425
-5932800,0.045829
-5934400,0.04416
-5936000,0.042448
-5937600,0.040654
-5939200,0.038799
-5940800,0.036966
-5942400,0.034982
-5944000,0.032921
-5945600,0.030916
-5947200,0.02885
-5948800,0.026795
-5950400,0.024744
-5952000,0.022729
-5953600,0.020666
-5955200,0.018697
-5956800,0.016669
-5958400,0.014635
-5960000,0.012617
-5961600,0.010756
-5963200,0.008941
-5964800,0.007413
-5966400,0.006252
-5968000,0.00571
-5969600,0.006087
-5971200,0.007143
-5972800,0.008682
-5974400,0.010456
-5976000,0.012263
-5977600,0.014165
-5979200,0.016202
-5980800,0.018187
-5982400,0.020224
-5984000,0.022174
-5985600,0.024096
-5987200,0.025926
-5988800,0.027801
-5990400,0.029475
-5992000,0.031068
-5993600,0.032661
-5995200,0.03417
-5996800,0.035513
-5998400,0.036789
-6000000,0.037927
-6001600,0.038955
-6003200,0.040015
-6004800,0.040847
-6006400,0.041508
-6008000,0.042132
-6009600,0.042585
-6011200,0.042839
-6012800,0.042938
-6014400,0.042949
-6016000,0.04276
-6017600,0.04256
-6019200,0.042206
-6020800,0.041696
-6022400,0.040997
-6024000,0.040316
-6025600,0.039445
-6027200,0.038447
-6028800,0.037385
-6030400,0.036179
-6032000,0.034921
-6033600,0.033597
-6035200,0.032142
-6036800,0.0306
-6038400,0.029132
-6040000,0.027646
-6041600,0.026072
-6043200,0.024537
-6044800,0.023006
-6046400,0.02148
-6048000,0.019904
-6049600,0.018466
-6051200,0.017045
-6052800,0.015821
-6054400,0.014841
-6056000,0.013992
-6057600,0.013361
-6059200,0.013091
-6060800,0.013099
-6062400,0.013255
-6064000,0.01369
-6065600,0.014363
-6067200,0.015171
-6068800,0.016082
-6070400,0.017065
-6072000,0.018176
-6073600,0.019335
-6075200,0.020584
-6076800,0.021812
-6078400,0.022984
-6080000,0.02421
-6081600,0.025368
-6083200,0.026413
-6084800,0.027398
-6086400,0.028443
-6088000,0.029348
-6089600,0.030282
-6091200,0.031142
-6092800,0.031906
-6094400,0.03259
-6096000,0.033273
-6097600,0.033791
-6099200,0.034173
-6100800,0.034557
-6102400,0.034786
-6104000,0.034882
-6105600,0.03487
-6107200,0.034755
-6108800,0.034524
-6110400,0.034279
-6112000,0.033924
-6113600,0.033365
-6115200,0.03281
-6116800,0.032071
-6118400,0.031172
-6120000,0.030104
-6121600,0.028969
-6123200,0.027642
-6124800,0.026304
-6126400,0.024859
-6128000,0.023257
-6129600,0.021568
-6131200,0.019857
-6132800,0.018073
-6134400,0.01615
-6136000,0.014211
-6137600,0.01222
-6139200,0.010185
-6140800,0.008222
-6142400,0.006358
-6144000,0.004945
-6145600,0.004486
-6147200,0.005308
-6148800,0.006853
-6150400,0.008726
-6152000,0.01086
-6153600,0.013007
-6155200,0.015206
-6156800,0.017409
-6158400,0.019685
-6160000,0.021898
-6161600,0.024028
-6163200,0.026176
-6164800,0.028275
-6166400,0.030287
-6168000,0.032223
-6169600,0.034078
-6171200,0.035763
-6172800,0.037438
-6174400,0.039013
-6176000,0.040412
-6177600,0.04183
-6179200,0.043129
-6180800,0.044357
-6182400,0.045505
-6184000,0.046595
-6185600,0.047469
-6187200,0.048329
-6188800,0.049114
-6190400,0.049774
-6192000,0.050272
-6193600,0.050749
-6195200,0.051133
-6196800,0.051381
-6198400,0.051603
-6200000,0.051638
-6201600,0.051604
-6203200,0.051561
-6204800,0.051364
-6206400,0.051001
-6208000,0.05063
-6209600,0.050129
-6211200,0.049466
-6212800,0.048782
-6214400,0.047914
-6216000,0.046976
-6217600,0.045962
-6219200,0.044921
-6220800,0.043688
-6222400,0.042388
-6224000,0.040984
-6225600,0.039474
-6227200,0.03784
-6228800,0.036109
-6230400,0.034247
-6232000,0.032321
-6233600,0.030398
-6235200,0.028281
-6236800,0.026129
-6238400,0.023968
-6240000,0.021785
-6241600,0.019644
-6243200,0.017588
-6244800,0.015575
-6246400,0.013787
-6248000,0.012355
-6249600,0.011336
-6251200,0.01098
-6252800,0.011355
-6254400,0.012326
-6256000,0.013857
-6257600,0.015792
-6259200,0.017837
-6260800,0.020077
-6262400,0.022393
-6264000,0.024729
-6265600,0.027146
-6267200,0.029523
-6268800,0.03177
-6270400,0.034049
-6272000,0.036306
-6273600,0.038403
-6275200,0.040464
-6276800,0.042329
-6278400,0.044082
-6280000,0.045706
-6281600,0.0473
-6283200,0.048642
-6284800,0.049895
-6286400,0.051123
-6288000,0.052234
-6289600,0.053125
-6291200,0.053898
-6292800,0.054523
-6294400,0.055032
-6296000,0.055525
-6297600,0.055761
-6299200,0.055882
-6300800,0.055979
-6302400,0.055934
-6304000,0.055716
-6305600,0.055417
-6307200,0.055046
-6308800,0.054542
-6310400,0.054043
-6312000,0.053381
-6313600,0.05259
-6315200,0.05168
-6316800,0.050789
-6318400,0.04974
-6320000,0.048642
-6321600,0.047476
-6323200,0.046245
-6324800,0.044984
-6326400,0.043655
-6328000,0.042177
-6329600,0.040626
-6331200,0.039115
-6332800,0.037494
-6334400,0.035783
-6336000,0.034005
-6337600,0.032169
-6339200,0.030282
-6340800,0.028354
-6342400,0.026351
-6344000,0.024248
-6345600,0.022221
-6347200,0.02013
-6348800,0.018009
-6350400,0.015863
-6352000,0.013746
-6353600,0.011656
-6355200,0.009765
-6356800,0.008033
-6358400,0.006704
-6360000,0.006151
-6361600,0.006462
-6363200,0.007642
-6364800,0.009306
-6366400,0.01114
-6368000,0.013092
-6369600,0.015145
-6371200,0.017146
-6372800,0.019209
-6374400,0.021198
-6376000,0.023115
-6377600,0.024962
-6379200,0.026855
-6380800,0.02853
-6382400,0.030124
-6384000,0.031632
-6385600,0.033012
-6387200,0.034289
-6388800,0.035459
-6390400,0.036449
-6392000,0.037324
-6393600,0.038179
-6395200,0.038825
-6396800,0.039308
-6398400,0.039703
-6400000,0.039993
-6401600,0.040119
-6403200,0.040161
-6404800,0.040101
-6406400,0.039832
-6408000,0.039561
-6409600,0.039158
-6411200,0.038631
-6412800,0.037983
-6414400,0.037334
-6416000,0.036557
-6417600,0.035742
-6419200,0.034846
-6420800,0.033836
-6422400,0.032782
-6424000,0.031731
-6425600,0.03063
-6427200,0.029424
-6428800,0.028287
-6430400,0.027146
-6432000,0.025923
-6433600,0.024735
-6435200,0.02352
-6436800,0.0223
-6438400,0.021138
-6440000,0.020069
-6441600,0.018909
-6443200,0.017877
-6444800,0.016922
-6446400,0.016012
-6448000,0.015176
-6449600,0.014497
-6451200,0.01391
-6452800,0.013457
-6454400,0.013186
-6456000,0.012973
-6457600,0.012886
-6459200,0.013042
-6460800,0.013298
-6462400,0.013652
-6464000,0.0141
-6465600,0.014726
-6467200,0.015312
-6468800,0.015937
-6470400,0.016613
-6472000,0.017281
-6473600,0.017917
-6475200,0.018602
-6476800,0.019208
-6478400,0.019706
-6480000,0.02028
-6481600,0.020775
-6483200,0.021169
-6484800,0.021501
-6486400,0.021791
-6488000,0.021972
-6489600,0.022056
-6491200,0.022076
-6492800,0.021931
-6494400,0.021764
-6496000,0.021544
-6497600,0.021206
-6499200,0.02071
-6500800,0.020237
-6502400,0.01964
-6504000,0.018928
-6505600,0.018198
-6507200,0.017335
-6508800,0.016458
-6510400,0.015567
-6512000,0.014652
-6513600,0.01365
-6515200,0.012734
-6516800,0.011924
-6518400,0.011164
-6520000,0.010476
-6521600,0.010026
-6523200,0.009819
-6524800,0.00975
-6526400,0.009986
-6528000,0.010534
-6529600,0.011249
-6531200,0.012241
-6532800,0.013326
-6534400,0.014456
-6536000,0.015651
-6537600,0.016962
-6539200,0.018205
-6540800,0.019442
-6542400,0.02076
-6544000,0.022066
-6545600,0.023305
-6547200,0.024485
-6548800,0.025648
-6550400,0.026766
-6552000,0.027874
-6553600,0.028936
-6555200,0.029868
-6556800,0.030821
-6558400,0.031726
-6560000,0.032518
-6561600,0.033203
-6563200,0.03395
-6564800,0.034592
-6566400,0.035238
-6568000,0.035848
-6569600,0.036337
-6571200,0.03673
-6572800,0.037132
-6574400,0.037459
-6576000,0.037622
-6577600,0.037789
-6579200,0.037895
-6580800,0.037913
-6582400,0.037853
-6584000,0.03768
-6585600,0.037369
-6587200,0.037093
-6588800,0.036783
-6590400,0.036244
-6592000,0.035708
-6593600,0.035072
-6595200,0.034334
-6596800,0.033455
-6598400,0.032515
-6600000,0.031412
-6601600,0.030308
-6603200,0.029138
-6604800,0.027829
-6606400,0.026398
-6608000,0.024946
-6609600,0.023412
-6611200,0.021788
-6612800,0.020159
-6614400,0.018418
-6616000,0.016674
-6617600,0.015028
-6619200,0.013361
-6620800,0.011772
-6622400,0.010447
-6624000,0.009409
-6625600,0.008837
-6627200,0.008914
-6628800,0.009447
-6630400,0.010512
-6632000,0.011966
-6633600,0.013653
-6635200,0.015478
-6636800,0.017402
-6638400,0.019268
-6640000,0.021177
-6641600,0.023134
-6643200,0.025036
-6644800,0.026859
-6646400,0.028659
-6648000,0.030359
-6649600,0.032007
-6651200,0.033621
-6652800,0.035032
-6654400,0.036414
-6656000,0.037734
-6657600,0.038935
-6659200,0.039969
-6660800,0.040943
-6662400,0.041748
-6664000,0.042447
-6665600,0.043094
-6667200,0.043602
-6668800,0.043962
-6670400,0.044293
-6672000,0.044581
-6673600,0.044686
-6675200,0.044756
-6676800,0.044712
-6678400,0.044552
-6680000,0.044383
-6681600,0.04409
-6683200,0.043642
-6684800,0.043187
-6686400,0.042711
-6688000,0.042062
-6689600,0.041393
-6691200,0.040636
-6692800,0.039847
-6694400,0.038988
-6696000,0.038143
-6697600,0.037172
-6699200,0.036154
-6700800,0.035136
-6702400,0.034017
-6704000,0.032809
-6705600,0.031598
-6707200,0.030312
-6708800,0.028973
-6710400,0.027678
-6712000,0.026263
-6713600,0.024765
-6715200,0.023285
-6716800,0.021729
-6718400,0.020151
-6720000,0.018552
-6721600,0.016943
-6723200,0.015298
-6724800,0.013768
-6726400,0.012224
-6728000,0.01077
-6729600,0.009515
-6731200,0.008602
-6732800,0.008009
-6734400,0.00803
-6736000,0.008457
-6737600,0.009295
-6739200,0.010518
-6740800,0.011914
-6742400,0.013436
-6744000,0.015039
-6745600,0.016599
-6747200,0.018157
-6748800,0.019782
-6750400,0.02131
-6752000,0.022805
-6753600,0.024234
-6755200,0.025591
-6756800,0.026822
-6758400,0.02805
-6760000,0.029144
-6761600,0.030092
-6763200,0.031037
-6764800,0.031858
-6766400,0.032505
-6768000,0.033029
-6769600,0.03342
-6771200,0.033653
-6772800,0.03387
-6774400,0.033931
-6776000,0.033838
-6777600,0.033719
-6779200,0.033484
-6780800,0.03312
-6782400,0.032621
-6784000,0.032093
-6785600,0.031428
-6787200,0.030725
-6788800,0.029945
-6790400,0.029041
-6792000,0.028022
-6793600,0.027035
-6795200,0.025965
-6796800,0.024801
-6798400,0.023667
-6800000,0.022477
-6801600,0.021283
-6803200,0.020073
-6804800,0.018788
-6806400,0.017453
-6808000,0.016194
-6809600,0.014964
-6811200,0.013673
-6812800,0.012419
-6814400,0.01124
-6816000,0.010112
-6817600,0.008995
-6819200,0.008019
-6820800,0.007147
-6822400,0.006459
-6824000,0.006097
-6825600,0.005944
-6827200,0.006046
-6828800,0.006476
-6830400,0.007195
-6832000,0.00797
-6833600,0.008885
-6835200,0.009953
-6836800,0.011023
-6838400,0.012044
-6840000,0.013073
-6841600,0.014107
-6843200,0.015132
-6844800,0.016136
-6846400,0.017131
-6848000,0.018017
-6849600,0.018948
-6851200,0.01982
-6852800,0.020549
-6854400,0.021171
-6856000,0.021858
-6857600,0.022384
-6859200,0.022857
-6860800,0.023264
-6862400,0.023503
-6864000,0.023661
-6865600,0.023809
-6867200,0.023795
-6868800,0.02363
-6870400,0.023459
-6872000,0.023186
-6873600,0.022749
-6875200,0.022194
-6876800,0.021484
-6878400,0.020671
-6880000,0.019805
-6881600,0.018878
-6883200,0.017724
-6884800,0.016589
-6886400,0.015381
-6888000,0.014038
-6889600,0.012579
-6891200,0.011109
-6892800,0.009527
-6894400,0.007949
-6896000,0.00634
-6897600,0.004593
-6899200,0.002808
-6900800,0.001055
-6902400,0.000753
-6904000,0.002582
-6905600,0.004389
-6907200,0.006151
-6908800,0.007936
-6910400,0.009671
-6912000,0.011466
-6913600,0.013268
-6915200,0.014997
-6916800,0.01663
-6918400,0.018319
-6920000,0.019913
-6921600,0.021452
-6923200,0.022954
-6924800,0.024383
-6926400,0.025749
-6928000,0.027101
-6929600,0.02835
-6931200,0.02946
-6932800,0.030573
-6934400,0.031689
-6936000,0.032702
-6937600,0.033678
-6939200,0.034612
-6940800,0.035459
-6942400,0.036273
-6944000,0.037065
-6945600,0.037671
-6947200,0.038309
-6948800,0.038919
-6950400,0.039446
-6952000,0.039879
-6953600,0.040319
-6955200,0.040621
-6956800,0.040889
-6958400,0.041145
-6960000,0.04127
-6961600,0.041283
-6963200,0.041304
-6964800,0.041239
-6966400,0.04103
-6968000,0.04079
-6969600,0.040424
-6971200,0.039963
-6972800,0.039533
-6974400,0.03894
-6976000,0.038231
-6977600,0.037508
-6979200,0.036733
-6980800,0.035772
-6982400,0.034779
-6984000,0.033649
-6985600,0.032464
-6987200,0.031219
-6988800,0.029991
-6990400,0.028638
-6992000,0.027313
-6993600,0.026039
-6995200,0.024746
-6996800,0.023517
-6998400,0.022431
-7000000,0.021413
-7001600,0.020618
-7003200,0.020096
-7004800,0.019721
-7006400,0.019652
-7008000,0.019865
-7009600,0.020296
-7011200,0.021057
-7012800,0.022067
-7014400,0.023195
-7016000,0.024517
-7017600,0.02601
-7019200,0.027553
-7020800,0.029194
-7022400,0.03086
-7024000,0.032482
-7025600,0.034118
-7027200,0.035801
-7028800,0.037324
-7030400,0.038801
-7032000,0.040271
-7033600,0.041604
-7035200,0.042876
-7036800,0.044047
-7038400,0.045093
-7040000,0.046055
-7041600,0.047012
-7043200,0.047827
-7044800,0.048568
-7046400,0.04922
-7048000,0.049767
-7049600,0.050189
-7051200,0.050592
-7052800,0.050865
-7054400,0.051004
-7056000,0.051181
-7057600,0.051272
-7059200,0.051227
-7060800,0.051123
-7062400,0.050935
-7064000,0.05068
-7065600,0.050447
-7067200,0.050096
-7068800,0.049643
-7070400,0.049223
-7072000,0.048713
-7073600,0.048116
-7075200,0.047435
-7076800,0.046772
-7078400,0.046024
-7080000,0.045287
-7081600,0.044505
-7083200,0.043627
-7084800,0.042669
-7086400,0.041758
-7088000,0.040719
-7089600,0.039625
-7091200,0.038524
-7092800,0.037315
-7094400,0.036106
-7096000,0.034923
-7097600,0.033622
-7099200,0.032294
-7100800,0.031042
-7102400,0.029805
-7104000,0.028576
-7105600,0.027423
-7107200,0.026286
-7108800,0.025303
-7110400,0.024472
-7112000,0.02377
-7113600,0.023128
-7115200,0.022774
-7116800,0.022572
-7118400,0.022618
-7120000,0.022921
-7121600,0.023384
-7123200,0.024006
-7124800,0.024889
-7126400,0.025862
-7128000,0.026911
-7129600,0.028071
-7131200,0.029271
-7132800,0.030537
-7134400,0.031832
-7136000,0.033088
-7137600,0.034213
-7139200,0.035343
-7140800,0.036425
-7142400,0.037392
-7144000,0.038315
-7145600,0.03914
-7147200,0.039853
-7148800,0.040549
-7150400,0.041158
-7152000,0.041552
-7153600,0.041897
-7155200,0.042152
-7156800,0.042319
-7158400,0.042354
-7160000,0.042245
-7161600,0.042054
-7163200,0.041815
-7164800,0.04151
-7166400,0.041041
-7168000,0.040505
-7169600,0.039949
-7171200,0.039337
-7172800,0.038608
-7174400,0.037863
-7176000,0.037022
-7177600,0.036145
-7179200,0.035283
-7180800,0.034308
-7182400,0.033271
-7184000,0.032274
-7185600,0.031274
-7187200,0.030245
-7188800,0.02923
-7190400,0.02815
-7192000,0.027052
-7193600,0.025998
-7195200,0.024915
-7196800,0.023753
-7198400,0.022609
-7200000,0.02154
-7201600,0.020392
-7203200,0.019247
-7204800,0.018064
-7206400,0.016843
-7208000,0.015674
-7209600,0.014572
-7211200,0.013383
-7212800,0.012238
-7214400,0.011146
-7216000,0.010054
-7217600,0.009018
-7219200,0.008085
-7220800,0.007241
-7222400,0.006627
-7224000,0.006311
-7225600,0.006237
-7227200,0.006468
-7228800,0.006949
-7230400,0.007558
-7232000,0.00837
-7233600,0.009273
-7235200,0.010132
-7236800,0.011045
-7238400,0.01196
-7240000,0.012844
-7241600,0.013772
-7243200,0.014599
-7244800,0.015316
-7246400,0.015963
-7248000,0.016573
-7249600,0.017058
-7251200,0.017464
-7252800,0.017792
-7254400,0.018055
-7256000,0.018223
-7257600,0.018312
-7259200,0.018255
-7260800,0.018087
-7262400,0.017923
-7264000,0.017629
-7265600,0.017239
-7267200,0.016777
-7268800,0.016206
-7270400,0.015546
-7272000,0.014852
-7273600,0.014064
-7275200,0.013203
-7276800,0.012375
-7278400,0.011514
-7280000,0.010597
-7281600,0.009617
-7283200,0.008666
-7284800,0.007672
-7286400,0.006715
-7288000,0.005829
-7289600,0.004983
-7291200,0.004292
-7292800,0.003891
-7294400,0.003721
-7296000,0.003843
-7297600,0.004282
-7299200,0.004967
-7300800,0.005667
-7302400,0.006424
-7304000,0.007243
-7305600,0.008072
-7307200,0.008851
-7308800,0.009652
-7310400,0.010455
-7312000,0.011223
-7313600,0.012015
-7315200,0.012786
-7316800,0.013454
-7318400,0.014134
-7320000,0.014863
-7321600,0.015508
-7323200,0.016145
-7324800,0.016833
-7326400,0.01744
-7328000,0.018089
-7329600,0.018711
-7331200,0.019249
-7332800,0.019775
-7334400,0.020359
-7336000,0.020867
-7337600,0.021344
-7339200,0.021794
-7340800,0.022169
-7342400,0.02249
-7344000,0.022824
-7345600,0.023064
-7347200,0.023224
-7348800,0.023429
-7350400,0.023573
-7352000,0.023601
-7353600,0.023582
-7355200,0.02345
-7356800,0.023257
-7358400,0.023069
-7360000,0.022787
-7361600,0.022371
-7363200,0.021984
-7364800,0.021535
-7366400,0.021024
-7368000,0.020465
-7369600,0.019931
-7371200,0.019351
-7372800,0.018869
-7374400,0.018442
-7376000,0.017986
-7377600,0.017604
-7379200,0.017401
-7380800,0.017234
-7382400,0.017244
-7384000,0.017376
-7385600,0.017572
-7387200,0.017978
-7388800,0.018571
-7390400,0.019206
-7392000,0.019976
-7393600,0.020821
-7395200,0.021706
-7396800,0.022667
-7398400,0.023695
-7400000,0.024647
-7401600,0.025644
-7403200,0.026693
-7404800,0.027687
-7406400,0.028585
-7408000,0.029458
-7409600,0.030211
-7411200,0.030968
-7412800,0.031732
-7414400,0.032338
-7416000,0.032861
-7417600,0.0334
-7419200,0.033839
-7420800,0.034172
-7422400,0.034457
-7424000,0.034683
-7425600,0.034863
-7427200,0.035062
-7428800,0.035183
-7430400,0.035195
-7432000,0.0352
-7433600,0.035219
-7435200,0.035161
-7436800,0.035125
-7438400,0.035043
-7440000,0.034929
-7441600,0.034875
-7443200,0.03482
-7444800,0.034678
-7446400,0.034565
-7448000,0.034479
-7449600,0.034408
-7451200,0.03434
-7452800,0.034222
-7454400,0.034107
-7456000,0.034032
-7457600,0.033989
-7459200,0.033852
-7460800,0.033683
-7462400,0.033545
-7464000,0.03338
-7465600,0.033186
-7467200,0.033007
-7468800,0.032731
-7470400,0.032475
-7472000,0.032248
-7473600,0.031919
-7475200,0.031552
-7476800,0.031231
-7478400,0.030868
-7480000,0.030564
-7481600,0.030298
-7483200,0.029993
-7484800,0.029673
-7486400,0.029463
-7488000,0.029275
-7489600,0.029126
-7491200,0.029049
-7492800,0.02905
-7494400,0.029103
-7496000,0.029302
-7497600,0.029483
-7499200,0.029683
-7500800,0.030014
-7502400,0.030413
-7504000,0.030828
-7505600,0.031306
-7507200,0.031765
-7508800,0.032243
-7510400,0.032764
-7512000,0.033263
-7513600,0.033662
-7515200,0.034084
-7516800,0.034492
-7518400,0.034826
-7520000,0.035104
-7521600,0.035367
-7523200,0.035461
-7524800,0.035561
-7526400,0.035605
-7528000,0.035505
-7529600,0.03531
-7531200,0.035118
-7532800,0.034802
-7534400,0.034452
-7536000,0.034027
-7537600,0.033476
-7539200,0.032852
-7540800,0.032241
-7542400,0.031542
-7544000,0.030757
-7545600,0.029981
-7547200,0.029217
-7548800,0.028375
-7550400,0.02756
-7552000,0.0267
-7553600,0.025825
-7555200,0.025051
-7556800,0.024323
-7558400,0.023557
-7560000,0.022893
-7561600,0.022249
-7563200,0.021634
-7564800,0.021105
-7566400,0.020603
-7568000,0.020136
-7569600,0.019779
-7571200,0.019488
-7572800,0.019209
-7574400,0.01899
-7576000,0.018794
-7577600,0.018594
-7579200,0.018475
-7580800,0.018386
-7582400,0.01822
-7584000,0.0181
-7585600,0.018003
-7587200,0.017855
-7588800,0.01774
-7590400,0.017599
-7592000,0.017389
-7593600,0.017235
-7595200,0.017101
-7596800,0.016932
-7598400,0.01677
-7600000,0.016664
-7601600,0.016539
-7603200,0.016448
-7604800,0.016368
-7606400,0.016252
-7608000,0.016146
-7609600,0.016162
-7611200,0.016122
-7612800,0.016107
-7614400,0.016113
-7616000,0.01608
-7617600,0.016038
-7619200,0.016082
-7620800,0.01601
-7622400,0.015958
-7624000,0.015959
-7625600,0.015931
-7627200,0.015833
-7628800,0.015733
-7630400,0.015552
-7632000,0.015355
-7633600,0.015195
-7635200,0.014974
-7636800,0.014634
-7638400,0.014359
-7640000,0.014059
-7641600,0.013645
-7643200,0.013218
-7644800,0.012821
-7646400,0.01235
-7648000,0.011969
-7649600,0.011597
-7651200,0.011154
-7652800,0.010763
-7654400,0.010501
-7656000,0.010232
-7657600,0.010026
-7659200,0.009941
-7660800,0.009959
-7662400,0.01003
-7664000,0.010123
-7665600,0.010256
-7667200,0.010448
-7668800,0.010705
-7670400,0.011033
-7672000,0.011312
-7673600,0.011619
-7675200,0.012018
-7676800,0.012316
-7678400,0.012545
-7680000,0.012814
-7681600,0.01307
-7683200,0.013253
-7684800,0.01344
-7686400,0.013516
-7688000,0.013525
-7689600,0.013531
-7691200,0.013536
-7692800,0.01342
-7694400,0.013308
-7696000,0.013252
-7697600,0.013116
-7699200,0.012943
-7700800,0.012745
-7702400,0.012462
-7704000,0.012215
-7705600,0.012056
-7707200,0.011786
-7708800,0.011525
-7710400,0.011332
-7712000,0.011118
-7713600,0.010929
-7715200,0.010769
-7716800,0.010595
-7718400,0.010497
-7720000,0.010503
-7721600,0.010493
-7723200,0.010489
-7724800,0.010564
-7726400,0.010666
-7728000,0.010835
-7729600,0.011091
-7731200,0.011304
-7732800,0.011566
-7734400,0.011989
-7736000,0.01241
-7737600,0.012933
-7739200,0.013529
-7740800,0.014137
-7742400,0.014819
-7744000,0.015672
-7745600,0.016508
-7747200,0.017415
-7748800,0.018429
-7750400,0.019548
-7752000,0.020668
-7753600,0.021886
-7755200,0.023064
-7756800,0.024251
-7758400,0.025581
-7760000,0.02692
-7761600,0.028177
-7763200,0.029503
-7764800,0.030799
-7766400,0.032045
-7768000,0.033307
-7769600,0.034471
-7771200,0.035552
-7772800,0.036691
-7774400,0.037743
-7776000,0.038696
-7777600,0.039573
-7779200,0.040411
-7780800,0.041112
-7782400,0.041798
-7784000,0.04237
-7785600,0.042799
-7787200,0.043134
-7788800,0.043452
-7790400,0.043573
-7792000,0.043567
-7793600,0.043485
-7795200,0.043261
-7796800,0.042985
-7798400,0.042622
-7800000,0.042108
-7801600,0.041534
-7803200,0.040969
-7804800,0.040291
-7806400,0.039496
-7808000,0.038695
-7809600,0.037829
-7811200,0.036932
-7812800,0.036035
-7814400,0.035131
-7816000,0.034156
-7817600,0.033285
-7819200,0.03241
-7820800,0.031534
-7822400,0.030728
-7824000,0.029988
-7825600,0.029318
-7827200,0.028789
-7828800,0.028321
-7830400,0.027881
-7832000,0.027577
-7833600,0.027338
-7835200,0.027232
-7836800,0.027216
-7838400,0.027314
-7840000,0.027459
-7841600,0.027775
-7843200,0.028153
-7844800,0.02855
-7846400,0.029038
-7848000,0.029625
-7849600,0.030219
-7851200,0.030961
-7852800,0.031722
-7854400,0.032459
-7856000,0.033335
-7857600,0.034257
-7859200,0.035153
-7860800,0.036129
-7862400,0.037126
-7864000,0.038129
-7865600,0.039202
-7867200,0.040336
-7868800,0.041396
-7870400,0.042509
-7872000,0.043611
-7873600,0.044684
-7875200,0.045713
-7876800,0.046779
-7878400,0.04771
-7880000,0.048675
-7881600,0.049633
-7883200,0.050482
-7884800,0.051207
-7886400,0.051907
-7888000,0.052535
-7889600,0.05309
-7891200,0.053558
-7892800,0.053889
-7894400,0.054131
-7896000,0.05429
-7897600,0.054286
-7899200,0.054082
-7900800,0.053824
-7902400,0.053474
-7904000,0.052938
-7905600,0.052364
-7907200,0.051616
-7908800,0.05072
-7910400,0.049742
-7912000,0.048707
-7913600,0.047473
-7915200,0.046206
-7916800,0.044834
-7918400,0.043392
-7920000,0.041884
-7921600,0.040295
-7923200,0.038608
-7924800,0.036924
-7926400,0.035303
-7928000,0.033614
-7929600,0.031915
-7931200,0.030294
-7932800,0.028726
-7934400,0.027206
-7936000,0.02582
-7937600,0.02446
-7939200,0.023254
-7940800,0.02229
-7942400,0.021446
-7944000,0.020826
-7945600,0.020435
-7947200,0.020236
-7948800,0.020295
-7950400,0.020569
-7952000,0.020926
-7953600,0.021455
-7955200,0.022143
-7956800,0.022913
-7958400,0.0238
-7960000,0.024737
-7961600,0.025623
-7963200,0.02652
-7964800,0.027532
-7966400,0.028443
-7968000,0.029384
-7969600,0.030306
-7971200,0.031219
-7972800,0.032112
-7974400,0.033056
-7976000,0.033837
-7977600,0.034613
-7979200,0.035405
-7980800,0.036187
-7982400,0.036859
-7984000,0.037477
-7985600,0.038083
-7987200,0.03862
-7988800,0.03916
-7990400,0.039583
-7992000,0.039896
-7993600,0.040233
-7995200,0.040535
-7996800,0.04069
-7998400,0.040807
-8000000,0.040862
-8001600,0.040778
-8003200,0.04071
-8004800,0.040472
-8006400,0.040112
-8008000,0.039672
-8009600,0.039227
-8011200,0.038625
-8012800,0.037943
-8014400,0.037139
-8016000,0.036238
-8017600,0.035259
-8019200,0.034216
-8020800,0.033018
-8022400,0.031715
-8024000,0.030471
-8025600,0.029084
-8027200,0.027552
-8028800,0.026014
-8030400,0.024389
-8032000,0.022728
-8033600,0.021089
-8035200,0.019399
-8036800,0.017618
-8038400,0.015977
-8040000,0.014281
-8041600,0.012586
-8043200,0.010937
-8044800,0.009469
-8046400,0.008143
-8048000,0.007017
-8049600,0.006246
-8051200,0.005938
-8052800,0.006121
-8054400,0.00674
-8056000,0.007627
-8057600,0.008675
-8059200,0.009769
-8060800,0.01093
-8062400,0.011987
-8064000,0.013042
-8065600,0.014139
-8067200,0.01513
-8068800,0.016014
-8070400,0.016828
-8072000,0.017608
-8073600,0.018263
-8075200,0.018886
-8076800,0.019394
-8078400,0.019853
-8080000,0.02023
-8081600,0.02055
-8083200,0.020724
-8084800,0.020801
-8086400,0.020903
-8088000,0.020894
-8089600,0.020821
-8091200,0.020685
-8092800,0.020483
-8094400,0.020188
-8096000,0.01988
-8097600,0.019458
-8099200,0.018952
-8100800,0.018473
-8102400,0.01792
-8104000,0.017308
-8105600,0.016619
-8107200,0.015931
-8108800,0.015142
-8110400,0.014392
-8112000,0.013619
-8113600,0.012782
-8115200,0.011981
-8116800,0.01126
-8118400,0.010522
-8120000,0.009807
-8121600,0.009306
-8123200,0.008953
-8124800,0.008802
-8126400,0.008981
-8128000,0.009369
-8129600,0.010042
-8131200,0.010915
-8132800,0.012031
-8134400,0.013237
-8136000,0.014589
-8137600,0.016086
-8139200,0.017627
-8140800,0.019123
-8142400,0.020675
-8144000,0.02231
-8145600,0.023855
-8147200,0.025441
-8148800,0.027027
-8150400,0.028535
-8152000,0.030072
-8153600,0.031495
-8155200,0.03281
-8156800,0.034076
-8158400,0.035351
-8160000,0.036458
-8161600,0.037515
-8163200,0.038474
-8164800,0.039324
-8166400,0.040036
-8168000,0.040693
-8169600,0.041207
-8171200,0.041557
-8172800,0.041901
-8174400,0.042096
-8176000,0.042131
-8177600,0.042034
-8179200,0.041826
-8180800,0.041509
-8182400,0.041156
-8184000,0.040671
-8185600,0.04004
-8187200,0.039417
-8188800,0.038655
-8190400,0.037785
-8192000,0.036775
-8193600,0.035766
-8195200,0.034642
-8196800,0.033507
-8198400,0.032309
-8200000,0.03101
-8201600,0.029654
-8203200,0.028364
-8204800,0.026995
-8206400,0.025568
-8208000,0.02421
-8209600,0.022795
-8211200,0.021423
-8212800,0.020102
-8214400,0.018732
-8216000,0.017408
-8217600,0.016245
-8219200,0.015193
-8220800,0.014263
-8222400,0.013572
-8224000,0.013066
-8225600,0.012903
-8227200,0.013094
-8228800,0.013565
-8230400,0.01425
-8232000,0.015269
-8233600,0.016419
-8235200,0.017852
-8236800,0.01946
-8238400,0.021115
-8240000,0.022853
-8241600,0.024737
-8243200,0.026603
-8244800,0.02852
-8246400,0.030457
-8248000,0.032359
-8249600,0.034343
-8251200,0.03632
-8252800,0.038269
-8254400,0.040115
-8256000,0.042005
-8257600,0.043798
-8259200,0.045542
-8260800,0.047221
-8262400,0.048796
-8264000,0.050238
-8265600,0.051683
-8267200,0.053003
-8268800,0.054129
-8270400,0.055201
-8272000,0.056128
-8273600,0.056979
-8275200,0.057665
-8276800,0.058186
-8278400,0.058561
-8280000,0.058858
-8281600,0.05901
-8283200,0.058903
-8284800,0.058699
-8286400,0.058361
-8288000,0.057905
-8289600,0.057254
-8291200,0.056556
-8292800,0.05565
-8294400,0.054681
-8296000,0.05362
-8297600,0.052371
-8299200,0.050987
-8300800,0.04958
-8302400,0.048063
-8304000,0.046454
-8305600,0.044808
-8307200,0.043013
-8308800,0.041203
-8310400,0.039401
-8312000,0.037542
-8313600,0.035606
-8315200,0.033729
-8316800,0.031923
-8318400,0.030036
-8320000,0.028213
-8321600,0.026357
-8323200,0.024558
-8324800,0.022881
-8326400,0.02138
-8328000,0.019876
-8329600,0.018642
-8331200,0.017585
-8332800,0.016759
-8334400,0.016214
-8336000,0.015965
-8337600,0.015942
-8339200,0.016266
-8340800,0.016869
-8342400,0.017664
-8344000,0.01869
-8345600,0.01984
-8347200,0.021106
-8348800,0.022498
-8350400,0.023979
-8352000,0.025403
-8353600,0.026946
-8355200,0.028482
-8356800,0.030057
-8358400,0.031703
-8360000,0.033313
-8361600,0.034841
-8363200,0.036383
-8364800,0.037915
-8366400,0.039361
-8368000,0.040763
-8369600,0.042077
-8371200,0.043359
-8372800,0.044552
-8374400,0.045666
-8376000,0.046605
-8377600,0.047497
-8379200,0.04839
-8380800,0.049122
-8382400,0.04979
-8384000,0.050328
-8385600,0.050756
-8387200,0.051021
-8388800,0.051225
-8390400,0.051188
-8392000,0.051076
-8393600,0.050873
-8395200,0.050528
-8396800,0.050049
-8398400,0.049464
-8400000,0.048738
-8401600,0.047877
-8403200,0.046993
-8404800,0.045948
-8406400,0.044757
-8408000,0.043512
-8409600,0.042202
-8411200,0.040709
-8412800,0.039151
-8414400,0.037587
-8416000,0.035877
-8417600,0.03422
-8419200,0.032495
-8420800,0.030689
-8422400,0.028867
-8424000,0.027074
-8425600,0.025169
-8427200,0.023254
-8428800,0.021378
-8430400,0.01946
-8432000,0.017579
-8433600,0.015741
-8435200,0.013919
-8436800,0.012105
-8438400,0.010457
-8440000,0.008914
-8441600,0.007427
-8443200,0.006166
-8444800,0.005218
-8446400,0.004667
-8448000,0.00456
-8449600,0.005034
-8451200,0.005932
-8452800,0.00695
-8454400,0.008129
-8456000,0.00929
-8457600,0.010472
-8459200,0.011579
-8460800,0.012695
-8462400,0.013728
-8464000,0.014727
-8465600,0.015763
-8467200,0.01671
-8468800,0.017556
-8470400,0.018396
-8472000,0.019224
-8473600,0.019952
-8475200,0.020668
-8476800,0.021311
-8478400,0.021845
-8480000,0.022397
-8481600,0.022808
-8483200,0.023129
-8484800,0.023375
-8486400,0.023688
-8488000,0.023888
-8489600,0.024073
-8491200,0.024204
-8492800,0.02428
-8494400,0.02427
-8496000,0.024273
-8497600,0.02418
-8499200,0.02396
-8500800,0.023837
-8502400,0.023669
-8504000,0.023414
-8505600,0.023152
-8507200,0.022927
-8508800,0.022723
-8510400,0.022585
-8512000,0.022498
-8513600,0.022361
-8515200,0.022358
-8516800,0.022376
-8518400,0.022423
-8520000,0.022491
-8521600,0.022705
-8523200,0.02306
-8524800,0.023451
-8526400,0.023948
-8528000,0.024474
-8529600,0.025086
-8531200,0.025707
-8532800,0.026384
-8534400,0.027008
-8536000,0.027688
-8537600,0.028476
-8539200,0.02915
-8540800,0.029793
-8542400,0.030492
-8544000,0.031196
-8545600,0.031817
-8547200,0.032417
-8548800,0.032972
-8550400,0.033422
-8552000,0.033895
-8553600,0.034235
-8555200,0.034486
-8556800,0.034675
-8558400,0.034943
-8560000,0.035065
-8561600,0.035166
-8563200,0.035198
-8564800,0.035133
-8566400,0.035046
-8568000,0.034912
-8569600,0.034624
-8571200,0.034275
-8572800,0.033971
-8574400,0.033537
-8576000,0.033003
-8577600,0.032416
-8579200,0.031768
-8580800,0.031081
-8582400,0.030368
-8584000,0.029583
-8585600,0.028642
-8587200,0.02776
-8588800,0.026745
-8590400,0.025613
-8592000,0.02437
-8593600,0.02314
-8595200,0.021788
-8596800,0.020459
-8598400,0.019033
-8600000,0.017476
-8601600,0.015892
-8603200,0.014306
-8604800,0.012646
-8606400,0.010892
-8608000,0.009189
-8609600,0.007473
-8611200,0.005905
-8612800,0.004667
-8614400,0.004151
-8616000,0.004771
-8617600,0.00623
-8619200,0.008007
-8620800,0.010145
-8622400,0.012263
-8624000,0.014441
-8625600,0.016703
-8627200,0.019003
-8628800,0.021269
-8630400,0.023571
-8632000,0.02579
-8633600,0.027955
-8635200,0.030191
-8636800,0.032341
-8638400,0.034385
-8640000,0.036379
-8641600,0.03832
-8643200,0.040112
-8644800,0.041819
-8646400,0.043451
-8648000,0.044911
-8649600,0.046393
-8651200,0.047732
-8652800,0.048944
-8654400,0.049998
-8656000,0.050979
-8657600,0.051743
-8659200,0.052441
-8660800,0.052987
-8662400,0.053362
-8664000,0.053624
-8665600,0.053818
-8667200,0.053862
-8668800,0.05371
-8670400,0.053544
-8672000,0.05325
-8673600,0.052854
-8675200,0.052393
-8676800,0.051784
-8678400,0.051066
-8680000,0.050321
-8681600,0.04947
-8683200,0.048433
-8684800,0.047448
-8686400,0.046348
-8688000,0.045209
-8689600,0.043996
-8691200,0.042775
-8692800,0.041413
-8694400,0.040046
-8696000,0.03865
-8697600,0.037156
-8699200,0.035579
-8700800,0.034025
-8702400,0.032433
-8704000,0.030778
-8705600,0.029163
-8707200,0.02743
-8708800,0.025712
-8710400,0.024053
-8712000,0.022351
-8713600,0.020638
-8715200,0.019008
-8716800,0.017408
-8718400,0.015888
-8720000,0.014539
-8721600,0.013318
-8723200,0.012423
-8724800,0.011936
-8726400,0.011905
-8728000,0.012351
-8729600,0.013255
-8731200,0.014415
-8732800,0.0159
-8734400,0.017612
-8736000,0.019403
-8737600,0.021321
-8739200,0.023282
-8740800,0.025211
-8742400,0.027204
-8744000,0.029224
-8745600,0.031102
-8747200,0.032996
-8748800,0.034765
-8750400,0.036499
-8752000,0.038116
-8753600,0.039692
-8755200,0.041093
-8756800,0.042444
-8758400,0.043741
-8760000,0.04488
-8761600,0.045797
-8763200,0.046633
-8764800,0.047357
-8766400,0.047898
-8768000,0.04837
-8769600,0.048627
-8771200,0.048753
-8772800,0.048807
-8774400,0.048661
-8776000,0.048337
-8777600,0.047928
-8779200,0.04744
-8780800,0.046782
-8782400,0.046092
-8784000,0.045209
-8785600,0.044223
-8787200,0.043112
-8788800,0.042011
-8790400,0.040729
-8792000,0.039373
-8793600,0.03804
-8795200,0.036616
-8796800,0.03509
-8798400,0.033532
-8800000,0.031883
-8801600,0.030195
-8803200,0.028586
-8804800,0.026849
-8806400,0.025057
-8808000,0.023342
-8809600,0.021562
-8811200,0.019748
-8812800,0.017932
-8814400,0.01615
-8816000,0.014326
-8817600,0.012621
-8819200,0.010881
-8820800,0.009089
-8822400,0.007309
-8824000,0.005648
-8825600,0.003954
-8827200,0.002384
-8828800,0.001517
-8830400,0.002274
-8832000,0.00369
-8833600,0.005267
-8835200,0.00694
-8836800,0.008611
-8838400,0.010187
-8840000,0.011773
-8841600,0.013319
-8843200,0.014821
-8844800,0.016325
-8846400,0.017715
-8848000,0.019048
-8849600,0.02035
-8851200,0.021666
-8852800,0.022783
-8854400,0.023854
-8856000,0.024851
-8857600,0.025773
-8859200,0.0266
-8860800,0.02731
-8862400,0.027889
-8864000,0.028413
-8865600,0.028908
-8867200,0.029182
-8868800,0.02933
-8870400,0.029405
-8872000,0.029394
-8873600,0.02922
-8875200,0.028944
-8876800,0.028558
-8878400,0.028019
-8880000,0.027461
-8881600,0.02674
-8883200,0.025884
-8884800,0.024927
-8886400,0.023996
-8888000,0.022906
-8889600,0.021759
-8891200,0.020549
-8892800,0.019257
-8894400,0.017965
-8896000,0.016684
-8897600,0.015346
-8899200,0.014023
-8900800,0.012878
-8902400,0.011774
-8904000,0.010742
-8905600,0.009994
-8907200,0.009517
-8908800,0.009381
-8910400,0.009518
-8912000,0.010029
-8913600,0.010772
-8915200,0.011702
-8916800,0.012823
-8918400,0.01401
-8920000,0.015256
-8921600,0.016586
-8923200,0.017911
-8924800,0.019127
-8926400,0.020389
-8928000,0.021681
-8929600,0.022904
-8931200,0.024103
-8932800,0.025243
-8934400,0.02636
-8936000,0.027384
-8937600,0.028415
-8939200,0.029322
-8940800,0.03019
-8942400,0.031092
-8944000,0.031918
-8945600,0.032638
-8947200,0.033348
-8948800,0.033971
-8950400,0.034488
-8952000,0.035051
-8953600,0.03546
-8955200,0.035793
-8956800,0.036095
-8958400,0.036317
-8960000,0.036405
-8961600,0.036409
-8963200,0.036355
-8964800,0.036188
-8966400,0.035992
-8968000,0.035674
-8969600,0.03525
-8971200,0.034706
-8972800,0.03416
-8974400,0.033408
-8976000,0.032559
-8977600,0.031655
-8979200,0.030604
-8980800,0.029464
-8982400,0.028288
-8984000,0.026963
-8985600,0.025524
-8987200,0.024084
-8988800,0.022541
-8990400,0.020943
-8992000,0.019311
-8993600,0.017667
-8995200,0.016056
-8996800,0.014553
-8998400,0.013172
-9000000,0.011925
-9001600,0.011081
-9003200,0.010605
-9004800,0.010698
-9006400,0.011324
-9008000,0.012337
-9009600,0.013683
-9011200,0.015363
-9012800,0.017126
-9014400,0.019049
-9016000,0.020994
-9017600,0.022947
-9019200,0.024919
-9020800,0.026922
-9022400,0.028831
-9024000,0.030664
-9025600,0.032502
-9027200,0.034249
-9028800,0.035909
-9030400,0.03749
-9032000,0.038977
-9033600,0.040323
-9035200,0.041689
-9036800,0.042918
-9038400,0.044009
-9040000,0.045031
-9041600,0.045905
-9043200,0.046675
-9044800,0.047375
-9046400,0.04794
-9048000,0.048363
-9049600,0.048811
-9051200,0.049167
-9052800,0.049393
-9054400,0.049511
-9056000,0.049581
-9057600,0.049587
-9059200,0.049546
-9060800,0.049445
-9062400,0.049201
-9064000,0.048968
-9065600,0.048659
-9067200,0.048232
-9068800,0.047698
-9070400,0.047196
-9072000,0.046596
-9073600,0.045991
-9075200,0.045344
-9076800,0.044579
-9078400,0.043743
-9080000,0.042914
-9081600,0.042017
-9083200,0.041013
-9084800,0.039997
-9086400,0.038926
-9088000,0.03781
-9089600,0.036675
-9091200,0.035425
-9092800,0.034094
-9094400,0.032831
-9096000,0.03158
-9097600,0.030225
-9099200,0.02893
-9100800,0.027614
-9102400,0.026387
-9104000,0.025233
-9105600,0.024179
-9107200,0.023165
-9108800,0.022405
-9110400,0.021841
-9112000,0.021506
-9113600,0.021418
-9115200,0.021609
-9116800,0.021999
-9118400,0.022701
-9120000,0.023605
-9121600,0.024582
-9123200,0.025761
-9124800,0.027049
-9126400,0.028426
-9128000,0.0299
-9129600,0.031359
-9131200,0.032737
-9132800,0.034166
-9134400,0.035574
-9136000,0.036899
-9137600,0.038195
-9139200,0.039416
-9140800,0.04057
-9142400,0.04166
-9144000,0.042663
-9145600,0.04344
-9147200,0.044156
-9148800,0.044816
-9150400,0.04534
-9152000,0.04571
-9153600,0.045963
-9155200,0.046108
-9156800,0.046168
-9158400,0.046152
-9160000,0.045939
-9161600,0.045693
-9163200,0.045394
-9164800,0.045019
-9166400,0.044514
-9168000,0.043967
-9169600,0.043325
-9171200,0.042623
-9172800,0.041901
-9174400,0.041085
-9176000,0.040171
-9177600,0.039278
-9179200,0.03839
-9180800,0.037402
-9182400,0.036432
-9184000,0.035413
-9185600,0.034348
-9187200,0.033354
-9188800,0.0323
-9190400,0.031171
-9192000,0.030102
-9193600,0.029082
-9195200,0.027972
-9196800,0.026888
-9198400,0.025758
-9200000,0.024624
-9201600,0.02351
-9203200,0.022459
-9204800,0.021316
-9206400,0.020195
-9208000,0.019142
-9209600,0.018033
-9211200,0.016938
-9212800,0.015927
-9214400,0.014891
-9216000,0.013993
-9217600,0.01326
-9219200,0.01258
-9220800,0.01206
-9222400,0.011741
-9224000,0.011564
-9225600,0.011646
-9227200,0.011935
-9228800,0.012332
-9230400,0.012864
-9232000,0.013594
-9233600,0.014348
-9235200,0.015194
-9236800,0.016065
-9238400,0.016891
-9240000,0.017718
-9241600,0.018609
-9243200,0.019385
-9244800,0.020138
-9246400,0.020896
-9248000,0.021583
-9249600,0.022209
-9251200,0.022743
-9252800,0.023158
-9254400,0.023481
-9256000,0.023783
-9257600,0.02396
-9259200,0.024035
-9260800,0.024018
-9262400,0.023922
-9264000,0.023686
-9265600,0.023418
-9267200,0.023061
-9268800,0.022577
-9270400,0.022123
-9272000,0.021609
-9273600,0.020959
-9275200,0.020257
-9276800,0.019506
-9278400,0.018674
-9280000,0.017866
-9281600,0.017007
-9283200,0.016072
-9284800,0.015184
-9286400,0.014281
-9288000,0.01332
-9289600,0.01234
-9291200,0.011426
-9292800,0.01052
-9294400,0.009637
-9296000,0.008825
-9297600,0.007991
-9299200,0.007198
-9300800,0.006522
-9302400,0.005936
-9304000,0.005377
-9305600,0.005022
-9307200,0.004847
-9308800,0.00477
-9310400,0.004771
-9312000,0.004935
-9313600,0.005194
-9315200,0.005536
-9316800,0.005947
-9318400,0.006417
-9320000,0.006874
-9321600,0.007423
-9323200,0.007958
-9324800,0.008424
-9326400,0.008909
-9328000,0.009503
-9329600,0.009984
-9331200,0.010487
-9332800,0.010977
-9334400,0.011387
-9336000,0.011796
-9337600,0.012234
-9339200,0.012554
-9340800,0.012868
-9342400,0.013219
-9344000,0.013506
-9345600,0.013693
-9347200,0.013837
-9348800,0.013899
-9350400,0.013924
-9352000,0.013936
-9353600,0.013871
-9355200,0.013669
-9356800,0.013513
-9358400,0.013278
-9360000,0.012925
-9361600,0.012522
-9363200,0.012119
-9364800,0.011619
-9366400,0.01119
-9368000,0.010703
-9369600,0.010151
-9371200,0.009624
-9372800,0.009212
-9374400,0.008846
-9376000,0.008609
-9377600,0.008499
-9379200,0.008527
-9380800,0.008783
-9382400,0.009256
-9384000,0.009813
-9385600,0.010528
-9387200,0.011351
-9388800,0.012212
-9390400,0.013214
-9392000,0.014203
-9393600,0.015156
-9395200,0.016202
-9396800,0.017262
-9398400,0.018266
-9400000,0.019238
-9401600,0.020135
-9403200,0.020984
-9404800,0.021851
-9406400,0.022696
-9408000,0.023408
-9409600,0.024077
-9411200,0.024744
-9412800,0.025305
-9414400,0.025745
-9416000,0.026173
-9417600,0.026492
-9419200,0.026806
-9420800,0.027123
-9422400,0.027316
-9424000,0.027422
-9425600,0.02756
-9427200,0.027636
-9428800,0.027698
-9430400,0.027755
-9432000,0.027773
-9433600,0.027793
-9435200,0.02787
-9436800,0.027904
-9438400,0.027881
-9440000,0.027895
-9441600,0.027949
-9443200,0.027988
-9444800,0.028069
-9446400,0.028105
-9448000,0.028141
-9449600,0.028255
-9451200,0.028382
-9452800,0.028406
-9454400,0.028484
-9456000,0.028558
-9457600,0.028631
-9459200,0.02869
-9460800,0.028755
-9462400,0.028736
-9464000,0.028758
-9465600,0.028773
-9467200,0.028709
-9468800,0.028578
-9470400,0.02851
-9472000,0.028371
-9473600,0.028256
-9475200,0.028158
-9476800,0.027974
-9478400,0.027767
-9480000,0.027656
-9481600,0.027509
-9483200,0.027399
-9484800,0.02734
-9486400,0.027328
-9488000,0.027378
-9489600,0.027521
-9491200,0.027639
-9492800,0.02779
-9494400,0.028052
-9496000,0.028391
-9497600,0.028722
-9499200,0.029122
-9500800,0.029528
