time,Temperature
73.83333334,1.44
73.75,1.34
73.66666667,1.47
73.58333334,1.19
73.5,1.18
73.41666667,1.08
73.33333334,0.93
73.25,1
73.16666667,1.2
73.08333334,0.97
73,0.87
72.91666667,0.8
72.83333334,0.72
72.75,0.96
72.66666667,0.89
72.58333334,0.95
72.5,0.94
72.41666667,0.92
72.33333334,0.84
72.25,0.83
72.16666667,1.05
72.08333334,0.89
72,0.91
71.91666667,0.86
71.83333334,0.94
71.75,1
71.66666667,0.92
71.58333334,0.82
71.5,0.92
71.41666667,0.84
71.33333333,0.78
71.25,0.76
71.16666667,0.89
71.08333333,0.64
71,0.81
70.91666667,0.81
70.83333333,1.1
70.75,0.88
70.66666667,0.98
70.58333333,0.87
70.5,0.9
70.41666667,0.91
70.33333333,1.01
70.25,1.13
70.16666667,1.17
70.08333333,1.24
70,1.17
69.91666667,1.11
69.83333333,1
69.75,1.02
69.66666667,0.92
69.58333333,0.94
69.5,0.94
69.41666667,0.92
69.33333333,0.86
69.25,1.02
69.16666667,1.18
69.08333333,0.95
69,0.93
68.91666667,0.91
68.83333333,0.82
68.75,1
68.66666667,0.8
68.58333333,0.76
68.5,0.82
68.41666667,0.78
68.33333333,0.82
68.25,0.89
68.16666667,0.9
68.08333333,0.85
68,0.82
67.91666667,0.94
67.83333333,0.88
67.75,0.9
67.66666667,0.79
67.58333333,0.86
67.5,0.82
67.41666667,0.72
67.33333333,0.9
67.25,0.93
67.16666667,1.16
67.08333333,1.14
67,1.03
66.91666667,0.85
66.83333333,0.9
66.75,0.87
66.66666667,0.91
66.58333333,1.01
66.5,0.84
66.41666667,0.81
66.33333333,0.95
66.25,1.12
66.16666667,1.36
66.08333333,1.37
66,1.17
65.91666667,1.16
65.83333333,1.06
65.75,1.08
65.66666667,0.84
65.58333333,0.82
65.5,0.74
65.41666667,0.81
65.33333333,0.79
65.25,0.77
65.16666667,0.96
65.08333333,0.89
65,0.86
64.91666667,0.8
64.83333333,0.66
64.75,0.79
64.66666667,0.84
64.58333333,0.8
64.5,0.58
64.41666667,0.67
64.33333333,0.85
64.25,0.81
64.16666667,0.79
64.08333333,0.55
64,0.76
63.91666667,0.7
63.83333333,0.85
63.75,0.69
63.66666667,0.77
63.58333333,0.7
63.5,0.61
63.41666667,0.7
63.33333333,0.62
63.25,0.56
63.16666667,0.67
63.08333333,0.63
63,0.71
62.91666667,0.53
62.83333333,0.79
62.75,0.79
62.66666667,0.71
62.58333333,0.64
62.5,0.58
62.41666667,0.65
62.33333333,0.77
62.25,0.71
62.16666667,0.57
62.08333333,0.49
62,0.49
61.91666667,0.6
61.83333333,0.59
61.75,0.66
61.66666667,0.58
61.58333333,0.73
61.5,0.7
61.41666667,0.61
61.33333333,0.52
61.25,0.65
61.16666667,0.65
61.08333333,0.48
61,0.52
60.91666667,0.45
60.83333333,0.82
60.75,0.7
60.66666667,0.63
60.58333333,0.66
60.5,0.64
60.41666667,0.68
60.33333333,0.76
60.25,0.84
60.16666667,0.92
60.08333333,0.84
60,0.75
59.91666667,0.67
59.83333333,0.8
59.75,0.66
59.66666667,0.73
59.58333333,0.68
59.5,0.71
59.41666667,0.65
59.33333333,0.66
59.25,0.6
59.16666667,0.54
59.08333333,0.54
59,0.65
58.91666667,0.54
58.83333333,0.69
58.75,0.65
58.66666667,0.61
58.58333333,0.47
58.5,0.6
58.41666667,0.49
58.33333333,0.49
58.25,0.53
58.16666667,0.74
58.08333333,0.38
58,0.3
57.91666667,0.49
57.83333333,0.58
57.75,0.59
57.66666667,0.6
57.58333333,0.6
57.5,0.6
57.41666667,0.61
57.33333333,0.68
57.25,0.75
57.16666667,0.72
57.08333333,0.7
57,1.01
56.91666667,0.79
56.83333333,0.73
56.75,0.69
56.66666667,0.65
56.58333333,0.71
56.5,0.55
56.41666667,0.66
56.33333333,0.5
56.25,0.48
56.16666667,0.63
56.08333333,0.73
56,0.56
55.91666667,0.68
55.83333333,0.74
55.75,0.75
55.66666667,0.72
55.58333333,0.62
55.5,0.62
55.41666667,0.65
55.33333333,0.63
55.25,0.68
55.16666667,0.74
55.08333333,0.61
55,0.74
54.91666667,0.51
54.83333333,0.73
54.75,0.61
54.66666667,0.51
54.58333333,0.47
54.5,0.26
54.41666667,0.44
54.33333333,0.39
54.25,0.62
54.16666667,0.63
54.08333333,0.73
54,0.58
53.91666667,0.75
53.83333333,0.53
53.75,0.74
53.66666667,0.62
53.58333333,0.65
53.5,0.58
53.41666667,0.48
53.33333333,0.61
53.25,0.55
53.16666667,0.6
53.08333333,0.59
53,0.75
52.91666667,0.43
52.83333333,0.59
52.75,0.54
52.66666667,0.63
52.58333333,0.53
52.5,0.6
52.41666667,0.53
52.33333333,0.63
52.25,0.58
52.16666667,0.88
52.08333333,0.79
52,0.77
51.91666667,0.56
51.83333333,0.73
51.75,0.51
51.66666667,0.52
51.58333333,0.5
51.5,0.59
51.41666667,0.52
51.33333333,0.58
51.25,0.51
51.16666667,0.56
51.08333333,0.44
51,0.46
50.91666667,0.28
50.83333333,0.31
50.75,0.27
50.66666667,0.4
50.58333333,0.42
50.5,0.37
50.41666667,0.39
50.33333333,0.35
50.25,0.57
50.16666667,0.55
50.08333333,0.56
50,0.25
49.91666667,0.41
49.83333333,0.37
49.75,0.34
49.66666667,0.38
49.58333333,0.32
49.5,0.38
49.41666667,0.36
49.33333333,0.27
49.25,0.33
49.16666667,0.32
49.08333333,0.65
49,0.48
48.91666667,0.56
48.83333333,0.43
48.75,0.43
48.66666667,0.42
48.58333333,0.66
48.5,0.68
48.41666667,0.76
48.33333333,0.66
48.25,0.64
48.16666667,0.63
48.08333333,0.88
48,0.59
47.91666667,0.58
47.83333333,0.64
47.75,0.6
47.66666667,0.52
47.58333333,0.43
47.5,0.34
47.41666667,0.54
47.33333333,0.36
47.25,0.35
47.16666667,0.52
47.08333333,0.41
47,0.3
46.91666667,0.37
46.83333333,0.38
46.75,0.2
46.66666667,0.25
46.58333333,0.48
46.5,0.36
46.41666667,0.25
46.33333333,0.28
46.25,0.32
46.16666667,0.33
46.08333333,0.47
46,0.23
45.91666667,0.25
45.83333333,0.44
45.75,0.47
45.66666667,0.34
45.58333333,0.46
45.5,0.45
45.41666667,0.42
45.33333333,0.28
45.25,0.46
45.16666667,0.47
45.08333333,0.79
45,0.52
44.91666667,0.38
44.83333333,0.44
44.75,0.41
44.66666667,0.32
44.58333333,0.22
44.5,0.3
44.41666667,0.44
44.33333333,0.27
44.25,0.4
44.16666667,0.3
44.08333333,0.02
44,0.26
43.91666667,0.18
43.83333333,0.03
43.75,0.23
43.66666667,0.12
43.58333333,0.11
43.5,0.25
43.41666667,0.23
43.33333333,0.28
43.25,0.27
43.16666667,0.36
43.08333333,0.37
43,0.34
42.91666667,0.21
42.83333333,0.02
42.75,0.06
42.66666667,-0.01
42.58333333,0.08
42.5,0.08
42.41666667,0.26
42.33333333,0.3
42.25,0.27
42.16666667,0.47
42.08333333,0.41
42,0.47
41.91666667,0.31
41.83333333,0.29
41.75,0.28
41.66666667,0.44
41.58333333,0.4
41.5,0.47
41.41666667,0.53
41.33333333,0.34
41.25,0.51
41.16666667,0.35
41.08333333,0.5
41,0.42
40.91666667,0.4
40.83333333,0.47
40.75,0.44
40.66666667,0.23
40.58333333,0.34
40.5,0.46
40.41666667,0.39
40.33333333,0.45
40.25,0.56
40.16666667,0.79
40.08333333,0.43
40,0.41
39.91666667,0.37
39.83333333,0.19
39.75,0.28
39.66666667,0.35
39.58333333,0.33
39.5,0.33
39.41666667,0.16
39.33333333,0.17
39.25,0.29
39.16666667,0.36
39.08333333,0.3
39,0.12
38.91666667,0.28
38.83333333,0.12
38.75,0.37
38.66666667,0.36
38.58333333,0.38
38.5,0.32
38.41666667,0.39
38.33333333,0.43
38.25,0.42
38.16666667,0.51
38.08333333,0.44
38,0.57
37.91666667,0.46
37.83333333,0.29
37.75,0.32
37.66666667,0.35
37.58333333,0.24
37.5,0.4
37.41666667,0.34
37.33333333,0.25
37.25,0.24
37.16666667,0.18
37.08333333,0.43
37,0.32
36.91666667,0.13
36.83333333,0.11
36.75,0.15
36.66666667,0.03
36.58333333,0.15
36.5,0.11
36.41666667,0.12
36.33333333,0.21
36.25,0.22
36.16666667,0.3
36.08333333,0.37
36,0.27
35.91666667,0.13
35.83333333,0.05
35.75,0.11
35.66666667,0.13
35.58333333,0.16
35.5,0.04
35.41666667,0.15
35.33333333,0.14
35.25,0.12
35.16666667,0.17
35.08333333,-0.04
35,0.22
34.91666667,-0.04
34.83333333,0.07
34.75,0.13
34.66666667,0.21
34.58333333,0.19
34.5,0.19
34.41666667,0.02
34.33333333,0.32
34.25,0.06
34.16666667,0.26
34.08333333,0.14
34,0.31
33.91666667,0.17
33.83333333,0.3
33.75,0.16
33.66666667,0.37
33.58333333,0.35
33.5,0.18
33.41666667,0.22
33.33333333,0.33
33.25,0.27
33.16666667,0.41
33.08333333,0.43
33,0.53
32.91666667,0.42
32.83333333,0.17
32.75,0.13
32.66666667,0.14
32.58333333,0.03
32.5,0.14
32.41666667,0.06
32.33333333,0.18
32.25,0.15
32.16666667,0.03
32.08333333,0.15
32,0.05
31.91666667,0.41
31.83333333,0.23
31.75,0.12
31.66666667,0.15
31.58333333,0.35
31.5,0.32
31.41666667,0.29
31.33333333,0.24
31.25,0.32
31.16666667,0.48
31.08333333,0.42
31,0.52
30.91666667,0.21
30.83333333,0.29
30.75,0.13
30.66666667,0.2
30.58333333,0.18
30.5,0.22
30.41666667,0.2
30.33333333,0.35
30.25,0.3
30.16666667,0.3
30.08333333,0.4
30,0.3
29.91666667,0.48
29.83333333,0.29
29.75,0.25
29.66666667,0.25
29.58333333,0.17
29.5,0.04
29.41666667,0.14
29.33333333,0.03
29.25,0.15
29.16666667,0.19
29.08333333,-0.1
29,0.08
28.91666667,0.08
28.83333333,0.14
28.75,0.03
28.66666667,0.06
28.58333333,-0.13
28.5,0.04
28.41666667,-0.01
28.33333333,0.09
28.25,0.17
28.16666667,0.19
28.08333333,0.1
28,0.06
27.91666667,0.03
27.83333333,0.16
27.75,0.03
27.66666667,0.02
27.58333333,0.18
27.5,0.2
27.41666667,0.27
27.33333333,0.33
27.25,0.27
27.16666667,0.24
27.08333333,0.23
27,0.18
26.91666667,0.11
26.83333333,-0.06
26.75,-0.24
26.66666667,-0.06
26.58333333,-0.12
26.5,-0.1
26.41666667,-0.13
26.33333333,-0.21
26.25,-0.07
26.16666667,-0.22
26.08333333,-0.06
26,-0.03
25.91666667,-0.17
25.83333333,-0.17
25.75,-0.12
25.66666667,-0.03
25.58333333,-0.17
25.5,-0.01
25.41666667,-0.01
25.33333333,0.16
25.25,0.04
25.16666667,0.12
25.08333333,0.08
25,0.1
24.91666667,-0.08
24.83333333,-0.07
24.75,-0.06
24.66666667,-0.08
24.58333333,0.1
24.5,-0.03
24.41666667,-0.05
24.33333333,-0.04
24.25,-0.11
24.16666667,-0.05
24.08333333,-0.27
24,-0.1
23.91666667,-0.06
23.83333333,0.05
23.75,0.1
23.66666667,0.09
23.58333333,0.05
23.5,0.12
23.41666667,0.19
23.33333333,0.22
23.25,0.27
23.16666667,0.29
23.08333333,0.33
23,0.29
22.91666667,0.17
22.83333333,0.02
22.75,0.08
22.66666667,0.02
22.58333333,0.16
22.5,0.01
22.41666667,0.04
22.33333333,-0.03
22.25,0
22.16666667,0.02
22.08333333,-0.18
22,-0.22
21.91666667,-0.08
21.83333333,-0.07
21.75,-0.05
21.66666667,-0.06
21.58333333,-0.01
21.5,-0.08
21.41666667,-0.17
21.33333333,-0.05
21.25,-0.07
21.16666667,-0.18
21.08333333,-0.16
21,-0.03
20.91666667,-0.12
20.83333333,0.02
20.75,0.03
20.66666667,0.11
20.58333333,-0.1
20.5,0.01
20.41666667,-0.03
20.33333333,-0.04
20.25,0.05
20.16666667,0.06
20.08333333,0.22
20,0.08
19.91666667,0.24
19.83333333,0.12
19.75,0.1
19.66666667,0.08
19.58333333,0.04
19.5,-0.04
19.41666667,0.04
19.33333333,0.18
19.25,0.17
19.16666667,0
19.08333333,-0.17
19,-0.11
18.91666667,-0.14
18.83333333,-0.05
18.75,0.09
18.66666667,-0.17
18.58333333,-0.08
18.5,-0.13
18.41666667,-0.07
18.33333333,-0.13
18.25,-0.06
18.16666667,0.2
18.08333333,-0.15
18,-0.26
17.91666667,-0.05
17.83333333,-0.04
17.75,0.1
17.66666667,-0.05
17.58333333,-0.01
17.5,0.03
17.41666667,-0.08
17.33333333,0.11
17.25,-0.04
17.16666667,0.05
17.08333333,-0.22
17,-0.08
16.91666667,-0.03
16.83333333,-0.01
16.75,-0.16
16.66666667,-0.03
16.58333333,-0.08
16.5,0.08
16.41666667,0
16.33333333,-0.12
16.25,-0.14
16.16666667,0.03
16.08333333,-0.05
16,-0.19
15.91666667,-0.08
15.83333333,-0.06
15.75,-0.06
15.66666667,-0.14
15.58333333,-0.05
15.5,-0.14
15.41666667,-0.08
15.33333333,-0.11
15.25,-0.2
15.16666667,-0.13
15.08333333,-0.17
15,-0.08
14.91666667,-0.3
14.83333333,-0.22
14.75,-0.31
14.66666667,-0.3
14.58333333,-0.21
14.5,-0.05
14.41666667,-0.05
14.33333333,-0.25
14.25,-0.32
14.16666667,-0.22
14.08333333,-0.1
14,-0.09
13.91666667,-0.03
13.83333333,0.14
13.75,0.14
13.66666667,0.18
13.58333333,0.22
13.5,0.07
13.41666667,0.03
13.33333333,-0.06
13.25,-0.07
13.16666667,-0.13
13.08333333,0.18
13,-0.03
12.91666667,-0.03
12.83333333,0.06
12.75,0.02
12.66666667,0.02
12.58333333,-0.02
12.5,0.02
12.41666667,0.05
12.33333333,-0.07
12.25,0.06
12.16666667,0.11
12.08333333,0.16
12,0.06
11.91666667,-0.16
11.83333333,0.04
11.75,0.02
11.66666667,0.08
11.58333333,0.01
11.5,0.01
11.41666667,0.11
11.33333333,0.13
11.25,0.12
11.16666667,0.1
11.08333333,0.19
11,0.07
10.91666667,0.19
10.83333333,-0.11
10.75,0.05
10.66666667,0.06
10.58333333,0.03
10.5,-0.04
10.41666667,-0.04
10.33333333,-0.07
10.25,-0.15
10.16666667,-0.34
10.08333333,0.15
10,0
9.916666667,0
9.833333333,-0.07
9.75,-0.06
9.666666667,-0.06
9.583333333,0
9.5,0.03
9.416666667,0.03
9.333333333,0.05
9.25,0.14
9.166666667,0.18
9.083333333,0.07
9,0.08
8.916666667,0.01
8.833333333,0.02
8.75,0.04
8.666666667,-0.01
8.583333333,-0.03
8.5,0.06
8.416666667,-0.07
8.333333333,0.05
8.25,0.01
8.166666667,0.09
8.083333333,0.21
8,0.39
7.916666667,0.15
7.833333333,0.07
7.75,0
7.666666667,0.08
7.583333333,0.13
7.5,0.03
7.416666667,0.16
7.333333333,0.1
7.25,0.01
7.166666667,-0.04
7.083333333,-0.03
7,-0.09
6.916666667,-0.06
6.833333333,-0.14
6.75,-0.23
6.666666667,-0.19
6.583333333,-0.26
6.5,-0.09
6.416666667,-0.16
6.333333333,-0.29
6.25,-0.27
6.166666667,-0.21
6.083333333,-0.24
6,-0.13
5.916666667,-0.28
5.833333333,-0.25
5.75,-0.05
5.666666667,-0.11
5.583333333,0.02
5.5,-0.12
5.416666667,-0.14
5.333333333,-0.2
5.25,-0.22
5.166666667,-0.32
5.083333333,-0.16
5,0.13
4.916666667,-0.18
4.833333333,0.08
4.75,-0.02
4.666666667,-0.1
4.583333333,-0.17
4.5,-0.19
4.416666667,-0.19
4.333333333,-0.2
4.25,-0.14
4.166666667,-0.15
4.083333333,-0.1
4,-0.24
3.916666667,0.05
3.833333333,-0.03
3.75,0.08
3.666666667,0.04
3.583333333,0.05
3.5,0.01
3.416666667,0.11
3.333333333,0.11
3.25,0.19
3.166666667,0.11
3.083333333,0.15
3,0.08
2.916666667,-0.02
2.833333333,-0.13
2.75,0
2.666666667,0.07
2.583333333,0.05
2.5,0.04
2.416666667,-0.03
2.333333333,-0.03
2.25,0.03
2.166666667,-0.08
2.083333333,0.11
2,0.11
1.916666667,0.16
1.833333333,-0.01
1.75,0.08
1.666666667,0.05
1.583333333,0.06
1.5,-0.01
1.416666667,-0.07
1.333333333,-0.01
1.25,-0.14
1.166666667,-0.2
1.083333333,-0.42
1,-0.34
0.916666667,-0.21
0.833333333,-0.34
0.75,-0.21
0.666666667,-0.12
0.583333333,-0.16
0.5,-0.09
0.416666667,-0.06
0.333333333,-0.12
0.25,-0.21
0.166666667,-0.08
0.083333333,-0.27
6.28E-11,-0.26
-0.083333333,-0.18
-0.166666667,-0.1
-0.25,-0.07
-0.333333333,-0.15
-0.416666667,-0.13
-0.5,-0.13
-0.583333333,-0.28
-0.666666667,-0.11
-0.75,-0.11
-0.833333333,-0.02
-0.916666667,-0.15
-1,0.06
-1.083333333,-0.24
-1.166666667,-0.13
-1.25,-0.05
-1.333333333,-0.15
-1.416666667,-0.12
-1.5,-0.12
-1.583333333,-0.05
-1.666666667,-0.01
-1.75,-0.12
-1.833333333,-0.25
-1.916666667,-0.15
-2,0.07
-2.083333333,-0.14
-2.166666667,0.03
-2.25,0.07
-2.333333333,-0.13
-2.416666667,-0.07
-2.5,-0.05
-2.583333333,-0.02
-2.666666667,-0.02
-2.75,0.06
-2.833333333,0.06
-2.916666667,-0.08
-3,-0.07
-3.083333333,-0.31
-3.166666667,-0.05
-3.25,-0.08
-3.333333333,-0.08
-3.416666667,-0.2
-3.5,-0.13
-3.583333333,-0.21
-3.666666667,-0.08
-3.75,0.05
-3.833333333,0.01
-3.916666667,0.02
-4,0.15
-4.083333333,-0.07
-4.166666667,0.07
-4.25,0.18
-4.333333333,0.2
-4.416666667,0.26
-4.5,0.03
-4.583333333,0
-4.666666667,0.05
-4.75,0.19
-4.833333333,0.05
-4.916666667,0
-5,0.1
-5.083333333,0.03
-5.166666667,0.11
-5.25,0.26
-5.333333333,0.27
-5.416666667,0.18
-5.5,0.17
-5.583333333,0.15
-5.666666667,0.18
-5.75,0.19
-5.833333333,0.26
-5.916666667,0.24
-6,0.36
-6.083333333,0.23
-6.166666667,0.2
-6.25,0.23
-6.333333333,0.05
-6.416666667,0.01
-6.5,0.08
-6.583333333,-0.05
-6.666666667,0.06
-6.75,0.1
-6.833333333,-0.04
-6.916666667,0.17
-7,-0.01
-7.083333333,0.13
-7.166666667,0.1
-7.25,0.01
-7.333333333,-0.03
-7.416666667,-0.04
-7.5,0
-7.583333333,0.05
-7.666666667,0.11
-7.75,0.09
-7.833333333,0.05
-7.916666667,0.03
-8,0.3
-8.083333333,0.22
-8.166666667,0.23
-8.25,0.35
-8.333333333,0.02
-8.416666667,0.15
-8.5,0.21
-8.583333333,0.13
-8.666666667,0.17
-8.75,0.16
-8.833333333,0.1
-8.916666667,0.31
-9,0.18
-9.083333333,0.32
-9.166666667,0.17
-9.25,0.11
-9.333333333,0.15
-9.416666667,0.07
-9.5,0.12
-9.583333333,0.11
-9.666666667,0.11
-9.75,0.18
-9.833333333,0.09
-9.916666667,0.09
-10,0
-10.08333333,0.44
-10.16666667,0.07
-10.25,-0.04
-10.33333333,-0.07
-10.41666667,-0.06
-10.5,-0.06
-10.58333333,-0.07
-10.66666667,-0.05
-10.75,-0.1
-10.83333333,-0.18
-10.91666667,-0.07
-11,-0.05
-11.08333333,-0.13
-11.16666667,0.08
-11.25,0.15
-11.33333333,0
-11.41666667,-0.06
-11.5,-0.1
-11.58333333,-0.17
-11.66666667,-0.1
-11.75,0.06
-11.83333333,0.09
-11.91666667,0.03
-12,0.08
-12.08333333,-0.07
-12.16666667,0.08
-12.25,0.09
-12.33333333,0.09
-12.41666667,0.02
-12.5,-0.04
-12.58333333,-0.05
-12.66666667,-0.05
-12.75,-0.16
-12.83333333,-0.21
-12.91666667,0.03
-13,-0.07
-13.08333333,-0.01
-13.16666667,0.01
-13.25,-0.03
-13.33333333,-0.09
-13.41666667,-0.13
-13.5,-0.1
-13.58333333,-0.22
-13.66666667,-0.17
-13.75,-0.2
-13.83333333,-0.22
-13.91666667,-0.39
-14,-0.28
-14.08333333,-0.18
-14.16666667,-0.26
-14.25,-0.06
-14.33333333,-0.22
-14.41666667,-0.22
-14.5,-0.22
-14.58333333,-0.27
-14.66666667,-0.3
-14.75,-0.37
-14.83333333,-0.15
-14.91666667,0.14
-15,-0.34
-15.08333333,-0.02
-15.16666667,0.03
-15.25,-0.07
-15.33333333,-0.16
-15.41666667,-0.12
-15.5,-0.11
-15.58333333,-0.15
-15.66666667,-0.1
-15.75,-0.31
-15.83333333,-0.29
-15.91666667,-0.03
-16,-0.22
-16.08333333,-0.45
-16.16666667,-0.3
-16.25,-0.25
-16.33333333,-0.29
-16.41666667,-0.23
-16.5,-0.21
-16.58333333,-0.34
-16.66666667,-0.29
-16.75,-0.24
-16.83333333,-0.29
-16.91666667,-0.29
-17,-0.23
-17.08333333,-0.26
-17.16666667,-0.27
-17.25,-0.09
-17.33333333,-0.11
-17.41666667,-0.21
-17.5,-0.25
-17.58333333,-0.29
-17.66666667,-0.17
-17.75,-0.05
-17.83333333,-0.18
-17.91666667,-0.17
-18,0.15
-18.08333333,-0.06
-18.16666667,-0.05
-18.25,0.05
-18.33333333,-0.07
-18.41666667,-0.04
-18.5,-0.04
-18.58333333,-0.08
-18.66666667,-0.19
-18.75,-0.23
-18.83333333,-0.1
-18.91666667,-0.21
-19,-0.1
-19.08333333,-0.06
-19.16666667,0.18
-19.25,-0.12
-19.33333333,-0.16
-19.41666667,-0.15
-19.5,-0.21
-19.58333333,-0.22
-19.66666667,-0.24
-19.75,-0.25
-19.83333333,-0.11
-19.91666667,-0.27
-20,-0.3
-20.08333333,-0.54
-20.16666667,-0.11
-20.25,-0.14
-20.33333333,-0.26
-20.41666667,-0.32
-20.5,-0.37
-20.58333333,-0.44
-20.66666667,-0.38
-20.75,-0.42
-20.83333333,-0.33
-20.91666667,-0.59
-21,-0.45
-21.08333333,-0.16
-21.16666667,-0.09
-21.25,-0.2
-21.33333333,-0.22
-21.41666667,-0.23
-21.5,-0.2
-21.58333333,-0.39
-21.66666667,-0.3
-21.75,-0.28
-21.83333333,-0.26
-21.91666667,-0.09
-22,-0.02
-22.08333333,-0.33
-22.16666667,-0.06
-22.25,-0.01
-22.33333333,-0.13
-22.41666667,-0.24
-22.5,-0.19
-22.58333333,-0.27
-22.66666667,-0.25
-22.75,-0.31
-22.83333333,-0.39
-22.91666667,-0.18
-23,-0.27
-23.08333333,-0.29
-23.16666667,-0.06
-23.25,-0.11
-23.33333333,-0.14
-23.41666667,-0.13
-23.5,-0.28
-23.58333333,-0.26
-23.66666667,-0.24
-23.75,-0.13
-23.83333333,0.1
-23.91666667,0.02
-24,0.2
-24.08333333,0.06
-24.16666667,0.05
-24.25,-0.17
-24.33333333,-0.2
-24.41666667,-0.2
-24.5,-0.27
-24.58333333,-0.32
-24.66666667,-0.29
-24.75,-0.26
-24.83333333,-0.28
-24.91666667,-0.41
-25,-0.39
-25.08333333,-0.43
-25.16666667,-0.21
-25.25,-0.35
-25.33333333,-0.32
-25.41666667,-0.36
-25.5,-0.29
-25.58333333,-0.26
-25.66666667,-0.18
-25.75,-0.31
-25.83333333,-0.08
-25.91666667,-0.24
-26,-0.23
-26.08333333,-0.04
-26.16666667,-0.02
-26.25,-0.13
-26.33333333,-0.31
-26.41666667,-0.33
-26.5,-0.31
-26.58333333,-0.29
-26.66666667,-0.34
-26.75,-0.4
-26.83333333,-0.34
-26.91666667,-0.39
-27,-0.28
-27.08333333,-0.19
-27.16666667,-0.15
-27.25,-0.33
-27.33333333,-0.36
-27.41666667,-0.32
-27.5,-0.28
-27.58333333,-0.31
-27.66666667,-0.34
-27.75,-0.23
-27.83333333,-0.15
-27.91666667,-0.44
-28,-0.33
-28.08333333,-0.18
-28.16666667,-0.14
-28.25,-0.03
-28.33333333,-0.19
-28.41666667,-0.26
-28.5,-0.15
-28.58333333,-0.28
-28.66666667,-0.31
-28.75,-0.3
-28.83333333,-0.24
-28.91666667,-0.18
-29,-0.05
-29.08333333,-0.47
-29.16666667,-0.27
-29.25,-0.27
-29.33333333,-0.22
-29.41666667,-0.27
-29.5,-0.31
-29.58333333,-0.36
-29.66666667,-0.27
-29.75,-0.24
-29.83333333,-0.13
-29.91666667,-0.27
-30,-0.25
-30.08333333,-0.42
-30.16666667,-0.41
-30.25,-0.2
-30.33333333,-0.26
-30.41666667,-0.33
-30.5,-0.29
-30.58333333,-0.36
-30.66666667,-0.28
-30.75,-0.12
-30.83333333,-0.21
-30.91666667,-0.24
-31,-0.2
-31.08333333,-0.29
-31.16666667,-0.11
-31.25,-0.06
-31.33333333,-0.18
-31.41666667,-0.31
-31.5,-0.32
-31.58333333,-0.36
-31.66666667,-0.43
-31.75,-0.44
-31.83333333,-0.25
-31.91666667,-0.34
-32,-0.47
-32.08333333,-0.68
-32.16666667,-0.33
-32.25,-0.44
-32.33333333,-0.23
-32.41666667,-0.22
-32.5,-0.26
-32.58333333,-0.44
-32.66666667,-0.55
-32.75,-0.55
-32.83333333,-0.64
-32.91666667,-0.63
-33,-0.57
-33.08333333,-0.82
-33.16666667,-0.46
-33.25,-0.33
-33.33333333,-0.36
-33.41666667,-0.28
-33.5,-0.37
-33.58333333,-0.49
-33.66666667,-0.35
-33.75,-0.31
-33.83333333,-0.28
-33.91666667,-0.14
-34,-0.12
-34.08333333,-0.21
-34.16666667,-0.13
-34.25,-0.24
-34.33333333,-0.21
-34.41666667,-0.22
-34.5,-0.13
-34.58333333,-0.22
-34.66666667,-0.07
-34.75,0.06
-34.83333333,-0.1
-34.91666667,-0.04
-35,-0.2
-35.08333333,-0.04
-35.16666667,-0.15
-35.25,-0.03
-35.33333333,-0.17
-35.41666667,-0.16
-35.5,-0.24
-35.58333333,-0.26
-35.66666667,-0.22
-35.75,-0.3
-35.83333333,-0.24
-35.91666667,-0.1
-36,0.04
-36.08333333,-0.02
-36.16666667,-0.19
-36.25,-0.32
-36.33333333,-0.35
-36.41666667,-0.33
-36.5,-0.36
-36.58333333,-0.45
-36.66666667,-0.44
-36.75,-0.39
-36.83333333,-0.43
-36.91666667,-0.45
-37,-0.41
-37.08333333,-0.43
-37.16666667,-0.38
-37.25,-0.58
-37.33333333,-0.58
-37.41666667,-0.54
-37.5,-0.42
-37.58333333,-0.23
-37.66666667,-0.22
-37.75,-0.18
-37.83333333,-0.38
-37.91666667,-0.14
-38,-0.25
-38.08333333,-0.21
-38.16666667,-0.21
-38.25,-0.27
-38.33333333,-0.41
-38.41666667,-0.44
-38.5,-0.41
-38.58333333,-0.49
-38.66666667,-0.51
-38.75,-0.53
-38.83333333,-0.61
-38.91666667,-0.57
-39,-0.62
-39.08333333,-0.67
-39.16666667,-0.55
-39.25,-0.41
-39.33333333,-0.39
-39.41666667,-0.37
-39.5,-0.35
-39.58333333,-0.39
-39.66666667,-0.34
-39.75,-0.42
-39.83333333,-0.5
-39.91666667,-0.42
-40,-0.41
-40.08333333,-0.56
-40.16666667,-0.31
-40.25,-0.4
-40.33333333,-0.39
-40.41666667,-0.33
-40.5,-0.45
-40.58333333,-0.52
-40.66666667,-0.54
-40.75,-0.59
-40.83333333,-0.54
-40.91666667,-0.46
-41,-0.72
-41.08333333,-0.49
-41.16666667,-0.51
-41.25,-0.44
-41.33333333,-0.36
-41.41666667,-0.46
-41.5,-0.35
-41.58333333,-0.38
-41.66666667,-0.38
-41.75,-0.44
-41.83333333,-0.55
-41.91666667,-0.33
-42,-0.45
-42.08333333,-0.46
-42.16666667,-0.46
-42.25,-0.23
-42.33333333,-0.34
-42.41666667,-0.34
-42.5,-0.35
-42.58333333,-0.42
-42.66666667,-0.46
-42.75,-0.37
-42.83333333,-0.27
-42.91666667,-0.51
-43,-0.43
-43.08333333,-0.14
-43.16666667,-0.37
-43.25,-0.2
-43.33333333,-0.28
-43.41666667,-0.2
-43.5,-0.23
-43.58333333,-0.2
-43.66666667,-0.26
-43.75,-0.05
-43.83333333,-0.18
-43.91666667,-0.29
-44,-0.28
-44.08333333,-0.13
-44.16666667,-0.06
-44.25,-0.24
-44.33333333,-0.19
-44.41666667,-0.2
-44.5,-0.26
-44.58333333,-0.28
-44.66666667,-0.29
-44.75,-0.33
-44.83333333,-0.21
-44.91666667,-0.59
-45,-0.34
-45.08333333,-0.33
-45.16666667,-0.17
-45.25,-0.39
-45.33333333,-0.55
-45.41666667,-0.48
-45.5,-0.51
-45.58333333,-0.48
-45.66666667,-0.51
-45.75,-0.5
-45.83333333,-0.48
-45.91666667,-0.58
-46,-0.64
-46.08333333,-0.51
-46.16666667,-0.42
-46.25,-0.48
-46.33333333,-0.49
-46.41666667,-0.45
-46.5,-0.35
-46.58333333,-0.42
-46.66666667,-0.4
-46.75,-0.4
-46.83333333,-0.22
-46.91666667,-0.05
-47,-0.23
-47.08333333,-0.41
-47.16666667,-0.35
-47.25,-0.28
-47.33333333,-0.29
-47.41666667,-0.3
-47.5,-0.28
-47.58333333,-0.3
-47.66666667,-0.32
-47.75,-0.28
-47.83333333,-0.28
-47.91666667,-0.06
-48,-0.17
-48.08333333,-0.27
-48.16666667,-0.17
-48.25,-0.28
-48.33333333,-0.22
-48.41666667,-0.2
-48.5,-0.14
-48.58333333,-0.12
-48.66666667,-0.15
-48.75,-0.01
-48.83333333,0.06
-48.91666667,-0.1
-49,-0.21
-49.08333333,-0.05
-49.16666667,-0.06
-49.25,0.11
-49.33333333,-0.05
-49.41666667,-0.08
-49.5,-0.12
-49.58333333,-0.09
-49.66666667,-0.08
-49.75,-0.08
-49.83333333,0.01
-49.91666667,-0.04
-50,-0.34
-50.08333333,-0.25
-50.16666667,0.14
-50.25,-0.03
-50.33333333,-0.04
-50.41666667,-0.08
-50.5,-0.15
-50.58333333,-0.31
-50.66666667,-0.23
-50.75,-0.2
-50.83333333,-0.35
-50.91666667,-0.38
-51,-0.15
-51.08333333,-0.22
-51.16666667,-0.37
-51.25,-0.33
-51.33333333,-0.2
-51.41666667,-0.25
-51.5,-0.21
-51.58333333,-0.18
-51.66666667,-0.29
-51.75,-0.29
-51.83333333,-0.49
-51.91666667,-0.28
-52,-0.01
-52.08333333,-0.19
-52.16666667,-0.17
-52.25,-0.11
-52.33333333,-0.08
-52.41666667,-0.09
-52.5,-0.02
-52.58333333,-0.11
-52.66666667,-0.01
-52.75,-0.02
-52.83333333,-0.13
-52.91666667,-0.16
-53,-0.14
-53.08333333,-0.04
-53.16666667,-0.03
-53.25,0.07
-53.33333333,-0.07
-53.41666667,-0.04
-53.5,-0.02
-53.58333333,-0.1
-53.66666667,-0.15
-53.75,-0.29
-53.83333333,-0.25
-53.91666667,-0.12
-54,-0.21
-54.08333333,-0.13
-54.16666667,-0.16
-54.25,-0.1
-54.33333333,-0.12
-54.41666667,-0.16
-54.5,-0.16
-54.58333333,-0.2
-54.66666667,-0.26
-54.75,-0.2
-54.83333333,-0.31
-54.91666667,-0.41
-55,-0.39
-55.08333333,-0.2
-55.16666667,-0.25
-55.25,-0.22
-55.33333333,-0.27
-55.41666667,-0.23
-55.5,-0.23
-55.58333333,-0.4
-55.66666667,-0.3
-55.75,-0.44
-55.83333333,-0.22
-55.91666667,-0.28
-56,-0.51
-56.08333333,-0.32
-56.16666667,-0.18
-56.25,-0.18
-56.33333333,-0.22
-56.41666667,-0.24
-56.5,-0.14
-56.58333333,-0.25
-56.66666667,-0.34
-56.75,-0.27
-56.83333333,-0.22
-56.91666667,-0.55
-57,-0.8
-57.08333333,-0.38
-57.16666667,-0.41
-57.25,-0.14
-57.33333333,-0.16
-57.41666667,-0.26
-57.5,-0.31
-57.58333333,-0.21
-57.66666667,-0.23
-57.75,-0.33
-57.83333333,-0.39
-57.91666667,-0.1
-58,-0.28
-58.08333333,-0.04
-58.16666667,-0.3
-58.25,-0.21
-58.33333333,-0.15
-58.41666667,-0.16
-58.5,-0.17
-58.58333333,-0.2
-58.66666667,-0.16
-58.75,-0.26
-58.83333333,-0.17
-58.91666667,-0.46
-59,-0.33
-59.08333333,-0.3
-59.16666667,-0.43
-59.25,-0.24
-59.33333333,-0.36
-59.41666667,-0.38
-59.5,-0.27
-59.58333333,-0.24
-59.66666667,-0.39
-59.75,-0.29
-59.83333333,-0.4
-59.91666667,-0.45
-60,-0.41
-60.08333333,-0.28
-60.16666667,-0.32
-60.25,-0.25
-60.33333333,-0.23
-60.41666667,-0.19
-60.5,-0.07
-60.58333333,-0.09
-60.66666667,0
-60.75,0.1
-60.83333333,0.07
-60.91666667,0.18
-61,-0.08
-61.08333333,-0.04
-61.16666667,0.05
-61.25,0.03
-61.33333333,-0.11
-61.41666667,-0.14
-61.5,-0.09
-61.58333333,-0.16
-61.66666667,-0.21
-61.75,-0.19
-61.83333333,-0.4
-61.91666667,-0.34
-62,-0.33
-62.08333333,-0.32
-62.16666667,-0.25
-62.25,-0.34
-62.33333333,-0.24
-62.41666667,-0.34
-62.5,-0.25
-62.58333333,-0.23
-62.66666667,-0.29
-62.75,-0.33
-62.83333333,-0.34
-62.91666667,-0.56
-63,-0.7
-63.08333333,-0.24
-63.16666667,-0.26
-63.25,-0.26
-63.33333333,-0.23
-63.41666667,-0.29
-63.5,-0.17
-63.58333333,-0.33
-63.66666667,-0.23
-63.75,-0.27
-63.83333333,-0.42
-63.91666667,-0.49
-64,-0.42
-64.08333333,-0.09
-64.16666667,-0.22
-64.25,-0.22
-64.33333333,-0.27
-64.41666667,-0.29
-64.5,-0.32
-64.58333333,-0.42
-64.66666667,-0.44
-64.75,-0.41
-64.83333333,-0.25
-64.91666667,-0.32
-65,-0.58
-65.08333333,-0.3
-65.16666667,-0.32
-65.25,-0.24
-65.33333333,-0.27
-65.41666667,-0.27
-65.5,-0.32
-65.58333333,-0.34
-65.66666667,-0.34
-65.75,-0.4
-65.83333333,-0.36
-65.91666667,-0.08
-66,-0.13
-66.08333333,-0.11
-66.16666667,-0.24
-66.25,-0.11
-66.33333333,-0.21
-66.41666667,-0.13
-66.5,-0.07
-66.58333333,-0.07
-66.66666667,-0.17
-66.75,-0.18
-66.83333333,-0.12
-66.91666667,-0.36
-67,-0.28
-67.08333333,-0.35
-67.16666667,-0.16
-67.25,-0.23
-67.33333333,-0.14
-67.41666667,-0.06
-67.5,-0.15
-67.58333333,-0.22
-67.66666667,-0.14
-67.75,-0.16
-67.83333333,0.05
-67.91666667,0.15
-68,0.17
-68.08333333,-0.06
-68.16666667,-0.17
-68.25,-0.21
-68.33333333,-0.14
-68.41666667,-0.02
-68.5,0.01
-68.58333333,-0.18
-68.66666667,0.07
-68.75,0.06
-68.83333333,0.04
-68.91666667,-0.13
-69,-0.19
-69.08333333,-0.17
-69.16666667,-0.21
-69.25,-0.22
-69.33333333,-0.14
-69.41666667,-0.09
-69.5,-0.17
-69.58333333,-0.2
-69.66666667,-0.09
-69.75,-0.15
-69.83333333,-0.09
-69.91666667,-0.24
-70,-0.17
-73,-0.126453094
-82,0.01505394
-91,0.01505394
-100,-0.156560973
-110,0.237852248
-119,-0.165593337
-129,-0.334197462
-140,0.114409942
-150,-0.120431518
-161,0.316132735
-171,0.084302063
-181,-0.216776732
-191,-0.370326918
-202,0.153550185
-212,-0.734632259
-223,0.126453094
-234,0.252906188
-245,0.213765944
-255,-0.006021576
-267,-0.042151031
-278,-0.424521101
-289,-0.10236679
-301,0.048172607
-312,-0.36731613
-324,-0.123442306
-336,-0.177636489
-347,0.009032364
-359,-0.201722792
-371,-0.270970915
-383,-0.460650556
-395,-0.141507034
-407,-0.036129455
-419,0.063226547
-430,-0.520866315
-442,0.048172607
-454,0.042151031
-466,-0.168604125
-478,-0.240863036
-490,0.126453094
-503,-0.710545956
-516,-0.255916976
-529,-0.108388366
-542,0.379359281
-555,0.210755156
-568,-0.231830672
-581,0.421510313
-594,-0.261938551
-606,-0.243873824
-619,0.43957504
-632,0.295057219
-645,0.081291275
-658,-0.289035643
-672,-0.183658065
-687,-0.189679641
-701,-0.147528609
-715,-0.289035643
-729,-0.433553464
-744,-0.273981703
-759,-0.030107879
-772,-0.048172607
-786,0.096345214
-799,0.009032364
-812,0.168604125
-825,0.283014067
-837,0.35226219
-849,0.451618192
-862,-0.310111159
-875,0.177636489
-889,-0.424521101
-903,0.276992491
-917,-0.310111159
-932,-0.201722792
-947,-0.165593337
-961,-0.225809096
-976,0.114409942
-990,-0.120431518
-1005,-0.13247467
-1019,-0.286024855
-1032,0.042151031
-1047,0.298068007
-1061,0.108388366
-1075,-0.225809096
-1089,-0.240863036
-1104,0.216776732
-1118,-0.162582549
-1133,0.466672132
-1147,-0.270970915
-1161,-0.10236679
-1174,0.280003279
-1188,0.310111159
-1201,0.264949339
-1215,-0.162582549
-1229,0.174625701
-1244,0.111399154
-1258,0.081291275
-1273,-0.048172607
-1287,-0.090323638
-1302,0.370326918
-1316,0.066237335
-1330,0.267960127
-1345,-0.051183395
-1359,0.466672132
-1373,0.267960127
-1387,-0.051183395
-1401,-0.006021576
-1416,-0.144517821
-1432,-0.210755156
-1448,-0.135485458
-1463,0.313121947
-1479,-0.280003279
-1494,-0.096345214
-1510,-0.162582549
-1525,-0.081291275
-1541,0.270970915
-1556,-0.276992491
-1572,0.012043152
-1588,0.072258911
-1604,-0.346240614
-1621,-0.252906188
-1637,0.21978752
-1654,-0.373337706
-1670,0.126453094
-1686,0.105377578
-1702,-0.243873824
-1720,-0.168604125
-1737,-0.033118667
-1754,0.030107879
-1771,0.165593337
-1787,-0.424521101
-1804,0.075269699
-1822,-0.313121947
-1839,-0.298068007
-1856,0.105377578
-1873,-0.319143522
-1889,0.538931043
-1905,0
-1922,0.003010788
-1938,-0.114409942
-1956,0.054194183
-1973,-0.090323638
-1990,-0.21978752
-2007,-0.325165098
-2025,-0.006021576
-2044,-0.276992491
-2061,0.487747648
-2078,-0.210755156
-2095,-0.222798308
-2113,0.13247467
-2130,-0.192690429
-2147,-0.10236679
-2165,-0.307100371
-2184,-0.144517821
-2202,-0.138496246
-2219,0.060215759
-2237,0.258927764
-2253,0.090323638
-2271,-0.105377578
-2289,0.051183395
-2306,-0.617211529
-2327,-0.424521101
-2347,-0.189679641
-2367,-0.2498954
-2385,-0.283014067
-2405,-0.593125226
-2424,-0.23484146
-2443,0
-2463,-0.195701217
-2481,-0.189679641
-2500,0.048172607
-2518,-0.135485458
-2535,0.276992491
-2553,-0.033118667
-2571,0.153550185
-2589,-0.231830672
-2607,0.111399154
-2625,0.255916976
-2642,0.027097092
-2659,-0.057204971
-2678,-0.168604125
-2697,-0.060215759
-2715,-0.264949339
-2733,0.388391645
-2750,0.267960127
-2767,0.243873824
-2784,0.273981703
-2801,0.003010788
-2818,0.397424009
-2835,0.33720825
-2852,0.33720825
-2870,0.012043152
-2888,-0.192690429
-2906,-0.301078795
-2924,0.171614913
-2943,0.08731285
-2961,-0.10236679
-2980,-0.273981703
-3000,-0.003010788
-3019,-0.153550185
-3037,0.030107879
-3056,0.045161819
-3074,-0.009032364
-3092,0.189679641
-3110,0.286024855
-3129,0.382370069
-3147,-0.43957504
-3165,-0.273981703
-3186,-0.391402433
-3207,0.186668853
-3227,-0.246884612
-3247,-0.529898679
-3267,0.141507034
-3287,-0.222798308
-3307,-0.316132735
-3326,0.210755156
-3346,-0.213765944
-3365,-0.433553464
-3385,-0.003010788
-3405,-0.084302063
-3425,-0.13247467
-3445,-0.054194183
-3465,-0.006021576
-3484,0.138496246
-3503,-0.313121947
-3522,0.406456373
-3541,0.045161819
-3559,-0.08731285
-3578,0.048172607
-3598,-0.201722792
-3618,0.276992491
-3636,0.231830672
-3654,0.051183395
-3672,0.186668853
-3691,0.310111159
-3709,-0.307100371
-3727,0.409467161
-3746,0.379359281
-3764,-0.472693708
-3783,0.32215431
-3802,0.024086304
-3822,0.078280487
-3842,-0.210755156
-3861,-0.276992491
-3881,0.216776732
-3900,-0.036129455
-3920,-0.156560973
-3940,-0.057204971
-3960,-0.123442306
-3980,0.120431518
-3999,-0.168604125
-4019,-0.177636489
-4038,0.23484146
-4057,0.243873824
-4076,-0.349251402
-4095,0.267960127
-4115,0.246884612
-4134,-0.177636489
-4154,-0.126453094
-4173,0.018064728
-4193,0.150539397
-4212,-0.472693708
-4231,0.201722792
-4250,0.394413221
-4269,-0.060215759
-4288,0.409467161
-4307,-0.144517821
-4326,-0.310111159
-4347,0
-4367,0.08731285
-4387,0.012043152
-4406,-0.096345214
-4426,-0.270970915
-4445,0.105377578
-4465,0.400434797
-4484,-0.11742073
-4503,0.23484146
-4521,-0.210755156
-4542,-0.120431518
-4562,-0.240863036
-4582,0.003010788
-4602,0.048172607
-4622,0.081291275
-4642,-0.168604125
-4661,-0.003010788
-4681,-0.048172607
-4701,-0.114409942
-4721,0.283014067
-4741,-0.228819884
-4760,-0.364305342
-4781,-0.084302063
-4801,-0.111399154
-4821,-0.349251402
-4842,-0.096345214
-4863,0.201722792
-4882,0.075269699
-4901,-0.048172607
-4920,-0.009032364
-4939,0.111399154
-4958,0.295057219
-4978,-0.150539397
-4997,-0.198712005
-5018,-0.096345214
-5037,-0.08731285
-5057,0.108388366
-5077,-0.286024855
-5097,-0.072258911
-5118,-0.039140243
-5137,0.075269699
-5156,0.168604125
-5175,0.174625701
-5193,0.078280487
-5212,-0.141507034
-5232,-0.051183395
-5253,-0.415488737
-5273,-0.078280487
-5293,0.207744368
-5312,-0.063226547
-5332,0.20473358
-5351,-0.078280487
-5370,0.009032364
-5389,0.162582549
-5409,-0.644308621
-5430,-0.325165098
-5453,-0.385380857
-5474,-0.018064728
-5495,-0.391402433
-5516,-0.659362561
-5539,-0.246884612
-5561,0
-5580,0.370326918
-5598,-0.078280487
-5617,0.030107879
-5637,-0.225809096
-5657,-0.030107879
-5677,-0.072258911
-5697,-0.292046431
-5717,0.171614913
-5736,-0.231830672
-5756,0.415488737
-5774,-0.216776732
-5793,0.273981703
-5811,0.304089583
-5831,-0.295057219
-5850,0.08731285
-5868,0.171614913
-5887,0.096345214
-5905,-0.162582549
-5926,-0.267960127
-5946,-0.213765944
-5967,-0.463661344
-5989,-0.150539397
-6009,0.135485458
-6028,-0.006021576
-6047,-0.120431518
-6067,-0.240863036
-6087,0.018064728
-6107,0.147528609
-6127,-0.457639768
-6147,0.240863036
-6166,-0.280003279
-6186,-0.153550185
-6205,-0.213765944
-6225,0.009032364
-6245,-0.20473358
-6265,-0.370326918
-6286,0.081291275
-6306,-0.057204971
-6326,-0.391402433
-6346,-0.466672132
-6367,-0.114409942
-6388,-0.412477949
-6409,-0.228819884
-6430,-0.141507034
-6449,0.237852248
-6468,-0.042151031
-6487,-0.535920255
-6509,-0.403445585
-6531,0.243873824
-6550,-0.144517821
-6570,-0.382370069
-6590,-0.213765944
-6612,-0.683448864
-6633,-0.066237335
-6654,-0.451618192
-6675,-0.60215759
-6695,0.180647277
-6715,0.069248123
-6735,-0.084302063
-6755,-0.442585828
-6775,-0.394413221
-6797,-0.361294554
-6818,-0.32215431
-6838,-0.177636489
-6858,0.225809096
-6877,-0.075269699
-6895,0.298068007
-6913,-0.21978752
-6933,-0.240863036
-6953,-0.370326918
-6974,-0.147528609
-6994,-0.08731285
-7013,-0.433553464
-7034,-0.283014067
-7056,-0.198712005
-7076,-0.334197462
-7097,-0.349251402
-7118,-0.11742073
-7139,-0.575060498
-7160,-0.903236384
-7183,-0.397424009
-7206,-0.280003279
-7228,-0.547963406
-7249,-0.46968292
-7270,-0.430542677
-7292,-0.120431518
-7311,0.264949339
-7330,-0.243873824
-7349,-0.632265469
-7371,-0.313121947
-7392,-0.553984982
-7414,-0.508823163
-7436,-0.072258911
-7457,-0.460650556
-7478,-0.532909467
-7498,-0.280003279
-7519,0.009032364
-7539,-0.280003279
-7557,0.210755156
-7576,-0.213765944
-7595,0.2498954
-7614,-0.343229826
-7633,-0.514844739
-7655,-0.246884612
-7676,-0.138496246
-7695,0.129463882
-7714,-0.566028134
-7733,-0.343229826
-7753,0.237852248
-7773,0.141507034
-7792,-0.611189953
-7812,-0.313121947
-7833,-0.442585828
-7854,-0.448607404
-7874,-0.10236679
-7894,0.078280487
-7913,-0.168604125
-7933,-0.319143522
-7953,-0.373337706
-7974,-0.424521101
-7995,-0.376348493
-8016,-0.659362561
-8038,-0.261938551
-8060,-0.930333476
-8083,-0.340219038
-8104,-0.195701217
-8124,-0.421510313
-8145,-0.614200741
-8168,-0.764740139
-8191,-0.677427288
-8213,-0.394413221
-8235,-0.514844739
-8256,-0.231830672
-8277,-0.406456373
-8298,-0.430542677
-8319,-0.379359281
-8340,-0.373337706
-8361,-0.722589107
-8383,-0.508823163
-8405,-0.569038922
-8427,-0.421510313
-8448,-0.222798308
-8468,-0.210755156
-8488,-0.255916976
-8508,-0.840009837
-8529,-0.222798308
-8550,0.114409942
-8570,-0.243873824
-8589,-0.463661344
-8609,0.006021576
-8629,-0.36731613
-8648,-0.340219038
-8668,-0.210755156
-8688,-0.481726072
-8709,-0.466672132
-8730,-0.252906188
-8750,-0.388391645
-8770,-0.13247467
-8790,-0.60215759
-8811,-0.487747648
-8833,-0.280003279
-8852,-0.057204971
-8872,-0.270970915
-8891,-0.258927764
-8911,-0.258927764
-8931,-0.340219038
-8950,0.01505394
-8969,-0.030107879
-8988,-0.448607404
-9008,-0.201722792
-9027,-0.283014067
-9047,-0.177636489
-9066,-0.328175886
-9086,-0.147528609
-9105,-0.147528609
-9126,-0.770761715
-9147,-0.57204971
-9168,-0.018064728
-9187,-0.427531889
-9207,0.033118667
-9224,0.162582549
-9242,-0.153550185
-9262,-0.298068007
-9281,-0.472693708
-9301,-0.012043152
-9319,-0.084302063
-9338,-0.135485458
-9357,-0.171614913
-9376,-0.042151031
-9394,-0.099356002
-9412,0.072258911
-9430,0.108388366
-9447,0.144517821
-9464,-0.144517821
-9484,-0.608179165
-9504,-0.099356002
-9523,-0.334197462
-9542,0.012043152
-9561,-0.225809096
-9578,0.237852248
-9596,-0.030107879
-9614,-0.349251402
-9633,-0.024086304
-9652,-0.114409942
-9669,0.334197462
-9686,-0.012043152
-9704,0.003010788
-9721,0.135485458
-9738,-0.021075516
-9755,0.400434797
-9772,0.186668853
-9789,-0.722589107
-9809,-0.039140243
-9828,-0.060215759
-9847,-0.472693708
-9866,0.20473358
-9884,-0.183658065
-9902,0.045161819
-9920,-0.195701217
-9939,-0.292046431
-9957,0.105377578
-9976,-0.108388366
-9994,-0.225809096
-10012,0.078280487
-10029,0.096345214
-10047,-0.060215759
-10065,0.08731285
-10083,-0.355272978
-10101,0.006021576
-10117,0.418499525
-10134,0.129463882
-10151,-0.006021576
-10169,-0.141507034
-10187,0.114409942
-10205,-0.060215759
-10222,-0.325165098
-10241,-0.415488737
-10259,0.183658065
-10278,-0.021075516
-10295,-0.045161819
-10313,0.036129455
-10331,-0.529898679
-10350,0.078280487
-10369,-0.382370069
-10388,-0.141507034
-10407,-0.213765944
-10426,-0.460650556
-10445,0.093334426
-10462,0.159571761
-10479,0.349251402
-10495,0.123442306
-10511,-0.006021576
-10527,0.638287045
-10543,-0.370326918
-10562,-0.036129455
-10580,-0.165593337
-10599,-0.264949339
-10618,-0.192690429
-10637,-0.153550185
-10655,-0.081291275
-10673,0.258927764
-10691,-0.231830672
-10708,-0.252906188
-10727,-0.304089583
-10746,-0.325165098
-10766,-0.289035643
-10784,-0.105377578
-10803,-0.066237335
-10821,0.075269699
-10838,-0.153550185
-10856,-0.409467161
-10875,-0.240863036
-10895,-0.099356002
-10913,0.084302063
-10931,-0.289035643
-10949,-0.544952619
-10969,-0.198712005
-10989,-0.036129455
-11006,-0.081291275
-11024,0.090323638
-11042,-0.024086304
-11060,-0.436564252
-11079,-0.343229826
-11098,-0.141507034
-11117,-0.424521101
-11136,-0.487747648
-11157,-0.280003279
-11175,0.111399154
-11192,0.159571761
-11209,0.054194183
-11228,-0.08731285
-11246,-0.647319409
-11265,-0.183658065
-11283,-0.096345214
-11302,-0.286024855
-11319,0.388391645
-11336,0.334197462
-11354,-0.532909467
-11373,-0.23484146
-11392,-0.478715284
-11411,-0.231830672
-11430,-0.111399154
-11448,0.126453094
-11465,0.042151031
-11482,0.237852248
-11499,0.084302063
-11516,-0.21978752
-11535,-0.400434797
-11554,-0.276992491
-11573,-0.349251402
-11593,-0.346240614
-11612,-0.057204971
-11631,-0.316132735
-11649,0.003010788
-11667,-0.319143522
-11686,0.021075516
-11704,-0.388391645
-11723,-0.150539397
-11742,-0.264949339
-11760,0.021075516
-11779,-0.391402433
-11798,-0.746675411
-11820,-0.55699577
-11841,-0.629254681
-11863,-0.560006558
-11884,-0.635276257
-11905,-0.553984982
-11927,-0.836999049
-11949,-0.794848018
-11972,-0.508823163
-11993,-0.599146802
-12014,-0.590114438
-12037,-0.90925796
-12059,-0.773772503
-12082,-0.876139293
-12106,-1.336789849
-12131,-0.912268748
-12156,-0.89420402
-12181,-1.147110208
-12205,-0.79183723
-12227,-0.638287045
-12250,-1.086894449
-12273,-0.671405712
-12297,-1.273563302
-12324,-1.324746697
-12350,-1.050764994
-12376,-1.478296882
-12402,-0.954419779
-12427,-0.830977474
-12452,-1.234423059
-12477,-1.24646621
-12503,-1.162164148
-12530,-1.655933371
-12559,-1.478296882
-12588,-1.556577369
-12617,-1.400016396
-12646,-1.550555793
-12673,-1.168185724
-12700,-1.309692757
-12727,-1.26152015
-12754,-1.589696036
-12784,-1.664965735
-12813,-1.234423059
-12841,-1.427113487
-12867,-1.071840509
-12894,-1.327757485
-12922,-1.451199791
-12950,-1.517437126
-12978,-1.37894088
-13005,-1.15915336
-13032,-1.219369119
-13059,-1.387973244
-13087,-1.556577369
-13115,-1.415070335
-13143,-1.285606454
-13170,-1.044743418
-13196,-1.186250451
-13222,-1.384962456
-13249,-1.083883661
-13275,-1.074851297
-13300,-1.240444634
-13327,-1.288617242
-13354,-1.5987284
-13383,-1.523458702
-13412,-1.351843789
-13440,-1.48130767
-13468,-1.195282815
-13495,-0.830977474
-13520,-1.342811425
-13546,-1.168185724
-13572,-1.454210579
-13600,-1.499372398
-13629,-1.523458702
-13658,-1.514426338
-13687,-1.258509362
-13715,-1.439156639
-13742,-1.333779061
-13770,-0.921301112
-13796,-1.526469489
-13822,-0.948398204
-13848,-1.384962456
-13875,-1.40904876
-13903,-1.273563302
-13930,-1.050764994
-13956,-0.849042201
-13979,-0.794848018
-14002,-0.975495295
-14028,-1.198293603
-14053,-1.219369119
-14080,-1.348833001
-14106,-0.984527659
-14131,-0.815923534
-14156,-0.903236384
-14180,-1.032700266
-14205,-1.24646621
-14230,-0.307100371
-14252,-0.581082074
-14273,-0.650330197
-14295,-0.809901958
-14318,-0.752696987
-14341,-0.891193233
-14364,-0.758718563
-14390,-1.601739188
-14417,-1.138077844
-14442,-0.815923534
-14467,-1.255498574
-14493,-1.255498574
-14520,-1.068829721
-14547,-1.381951668
-14574,-1.264530938
-14601,-1.631847068
-14631,-1.487329246
-14660,-1.270552514
-14688,-1.514426338
-14716,-1.336789849
-14744,-1.089905237
-14770,-1.216358331
-14796,-1.29162803
-14823,-1.089905237
-14850,-1.210336755
-14876,-1.279584878
-14904,-1.661954947
-14933,-0.692481228
-14959,-1.366897728
-14984,-1.535501853
-15014,-1.532491065
-15042,-1.219369119
-15070,-1.255498574
-15097,-1.354854576
-15125,-1.312703545
-15153,-1.433135063
-15182,-1.553566581
-15211,-1.722170706
-15242,-1.646901007
-15273,-1.704105978
-15304,-1.658944159
-15335,-1.728192282
-15366,-1.71614913
-15397,-1.430124275
-15427,-1.538512641
-15457,-1.610771552
-15487,-1.809483557
-15518,-1.562598945
-15549,-1.917871923
-15581,-1.445178215
-15612,-1.622814704
-15642,-1.580663673
-15672,-1.689052039
-15703,-1.601739188
-15734,-1.692062827
-15765,-1.752278586
-15797,-1.860666952
-15830,-1.622814704
-15862,-2.005184773
-15894,-1.779375677
-15927,-1.794429617
-15960,-1.944969014
-15994,-2.077443684
-16029,-2.035292653
-16063,-1.788408041
-16096,-1.836580648
-16129,-1.827548284
-16162,-1.872710103
-16196,-2.230993869
-16231,-1.938947438
-16266,-1.842602224
-16299,-2.035292653
-16334,-2.044325016
-16369,-2.032281865
-16404,-2.065400532
-16440,-2.453792177
-16478,-2.122605503
-16516,-2.240026233
-16553,-2.152713383
-16589,-2.05335738
-16626,-2.658525758
-16665,-2.218950717
-16705,-2.471856905
-16744,-2.441749026
-16784,-2.477878481
-16825,-2.709709153
-16867,-2.330349872
-16907,-2.348414599
-16947,-2.5230403
-16986,-2.221961505
-17025,-2.607342363
-17066,-2.227983081
-17105,-2.821108307
-17148,-2.559169756
-17190,-2.529061876
-17233,-2.74282782
-17275,-2.526051088
-17318,-2.733795457
-17361,-2.872291702
-17407,-2.851216186
-17453,-2.851216186
-17499,-2.920464309
-17545,-2.447770601
-17586,-2.700676789
-17630,-2.932507461
-17676,-2.679601273
-17720,-2.67056891
-17764,-2.872291702
-17810,-2.956593765
-17857,-2.902399582
-17903,-2.7729357
-17949,-2.784978852
-17993,-2.691644425
-18037,-2.763903336
-18082,-2.845194611
-18128,-2.833151459
-18174,-2.818097519
-18219,-2.863259338
-18266,-2.830140671
-18312,-3.116165526
-18361,-2.610353151
-18405,-2.78798964
-18449,-2.577234483
-18493,-2.986701644
-18540,-2.7729357
-18586,-2.893367218
-18632,-2.818097519
-18678,-2.715730729
-18723,-2.917453521
-18769,-2.661536546
-18815,-3.046917403
-18862,-2.812075943
-18908,-2.541105028
-18953,-3.140251829
-19001,-2.97766928
-19049,-2.565191331
-19093,-2.872291702
-19139,-2.812075943
-19185,-2.351425387
-19226,-2.87530249
-19272,-2.682612061
-19317,-2.998744796
-19365,-2.75788176
-19411,-2.935518249
-19458,-2.896378006
-19506,-3.067992919
-19555,-2.821108307
-19603,-3.067992919
-19652,-2.989712432
-19700,-2.691644425
-19746,-2.661536546
-19790,-2.568202119
-19834,-2.863259338
-19881,-3.140251829
-19931,-2.953582977
-19979,-2.830140671
-20026,-2.721752305
-20072,-2.848205399
-20118,-2.622396302
-20163,-2.947561401
-20210,-2.775946488
-20257,-2.869280914
-20304,-2.917453521
-20352,-2.926485885
-20401,-3.064982131
-20450,-2.685622849
-20496,-2.658525758
-20541,-2.803043579
-20587,-2.857237762
-20635,-2.90541037
-20683,-2.902399582
-20731,-2.718741517
-20776,-2.818097519
-20823,-2.833151459
-20870,-2.851216186
-20918,-2.827129883
-20965,-3.052938979
-21015,-2.784978852
-21062,-2.866270126
-21109,-2.631428666
-21155,-2.727773881
-21201,-3.016809524
-21250,-3.0228311
-21300,-2.769924912
-21346,-2.586266847
-21390,-2.384544055
-21435,-3.040895827
-21482,-2.923475097
-21531,-2.679601273
-21578,-2.902399582
-21626,-3.046917403
-21676,-2.881324066
-21724,-2.697666001
-21770,-2.62540709
-21815,-2.550137392
-21859,-2.836162247
-21907,-2.751860184
-21953,-2.89035643
-22002,-2.845194611
-22050,-2.956593765
-22099,-3.004766372
-22150,-2.911431945
-22199,-2.652504182
-22244,-3.0228311
-22295,-2.983690856
-22345,-2.517018724
-22389,-2.751860184
-22436,-2.833151459
-22483,-2.631428666
-22529,-2.775946488
-22577,-2.986701644
-22626,-2.709709153
-22674,-3.004766372
-22723,-2.818097519
-22772,-2.896378006
-22821,-2.827129883
-22869,-2.929496673
-22918,-2.87530249
-22967,-2.74282782
-23014,-2.53809424
-23059,-2.661536546
-23104,-2.477878481
-23149,-2.706698365
-23195,-2.766914124
-23242,-2.646482606
-23289,-3.086057646
-23340,-2.818097519
-23388,-2.694655213
-23435,-2.794011215
-23483,-2.616374727
-23529,-2.673579698
-23575,-2.724763093
-23622,-2.601320787
-23668,-2.694655213
-23715,-2.797022003
-23763,-2.818097519
-23812,-3.128208678
-23864,-2.995734008
-23916,-2.896378006
-23965,-2.866270126
-24015,-3.185413649
-24069,-2.914442733
-24119,-2.830140671
-24168,-2.724763093
-24216,-2.709709153
-24263,-2.938529037
-24314,-2.809065155
-24363,-3.031863463
-24415,-3.040895827
-24467,-2.402608782
-24511,-2.706698365
-24558,-2.980680068
-24609,-3.074014495
-24662,-3.028852675
-24714,-2.998744796
-24766,-2.97766928
-24818,-2.872291702
-24868,-2.962615341
-24919,-2.827129883
-24969,-2.959604553
-25020,-2.995734008
-25072,-2.959604553
-25123,-2.815086731
-25173,-2.815086731
-25223,-3.074014495
-25276,-3.155305769
-25330,-3.107133162
-25384,-2.872291702
-25435,-2.971647704
-25487,-2.962615341
-25538,-2.911431945
-25589,-2.872291702
-25640,-2.800032791
-25690,-3.067992919
-25743,-3.016809524
-25795,-2.869280914
-25847,-3.152294981
-25900,-2.688633637
-25950,-2.893367218
-26000,-3.071003707
-26053,-2.703687577
-26103,-2.965626129
-26154,-2.998744796
-26207,-2.760892548
-26257,-3.131219466
-26311,-2.998744796
-26364,-2.715730729
-26413,-2.99272322
-26465,-2.812075943
-26516,-2.887345642
-26567,-2.998744796
-26620,-3.067992919
-26674,-3.043906615
-26727,-2.724763093
-26777,-2.854226974
-26828,-2.926485885
-26880,-3.049928191
-26933,-2.887345642
-26985,-2.935518249
-27037,-2.920464309
-27090,-2.989712432
-27142,-2.775946488
-27192,-2.646482606
-27240,-2.492932421
-27287,-2.661536546
-27333,-2.080454472
-27377,-2.784978852
-27425,-2.718741517
-27475,-2.616374727
-27523,-3.164338133
-27578,-2.751860184
-27628,-2.366479327
-27673,-2.321317508
-27717,-2.592288423
-27765,-2.691644425
-27814,-2.830140671
-27864,-2.5230403
-27912,-2.652504182
-27961,-2.971647704
-28014,-3.077025283
-28068,-2.754870972
-28119,-2.836162247
-28170,-2.989712432
-28224,-2.836162247
-28275,-2.622396302
-28324,-2.676590486
-28373,-2.468846117
-28419,-2.360457751
-28465,-2.616374727
-28512,-2.592288423
-28560,-2.586266847
-28608,-2.67056891
-28658,-2.848205399
-28709,-2.751860184
-28759,-2.682612061
-28809,-2.791000428
-28859,-2.514007936
-28908,-2.673579698
-28956,-2.492932421
-29004,-2.62540709
-29052,-2.486910845
-29099,-2.438738238
-29145,-2.477878481
-29192,-2.224972293
-29236,-2.589277635
-29283,-2.273144901
-29328,-2.387554843
-29375,-2.836162247
-29425,-2.673579698
-29474,-2.535083452
-29523,-2.514007936
-29570,-2.535083452
-29618,-2.50798636
-29665,-2.354436175
-29711,-2.517018724
-29758,-2.679601273
-29808,-2.956593765
-29862,-2.842183823
-29915,-2.824119095
-29967,-2.965626129
-30020,-2.529061876
-30071,-3.019820312
-30124,-2.784978852
-30177,-2.766914124
-30227,-2.501964785
-30277,-2.99272322
-30330,-2.592288423
-30380,-2.727773881
-30431,-2.766914124
-30483,-2.766914124
-30534,-2.797022003
-30586,-2.673579698
-30637,-2.673579698
-30687,-2.67056891
-30738,-2.67056891
-30788,-2.67056891
-30837,-2.279166476
-30884,-2.616374727
-30933,-2.64046103
-30983,-2.565191331
-31032,-2.863259338
-31085,-2.989712432
-31141,-2.797022003
-31194,-2.851216186
-31247,-3.0228311
-31303,-2.836162247
-31356,-2.682612061
-31408,-2.730784669
-31459,-2.679601273
-31511,-2.971647704
-31564,-2.685622849
-31618,-3.119176314
-31673,-2.766914124
-31725,-2.258090961
-31773,-2.498953997
-31821,-2.673579698
-31871,-2.559169756
-31919,-2.128627079
-31965,-2.444759814
-32012,-2.077443684
-32055,-2.529061876
-32104,-2.601320787
-32154,-2.501964785
-32203,-2.652504182
-32253,-2.468846117
-32302,-2.5230403
-32350,-2.342393023
-32399,-2.715730729
-32448,-2.393576418
-32496,-2.43572745
-32545,-2.75788176
-32598,-2.941539825
-32652,-2.848205399
-32707,-2.803043579
-32761,-2.974658492
-32816,-2.781968064
-32869,-2.586266847
-32921,-2.784978852
-32973,-2.631428666
-33024,-2.462824541
-33073,-2.417662722
-33121,-2.387554843
-33168,-2.267123325
-33215,-2.426695086
-33262,-2.336371447
-33309,-2.252069385
-33355,-2.498953997
-33404,-2.426695086
-33453,-2.550137392
-33502,-2.450781389
-33551,-2.444759814
-33599,-2.324328296
-33648,-2.806054367
-33699,-2.438738238
-33750,-2.64046103
-33801,-2.869280914
-33856,-2.869280914
-33911,-2.869280914
-33966,-2.866270126
-34021,-2.866270126
-34077,-2.75788176
-34130,-2.568202119
-34181,-2.745838608
-34234,-2.700676789
-34287,-2.884334854
-34342,-2.733795457
-34395,-2.465835329
-34445,-2.417662722
-34494,-2.574223695
-34545,-2.224972293
-34591,-2.510997148
-34640,-2.333360659
-34688,-2.312285144
-34736,-2.55314818
-34785,-2.212929142
-34832,-2.227983081
-34879,-2.520029512
-34928,-2.42067351
-34977,-2.315295932
-35024,-2.116583927
-35069,-2.315295932
-35117,-2.532072664
-35167,-2.324328296
-35214,-2.134648655
-35260,-2.264112537
-35307,-2.462824541
-35356,-2.480889269
-35406,-2.426695086
-35454,-2.050346592
-35501,-2.565191331
-35551,-2.610353151
-35602,-2.351425387
-35650,-2.291209628
-35698,-2.375511691
-35746,-2.613363939
-35798,-2.462824541
-35848,-2.781968064
-35903,-2.399597994
-35952,-2.414651934
-36001,-2.432716662
-36051,-2.423684298
-36101,-2.730784669
-36154,-2.616374727
-36206,-2.571212907
-36258,-2.504975573
-36308,-2.360457751
-36357,-2.360457751
-36406,-2.43572745
-36456,-2.468846117
-36506,-2.423684298
-36555,-2.339382235
-36604,-2.541105028
-36655,-2.432716662
-36705,-2.393576418
-36755,-2.607342363
-36807,-2.661536546
-36859,-2.571212907
-36911,-2.459813753
-36961,-2.107551563
-37007,-1.996152409
-37051,-2.381533267
-37100,-2.372500903
-37149,-2.375511691
-37198,-1.993141621
-37244,-2.345403811
-37290,-2.059378956
-37337,-2.381533267
-37384,-2.059378956
-37431,-2.450781389
-37480,-2.062389744
-37525,-2.161745746
-37571,-1.81851592
-37613,-1.860666952
-37656,-1.887764043
-37697,-1.547545005
-37737,-1.929915074
-37779,-1.571631309
-37819,-1.403027184
-37858,-1.854645376
-37899,-2.158734959
-37945,-2.176799686
-37992,-2.366479327
-38039,-1.800451193
-38082,-1.655933371
-38124,-2.146691807
-38169,-2.182821262
-38215,-2.297231204
-38263,-1.755289374
-38306,-2.191853626
-38351,-1.893785619
-38395,-1.978087682
-38439,-2.116583927
-38484,-1.993141621
-38529,-1.923893499
-38572,-1.929915074
-38616,-1.908839559
-38660,-2.05335738
-38704,-2.161745746
-38751,-2.267123325
-38798,-1.851634588
-38842,-2.074432896
-38886,-1.984109258
-38931,-1.944969014
-38976,-2.342393023
-39023,-2.06841132
-39069,-1.791418829
-39111,-2.423684298
-39161,-2.327339084
-39211,-2.468846117
-39261,-2.423684298
-39312,-2.399597994
-39362,-2.468846117
-39413,-2.399597994
-39463,-2.417662722
-39515,-2.715730729
-39569,-2.769924912
-39625,-2.739817032
-39680,-2.462824541
-39732,-2.781968064
-39787,-2.357446963
-39838,-2.55314818
-39890,-2.330349872
-39940,-2.444759814
-39990,-2.167767322
-40039,-2.483900057
-40089,-2.330349872
-40138,-2.285188052
-40188,-2.598309999
-40241,-2.568202119
-40293,-2.532072664
-40345,-2.164756534
-40394,-2.270134113
-40441,-2.18583205
-40490,-2.571212907
-40543,-2.676590486
-40597,-2.62540709
-40651,-2.619385515
-40705,-2.65551497
-40759,-2.535083452
-40812,-2.450781389
-40865,-2.827129883
-40920,-2.453792177
-40972,-2.414651934
-41023,-2.339382235
-41073,-2.279166476
-41123,-2.583256059
-41174,-2.20088599
-41223,-1.941958226
-41269,-2.273144901
-41317,-2.282177264
-41366,-2.357446963
-41416,-2.580245271
-41469,-2.005184773
-41516,-2.658525758
-41569,-2.345403811
-41620,-2.628417878
-41674,-2.393576418
-41725,-2.474867693
-41777,-2.700676789
-41832,-2.517018724
-41885,-2.649493394
-41940,-2.631428666
-41995,-2.634439454
-42050,-2.727773881
-42106,-2.721752305
-42161,-2.474867693
-42215,-2.676590486
-42268,-2.264112537
-42319,-2.462824541
-42371,-2.517018724
-42423,-2.270134113
-42473,-2.273144901
-42522,-2.339382235
-42573,-2.547126604
-42625,-2.143681019
-42674,-2.565191331
-42726,-2.291209628
-42777,-2.39056563
-42827,-2.230993869
-42876,-2.032281865
-42922,-2.128627079
-42969,-2.113573139
-43017,-2.167767322
-43064,-1.993141621
-43110,-2.056368168
-43157,-2.261101749
-43205,-2.056368168
-43252,-2.417662722
-43303,-2.387554843
-43354,-1.947979802
-43400,-2.086476048
-43447,-2.21593993
-43495,-2.378522479
-43546,-2.426695086
-43597,-2.218950717
-43647,-2.279166476
-43696,-2.351425387
-43746,-2.173788898
-43796,-2.535083452
-43849,-2.613363939
-43902,-2.414651934
-43954,-2.39056563
-44005,-2.631428666
-44058,-2.607342363
-44112,-2.501964785
-44166,-2.65551497
-44221,-2.64046103
-44276,-2.541105028
-44330,-2.42067351
-44382,-2.119594715
-44431,-2.297231204
-44482,-2.628417878
-44535,-2.498953997
-44588,-2.547126604
-44641,-2.378522479
-44692,-2.279166476
-44743,-2.384544055
-44794,-2.348414599
-44845,-2.342393023
-44896,-2.279166476
-44946,-2.30325278
-44996,-2.333360659
-45046,-2.158734959
-45095,-2.143681019
-45143,-1.993141621
-45189,-2.119594715
-45237,-2.107551563
-45284,-2.08346526
-45331,-1.984109258
-45377,-2.044325016
-45424,-1.960022954
-45470,-2.0985192
-45517,-2.077443684
-45562,-1.586685248
-45606,-2.122605503
-45652,-1.86367774
-45697,-2.014217137
-45742,-1.637868644
-45785,-1.809483557
-45827,-1.610771552
-45870,-1.890774831
-45912,-1.279584878
-45951,-1.547545005
-45992,-1.815505132
-46036,-2.065400532
-46080,-1.74625701
-46124,-1.577652885
-46165,-1.920882711
-46210,-1.899807195
-46254,-1.842602224
-46298,-1.860666952
-46341,-1.71614913
-46384,-1.722170706
-46427,-1.460232155
-46466,-1.375930092
-46504,-1.213347543
-46542,-1.698084403
-46583,-1.658944159
-46624,-1.520447914
-46666,-1.710127554
-46707,-1.580663673
-46748,-1.98109847
-46794,-1.954001378
-46840,-2.065400532
-46885,-1.770343313
-46930,-1.938947438
-46975,-1.938947438
-47020,-1.857656164
-47065,-2.032281865
-47111,-2.047335804
-47158,-1.878731679
-47203,-1.938947438
-47246,-1.49636161
-47289,-2.008195561
-47334,-1.999163197
-47380,-2.152713383
-47428,-1.984109258
-47474,-2.0985192
-47522,-2.026260289
-47569,-2.107551563
-47616,-2.167767322
-47664,-1.878731679
-47710,-1.887764043
-47755,-2.146691807
-47803,-2.306263568
-47852,-2.002173985
-47900,-2.182821262
-47950,-2.691644425
-48005,-2.384544055
-48058,-2.414651934
-48111,-2.574223695
-48165,-2.39056563
-48217,-2.20088599
-48268,-2.40561957
-48318,-2.047335804
-48367,-1.996152409
-48414,-2.047335804
-48461,-2.20088599
-48510,-2.107551563
-48558,-2.562180544
-48613,-2.276155688
-48664,-2.086476048
-48712,-2.504975573
-48766,-2.459813753
-48819,-2.131637867
-48867,-2.110562351
-48915,-1.969055318
-48962,-2.279166476
-49012,-2.309274356
-49063,-2.285188052
-49115,-2.459813753
-49167,-2.191853626
-49218,-2.423684298
-49269,-2.300241992
-49322,-2.526051088
-49375,-2.21593993
-49426,-2.396587206
-49477,-2.155724171
-49526,-2.032281865
-49575,-2.270134113
-49624,-2.243037021
-49673,-1.836580648
-49721,-2.31830672
-49770,-2.309274356
-49820,-1.896796407
-49869,-2.309274356
-49918,-2.255080173
-49970,-2.462824541
-50022,-2.125616291
-50071,-1.999163197
-50118,-2.095508412
-50166,-1.957012166
-50212,-2.113573139
-50261,-2.267123325
-50311,-2.258090961
-50362,-2.125616291
-50411,-2.122605503
-50458,-1.698084403
-50503,-2.158734959
-50551,-2.237015445
-50602,-2.441749026
-50652,-1.881742467
-50701,-2.113573139
-50749,-2.252069385
-50798,-1.984109258
-50846,-2.258090961
-50896,-2.218950717
-50945,-2.014217137
-50993,-2.020238713
-51041,-2.360457751
-51092,-2.221961505
-51143,-2.221961505
-51193,-2.173788898
-51242,-2.092497624
-51291,-2.113573139
-51339,-2.038303441
-51387,-2.17077811
-51436,-1.990130833
-51483,-1.932925862
-51528,-1.800451193
-51575,-2.230993869
-51622,-1.978087682
-51671,-2.212929142
-51719,-1.839591436
-51765,-1.999163197
-51811,-1.652922583
-51854,-2.050346592
-51901,-1.884753255
-51947,-1.797440405
-51990,-1.390984032
-52032,-1.914861135
-52075,-1.577652885
-52117,-1.875720891
-52163,-2.188842838
-52212,-1.902817983
-52258,-2.065400532
-52305,-1.902817983
-52352,-2.032281865
-52398,-1.827548284
-52443,-1.704105978
-52488,-2.119594715
-52535,-1.797440405
-52580,-1.911850347
-52625,-1.589696036
-52668,-2.023249501
-52713,-1.839591436
-52757,-1.387973244
-52799,-1.839591436
-52843,-1.860666952
-52888,-1.993141621
-52935,-2.05335738
-52982,-1.905828771
-53026,-1.279584878
-53067,-1.73120307
-53110,-1.860666952
-53153,-1.529480277
-53195,-1.62883628
-53237,-1.514426338
-53278,-1.559588157
-53318,-1.490340034
-53359,-1.48130767
-53399,-1.502383186
-53440,-1.592706824
-53482,-1.860666952
-53526,-1.896796407
-53571,-1.830559072
-53617,-2.164756534
-53666,-2.06841132
-53714,-2.005184773
-53761,-1.667976523
-53804,-1.881742467
-53848,-1.667976523
-53893,-1.963033742
-53938,-1.881742467
-53984,-2.008195561
-54031,-1.957012166
-54078,-2.101529988
-54125,-1.704105978
-54169,-1.794429617
-54213,-1.755289374
-54256,-1.631847068
-54301,-2.119594715
-54347,-2.077443684
-54396,-2.065400532
-54445,-2.227983081
-54495,-2.227983081
-54544,-2.044325016
-54594,-2.294220416
-54645,-2.378522479
-54697,-2.218950717
-54748,-2.224972293
-54797,-1.788408041
-54843,-1.987120045
-54890,-2.035292653
-54937,-1.8486238
-54982,-1.743246222
-55027,-2.086476048
-55074,-2.05335738
-55122,-1.81851592
-55168,-2.122605503
-55216,-2.062389744
-55264,-1.908839559
-55310,-1.984109258
-55358,-2.351425387
-55409,-2.044325016
-55458,-2.038303441
-55505,-2.050346592
-55554,-2.164756534
-55603,-2.218950717
-55654,-2.381533267
-55707,-2.50798636
-55761,-2.203896778
-55813,-2.212929142
-55864,-2.447770601
-55918,-2.5230403
-55971,-2.032281865
-56023,-2.610353151
-56076,-2.218950717
-56128,-2.194864414
-56178,-1.963033742
-56226,-2.071422108
-56275,-2.432716662
-56326,-1.996152409
-56376,-2.107551563
-56424,-2.137659443
-56474,-2.17077811
-56523,-1.999163197
-56571,-1.944969014
-56618,-2.291209628
-56669,-1.963033742
-56716,-2.161745746
-56766,-1.914861135
-56812,-1.845613012
-56858,-1.975076894
-56903,-1.601739188
-56948,-2.056368168
-56994,-1.881742467
-57041,-1.917871923
-57086,-1.722170706
-57130,-1.565609733
-57172,-1.803461981
-57216,-1.49636161
-57258,-1.71614913
-57300,-1.680019675
-57346,-2.345403811
-57395,-2.005184773
-57443,-1.797440405
-57488,-1.73120307
-57532,-1.93593665
-57578,-1.990130833
-57625,-1.755289374
-57669,-1.574642097
-57713,-2.092497624
-57760,-2.155724171
-57809,-2.05335738
-57857,-1.875720891
-57904,-1.866688528
-57949,-1.797440405
-57994,-1.836580648
-58039,-1.580663673
-58081,-1.978087682
-58127,-1.589696036
-58170,-1.800451193
-58212,-1.330768273
-58254,-1.815505132
-58297,-1.514426338
-58338,-1.48130767
-58379,-1.764321737
-58422,-1.704105978
-58467,-1.932925862
-58511,-1.454210579
-58552,-1.384962456
-58592,-1.562598945
-58633,-1.637868644
-58676,-1.698084403
-58718,-1.472275306
-58760,-1.785397253
-58803,-1.74625701
-58847,-1.830559072
-58892,-1.740235434
-58936,-1.776364889
-58980,-1.74625701
-59024,-1.719159918
-59067,-1.62883628
-59110,-1.61378234
-59153,-2.131637867
-59201,-1.36388694
-59242,-1.854645376
-59286,-1.884753255
-59333,-2.197875202
-59381,-1.836580648
-59426,-1.451199791
-59469,-1.890774831
-59514,-1.972066106
-59560,-1.86367774
-59606,-1.761310949
-59650,-2.152713383
-59700,-2.077443684
-59747,-1.601739188
-59791,-1.776364889
-59835,-1.782386465
-59879,-1.722170706
-59924,-2.188842838
-59972,-1.911850347
-60020,-2.041314229
-60068,-2.008195561
-60116,-2.182821262
-60166,-2.206907566
-60216,-2.08346526
-60265,-2.005184773
-60313,-2.252069385
-60364,-2.0985192
-60414,-1.881742467
-60460,-2.182821262
-60510,-2.026260289
-60558,-1.827548284
-60603,-1.743246222
-60649,-2.173788898
-60697,-2.080454472
-60747,-2.179810474
-60797,-2.264112537
-60847,-2.011206349
-60896,-1.941958226
-60944,-2.146691807
-60994,-2.339382235
-61045,-1.93593665
-61094,-2.146691807
-61142,-2.065400532
-61192,-2.134648655
-61242,-2.203896778
-61292,-2.224972293
-61343,-2.110562351
-61394,-2.441749026
-61447,-2.28819884
-61499,-2.095508412
-61550,-2.240026233
-61601,-2.339382235
-61654,-2.264112537
-61706,-2.18583205
-61757,-2.294220416
-61809,-2.339382235
-61863,-2.520029512
-61919,-2.474867693
-61974,-2.691644425
-62033,-2.459813753
-62089,-2.39056563
-62144,-2.423684298
-62198,-2.465835329
-62254,-2.589277635
-62312,-2.667558122
-62371,-2.580245271
-62428,-2.182821262
-62480,-2.682612061
-62539,-2.676590486
-62598,-2.664547334
-62657,-2.568202119
-62715,-2.480889269
-62771,-2.760892548
-62832,-2.851216186
-62894,-2.589277635
-62953,-2.532072664
-63012,-3.067992919
-63079,-2.791000428
-63141,-2.775946488
-63203,-2.833151459
-63265,-2.694655213
-63326,-2.800032791
-63388,-2.724763093
-63448,-2.658525758
-63508,-2.556158968
-63564,-2.011206349
-63615,-2.05335738
-63666,-2.510997148
-63720,-1.996152409
-63771,-2.67056891
-63829,-2.372500903
-63884,-2.366479327
-63938,-2.143681019
-63989,-2.243037021
-64042,-2.568202119
-64100,-2.733795457
-64160,-2.5230403
-64218,-2.643471818
-64278,-2.806054367
-64340,-2.622396302
-64399,-2.480889269
-64457,-2.65551497
-64516,-2.74282782
-64577,-2.529061876
-64635,-2.781968064
-64697,-2.498953997
-64756,-2.812075943
-64817,-2.712719941
-64879,-2.65551497
-64939,-2.676590486
-64998,-2.324328296
-65054,-2.324328296
-65111,-2.941539825
-65173,-2.517018724
-65232,-2.718741517
-65293,-2.610353151
-65353,-2.751860184
-65415,-2.836162247
-65479,-2.646482606
-65539,-2.878313278
-65603,-2.547126604
-65663,-2.709709153
-65724,-2.818097519
-65788,-2.887345642
-65852,-2.643471818
-65914,-2.797022003
-65977,-2.884334854
-66042,-2.854226974
-66106,-2.760892548
-66170,-2.953582977
-66236,-2.769924912
-66299,-2.74282782
-66362,-2.658525758
-66423,-2.721752305
-66485,-2.363468539
-66541,-2.923475097
-66606,-2.610353151
-66667,-2.547126604
-66727,-2.7729357
-66790,-2.778957276
-66853,-2.559169756
-66913,-2.712719941
-66976,-2.893367218
-67041,-2.65551497
-67103,-2.827129883
-67167,-2.78798964
-67231,-2.842183823
-67296,-2.667558122
-67358,-2.679601273
-67421,-2.830140671
-67485,-2.643471818
-67546,-2.351425387
-67604,-2.74282782
-67666,-2.745838608
-67729,-2.806054367
-67793,-2.143681019
-67848,-2.67056891
-67908,-2.589277635
-67969,-2.489921633
-68029,-2.727773881
-68091,-2.899388794
-68158,-2.863259338
-68224,-2.803043579
-68289,-2.345403811
-68346,-2.42067351
-68403,-2.384544055
-68460,-2.285188052
-68517,-2.453792177
-68574,-2.339382235
-68631,-2.589277635
-68692,-2.450781389
-68751,-2.836162247
-68816,-2.697666001
-68879,-2.685622849
-68943,-2.923475097
-69009,-2.664547334
-69074,-2.911431945
-69141,-2.634439454
-69204,-2.775946488
-69268,-2.706698365
-69332,-2.676590486
-69394,-2.18583205
-69450,-2.556158968
-69511,-2.649493394
-69573,-2.510997148
-69632,-2.080454472
-69686,-2.282177264
-69741,-2.188842838
-69796,-2.39056563
-69854,-2.429705874
-69913,-2.255080173
-69969,-2.315295932
-70025,-2.209918354
-70081,-2.324328296
-70137,-2.044325016
-70190,-2.005184773
-70241,-2.273144901
-70296,-1.890774831
-70347,-2.014217137
-70399,-1.990130833
-70450,-1.929915074
-70500,-1.565609733
-70546,-1.81851592
-70594,-1.689052039
-70641,-1.695073615
-70688,-1.520447914
-70733,-1.655933371
-70779,-1.664965735
-70826,-1.800451193
-70873,-1.62883628
-70922,-2.324328296
-70976,-2.188842838
-71030,-1.580663673
-71078,-2.134648655
-71130,-1.929915074
-71182,-1.869699316
-71231,-1.809483557
-71280,-1.81851592
-71330,-2.122605503
-71383,-2.164756534
-71438,-2.041314229
-71491,-2.071422108
-71544,-1.761310949
-71592,-2.020238713
-71645,-2.059378956
-71697,-2.002173985
-71750,-2.107551563
-71804,-2.077443684
-71857,-1.987120045
-71910,-2.134648655
-71964,-2.191853626
-72019,-2.089486836
-72074,-2.423684298
-72132,-2.122605503
-72187,-2.285188052
-72244,-2.197875202
-72301,-2.480889269
-72363,-2.676590486
-72426,-2.378522479
-72486,-2.450781389
-72547,-2.504975573
-72608,-2.465835329
-72669,-2.306263568
-72727,-2.28819884
-72785,-2.297231204
-72843,-2.234004657
-72899,-2.158734959
-72956,-2.306263568
-73012,-1.98109847
-73066,-2.074432896
-73119,-1.960022954
-73172,-1.941958226
-73225,-2.273144901
-73281,-1.854645376
-73333,-2.137659443
-73387,-1.941958226
-73440,-2.224972293
-73495,-1.664965735
-73545,-2.080454472
-73598,-1.875720891
-73650,-1.875720891
-73701,-1.839591436
-73752,-1.993141621
-73804,-1.81851592
-73854,-1.797440405
-73903,-1.267541726
-73947,-1.622814704
-73994,-1.661954947
-74042,-1.673998099
-74090,-1.454210579
-74135,-1.71614913
-74183,-1.357865364
-74228,-1.523458702
-74274,-1.764321737
-74322,-1.48130767
-74368,-1.550555793
-74414,-1.49636161
-74459,-1.345822213
-74503,-1.059797358
-74543,-1.397005608
-74587,-1.228401483
-74630,-1.336789849
-74674,-1.683030463
-74721,-1.592706824
-74768,-1.58367446
-74816,-1.722170706
-74864,-1.607760764
-74913,-1.839591436
-74962,-1.562598945
-75011,-2.008195561
-75063,-1.872710103
-75114,-1.764321737
-75165,-1.752278586
-75215,-1.800451193
-75265,-1.836580648
-75316,-1.803461981
-75368,-1.993141621
-75421,-2.008195561
-75474,-1.872710103
-75527,-2.095508412
-75582,-1.963033742
-75636,-2.230993869
-75693,-2.041314229
-75749,-2.28819884
-75808,-2.39056563
-75868,-2.237015445
-75926,-2.038303441
-75982,-2.104540775
-76038,-1.920882711
-76091,-1.899807195
-76144,-2.261101749
-76202,-2.080454472
-76258,-2.032281865
-76312,-1.836580648
-76365,-1.890774831
-76419,-2.43572745
-76478,-1.803461981
-76531,-2.101529988
-76587,-1.836580648
-76639,-1.920882711
-76692,-2.161745746
-76749,-2.092497624
-76806,-2.002173985
-76861,-2.074432896
-76916,-1.869699316
-76969,-1.824537496
-77021,-1.815505132
-77073,-1.842602224
-77125,-2.041314229
-77179,-1.553566581
-77229,-1.920882711
-77281,-1.737224646
-77332,-1.704105978
-77382,-1.899807195
-77435,-2.131637867
-77492,-1.93593665
-77546,-1.944969014
-77601,-2.119594715
-77658,-2.122605503
-77715,-2.050346592
-77770,-1.920882711
-77825,-2.014217137
-77880,-1.938947438
-77935,-1.987120045
-77989,-1.788408041
-78041,-1.866688528
-78094,-1.996152409
-78149,-1.713138342
-78200,-1.73120307
-78252,-2.227983081
-78310,-1.999163197
-78364,-1.580663673
-78415,-1.689052039
-78465,-1.842602224
-78518,-1.845613012
-78570,-1.607760764
-78620,-1.707116766
-78670,-1.640879432
-78719,-1.48130767
-78767,-1.535501853
-78817,-1.902817983
-78868,-1.62883628
-78919,-1.698084403
-78969,-1.707116766
-79022,-2.152713383
-79076,-1.51141555
-79127,-1.824537496
-79178,-1.544534217
-79228,-1.887764043
-79280,-1.336789849
-79327,-1.469264518
-79374,-1.433135063
-79421,-1.683030463
-79470,-1.493350822
-79520,-1.893785619
-79571,-1.418081123
-79621,-1.803461981
-79670,-1.282595666
-79716,-1.222379907
-79762,-1.677008887
-79810,-1.544534217
-79860,-1.637868644
-79910,-1.737224646
-79961,-1.640879432
-80011,-1.463242943
-80059,-1.48130767
-80107,-1.475286094
-80153,-1.14409942
-80198,-1.794429617
-80249,-1.390984032
-80297,-1.622814704
-80346,-1.315714333
-80392,-1.478296882
-80440,-1.58367446
-80489,-1.508404762
-80537,-1.517437126
-80586,-1.463242943
-80633,-1.318725121
-80679,-1.403027184
-80726,-1.547545005
-80774,-1.351843789
-80821,-1.412059547
-80869,-1.661954947
-80918,-1.427113487
-80966,-1.655933371
-81016,-1.589696036
-81065,-1.421091911
-81114,-1.652922583
-81164,-1.695073615
-81215,-1.520447914
-81264,-1.400016396
-81310,-1.177218088
-81355,-1.309692757
-81401,-1.58367446
-81450,-1.568620521
-81499,-1.315714333
-81545,-1.315714333
-81591,-1.315714333
-81637,-1.445178215
-81683,-0.797858806
-81725,-1.24646621
-81767,-1.017646326
-81810,-1.267541726
-81855,-1.225390695
-81899,-1.183239663
-81943,-1.514426338
-81992,-1.282595666
-82037,-1.381951668
-82084,-1.117002329
-82128,-1.427113487
-82174,-1.15915336
-82218,-1.177218088
-82261,-0.89420402
-82303,-0.93936584
-82343,-1.092916025
-82386,-0.891193233
-82427,-1.080872873
-82469,-1.165174936
-82512,-0.915279536
-82554,-1.324746697
-82599,-1.080872873
-82642,-0.605168377
-82680,-1.141088632
-82721,-1.077862085
-82763,-0.833988262
-82804,-1.047754206
-82846,-1.126034692
-82889,-1.123023904
-82932,-0.945387416
-82974,-1.189261239
-83016,-0.749686199
-83057,-1.059797358
-83098,-0.746675411
-83137,-0.797858806
-83176,-0.830977474
-83216,-0.852052989
-83255,-0.743664623
-83294,-0.692481228
-83333,-1.107969965
-83375,-1.02667869
-83417,-1.071840509
-83460,-1.216358331
-83503,-0.855063777
-83545,-1.231412271
-83589,-1.092916025
-83632,-1.014635538
-83675,-1.117002329
-83716,-0.770761715
-83756,-0.755707775
-83796,-1.412059547
-83843,-1.020657114
-83885,-1.183239663
-83929,-1.035711054
-83970,-0.725599895
-84012,-1.228401483
-84054,-1.01162475
-84097,-1.255498574
-84142,-0.987538447
-84184,-1.472275306
-84231,-1.147110208
-84276,-1.279584878
-84322,-1.339800637
-84367,-1.04173263
-84411,-1.077862085
-84455,-1.294638818
-84500,-1.156142572
-84544,-1.225390695
-84589,-1.080872873
-84632,-0.993560023
-84674,-1.168185724
-84719,-1.300660393
-84765,-1.505393974
-84813,-1.27657409
-84858,-0.978506083
-84903,-1.610771552
-84951,-1.390984032
-84999,-1.300660393
-85046,-1.397005608
-85093,-1.466253731
-85142,-1.282595666
-85188,-0.794848018
-85229,-1.457221367
-85276,-1.406037972
-85324,-1.351843789
-85371,-1.397005608
-85419,-1.574642097
-85468,-1.204315179
-85515,-1.520447914
-85564,-1.49636161
-85613,-1.502383186
-85662,-1.351843789
-85710,-1.433135063
-85759,-1.634857856
-85810,-1.604749976
-85861,-1.586685248
-85911,-1.580663673
-85962,-1.375930092
-86010,-1.436145851
-86059,-1.51141555
-86108,-1.321735909
-86157,-1.764321737
-86208,-1.574642097
-86260,-1.595717612
-86311,-1.604749976
-86362,-1.499372398
-86413,-1.749267798
-86466,-1.710127554
-86519,-1.803461981
-86574,-1.881742467
-86630,-1.902817983
-86686,-1.430124275
-86735,-1.83356986
-86790,-1.743246222
-86844,-1.827548284
-86899,-1.601739188
-86952,-1.96604453
-87008,-1.707116766
-87063,-1.990130833
-87121,-2.158734959
-87182,-2.28819884
-87246,-2.267123325
-87310,-1.978087682
-87368,-1.652922583
-87423,-2.002173985
-87481,-2.104540775
-87541,-1.944969014
-87599,-2.059378956
-87658,-1.677008887
-87714,-2.240026233
-87774,-1.761310949
-87831,-2.0985192
-87891,-1.963033742
-87949,-1.81851592
-88004,-1.74625701
-88059,-1.73120307
-88114,-1.984109258
-88172,-1.963033742
-88230,-1.788408041
-88286,-2.071422108
-88346,-1.749267798
-88401,-1.932925862
-88459,-2.110562351
-88518,-1.713138342
-88574,-1.851634588
-88631,-1.887764043
-88688,-1.713138342
-88742,-1.58367446
-88794,-1.689052039
-88847,-1.535501853
-88899,-1.664965735
-88952,-1.535501853
-89005,-1.938947438
-89062,-1.893785619
-89119,-1.698084403
-89174,-1.83356986
-89230,-1.854645376
-89286,-1.406037972
-89336,-1.472275306
-89387,-1.541523429
-89438,-1.457221367
-89489,-1.520447914
-89540,-1.580663673
-89592,-1.875720891
-89650,-1.839591436
-89705,-1.433135063
-89757,-1.556577369
-89808,-1.571631309
-89861,-1.661954947
-89913,-1.415070335
-89963,-1.171196512
-90012,-1.508404762
-90062,-1.622814704
-90115,-1.643890219
-90168,-1.625825492
-90222,-1.643890219
-90274,-1.198293603
-90324,-1.917871923
-90380,-1.764321737
-90436,-1.601739188
-90489,-1.478296882
-90540,-2.038303441
-90600,-1.984109258
-90660,-1.920882711
-90719,-1.869699316
-90777,-1.782386465
-90833,-1.698084403
-90888,-1.469264518
-90939,-1.553566581
-90991,-1.707116766
-91046,-1.719159918
-91101,-1.553566581
-91156,-1.987120045
-91213,-1.734213858
-91270,-1.908839559
-91328,-1.767332525
-91385,-1.752278586
-91441,-2.026260289
-91500,-1.270552514
-91550,-1.490340034
-91602,-1.683030463
-91657,-1.81851592
-91714,-1.86367774
-91771,-1.586685248
-91825,-1.710127554
-91880,-1.689052039
-91935,-1.475286094
-91987,-1.595717612
-92040,-1.610771552
-92094,-1.604749976
-92148,-1.734213858
-92204,-1.761310949
-92260,-1.695073615
-92315,-1.586685248
-92368,-1.243455422
-92418,-1.562598945
-92471,-1.695073615
-92525,-1.466253731
-92577,-1.532491065
-92629,-1.267541726
-92679,-1.776364889
-92734,-1.412059547
-92786,-1.478296882
-92838,-1.469264518
-92889,-1.445178215
-92941,-1.616793128
-92995,-1.821526708
-93051,-1.384962456
-93104,-1.601739188
-93157,-1.553566581
-93211,-1.683030463
-93264,-1.318725121
-93315,-1.273563302
-93364,-1.375930092
-93414,-1.345822213
-93465,-1.439156639
-93517,-1.782386465
-93572,-1.520447914
-93626,-1.469264518
-93676,-1.062808146
-93725,-1.667976523
-93778,-1.424102699
-93830,-1.336789849
-93880,-1.439156639
-93931,-1.460232155
-93983,-1.406037972
-94034,-1.306681969
-94084,-1.321735909
-94133,-1.24646621
-94182,-1.270552514
-94232,-1.689052039
-94286,-1.201304391
-94335,-1.384962456
-94386,-1.62883628
-94440,-1.27657409
-94490,-1.484318458
-94542,-1.490340034
-94595,-1.520447914
-94649,-1.842602224
-94705,-1.40904876
-94757,-1.186250451
-94805,-0.82194511
-94849,-0.90925796
-94893,-1.255498574
-94941,-1.02667869
-94987,-1.092916025
-95034,-1.330768273
-95083,-1.24646621
-95132,-1.237433847
-95182,-1.451199791
-95234,-1.619803916
-95288,-1.487329246
-95341,-1.514426338
-95394,-1.604749976
-95449,-1.499372398
-95502,-1.48130767
-95555,-1.61378234
-95609,-1.366897728
-95661,-1.51141555
-95714,-1.58367446
-95767,-1.270552514
-95819,-1.493350822
-95871,-1.595717612
-95924,-0.972484507
-95972,-1.439156639
-96024,-1.764321737
-96079,-1.24646621
-96130,-1.445178215
-96182,-1.300660393
-96232,-1.123023904
-96280,-1.384962456
-96331,-1.574642097
-96385,-1.466253731
-96438,-1.110980753
-96486,-1.758300161
-96543,-1.550555793
-96597,-1.424102699
-96649,-1.150120996
-96699,-1.643890219
-96752,-1.29162803
-96804,-1.445178215
-96855,-1.27657409
-96906,-1.421091911
-96958,-1.415070335
-97011,-1.719159918
-97065,-1.071840509
-97116,-1.538512641
-97167,-1.270552514
-97218,-1.300660393
-97268,-1.270552514
-97319,-1.315714333
-97369,-1.255498574
-97420,-1.520447914
-97472,-1.454210579
-97525,-1.156142572
-97575,-1.643890219
-97629,-1.424102699
-97682,-1.463242943
-97735,-1.02667869
-97783,-1.264530938
-97832,-1.445178215
-97885,-1.544534217
-97940,-1.514426338
-97994,-1.439156639
-98046,-1.150120996
-98095,-1.342811425
-98146,-1.252487786
-98197,-1.637868644
-98251,-1.107969965
-98302,-1.610771552
-98355,-1.39399482
-98408,-1.381951668
-98459,-1.123023904
-98509,-1.397005608
-98560,-1.107969965
-98610,-1.451199791
-98662,-1.604749976
-98717,-1.550555793
-98772,-1.366897728
-98825,-1.595717612
-98880,-1.345822213
-98933,-1.704105978
-98990,-1.300660393
-99041,-1.415070335
-99094,-1.406037972
-99147,-1.767332525
-99205,-1.683030463
-99263,-1.553566581
-99318,-1.418081123
-99372,-1.589696036
-99427,-1.523458702
-99482,-1.415070335
-99535,-1.264530938
-99586,-1.568620521
-99641,-1.264530938
-99692,-1.255498574
-99743,-1.37894088
-99795,-1.36388694
-99848,-1.689052039
-99904,-1.294638818
-99957,-1.514426338
-100010,-1.300660393
-100062,-1.225390695
-100114,-1.469264518
-100166,-1.303671181
-100218,-1.171196512
-100269,-1.430124275
-100321,-1.348833001
-100374,-1.433135063
-100426,-1.141088632
-100477,-1.406037972
-100529,-1.210336755
-100580,-1.505393974
-100634,-1.375930092
-100687,-1.339800637
-100739,-1.294638818
-100791,-1.29162803
-100842,-1.180228876
-100893,-1.544534217
-100948,-1.48130767
-101003,-1.553566581
-101058,-1.475286094
-101113,-1.27657409
-101165,-1.315714333
-101216,-1.141088632
-101266,-1.065818933
-101315,-1.216358331
-101363,-0.840009837
-101410,-1.038721842
-101458,-1.357865364
-101509,-1.168185724
-101561,-1.457221367
-101614,-1.345822213
-101667,-1.412059547
-101720,-1.231412271
-101772,-1.397005608
-101825,-1.306681969
-101878,-1.306681969
-101930,-1.282595666
-101982,-1.51141555
-102038,-1.381951668
-102091,-1.327757485
-102144,-1.27657409
-102196,-1.475286094
-102252,-1.860666952
-102312,-1.427113487
-102368,-1.457221367
-102423,-1.544534217
-102479,-1.466253731
-102535,-1.436145851
-102590,-1.640879432
-102647,-1.300660393
-102702,-1.658944159
-102760,-1.680019675
-102819,-1.667976523
-102878,-1.577652885
-102935,-1.445178215
-102991,-1.791418829
-103052,-1.728192282
-103113,-1.872710103
-103175,-1.592706824
-103234,-2.0985192
-103302,-2.029271077
-103368,-1.884753255
-103433,-2.212929142
-103503,-2.101529988
-103571,-1.941958226
-103637,-2.194864414
-103705,-1.755289374
-103770,-2.074432896
-103836,-1.713138342
-103898,-1.881742467
-103961,-1.722170706
-104022,-1.707116766
-104083,-2.041314229
-104150,-1.854645376
-104212,-1.375930092
-104270,-1.698084403
-104330,-1.788408041
-104392,-1.649911795
-104453,-1.646901007
-104512,-1.592706824
-104572,-1.73120307
-104633,-1.580663673
-104692,-1.381951668
-104748,-1.475286094
-104804,-1.469264518
-104861,-1.397005608
-104918,-1.550555793
-104975,-1.499372398
-105033,-1.210336755
-105086,-1.460232155
-105143,-1.652922583
-105204,-1.686041251
-105264,-1.466253731
-105322,-1.442167427
-105379,-1.559588157
-105438,-1.472275306
-105495,-1.397005608
-105552,-1.430124275
-105608,-1.475286094
-105666,-1.553566581
-105725,-1.58367446
-105785,-1.544534217
-105844,-1.586685248
-105902,-1.065818933
-105956,-1.348833001
-106011,-1.451199791
-106067,-1.237433847
-106122,-1.357865364
-106178,-1.384962456
-106234,-1.186250451
-106287,-1.186250451
-106340,-1.252487786
-106394,-1.107969965
-106447,-1.186250451
-106499,-1.002592387
-106550,-1.080872873
-106601,-0.906247172
-106651,-1.120013117
-106704,-1.249476998
-106759,-1.556577369
-106818,-1.454210579
-106876,-1.39399482
-106933,-1.213347543
-106988,-1.451199791
-107046,-1.29162803
-107103,-1.505393974
-107162,-1.601739188
-107223,-1.523458702
-107283,-1.466253731
-107343,-1.755289374
-107406,-1.514426338
-107468,-1.661954947
-107530,-1.478296882
-107590,-1.680019675
-107653,-1.695073615
-107717,-1.667976523
-107781,-1.881742467
-107849,-1.875720891
-107917,-1.923893499
-107986,-1.944969014
-108056,-1.920882711
-108125,-1.963033742
-108195,-2.050346592
-108267,-2.074432896
-108340,-2.261101749
-108416,-1.914861135
-108487,-2.0985192
-108561,-1.96604453
-108632,-2.071422108
-108705,-1.914861135
-108776,-2.164756534
-108851,-1.93593665
-108922,-1.944969014
-108994,-2.330349872
-109072,-1.899807195
-109143,-1.749267798
-109211,-1.881742467
-109280,-1.830559072
-109349,-1.622814704
-109416,-2.119594715
-109490,-1.749267798
-109557,-1.692062827
-109624,-1.680019675
-109690,-1.689052039
-109756,-1.62883628
-109822,-1.508404762
-109885,-1.993141621
-109957,-1.707116766
-110025,-1.279584878
-110085,-1.610771552
-110151,-1.932925862
-110222,-1.692062827
-110290,-1.680019675
-110356,-1.345822213
-110419,-1.541523429
-110482,-1.586685248
-110548,-1.58367446
-110614,-1.677008887
-110681,-1.62883628
-110747,-1.439156639
-110811,-1.592706824
-110876,-1.445178215
-110940,-1.484318458
-111005,-1.640879432
-111071,-1.505393974
-111136,-1.493350822
-111200,-1.240444634
-111263,-1.725181494
-111330,-1.737224646
-111400,-1.412059547
-111465,-1.62883628
-111532,-1.562598945
-111598,-1.336789849
-111662,-1.634857856
-111729,-1.646901007
-111797,-1.580663673
-111865,-1.559588157
-111932,-1.454210579
-111997,-1.619803916
-112066,-1.692062827
-112135,-1.348833001
-112199,-1.384962456
-112263,-1.547545005
-112330,-1.695073615
-112400,-1.384962456
-112464,-1.249476998
-112527,-1.526469489
-112592,-1.210336755
-112654,-1.150120996
-112714,-1.312703545
-112777,-1.436145851
-112843,-1.397005608
-112907,-1.351843789
-112971,-1.231412271
-113034,-1.234423059
-113097,-1.529480277
-113162,-0.966462931
-113222,-1.095926813
-113281,-1.198293603
-113342,-1.062808146
-113403,-1.309692757
-113466,-1.390984032
-113531,-1.123023904
-113592,-1.029689478
-113652,-1.412059547
-113716,-0.981516871
-113776,-0.921301112
-113833,-0.849042201
-113889,-0.957430567
-113947,-0.912268748
-114004,-0.852052989
-114060,-0.864096141
-114116,-0.605168377
-114170,-0.945387416
-114227,-0.891193233
-114284,-0.927322688
-114342,-0.767750927
-114398,-0.608179165
-114452,-0.930333476
-114509,-0.996570811
-114569,-0.984527659
-114627,-0.809901958
-114684,-0.728610683
-114740,-0.490758435
-114792,-0.553984982
-114844,-0.749686199
-114899,-0.858074565
-114956,-0.653340985
-115010,-0.737643047
-115064,-0.289035643
-115115,-0.650330197
-115169,-0.578071286
-115223,-0.656351773
-115276,-0.364305342
-115327,-0.782804866
-115382,-0.638287045
-115436,-0.710545956
-115492,-0.671405712
-115546,-0.623233105
-115599,-0.487747648
-115652,-0.686459652
-115707,-0.782804866
-115762,-0.490758435
-115815,-0.427531889
-115868,-0.785815654
-115922,-0.514844739
-115976,-0.490758435
-116029,-0.770761715
-116085,-0.427531889
-116136,-0.520866315
-116189,-0.912268748
-116248,-0.466672132
-116300,-0.243873824
-116350,-0.364305342
-116400,-0.304089583
-116450,-0.373337706
-116500,-0.307100371
-116550,-0.481726072
-116602,-0.445596616
-116654,-0.358283766
-116704,-0.168604125
-116754,-0.397424009
-116805,-0.514844739
-116856,-0.090323638
-116905,-0.237852248
-116953,-0.129463882
-117001,-0.298068007
-117051,-0.46968292
-117102,0.012043152
-117149,-0.168604125
-117197,-0.150539397
-117245,-0.168604125
-117293,-0.096345214
-117340,0.10236679
-117385,-0.210755156
-117433,-0.228819884
-117482,-0.060215759
-117530,-0.11742073
-117577,-0.111399154
-117624,0.11742073
-117670,-0.150539397
-117717,-0.153550185
-117765,0.120431518
-117811,-0.123442306
-117857,0.027097092
-117905,-0.261938551
-117954,-0.195701217
-118001,0.415488737
-118044,0.21978752
-118087,0.343229826
-118129,0.01505394
-118175,-0.270970915
-118224,0.066237335
-118271,-0.096345214
-118318,-0.210755156
-118366,0.129463882
-118412,0.150539397
-118456,0.210755156
-118501,-0.147528609
-118549,0.048172607
-118595,-0.027097092
-118643,-0.105377578
-118691,-0.021075516
-118738,0.225809096
-118782,-0.057204971
-118829,0.08731285
-118874,0.123442306
-118918,0.400434797
-118962,0.048172607
-119005,0.481726072
-119048,0.168604125
-119092,0.183658065
-119136,0.096345214
-119182,0.057204971
-119227,0.216776732
-119272,0.084302063
-119317,0.090323638
-119363,0.261938551
-119408,-0.099356002
-119455,0.036129455
-119501,0.388391645
-119544,0.201722792
-119588,0.412477949
-119630,0.084302063
-119675,0.267960127
-119719,0.376348493
-119760,0.635276257
-119801,0.228819884
-119844,0.198712005
-119888,0.340219038
-119931,0.141507034
-119977,0.033118667
-120022,0.252906188
-120067,0.340219038
-120110,0.177636489
-120153,0.596136014
-120195,0.177636489
-120239,0.57204971
-120279,0.463661344
-120320,0.376348493
-120362,0.442585828
-120404,0.237852248
-120448,0.343229826
-120491,0.415488737
-120533,0.298068007
-120576,0.213765944
-120620,0.289035643
-120664,0.385380857
-120707,0.307100371
-120750,0.33720825
-120793,0.55699577
-120833,0.394413221
-120875,0.478715284
-120917,0.427531889
-120958,0.475704496
-120999,0.563017346
-121040,0.752696987
-121078,0.346240614
-121121,0.325165098
-121162,0.749686199
-121203,0.36731613
-121244,0.418499525
-121286,0.415488737
-121328,0.466672132
-121370,0.412477949
-121412,0.466672132
-121453,0.701513592
-121492,0.563017346
-121532,0.867106929
-121570,0.505812375
-121611,0.295057219
-121653,0.671405712
-121693,0.710545956
-121732,0.502801587
-121773,0.457639768
-121814,0.508823163
-121855,0.644308621
-121895,0.43957504
-121937,0.141507034
-121982,0.373337706
-122025,0.451618192
-122068,0.328175886
-122110,0.514844739
-122152,0.370326918
-122195,0.541941831
-122237,0.620222317
-122277,0.695492016
-122316,0.517855527
-122356,0.815923534
-122395,0.656351773
-122435,0.385380857
-122478,0.499790799
-122519,0.599146802
-122560,0.520866315
-122601,0.535920255
-122641,0.620222317
-122681,0.665384136
-122721,0.620222317
-122761,0.496780011
-122801,0.761729351
-122840,0.815923534
-122878,0.70452438
-122918,0.32215431
-122958,0.734632259
-122999,0.629254681
-123038,0.644308621
-123078,0.496780011
-123118,0.698502804
-123160,0.156560973
-123202,0.737643047
-123242,0.713556744
-123281,0.523877103
-123323,0.388391645
-123364,0.767750927
-123405,0.328175886
-123446,0.662373348
-123486,0.445596616
-123527,0.906247172
-123566,0.445596616
-123607,0.391402433
-123649,0.71957832
-123688,0.82194511
-123726,0.692481228
-123765,0.698502804
-123805,0.457639768
-123845,0.93936584
-123882,0.695492016
-123921,0.614200741
-123961,0.743664623
-124000,0.487747648
-124041,0.2498954
-124086,0.755707775
-124124,0.740653835
-124163,0.701513592
-124200,1.135067056
-124235,0.752696987
-124273,0.891193233
-124309,1.101948389
-124345,0.581082074
-124385,0.746675411
-124424,0.635276257
-124462,0.879150081
-124501,0.418499525
-124542,0.463661344
-124585,0.252906188
-124628,0.55699577
-124670,0.641297833
-124711,0.261938551
-124754,0.180647277
-124799,0.514844739
-124841,0.632265469
-124881,0.82194511
-124920,0.472693708
-124960,0.671405712
-125001,0.334197462
-125043,0.243873824
-125088,0.617211529
-125129,0.276992491
-125172,0.382370069
-125215,0.605168377
-125256,0.523877103
-125297,0.433553464
-125339,0.289035643
-125383,0.57204971
-125424,0.505812375
-125465,0.611189953
-125506,0.599146802
-125546,0.343229826
-125589,0.382370069
-125632,0.400434797
-125674,0.451618192
-125717,0.325165098
-125760,0.487747648
-125803,0.177636489
-125848,0.063226547
-125894,0.629254681
-125935,0.418499525
-125978,0.325165098
-126022,0.334197462
-126064,0.686459652
-126106,0.237852248
-126148,0.644308621
-126189,0.252906188
-126233,0.273981703
-126277,0.620222317
-126318,0.620222317
-126359,0.129463882
-126403,0.334197462
-126448,0.099356002
-126494,0.147528609
-126541,0.400434797
-126583,0.349251402
-126626,0.532909467
-126668,0.575060498
-126708,0.451618192
-126749,0.71957832
-126789,0.782804866
-126827,0.644308621
-126866,0.68947044
-126904,0.966462931
-126940,0.761729351
-126978,0.957430567
-127015,0.644308621
-127053,0.840009837
-127090,0.963452143
-127126,0.797858806
-127164,0.57204971
-127203,0.650330197
-127243,0.677427288
-127281,0.785815654
-127319,0.861085353
-127357,0.499790799
-127397,0.569038922
-127437,0.626243893
-127476,0.897214808
-127512,1.002592387
-127548,0.734632259
-127586,0.833988262
-127622,0.888182445
-127660,0.614200741
-127698,0.888182445
-127735,1.080872873
-127773,0.978506083
-127810,0.846031413
-127846,1.324746697
-127879,1.01162475
-127913,1.183239663
-127947,1.300660393
-127979,1.333779061
-128013,1.01162475
-128047,1.195282815
-128079,0.963452143
-128113,1.044743418
-128147,0.981516871
-128182,1.318725121
-128215,0.770761715
-128249,1.442167427
-128284,1.204315179
-128317,0.873128505
-128349,1.228401483
-128380,1.04173263
-128412,1.442167427
-128443,1.418081123
-128474,1.222379907
-128506,1.463242943
-128537,1.156142572
-128567,0.933344264
-128598,1.101948389
-128631,1.457221367
-128662,1.643890219
-128694,1.192272027
-128726,1.005603175
-128759,1.294638818
-128791,1.381951668
-128822,1.357865364
-128855,0.951408991
-128889,1.141088632
-128922,1.168185724
-128956,0.707535168
-128991,1.059797358
-129024,1.101948389
-129058,1.387973244
-129090,1.017646326
-129125,0.93936584
-129158,1.231412271
-129191,1.14409942
-129224,1.135067056
-129256,1.372919304
-129287,0.797858806
-129323,0.897214808
-129358,0.867106929
-129393,1.309692757
-129425,1.035711054
-129459,0.921301112
-129493,1.135067056
-129526,0.981516871
-129560,0.999581599
-129594,1.04173263
-129627,1.014635538
-129661,0.927322688
-129696,0.581082074
-129734,0.728610683
-129770,1.113991541
-129804,0.996570811
-129838,0.879150081
-129873,0.927322688
-129907,1.008613962
-129941,0.695492016
-129977,0.818934322
-130013,0.876139293
-130049,1.020657114
-130083,0.472693708
-130122,0.638287045
-130158,0.849042201
-130194,0.659362561
-130231,0.575060498
-130268,0.785815654
-130305,0.827966686
-130341,0.502801587
-130380,0.493769223
-130417,0.978506083
-130456,0.231830672
-130496,0.343229826
-130537,0.647319409
-130575,0.466672132
-130614,0.403445585
-130655,0.267960127
-130697,0.313121947
-130738,0.301078795
-130780,0.243873824
-130822,0.270970915
-130865,-0.054194183
-130910,0.126453094
-130954,0.189679641
-130998,0.138496246
-131041,0.120431518
-131085,0.231830672
-131128,0.105377578
-131173,-0.096345214
-131219,0.120431518
-131264,0.147528609
-131308,0.021075516
-131353,0.225809096
-131396,-0.069248123
-131442,-0.036129455
-131488,-0.502801587
-131541,-0.35226219
-131592,-0.207744368
-131641,-0.340219038
-131692,-0.328175886
-131742,-0.478715284
-131795,-0.457639768
-131848,-0.529898679
-131901,-0.535920255
-131955,-0.415488737
-132008,-0.858074565
-132066,-0.782804866
-132123,-0.457639768
-132177,-0.499790799
-132230,-0.400434797
-132282,-0.632265469
-132337,-0.698502804
-132393,-0.686459652
-132450,-0.948398204
-132506,-0.641297833
-132564,-0.945387416
-132624,-0.984527659
-132687,-0.82194511
-132746,-1.04173263
-132809,-0.984527659
-132871,-1.126034692
-132935,-1.068829721
-133000,-1.309692757
-133067,-1.243455422
-133134,-0.912268748
-133195,-0.966462931
-133258,-1.418081123
-133327,-1.40904876
-133397,-1.074851297
-133461,-0.900225596
-133524,-1.113991541
-133588,-1.348833001
-133658,-1.445178215
-133729,-1.601739188
-133803,-1.101948389
-133870,-1.51141555
-133941,-1.457221367
-134014,-1.559588157
-134087,-1.71614913
-134164,-1.400016396
-134236,-1.689052039
-134313,-1.649911795
-134389,-1.646901007
-134466,-1.773354101
-134545,-1.743246222
-134624,-1.734213858
-134703,-1.899807195
-134785,-1.827548284
-134866,-1.893785619
-134949,-2.071422108
-135036,-2.510997148
-135124,-2.104540775
-135213,-2.306263568
-135307,-2.339382235
-135402,-2.327339084
-135497,-2.348414599
-135593,-2.152713383
-135691,-2.056368168
-135779,-2.411641146
-135876,-2.249058597
-135968,-1.969055318
-136055,-2.224972293
-136147,-2.526051088
-136248,-2.375511691
-136345,-2.55314818
-136447,-2.628417878
-136552,-2.64046103
-136656,-2.489921633
-136752,-2.562180544
-136853,-2.444759814
-136953,-2.547126604
-137056,-2.613363939
-137159,-2.240026233
-137253,-2.246047809
-137347,-2.492932421
-137448,-2.441749026
-137547,-2.339382235
-137647,-2.514007936
-137743,-2.586266847
-137847,-2.465835329
-137947,-2.339382235
-138046,-2.50798636
-138147,-2.426695086
-138247,-2.556158968
-138350,-2.568202119
-138454,-2.387554843
-138554,-2.664547334
-138659,-2.712719941
-138763,-2.643471818
-138870,-2.839173035
-138983,-2.730784669
-139093,-2.691644425
-139201,-2.806054367
-139310,-2.64046103
-139417,-2.571212907
-139522,-2.580245271
-139627,-2.664547334
-139735,-2.751860184
-139846,-2.55314818
-139951,-2.748849396
-140060,-2.411641146
-140163,-2.766914124
-140273,-2.74282782
-140384,-2.550137392
-140488,-2.474867693
-140591,-2.727773881
-140701,-2.610353151
-140809,-2.715730729
-140919,-2.748849396
-141030,-2.760892548
-141142,-2.637450242
-141250,-2.661536546
-141359,-2.5230403
-141464,-2.652504182
-141573,-2.809065155
-141686,-2.408630358
-141787,-2.393576418
-141888,-2.562180544
-141993,-2.354436175
-142093,-2.535083452
-142198,-2.643471818
-142307,-2.797022003
-142420,-2.592288423
-142528,-2.622396302
-142636,-2.453792177
-142739,-2.489921633
-142843,-2.306263568
-142941,-2.477878481
-143045,-2.682612061
-143156,-2.661536546
-143266,-2.721752305
-143377,-2.42067351
-143479,-2.258090961
-143578,-2.562180544
-143684,-2.739817032
-143796,-2.514007936
-143903,-2.736806244
-144015,-2.67056891
-144125,-2.429705874
-144229,-2.300241992
-144328,-2.498953997
-144433,-2.510997148
-144538,-2.550137392
-144645,-2.387554843
-144748,-2.550137392
-144854,-2.489921633
-144959,-2.381533267
-145063,-2.697666001
-145173,-2.474867693
-145279,-2.438738238
-145382,-2.384544055
-145485,-2.706698365
-145597,-2.526051088
-145705,-2.649493394
-145816,-2.797022003
-145932,-2.65551497
-146043,-2.221961505
-146141,-2.43572745
-146245,-2.55314818
-146353,-2.50798636
-146459,-2.399597994
-146563,-2.462824541
-146665,-2.05335738
-146753,-2.50798636
-146857,-2.30325278
-146958,-2.378522479
-147060,-2.270134113
-147161,-2.486910845
-147267,-2.595299211
-147376,-2.643471818
-147488,-2.67056891
-147600,-2.556158968
-147710,-2.649493394
-147821,-2.429705874
-147926,-2.206907566
-148024,-2.212929142
-148123,-2.468846117
-148228,-2.306263568
-148327,-2.152713383
-148424,-2.39056563
-148527,-2.453792177
-148633,-2.5230403
-148741,-2.501964785
-148849,-2.30325278
-148951,-2.450781389
-149057,-2.501964785
-149164,-2.43572745
-149270,-2.556158968
-149379,-2.366479327
-149483,-2.366479327
-149586,-2.080454472
-149682,-2.360457751
-149784,-2.08346526
-149880,-2.149702595
-149976,-2.107551563
-150072,-2.095508412
-150167,-2.08346526
-150263,-2.158734959
-150360,-2.119594715
-150456,-2.273144901
-150557,-2.273144901
-150658,-2.20088599
-150757,-2.267123325
-150857,-2.237015445
-150958,-2.306263568
-151060,-2.339382235
-151163,-2.234004657
-151263,-2.155724171
-151362,-2.441749026
-151467,-2.110562351
-151565,-2.28819884
-151667,-2.31830672
-151770,-2.30325278
-151872,-2.336371447
-151976,-2.351425387
-152081,-2.387554843
-152186,-2.291209628
-152289,-2.237015445
-152389,-2.306263568
-152493,-2.227983081
-152593,-2.158734959
-152689,-2.243037021
-152791,-2.450781389
-152898,-2.357446963
-152991,-2.372500903
-153096,-2.372500903
-153202,-2.429705874
-153310,-2.604331575
-153423,-2.381533267
-153530,-2.375511691
-153636,-2.300241992
-153741,-2.399597994
-153848,-2.517018724
-153960,-2.739817032
-154078,-2.709709153
-154196,-2.417662722
-154305,-2.465835329
-154415,-2.53809424
-154527,-2.598309999
-154641,-2.794011215
-154762,-2.718741517
-154882,-2.62540709
-154998,-2.736806244
-155117,-2.688633637
-155235,-2.55314818
-155349,-2.568202119
-155464,-2.784978852
-155584,-2.517018724
-155697,-2.5230403
-155810,-2.595299211
-155925,-2.706698365
-156044,-2.986701644
-156174,-3.019820312
-156306,-2.884334854
-156436,-2.643471818
-156554,-2.697666001
-156674,-2.893367218
-156799,-2.568202119
-156915,-2.691644425
-157032,-2.64046103
-157149,-2.601320787
-157267,-2.866270126
-157392,-2.75788176
-157513,-2.489921633
-157627,-2.532072664
-157742,-2.65551497
-157856,-2.55314818
-157972,-2.721752305
-158092,-2.694655213
-158193,-2.715730729
-158293,-2.929496673
-158397,-2.730784669
-158497,-2.441749026
-158607,-2.384544055
-158713,-2.279166476
-158813,-2.194864414
-158911,-1.824537496
-159010,-1.963033742
-159105,-1.728192282
-159200,-2.065400532
-159298,-2.255080173
-159387,-2.104540775
-159490,-2.086476048
-159588,-2.197875202
-159692,-2.221961505
-159796,-2.282177264
-159897,-2.396587206
-160002,-2.246047809
-160106,-2.249058597
-160209,-2.224972293
-160323,-2.31830672
-160432,-2.279166476
-160539,-2.279166476
-160644,-2.459813753
-160756,-2.414651934
-160868,-2.438738238
-160981,-2.477878481
-161097,-2.408630358
-161210,-2.721752305
-161330,-2.67056891
-161443,-2.447770601
-161558,-2.179810474
-161663,-2.086476048
-161764,-2.270134113
-161877,-2.026260289
-161974,-1.993141621
-162077,-1.923893499
-162178,-1.947979802
-162278,-1.869699316
-162375,-2.080454472
-162476,-1.857656164
-162570,-2.203896778
-162672,-2.354436175
-162775,-2.056368168
-162877,-2.0985192
-162979,-2.071422108
-163080,-2.08346526
-163182,-2.243037021
-163289,-2.143681019
-163393,-2.583256059
-163506,-2.565191331
-163623,-2.227983081
-163730,-2.143681019
-163835,-2.529061876
-163953,-2.794011215
-164074,-2.688633637
-164198,-2.857237762
-164328,-2.745838608
-164453,-2.5230403
-164572,-2.595299211
-164692,-2.634439454
-164814,-2.571212907
-164934,-2.483900057
-165051,-2.766914124
-165177,-2.685622849
-165297,-2.601320787
-165417,-2.339382235
-165530,-2.465835329
-165646,-2.628417878
-165768,-2.526051088
-165887,-2.465835329
-166003,-2.408630358
-166119,-2.733795457
-166245,-2.571212907
-166358,-2.453792177
-166474,-2.297231204
-166585,-2.589277635
-166706,-2.510997148
-166824,-2.673579698
-166941,-2.221961505
-167050,-2.291209628
-167161,-2.270134113
-167271,-2.276155688
-167380,-2.209918354
-167482,-2.101529988
-167586,-2.393576418
-167700,-2.230993869
-167809,-2.155724171
-167915,-1.902817983
-168015,-2.044325016
-168117,-1.824537496
-168213,-1.755289374
-168309,-2.035292653
-168413,-2.134648655
-168516,-1.944969014
-168616,-2.011206349
-168719,-2.450781389
-168830,-2.375511691
-168937,-1.944969014
-169038,-1.98109847
-169139,-1.954001378
-169239,-2.044325016
-169343,-2.267123325
-169453,-2.297231204
-169565,-2.270134113
-169675,-1.999163197
-169778,-1.984109258
-169881,-2.417662722
-169996,-2.30325278
-170109,-2.381533267
-170226,-2.447770601
-170343,-2.501964785
-170457,-2.444759814
-170569,-2.489921633
-170682,-2.444759814
-170799,-2.462824541
-170916,-2.541105028
-171036,-2.577234483
-171157,-2.447770601
-171275,-2.492932421
-171395,-2.227983081
-171505,-2.0985192
-171610,-1.972066106
-171712,-1.815505132
-171810,-1.999163197
-171912,-1.782386465
-172009,-1.758300161
-172106,-2.011206349
-172208,-1.836580648
-172308,-2.137659443
-172415,-2.035292653
-172520,-2.243037021
-172632,-2.020238713
-172749,-2.246047809
-172861,-2.300241992
-172976,-2.547126604
-173097,-2.227983081
-173210,-2.450781389
-173329,-2.291209628
-173443,-2.459813753
-173565,-2.462824541
-173685,-2.619385515
-173811,-2.504975573
-173933,-2.429705874
-174053,-2.40561957
-174171,-2.444759814
-174291,-2.351425387
-174410,-2.5230403
-174528,-2.276155688
-174643,-2.402608782
-174761,-2.218950717
-174874,-2.369490115
-174991,-2.532072664
-175113,-2.246047809
-175228,-2.294220416
-175343,-2.393576418
-175461,-2.453792177
-175582,-2.676590486
-175712,-2.67056891
-175842,-2.778957276
-175976,-2.589277635
-176103,-2.568202119
-176229,-2.613363939
-176357,-2.67056891
-176487,-2.492932421
-176610,-2.492932421
-176728,-2.441749026
-176848,-2.089486836
-176958,-2.044325016
-177065,-1.689052039
-177165,-1.905828771
-177268,-2.059378956
-177375,-2.035292653
-177478,-1.990130833
-177584,-2.387554843
-177701,-1.758300161
-177801,-1.719159918
-177899,-1.625825492
-177994,-1.803461981
-178095,-1.761310949
-178195,-1.902817983
-178298,-1.969055318
-178404,-2.014217137
-178511,-1.785397253
-178613,-2.107551563
-178722,-2.08346526
-178832,-2.122605503
-178944,-2.246047809
-179060,-2.417662722
-179182,-2.613363939
-179308,-2.456802965
-179432,-2.658525758
-179562,-2.583256059
-179694,-2.468846117
-179819,-2.146691807
-179934,-2.694655213
-180063,-2.526051088
-180191,-2.249058597
-180309,-2.486910845
-180435,-2.589277635
-180566,-2.613363939
-180698,-2.715730729
-180829,-2.438738238
-180956,-2.556158968
-181086,-2.495943209
-181215,-2.709709153
-181351,-2.646482606
-181484,-2.504975573
-181603,-2.733795457
-181729,-2.727773881
-181868,-2.574223695
-182001,-2.781968064
-182133,-2.676590486
-182269,-2.414651934
-182408,-2.562180544
-182534,-2.532072664
-182663,-2.661536546
-182798,-2.631428666
-182929,-2.661536546
-183062,-2.64046103
-183195,-2.778957276
-183332,-2.504975573
-183461,-2.78798964
-183598,-2.769924912
-183740,-2.661536546
-183877,-2.501964785
-184009,-2.574223695
-184143,-2.514007936
-184276,-2.721752305
-184416,-2.65551497
-184554,-2.53809424
-184688,-2.754870972
-184831,-2.607342363
-184968,-2.514007936
-185101,-2.369490115
-185229,-2.261101749
-185353,-2.559169756
-185487,-2.532072664
-185622,-2.474867693
-185755,-2.510997148
-185888,-2.375511691
-186017,-2.360457751
-186145,-2.339382235
-186273,-2.30325278
-186398,-2.315295932
-186512,-2.206907566
-186634,-1.947979802
-186748,-2.116583927
-186867,-2.032281865
-186984,-1.996152409
-187099,-1.996152409
-187214,-1.667976523
-187320,-1.692062827
-187425,-1.755289374
-187532,-1.532491065
-187633,-1.51141555
-187732,-1.318725121
-187826,-1.171196512
-187916,-1.300660393
-188009,-1.213347543
-188102,-1.713138342
-188207,-1.713138342
-188314,-1.698084403
-188422,-1.677008887
-188528,-1.98109847
-188644,-1.842602224
-188757,-1.866688528
-188872,-1.993141621
-188989,-1.640879432
-189095,-1.839591436
-189207,-1.839591436
-189320,-2.026260289
-189439,-2.026260289
-189558,-1.887764043
-189674,-1.960022954
-189791,-2.005184773
-189911,-2.237015445
-190039,-1.899807195
-190155,-2.020238713
-190276,-2.113573139
-190400,-2.40561957
-190536,-2.411641146
-190672,-2.131637867
-190799,-2.426695086
-190936,-2.0985192
-191061,-2.161745746
-191188,-2.188842838
-191316,-2.029271077
-191440,-2.080454472
-191564,-1.890774831
-191682,-2.086476048
-191806,-1.649911795
-191917,-1.728192282
-192026,-1.430124275
-192127,-1.487329246
-192231,-1.406037972
-192332,-1.436145851
-192435,-1.960022954
-192556,-1.794429617
-192672,-1.999163197
-192795,-1.857656164
-192913,-1.812494345
-193029,-1.634857856
-193140,-1.98109847
-193264,-2.249058597
-193396,-1.987120045
-193521,-2.032281865
-193646,-2.050346592
-193770,-2.104540775
-193897,-1.872710103
-194019,-2.18583205
-194149,-1.791418829
-194269,-2.044325016
-194395,-1.866688528
-194515,-1.869699316
-194636,-1.800451193
-194754,-1.707116766
-194870,-1.978087682
-194994,-1.607760764
-195105,-1.469264518
-195213,-1.610771552
-195324,-1.523458702
-195434,-1.520447914
-195545,-1.610771552
-195642,-1.345822213
-195743,-1.550555793
-195853,-1.478296882
-195961,-1.484318458
-196068,-1.14409942
-196168,-1.493350822
-196275,-1.372919304
-196378,-1.475286094
-196483,-1.321735909
-196579,-1.448189003
-196686,-1.381951668
-196792,-1.264530938
-196893,-1.192272027
-196993,-1.165174936
-197092,-1.107969965
-197189,-0.963452143
-197282,-1.032700266
-197377,-1.074851297
-197474,-1.074851297
-197569,-0.903236384
-197656,-0.830977474
-197745,-0.933344264
-197838,-0.879150081
-197929,-0.861085353
-198019,-0.803880382
-198108,-0.650330197
-198193,-0.782804866
-198282,-1.086894449
-198376,-0.776783291
-198465,-0.824955898
-198554,-0.514844739
-198636,-0.544952619
-198715,-0.68947044
-198800,-0.861085353
-198891,-0.755707775
-198979,-0.659362561
-199065,-0.677427288
-199151,-0.716567532
-199238,-0.614200741
-199323,-0.740653835
-199410,-0.653340985
-199497,-0.686459652
-199583,-0.794848018
-199673,-0.80689117
-199762,-0.412477949
-199843,-0.520866315
-199926,-0.581082074
-200010,-0.68947044
-200096,-0.496780011
-200179,-0.767750927
-200268,-0.79183723
-200358,-0.731621471
-200448,-0.743664623
-200537,-0.725599895
-200624,-0.520866315
-200708,-0.665384136
-200795,-0.641297833
-200881,-0.680438076
-200969,-0.68947044
-201056,-0.427531889
-201138,-0.954419779
-201233,-0.755707775
-201324,-0.632265469
-201409,-0.535920255
-201493,-0.505812375
-201577,-0.752696987
-201667,-0.885171657
-201760,-0.885171657
-201854,-0.969473719
-201950,-0.879150081
-202045,-1.168185724
-202147,-1.113991541
-202249,-1.110980753
-202350,-0.975495295
-202447,-1.110980753
-202549,-1.303671181
-202656,-1.24646621
-202762,-1.077862085
-202864,-1.406037972
-202975,-1.484318458
-203089,-1.418081123
-203201,-1.270552514
-203310,-1.547545005
-203426,-1.237433847
-203534,-1.427113487
-203647,-1.451199791
-203761,-1.348833001
-203871,-1.267541726
-203980,-1.48130767
-204097,-1.439156639
-204211,-1.231412271
-204319,-1.306681969
-204428,-1.210336755
-204537,-1.005603175
-204637,-1.183239663
-204743,-1.366897728
-204854,-1.195282815
-204961,-0.996570811
-205061,-1.032700266
-205164,-1.008613962
-205264,-1.023667902
-205365,-1.023667902
-205465,-0.803880382
-205562,-1.171196512
-205665,-0.903236384
-205764,-0.90925796
-205862,-1.02667869
-205963,-1.062808146
-206065,-0.990549235
-206166,-0.975495295
-206266,-0.906247172
-206364,-0.782804866
-206458,-0.668394924
-206552,-0.921301112
-206649,-0.972484507
-206749,-0.827966686
-206845,-1.135067056
-206949,-0.897214808
-207048,-0.870117717
-207144,-0.885171657
-207242,-0.927322688
-207341,-0.984527659
-207441,-0.830977474
-207537,-0.897214808
-207634,-0.740653835
-207724,-0.71957832
-207815,-0.68947044
-207908,-0.864096141
-208004,-0.707535168
-208097,-0.725599895
-208190,-0.659362561
-208281,-0.788826442
-208376,-0.785815654
-208471,-0.824955898
-208566,-0.58710365
-208655,-0.508823163
-208743,-0.6744165
-208834,-0.716567532
-208926,-0.493769223
-209013,-0.502801587
-209100,-0.698502804
-209192,-0.541941831
-209280,-0.761729351
-209374,-0.659362561
-209464,-0.421510313
-209550,-0.71957832
-209642,-0.43957504
-209728,-0.6744165
-209818,-0.406456373
-209904,-0.532909467
-209991,-0.448607404
-210076,-0.553984982
-210157,-0.072258911
-210234,-0.418499525
-210319,-0.466672132
-210404,-0.382370069
-210488,-0.388391645
-210572,-0.665384136
-210658,-0.541941831
-210746,-0.731621471
-210838,-0.605168377
-210927,-0.33720825
-211010,-0.334197462
-211092,-0.529898679
-211180,-0.701513592
-211270,-0.32215431
-211354,-0.418499525
-211438,-0.620222317
-211527,-0.617211529
-211616,-0.746675411
-211701,-0.605168377
-211786,-0.70452438
-211878,-0.611189953
-211967,-0.523877103
-212055,-0.605168377
-212143,-0.451618192
-212229,-0.827966686
-212324,-0.644308621
-212415,-0.788826442
-212509,-0.779794078
-212603,-0.683448864
-212692,-0.544952619
-212779,-0.599146802
-212868,-0.60215759
-212957,-0.692481228
-213048,-0.569038922
-213136,-0.475704496
-213223,-0.716567532
-213314,-0.590114438
-213403,-0.581082074
-213491,-0.827966686
-213583,-0.812912746
-213678,-0.90925796
-213775,-0.596136014
-213864,-0.424521101
-213949,-0.529898679
-214036,-0.803880382
-214127,-0.752696987
-214219,-0.560006558
-214308,-0.779794078
-214401,-0.629254681
-214491,-0.544952619
-214580,-0.596136014
-214667,-0.578071286
-214756,-0.550974194
-214843,-0.418499525
-214924,-0.677427288
-215011,-0.301078795
-215093,-0.418499525
-215176,-0.35226219
-215258,-0.532909467
-215342,-0.493769223
-215428,-0.511833951
-215514,-0.43957504
-215599,-0.677427288
-215687,-0.605168377
-215776,-0.755707775
-215866,-0.668394924
-215956,-0.71957832
-216049,-0.752696987
-216142,-0.873128505
-216238,-0.960441355
-216338,-0.849042201
-216434,-0.870117717
-216531,-0.836999049
-216627,-0.888182445
-216725,-1.120013117
-216828,-1.120013117
-216930,-1.216358331
-217038,-1.237433847
-217147,-1.204315179
-217255,-1.339800637
-217367,-1.204315179
-217475,-1.053775782
-217580,-1.466253731
-217696,-1.436145851
-217812,-1.403027184
-217927,-1.273563302
-218038,-1.622814704
-218163,-1.770343313
-218292,-1.505393974
-218412,-1.580663673
-218534,-1.640879432
-218660,-1.553566581
-218782,-1.574642097
-218904,-1.445178215
-219022,-1.493350822
-219140,-1.770343313
-219270,-1.658944159
-219394,-1.529480277
-219515,-1.592706824
-219637,-1.839591436
-219771,-1.800451193
-219904,-1.830559072
-220040,-1.713138342
-220170,-1.908839559
-220306,-1.908839559
-220444,-2.074432896
-220589,-1.963033742
-220730,-2.08346526
-220875,-2.029271077
-221019,-2.095508412
-221166,-2.249058597
-221319,-2.116583927
-221469,-2.64046103
-221639,-2.456802965
-221809,-2.221961505
-221963,-2.110562351
-222113,-2.279166476
-222276,-2.432716662
-222441,-2.468846117
-222609,-2.456802965
-222777,-2.429705874
-222947,-2.62540709
-223119,-2.453792177
-223287,-2.619385515
-223460,-2.40561957
-223627,-2.616374727
-223804,-2.580245271
-223977,-2.604331575
-224155,-2.432716662
-224325,-2.577234483
-224501,-2.429705874
-224669,-2.402608782
-224838,-2.411641146
-225003,-2.246047809
-225165,-2.336371447
-225331,-2.396587206
-225499,-1.963033742
-225649,-1.999163197
-225799,-1.914861135
-225944,-1.812494345
-226085,-1.562598945
-226215,-1.369908516
-226342,-1.845613012
-226489,-1.73120307
-226628,-1.96604453
-226774,-1.878731679
-226918,-1.740235434
-227060,-1.95099059
-227211,-1.93593665
-227363,-2.21593993
-227526,-2.279166476
-227692,-2.339382235
-227862,-2.17077811
-228026,-2.357446963
-228199,-2.501964785
-228380,-2.462824541
-228560,-2.50798636
-228743,-2.453792177
-228923,-2.444759814
-229102,-2.261101749
-229272,-2.176799686
-229438,-1.767332525
-229585,-1.887764043
-229736,-1.472275306
-229872,-2.08346526
-230032,-1.960022954
-230189,-1.96604453
-230347,-2.315295932
-230522,-2.324328296
-230698,-2.285188052
-230872,-2.203896778
-231047,-2.246047809
-231220,-2.137659443
-231388,-2.06841132
-231552,-2.008195561
-231714,-1.969055318
-231874,-1.806472769
-232026,-1.797440405
-232182,-1.649911795
-232328,-1.854645376
-232483,-1.809483557
-232636,-1.827548284
-232791,-1.83356986
-232945,-1.740235434
-233097,-1.815505132
-233251,-1.70109519
-233401,-1.749267798
-233551,-1.433135063
-233691,-1.535501853
-233831,-1.487329246
-233971,-1.403027184
-234109,-1.442167427
-234247,-1.48130767
-234388,-1.460232155
-234528,-1.472275306
-234668,-1.36388694
-234805,-1.387973244
-234942,-1.023667902
-235065,-1.168185724
-235193,-1.029689478
-235316,-1.032700266
-235439,-1.05678657
-235563,-0.978506083
-235685,-1.189261239
-235814,-1.083883661
-235940,-0.996570811
-236061,-0.82194511
-236178,-0.626243893
-236290,-0.942376628
-236409,-0.785815654
-236525,-0.858074565
-236642,-0.635276257
-236752,-0.852052989
-236868,-0.725599895
-236981,-0.843020625
-237098,-0.9243119
-237217,-0.71957832
-237332,-0.731621471
-237445,-0.641297833
-237556,-0.870117717
-237673,-0.824955898
-237790,-0.779794078
-237904,-0.599146802
-238013,-0.605168377
-238122,-0.737643047
-238235,-0.876139293
-238352,-0.629254681
-238463,-0.701513592
-238574,-0.560006558
-238685,-0.752696987
-238789,-0.475704496
-238896,-0.535920255
-239000,-0.496780011
-239111,-0.725599895
-239225,-0.716567532
-239328,-0.424521101
-239439,-0.71957832
-239553,-0.788826442
-239663,-0.680438076
-239769,-0.563017346
-239866,-0.171614913
-239961,-0.33720825
-240061,-0.478715284
-240163,-0.298068007
-240262,-0.301078795
-240360,-0.216776732
-240457,-0.319143522
-240555,-0.36731613
-240655,-0.243873824
-240752,-0.078280487
-240844,-0.156560973
-240937,-0.168604125
-241031,-0.003010788
-241120,0.08731285
-241207,0.114409942
-241293,0.114409942
-241378,0.310111159
-241461,0.027097092
-241547,0.35226219
-241628,0.153550185
-241711,0.517855527
-241787,0.740653835
-241858,0.770761715
-241928,0.662373348
-241999,0.596136014
-242072,0.82194511
-242141,0.590114438
-242214,0.665384136
-242286,0.815923534
-242355,0.695492016
-242425,0.728610683
-242496,0.620222317
-242568,0.553984982
-242642,0.575060498
-242715,0.569038922
-242789,0.325165098
-242867,0.662373348
-242940,0.544952619
-243014,0.472693708
-243090,0.343229826
-243169,0.222798308
-243250,0.189679641
-243333,0.108388366
-243414,0.304089583
-243495,0.298068007
-243574,0.358283766
-243653,0.261938551
-243735,0.063226547
-243821,-0.036129455
-243909,-0.063226547
-243999,-0.108388366
-244089,-0.376348493
-244187,-0.499790799
-244289,-0.698502804
-244398,-0.641297833
-244505,-0.550974194
-244609,-0.725599895
-244718,-0.728610683
-244828,-0.918290324
-244944,-0.852052989
-245059,-0.966462931
-245177,-1.038721842
-245298,-1.032700266
-245420,-1.351843789
-245552,-1.135067056
-245677,-1.270552514
-245808,-1.526469489
-245948,-1.330768273
-246082,-1.571631309
-246225,-1.710127554
-246375,-1.782386465
-246528,-1.926904287
-246688,-2.276155688
-246862,-2.089486836
-247031,-2.047335804
-247198,-2.173788898
-247366,-1.809483557
-247522,-1.661954947
-247677,-1.803461981
-247832,-1.98109847
-247992,-1.707116766
-248142,-1.704105978
-248293,-1.686041251
-248443,-1.893785619
-248602,-1.761310949
-248755,-1.797440405
-248911,-2.002173985
-249075,-1.884753255
-249235,-1.902817983
-249396,-2.092497624
-249566,-2.080454472
-249736,-2.237015445
-249915,-2.203896778
-250092,-2.387554843
-250278,-2.194864414
-250456,-2.336371447
-250637,-2.348414599
-250822,-2.255080173
-251002,-2.246047809
-251182,-2.243037021
-251358,-2.176799686
-251534,-2.270134113
-251719,-2.495943209
-251915,-2.580245271
-252115,-2.492932421
-252310,-2.444759814
-252503,-2.50798636
-252699,-2.28819884
-252883,-2.50798636
-253079,-2.375511691
-253269,-2.55314818
-253468,-2.5230403
-253665,-2.312285144
-253852,-2.273144901
-254035,-2.252069385
-254217,-2.158734959
-254395,-2.40561957
-254586,-2.468846117
-254781,-2.339382235
-254969,-2.249058597
-255152,-2.363468539
-255341,-2.372500903
-255531,-2.324328296
-255719,-2.685622849
-255917,-2.40561957
-256110,-2.321317508
-256298,-2.315295932
-256480,-2.143681019
-256658,-2.104540775
-256833,-2.312285144
-257020,-2.155724171
-257199,-2.086476048
-257375,-2.447770601
-257568,-2.194864414
-257750,-2.101529988
-257926,-2.158734959
-258105,-2.05335738
-258278,-1.984109258
-258448,-1.812494345
-258610,-2.017227925
-258781,-2.237015445
-258965,-2.167767322
-259145,-2.261101749
-259331,-2.5230403
-259532,-2.21593993
-259716,-2.188842838
-259898,-2.212929142
-260085,-2.40561957
-260281,-2.535083452
-260483,-2.396587206
-260679,-2.426695086
-260874,-2.011206349
-261049,-2.194864414
-261231,-2.110562351
-261411,-2.246047809
-261597,-2.393576418
-261792,-2.514007936
-261995,-2.369490115
-262190,-2.230993869
-262376,-2.267123325
-262565,-2.366479327
-262758,-2.107551563
-262939,-2.381533267
-263134,-2.119594715
-263315,-1.866688528
-263483,-1.854645376
-263649,-1.857656164
-263817,-2.077443684
-263994,-1.969055318
-264168,-2.056368168
-264345,-2.20088599
-264531,-2.101529988
-264712,-2.023249501
-264889,-2.224972293
-265077,-2.243037021
-265266,-2.264112537
-265457,-2.179810474
-265643,-2.270134113
-265834,-2.336371447
-266036,-2.351425387
-266240,-2.495943209
-266459,-2.453792177
-266675,-2.378522479
-266880,-2.209918354
-267077,-2.471856905
-267285,-2.613363939
-267500,-2.64046103
-267718,-2.685622849
-267939,-2.492932421
-268147,-2.556158968
-268359,-2.544115816
-268571,-2.571212907
-268785,-2.574223695
-269000,-2.673579698
-269222,-2.604331575
-269439,-2.694655213
-269663,-2.748849396
-269891,-2.562180544
-270107,-2.784978852
-270337,-2.571212907
-270553,-2.532072664
-270768,-2.703687577
-270994,-2.87530249
-271232,-2.75788176
-271463,-2.736806244
-271693,-2.818097519
-271928,-2.812075943
-272164,-2.778957276
-272397,-2.824119095
-272635,-2.727773881
-272866,-2.806054367
-273102,-2.803043579
-273338,-2.703687577
-273569,-2.760892548
-273803,-2.724763093
-274035,-2.74282782
-274268,-2.724763093
-274501,-2.577234483
-274724,-2.700676789
-274955,-2.583256059
-275179,-2.694655213
-275410,-2.715730729
-275644,-2.492932421
-275861,-2.375511691
-276073,-2.456802965
-276289,-2.583256059
-276514,-2.706698365
-276748,-2.5230403
-276971,-2.694655213
-277205,-2.824119095
-277448,-2.474867693
-277668,-2.336371447
-277879,-2.333360659
-278089,-2.486910845
-278310,-2.532072664
-278535,-2.800032791
-278778,-2.375511691
-278993,-2.423684298
-279212,-2.580245271
-279440,-2.444759814
-279660,-2.42067351
-279878,-2.206907566
-280083,-2.050346592
-280278,-1.96604453
-280467,-1.677008887
-280639,-1.993141621
-280831,-2.143681019
-281032,-2.032281865
-281222,-2.164756534
-281419,-2.354436175
-281633,-2.221961505
-281841,-2.074432896
-282033,-2.026260289
-282228,-2.029271077
-282423,-1.923893499
-282612,-1.972066106
-282804,-1.860666952
-282990,-1.899807195
-283178,-1.791418829
-283360,-1.800451193
-283543,-1.761310949
-283723,-1.707116766
-283902,-1.869699316
-284088,-1.797440405
-284271,-1.713138342
-284450,-1.704105978
-284628,-1.755289374
-284809,-1.719159918
-284989,-1.719159918
-285168,-1.990130833
-285361,-1.589696036
-285535,-1.670987311
-285713,-1.610771552
-285890,-1.737224646
-286070,-1.556577369
-286241,-1.577652885
-286413,-1.505393974
-286580,-1.586685248
-286750,-1.689052039
-286927,-1.475286094
-287094,-1.673998099
-287268,-1.610771552
-287444,-1.502383186
-287613,-1.475286094
-287781,-1.51141555
-287948,-1.375930092
-288111,-1.412059547
-288267,-1.505393974
-288426,-1.442167427
-288596,-1.550555793
-288767,-1.436145851
-288928,-1.523458702
-289102,-1.568620521
-289264,-1.508404762
-289432,-1.49636161
-289599,-1.502383186
-289762,-1.297649605
-289918,-1.225390695
-290067,-1.153131784
-290220,-1.156142572
-290374,-1.303671181
-290534,-1.375930092
-290698,-1.324746697
-290857,-1.49636161
-291018,-1.541523429
-291181,-1.5987284
-291358,-1.725181494
-291541,-1.93593665
-291727,-1.62883628
-291906,-1.722170706
-292090,-1.857656164
-292283,-2.017227925
-292485,-1.893785619
-292680,-1.929915074
-292879,-1.8486238
-293073,-2.101529988
-293281,-2.188842838
-293486,-2.336371447
-293711,-2.282177264
-293933,-2.149702595
-294146,-1.926904287
-294346,-2.267123325
-294568,-2.297231204
-294792,-2.429705874
-295018,-2.294220416
-295243,-2.173788898
-295454,-2.167767322
-295670,-2.011206349
-295876,-1.857656164
-296072,-1.484318458
-296249,-1.704105978
-296436,-1.767332525
-296630,-1.917871923
-296831,-2.092497624
-297040,-2.122605503
-297258,-2.221961505
-297480,-2.417662722
-297695,-2.212929142
-297896,-2.351425387
-298128,-2.28819884
-298356,-2.152713383
-298576,-2.179810474
-298790,-2.011206349
-299001,-1.969055318
-299209,-1.917871923
-299415,-1.996152409
-299626,-1.978087682
-299836,-1.803461981
-300035,-1.767332525
-300232,-1.677008887
-300424,-1.478296882
-300609,-1.785397253
-300808,-1.899807195
-301015,-1.978087682
-301227,-2.149702595
-301451,-2.315295932
-301668,-2.125616291
-301891,-2.128627079
-302116,-2.110562351
-302339,-1.788408041
-302542,-1.875720891
-302751,-1.923893499
-302963,-1.842602224
-303170,-1.710127554
-303369,-1.580663673
-303562,-1.752278586
-303763,-1.424102699
-303954,-1.631847068
-304148,-1.535501853
-304329,-1.622814704
-304524,-1.565609733
-304716,-1.460232155
-304906,-1.586685248
-305100,-1.406037972
-305284,-1.189261239
-305456,-1.279584878
-305633,-1.375930092
-305817,-1.631847068
-306014,-1.589696036
-306211,-1.646901007
-306410,-1.523458702
-306604,-1.74625701
-306807,-2.005184773
-307031,-2.285188052
-307269,-2.104540775
-307491,-2.044325016
-307720,-1.975076894
-307945,-1.920882711
-308167,-1.812494345
-308382,-1.664965735
-308588,-1.842602224
-308805,-1.734213858
-309017,-1.604749976
-309223,-1.71614913
-309434,-1.758300161
-309649,-1.914861135
-309873,-1.637868644
-310082,-1.737224646
-310297,-1.625825492
-310506,-1.797440405
-310725,-1.568620521
-310931,-1.562598945
-311133,-1.62883628
-311337,-1.658944159
-311542,-1.604749976
-311755,-1.48130767
-311954,-1.538512641
-312160,-1.333779061
-312356,-1.433135063
-312558,-1.538512641
-312765,-1.219369119
-312956,-1.213347543
-313146,-1.324746697
-313342,-1.032700266
-313523,-1.1742073
-313710,-0.858074565
-313883,-1.14409942
-314070,-1.04173263
-314252,-0.969473719
-314430,-1.104959177
-314616,-0.972484507
-314796,-0.855063777
-314968,-0.752696987
-315136,-1.089905237
-315322,-1.156142572
-315512,-0.686459652
-315679,-0.782804866
-315849,-0.617211529
-316011,-0.48473686
-316166,-0.382370069
-316317,-0.809901958
-316488,-0.900225596
-316666,-0.888182445
-316844,-0.93936584
-317025,-0.963452143
-317209,-1.074851297
-317398,-1.035711054
-317586,-1.098937601
-317777,-0.990549235
-317964,-1.083883661
-318156,-1.270552514
-318359,-1.327757485
-318568,-1.595717612
-318794,-1.375930092
-319006,-1.327757485
-319216,-1.315714333
-319426,-1.339800637
-319637,-1.327757485
-319848,-1.213347543
-320053,-1.147110208
-320254,-1.27657409
-320462,-1.020657114
-320657,-0.945387416
-320846,-0.897214808
-321033,-0.927322688
-321222,-0.626243893
-321396,-0.873128505
-321581,-0.713556744
-321760,-0.734632259
-321939,-0.6744165
-322115,-0.581082074
-322287,-0.578071286
-322458,-0.406456373
-322621,-0.457639768
-322787,-0.566028134
-322958,-0.364305342
-323119,-0.340219038
-323279,-0.280003279
-323437,-0.228819884
-323592,-0.421510313
-323755,-0.129463882
-323907,-0.252906188
-324063,-0.10236679
-324212,0.039140243
-324356,0.024086304
-324500,-0.069248123
-324648,-0.168604125
-324800,-0.048172607
-324948,-0.072258911
-325096,-0.024086304
-325242,0.057204971
-325385,-0.165593337
-325529,0.13247467
-325668,0.255916976
-325802,0.216776732
-325938,0.394413221
-326067,0.168604125
-326203,0.171614913
-326341,0.093334426
-326480,0.171614913
-326617,0.183658065
-326750,0.129463882
-326887,0.048172607
-327025,0.210755156
-327161,0.11742073
-327298,0.138496246
-327432,0.123442306
-327560,0.313121947
-327685,0.358283766
-327818,0.171614913
-327949,0.237852248
-328083,0.210755156
-328217,0.240863036
-328351,0.198712005
-328477,0.409467161
-328604,0.409467161
-328733,0.334197462
-328864,0.301078795
-329001,0.123442306
-329141,0.060215759
-329275,0.237852248
-329415,0.030107879
-329551,0.23484146
-329684,0.147528609
-329820,0.141507034
-329952,0.231830672
-330083,0.276992491
-330213,0.289035643
-330343,0.292046431
-330482,0.045161819
-330616,0.213765944
-330753,0.096345214
-330890,0.105377578
-331036,-0.10236679
-331179,-0.030107879
-331322,-0.036129455
-331461,0.01505394
-331599,0.078280487
-331725,0.310111159
-331849,0.307100371
-331979,0.264949339
-332097,0.538931043
-332217,0.550974194
-332330,0.605168377
-332442,0.698502804
-332549,0.833988262
-332653,0.984527659
-332762,0.761729351
-332872,0.764740139
-332976,0.960441355
-333079,0.960441355
-333179,1.047754206
-333277,1.12904548
-333379,1.005603175
-333485,0.972484507
-333590,1.008613962
-333697,0.873128505
-333803,0.906247172
-333902,1.113991541
-334000,1.089905237
-334103,0.873128505
-334207,0.930333476
-334316,0.809901958
-334422,0.864096141
-334528,0.846031413
-334642,0.614200741
-334763,0.481726072
-334880,0.48473686
-335000,0.409467161
-335120,0.346240614
-335250,0.159571761
-335376,0.240863036
-335514,-0.021075516
-335655,-0.186668853
-335798,-0.198712005
-335947,-0.286024855
-336098,-0.445596616
-336260,-0.578071286
-336426,-0.644308621
-336591,-0.653340985
-336762,-0.797858806
-336937,-0.885171657
-337117,-0.836999049
-337296,-0.954419779
-337478,-0.951408991
-337667,-1.053775782
-337864,-1.198293603
-338064,-1.240444634
-338274,-1.384962456
-338492,-1.526469489
-338724,-1.710127554
-338953,-1.655933371
-339190,-1.791418829
-339435,-1.869699316
-339690,-1.972066106
-339949,-2.095508412
-340220,-2.137659443
-340500,-2.321317508
-340798,-2.526051088
-341121,-2.763903336
-341454,-2.878313278
-341774,-2.706698365
-342103,-2.775946488
-342448,-2.908421157
-342761,-2.703687577
-343098,-2.751860184
-343404,-2.50798636
-343728,-2.718741517
-344041,-2.595299211
-344368,-2.664547334
-344688,-2.661536546
-345001,-2.568202119
-345317,-2.616374727
-345623,-2.495943209
-345934,-2.53809424
-346257,-2.673579698
-346557,-2.411641146
-346868,-2.547126604
-347181,-2.556158968
-347466,-2.240026233
-347769,-2.450781389
-348090,-2.631428666
-348408,-2.592288423
-348707,-2.408630358
-348969,-1.963033742
-349260,-2.327339084
-349540,-2.167767322
-349821,-2.191853626
-350106,-2.21593993
-350410,-2.438738238
-350702,-2.291209628
-351000,-2.357446963
-351300,-2.375511691
-351600,-2.369490115
-351895,-2.324328296
-352195,-2.366479327
-352494,-2.399597994
-352794,-2.297231204
-353090,-2.285188052
-353379,-2.227983081
-353670,-2.39056563
-353958,-2.273144901
-354272,-2.453792177
-354600,-2.583256059
-354935,-2.646482606
-355274,-2.709709153
-355609,-2.67056891
-355944,-2.67056891
-356268,-2.565191331
-356594,-2.580245271
-356927,-2.643471818
-357259,-2.619385515
-357598,-2.691644425
-357935,-2.706698365
-358282,-2.649493394
-358614,-2.532072664
-358947,-2.565191331
-359281,-2.619385515
-359599,-2.360457751
-359931,-2.589277635
-360248,-2.360457751
-360585,-2.631428666
-360892,-2.315295932
-361223,-2.526051088
-361534,-2.375511691
-361835,-2.227983081
-362150,-2.291209628
-362473,-2.486910845
-362766,-2.128627079
-363060,-1.827548284
-363354,-2.140670231
-363660,-2.273144901
-363958,-2.167767322
-364264,-2.246047809
-364592,-2.450781389
-364919,-2.465835329
-365224,-2.21593993
-365526,-2.176799686
-365836,-2.282177264
-366147,-2.273144901
-366456,-2.246047809
-366774,-2.348414599
-367084,-2.258090961
-367388,-2.161745746
-367688,-2.026260289
-367993,-2.221961505
-368303,-2.300241992
-368640,-2.495943209
-368963,-2.354436175
-369275,-2.227983081
-369586,-2.21593993
-369881,-2.038303441
-370184,-2.119594715
-370488,-2.125616291
-370768,-1.857656164
-371057,-1.954001378
-371345,-1.944969014
-371633,-1.923893499
-371921,-1.938947438
-372202,-1.839591436
-372472,-1.71614913
-372725,-1.493350822
-372989,-1.631847068
-373266,-1.776364889
-373551,-1.854645376
-373845,-1.954001378
-374151,-2.065400532
-374489,-2.39056563
-374825,-2.342393023
-375158,-2.306263568
-375486,-2.243037021
-375809,-2.18583205
-376132,-2.173788898
-376450,-2.110562351
-376753,-1.944969014
-377062,-2.008195561
-377364,-1.944969014
-377670,-1.957012166
-377965,-1.866688528
-378283,-2.062389744
-378588,-1.911850347
-378883,-1.785397253
-379174,-1.749267798
-379465,-1.734213858
-379748,-1.637868644
-380019,-1.478296882
-380291,-1.49636161
-380571,-1.589696036
-380846,-1.51141555
-381118,-1.48130767
-381380,-1.330768273
-381644,-1.384962456
-381912,-1.132056268
-382178,-1.360876152
-382468,-1.550555793
-382754,-1.577652885
-383036,-1.532491065
-383342,-1.797440405
-383645,-1.767332525
-383956,-1.824537496
-384256,-1.695073615
-384549,-1.616793128
-384839,-1.559588157
-385107,-1.312703545
-385389,-1.469264518
-385673,-1.484318458
-385943,-1.297649605
-386207,-1.300660393
-386469,-0.990549235
-386716,-0.803880382
-386977,-1.168185724
-387253,-1.372919304
-387537,-1.427113487
-387839,-1.610771552
-388144,-1.616793128
-388467,-1.803461981
-388788,-1.764321737
-389137,-2.017227925
-389481,-1.95099059
-389805,-1.74625701
-390135,-1.800451193
-390448,-1.610771552
-390743,-1.40904876
-391040,-1.424102699
-391345,-1.493350822
-391644,-1.415070335
-391942,-1.400016396
-392231,-1.282595666
-392515,-1.213347543
-392790,-1.104959177
-393057,-1.002592387
-393325,-0.999581599
-393580,-0.836999049
-393832,-0.785815654
-394079,-0.713556744
-394328,-0.731621471
-394568,-0.60215759
-394815,-0.692481228
-395057,-0.632265469
-395281,-0.33720825
-395501,-0.295057219
-395737,-0.514844739
-395965,-0.394413221
-396192,-0.370326918
-396413,-0.286024855
-396635,-0.280003279
-396846,-0.120431518
-397058,-0.135485458
-397267,-0.075269699
-397477,-0.084302063
-397677,0.08731285
-397885,-0.060215759
-398095,-0.066237335
-398319,-0.283014067
-398537,-0.171614913
-398735,0.141507034
-398935,0.108388366
-399131,0.192690429
-399340,-0.021075516
-399543,0.093334426
-399746,0.11742073
-399946,0.153550185
-400143,0.210755156
-400332,0.349251402
-400514,0.481726072
-400704,0.346240614
-400901,0.2498954
-401094,0.295057219
-401276,0.535920255
-401460,0.487747648
-401644,0.490758435
-401830,0.472693708
-402015,0.475704496
-402192,0.656351773
-402380,0.448607404
-402563,0.538931043
-402741,0.644308621
-402917,0.662373348
-403088,0.788826442
-403267,0.638287045
-403444,0.683448864
-403624,0.605168377
-403803,0.662373348
-403984,0.57204971
-404171,0.493769223
-404348,0.725599895
-404529,0.632265469
-404714,0.566028134
-404900,0.535920255
-405080,0.668394924
-405264,0.46968292
-405441,0.725599895
-405617,0.749686199
-405790,0.797858806
-405962,0.815923534
-406142,0.668394924
-406330,0.538931043
-406508,0.734632259
-406690,0.683448864
-406860,0.948398204
-407031,0.873128505
-407215,0.659362561
-407384,0.873128505
-407567,0.620222317
-407746,0.737643047
-407922,0.803880382
-408105,0.653340985
-408292,0.599146802
-408483,0.532909467
-408669,0.550974194
-408849,0.629254681
-409028,0.665384136
-409217,0.520866315
-409402,0.641297833
-409588,0.541941831
-409781,0.520866315
-409980,0.472693708
-410174,0.475704496
-410374,0.517855527
-410577,0.442585828
-410778,0.517855527
-410986,0.442585828
-411194,0.412477949
-411402,0.493769223
-411605,0.286024855
-411817,0.216776732
-412046,0.13247467
-412277,0.147528609
-412507,0.129463882
-412739,0.024086304
-412977,0.198712005
-413198,0.144517821
-413432,0.069248123
-413669,0.20473358
-413902,0.171614913
-414139,-0.024086304
-414392,0.078280487
-414639,0.129463882
-414882,0.051183395
-415132,0.036129455
-415384,0.183658065
-415626,0.093334426
-415875,0.093334426
-416125,0.030107879
-416380,0.189679641
-416624,0.099356002
-416874,0.201722792
-417118,0.2498954
-417358,0.114409942
-417608,0.096345214
-417860,0.183658065
-418106,0.024086304
-418364,0.003010788
-418624,-0.084302063
-418889,-0.096345214
-419133,-0.072258911
-419398,-0.105377578
-419666,-0.027097092
-419929,-0.186668853
-420203,-0.144517821
-420474,-0.08731285
-420741,-0.177636489
-421013,-0.225809096
-421290,-0.412477949
-421582,-0.430542677
-421871,-0.517855527
-422171,-0.563017346
-422475,-0.466672132
-422768,-0.45462898
-423056,-0.665384136
-423359,-0.779794078
-423669,-0.632265469
-423963,-0.70452438
-424263,-0.388391645
-424536,-0.072258911
-424784,0.027097092
-425027,-0.08731285
-425277,-0.298068007
-425537,-0.57204971
-425813,-0.55699577
-426090,-0.641297833
-426390,-0.803880382
-426715,-0.68947044
-427020,-0.882160869
-427343,-1.189261239
-427684,-1.415070335
-428065,-1.39399482
-428444,-1.755289374
-428868,-1.821526708
-429259,-1.990130833
-429718,-2.044325016
-430187,-2.282177264
-430693,-2.438738238
-431226,-2.465835329
-431767,-2.465835329
-432326,-2.465835329
-432870,-2.526051088
-433425,-2.444759814
-433969,-2.583256059
-434472,-2.459813753
-435023,-2.556158968
-435592,-2.417662722
-436141,-2.682612061
-436726,-2.899388794
-437267,-2.784978852
-437827,-2.89035643
-438423,-2.649493394
-439039,-2.766914124
-439625,-2.754870972
-440206,-2.721752305
-440798,-2.730784669
-441388,-2.628417878
-441954,-2.50798636
-442535,-2.535083452
-443120,-2.381533267
-443682,-2.152713383
-444216,-2.339382235
-444785,-2.243037021
-445342,-2.243037021
-445900,-2.30325278
-446471,-2.252069385
-447034,-1.851634588
-447536,-1.902817983
-448047,-1.975076894
-448573,-2.282177264
-449151,-2.191853626
-449719,-2.18583205
-450288,-2.30325278
-450881,-2.384544055
-451492,-2.017227925
-452042,-2.128627079
-452613,-2.375511691
-453229,-2.179810474
-453816,-1.908839559
-454400,-2.050346592
-454969,-2.110562351
-455550,-2.224972293
-456156,-2.471856905
-456813,-2.685622849
-457519,-2.619385515
-458216,-2.658525758
-458942,-2.649493394
-459652,-2.550137392
-460344,-2.510997148
-461031,-2.480889269
-461713,-2.243037021
-462350,-2.152713383
-462970,-2.297231204
-463620,-2.30325278
-464257,-2.432716662
-464951,-2.541105028
-465657,-2.559169756
-466367,-2.459813753
-467058,-2.417662722
-467740,-2.601320787
-468461,-2.282177264
-469115,-1.947979802
-469706,-2.18583205
-470337,-1.896796407
-470916,-1.559588157
-471435,-1.454210579
-471934,-1.204315179
-472392,-1.390984032
-472880,-1.655933371
-473409,-1.857656164
-473970,-2.110562351
-474576,-2.074432896
-475160,-1.73120307
-475696,-1.532491065
-476200,-1.387973244
-476679,-1.26152015
-477138,-1.189261239
-477586,-1.397005608
-478062,-1.562598945
-478562,-1.800451193
-479099,-1.725181494
-479623,-1.550555793
-480119,-1.490340034
-480605,-1.433135063
-481081,-1.487329246
-481571,-1.36388694
-482035,-1.306681969
-482489,-1.195282815
-482928,-1.249476998
-483371,-1.126034692
-483798,-1.132056268
-484225,-1.01162475
-484635,-1.065818933
-485051,-1.035711054
-485462,-1.020657114
-485870,-1.029689478
-486279,-0.969473719
-486679,-0.830977474
-487062,-0.827966686
-487444,-0.770761715
-487817,-0.722589107
-488185,-0.773772503
-488555,-0.409467161
-488889,-0.755707775
-489256,-0.71957832
-489620,-0.677427288
-489978,-0.695492016
-490338,-0.734632259
-490701,-0.846031413
-491076,-0.912268748
-491456,-0.978506083
-491845,-0.978506083
-492234,-1.029689478
-492628,-1.029689478
-493022,-1.053775782
-493416,-0.972484507
-493802,-1.183239663
-494208,-1.12904548
-494600,-1.138077844
-495001,-1.138077844
-495401,-1.141088632
-495800,-1.077862085
-496190,-1.126034692
-496584,-1.138077844
-496978,-1.195282815
-497376,-1.101948389
-497762,-1.195282815
-498157,-1.153131784
-498545,-1.183239663
-498934,-1.135067056
-499316,-1.120013117
-499694,-1.294638818
-500090,-1.279584878
-500482,-1.297649605
-500875,-1.327757485
-501269,-1.339800637
-501663,-1.448189003
-502067,-1.252487786
-502446,-1.333779061
-502832,-1.339800637
-503217,-1.315714333
-503596,-1.267541726
-503968,-1.342811425
-504346,-1.204315179
-504708,-1.324746697
-505080,-1.517437126
-505474,-1.601739188
-505875,-1.568620521
-506271,-1.478296882
-506654,-1.415070335
-507027,-1.39399482
-507396,-1.360876152
-507758,-1.369908516
-508120,-1.475286094
-508493,-1.806472769
-508902,-1.788408041
-509308,-1.725181494
-509704,-1.740235434
-510100,-1.670987311
-510487,-1.707116766
-510876,-1.734213858
-511267,-1.755289374
-511658,-1.764321737
-512049,-1.695073615
-512432,-1.664965735
-512809,-1.652922583
-513185,-1.692062827
-513563,-1.619803916
-513933,-1.436145851
-514282,-1.457221367
-514633,-1.505393974
-514989,-1.499372398
-515343,-1.342811425
-515681,-1.228401483
-516006,-1.207325967
-516329,-1.348833001
-516666,-1.297649605
-516998,-1.288617242
-517329,-1.05678657
-517637,-1.207325967
-517960,-1.04173263
-518267,-1.080872873
-518578,-1.044743418
-518885,-1.038721842
-519193,-0.972484507
-519495,-1.047754206
-519804,-1.02667869
-520111,-1.12904548
-520416,-1.038721842
-520726,-0.93936584
-521027,-1.186250451
-521353,-1.023667902
-521664,-1.044743418
-521978,-1.023667902
-522290,-1.077862085
-522610,-1.457221367
-522969,-1.369908516
-523321,-1.387973244
-523675,-1.294638818
-524022,-1.357865364
-524375,-1.29162803
-524728,-1.457221367
-525099,-1.309692757
-525452,-1.397005608
-525808,-1.484318458
-526184,-1.463242943
-526559,-1.451199791
-526935,-1.330768273
-527299,-1.475286094
-527683,-1.37894088
-528056,-1.297649605
-528422,-1.24646621
-528783,-1.336789849
-529157,-1.354854576
-529534,-1.559588157
-529939,-1.634857856
-530357,-1.827548284
-530804,-2.032281865
-531284,-2.206907566
-531795,-2.143681019
-532302,-2.321317508
-532841,-2.252069385
-533375,-2.321317508
-533926,-2.179810474
-534459,-2.167767322
-534994,-1.999163197
-535508,-2.104540775
-536044,-2.035292653
-536575,-2.05335738
-537113,-2.035292653
-537652,-1.947979802
-538194,-2.267123325
-538784,-2.339382235
-539391,-2.276155688
-539991,-2.246047809
-540589,-2.273144901
-541188,-2.237015445
-541788,-2.191853626
-542381,-2.137659443
-542964,-2.179810474
-543554,-2.212929142
-544149,-2.300241992
-544758,-2.447770601
-545367,-2.444759814
-545985,-2.450781389
-546604,-2.381533267
-547202,-2.158734959
-547746,-2.05335738
-548280,-2.158734959
-548818,-2.167767322
-549348,-2.050346592
-549855,-1.8486238
-550322,-1.610771552
-550761,-1.680019675
-551208,-1.890774831
-551673,-1.95099059
-552129,-2.089486836
-552607,-1.893785619
-553047,-1.875720891
-553481,-1.631847068
-553874,-1.526469489
-554250,-1.40904876
-554604,-1.360876152
-554948,-1.216358331
-555265,-1.008613962
-555563,-0.930333476
-555844,-0.978506083
-556126,-1.406037972
-556411,-1.267541726
-556719,-1.327757485
-557013,-1.526469489
-557308,-1.490340034
-557616,-1.619803916
-557911,-1.652922583
-558214,-1.704105978
-558514,-1.851634588
-558823,-2.065400532
-559133,-2.038303441
-559461,-1.95099059
-559778,-1.73120307
-560077,-1.649911795
-560352,-1.634857856
-560625,-1.568620521
-560890,-1.505393974
-561149,-1.400016396
-561404,-1.351843789
-561649,-1.397005608
-561889,-1.225390695
-562130,-1.204315179
-562357,-1.113991541
-562582,-1.101948389
-562799,-1.023667902
-563015,-1.002592387
-563225,-0.921301112
-563433,-0.969473719
-563636,-0.846031413
-563841,-0.864096141
-564039,-0.779794078
-564238,-0.749686199
-564432,-0.665384136
-564627,-0.776783291
-564815,-0.617211529
-564994,-0.623233105
-565179,-0.665384136
-565365,-0.683448864
-565554,-0.626243893
-565745,-0.490758435
-565933,-0.547963406
-566114,-0.553984982
-566298,-0.569038922
-566484,-0.541941831
-566671,-0.608179165
-566857,-0.433553464
-567047,-0.563017346
-567231,-0.427531889
-567420,-0.36731613
-567602,-0.505812375
-567781,-0.581082074
-567969,-0.433553464
-568161,-0.463661344
-568346,-0.415488737
-568532,-0.478715284
-568716,-0.45462898
-568905,-0.532909467
-569093,-0.448607404
-569285,-0.328175886
-569474,-0.442585828
-569656,-0.427531889
-569845,-0.493769223
-570034,-0.445596616
-570228,-0.451618192
-570419,-0.48473686
-570612,-0.445596616
-570807,-0.427531889
-571001,-0.448607404
-571194,-0.436564252
-571390,-0.415488737
-571585,-0.433553464
-571780,-0.508823163
-571977,-0.45462898
-572178,-0.538931043
-572378,-0.560006558
-572583,-0.430542677
-572790,-0.460650556
-572991,-0.397424009
-573193,-0.647319409
-573392,-0.490758435
-573608,-0.406456373
-573814,-0.388391645
-574016,-0.529898679
-574217,-0.394413221
-574428,-0.424521101
-574631,-0.370326918
-574837,-0.36731613
-575040,-0.412477949
-575244,-0.298068007
-575452,-0.343229826
-575654,-0.427531889
-575861,-0.487747648
-576076,-0.520866315
-576297,-0.520866315
-576523,-0.635276257
-576749,-0.58710365
-576981,-0.550974194
-577214,-0.563017346
-577447,-0.683448864
-577684,-0.58710365
-577932,-0.550974194
-578166,-0.514844739
-578402,-0.409467161
-578645,-0.276992491
-578883,-0.325165098
-579114,-0.331186674
-579352,-0.319143522
-579592,-0.349251402
-579836,-0.32215431
-580084,-0.43957504
-580335,-0.695492016
-580598,-0.915279536
-580878,-0.846031413
-581193,-1.038721842
-581507,-1.234423059
-581846,-1.273563302
-582213,-1.448189003
-582592,-1.722170706
-582999,-1.899807195
-583449,-2.116583927
-583928,-2.074432896
-584446,-1.776364889
-584984,-1.73120307
-585485,-1.836580648
-585990,-1.652922583
-586521,-1.963033742
-587034,-2.026260289
-587620,-1.839591436
-588205,-1.559588157
-588778,-1.390984032
-589314,-1.219369119
-589830,-1.047754206
-590337,-1.044743418
-590816,-1.502383186
-591301,-1.782386465
-591862,-1.710127554
-592474,-1.595717612
-593083,-1.532491065
-593666,-1.39399482
-594256,-1.300660393
-594821,-1.171196512
-595401,-1.330768273
-595959,-1.637868644
-596546,-1.899807195
-597190,-2.017227925
-597892,-1.932925862
-598667,-1.667976523
-599400,-1.610771552
-600096,-1.502383186
-600791,-1.559588157
-601487,-1.273563302
-602124,-1.303671181
-602788,-1.26152015
-603474,-1.270552514
-604150,-1.180228876
-604834,-1.05678657
-605507,-1.044743418
-606161,-0.966462931
-606819,-0.885171657
-607474,-0.707535168
-608079,-0.605168377
-608674,-0.523877103
-609269,-0.412477949
-609854,-0.328175886
-610425,-0.379359281
-610985,-0.442585828
-611541,-0.430542677
-612130,-0.43957504
-612717,-0.313121947
-613310,-0.406456373
-613878,-0.313121947
-614466,-0.391402433
-615060,-0.292046431
-615672,-0.385380857
-616273,-0.43957504
-616895,-0.584092862
-617533,-0.686459652
-618205,-0.538931043
-618904,-0.68947044
-619576,-0.716567532
-620278,-0.590114438
-620950,-0.58710365
-621644,-0.779794078
-622342,-0.758718563
-623054,-0.855063777
-623796,-0.79183723
-624562,-0.809901958
-625316,-0.662373348
-626073,-0.960441355
-626800,-1.330768273
-627597,-1.667976523
-628490,-2.158734959
-629486,-2.520029512
-630645,-2.62540709
-631964,-2.649493394
-633312,-2.480889269
-634676,-2.679601273
-635956,-2.685622849
-637310,-2.526051088
-638664,-2.613363939
-639948,-2.661536546
-641262,-2.667558122
-642589,-2.471856905
-643907,-2.327339084
-645119,-2.312285144
-646222,-2.321317508
-647328,-2.354436175
-648431,-2.246047809
-649522,-2.128627079
-650556,-2.249058597
-651553,-2.194864414
-652589,-2.324328296
-653588,-2.384544055
-654607,-2.282177264
-655611,-2.06841132
-656550,-2.020238713
-657420,-2.221961505
-658255,-2.264112537
-659093,-2.517018724
-659970,-2.414651934
-660865,-2.601320787
-661743,-2.498953997
-662653,-2.408630358
-663513,-2.354436175
-664289,-2.535083452
-665075,-2.691644425
-665887,-2.724763093
-666722,-2.718741517
-667546,-2.694655213
-668348,-2.676590486
-669129,-2.501964785
-669852,-2.179810474
-670509,-2.191853626
-671102,-2.294220416
-671706,-2.456802965
-672290,-2.483900057
-672908,-2.40561957
-673520,-2.312285144
-674132,-2.261101749
-674722,-2.122605503
-675293,-1.969055318
-675849,-1.788408041
-676364,-1.773354101
-676871,-2.020238713
-677330,-2.209918354
-677788,-2.077443684
-678267,-1.70109519
-678780,-1.406037972
-679269,-1.550555793
-679721,-1.791418829
-680122,-1.944969014
-680542,-2.113573139
-680987,-2.209918354
-681449,-2.092497624
-681935,-1.812494345
-682433,-1.680019675
-682912,-1.565609733
-683371,-1.607760764
-683792,-1.643890219
-684198,-1.574642097
-684610,-1.454210579
-685025,-1.40904876
-685431,-1.390984032
-685823,-1.387973244
-686211,-1.327757485
-686589,-1.225390695
-686965,-1.195282815
-687342,-1.123023904
-687708,-1.053775782
-688070,-1.035711054
-688435,-1.01162475
-688786,-1.053775782
-689136,-1.113991541
-689486,-1.008613962
-689836,-0.945387416
-690193,-0.918290324
-690540,-0.918290324
-690880,-0.779794078
-691219,-0.755707775
-691562,-0.827966686
-691888,-0.812912746
-692210,-0.752696987
-692539,-0.71957832
-692871,-0.614200741
-693188,-0.481726072
-693514,-0.466672132
-693830,-0.560006558
-694129,-0.547963406
-694439,-0.626243893
-694761,-0.60215759
-695072,-0.584092862
-695392,-0.550974194
-695713,-0.578071286
-696030,-0.532909467
-696351,-0.55699577
-696673,-0.623233105
-696992,-0.560006558
-697310,-0.508823163
-697637,-0.584092862
-697970,-0.566028134
-698299,-0.553984982
-698634,-0.578071286
-698974,-0.680438076
-699317,-0.767750927
-699665,-0.749686199
-700027,-0.827966686
-700404,-0.737643047
-700784,-0.695492016
-701177,-0.650330197
-701564,-0.532909467
-701952,-0.608179165
-702339,-0.722589107
-702719,-0.749686199
-703114,-0.710545956
-703529,-0.737643047
-703956,-0.836999049
-704384,-0.918290324
-704825,-0.966462931
-705287,-0.966462931
-705770,-1.04173263
-706270,-1.12904548
-706780,-1.113991541
-707312,-1.104959177
-707870,-1.071840509
-708436,-1.053775782
-709011,-1.210336755
-709591,-1.168185724
-710178,-1.222379907
-710806,-1.204315179
-711436,-1.219369119
-712087,-1.26152015
-712743,-1.29162803
-713410,-1.1742073
-714092,-1.210336755
-714808,-1.273563302
-715479,-1.565609733
-716162,-1.58367446
-716860,-1.683030463
-717625,-1.875720891
-718378,-1.947979802
-719147,-2.08346526
-720001,-2.146691807
-720764,-2.378522479
-721643,-2.64046103
-722534,-2.504975573
-723478,-2.149702595
-724233,-1.73120307
-724982,-1.559588157
-725802,-1.526469489
-726535,-1.836580648
-727213,-1.794429617
-727948,-1.821526708
-728662,-1.755289374
-729369,-1.713138342
-730050,-1.5987284
-730709,-1.574642097
-731331,-1.589696036
-731946,-1.460232155
-732602,-1.264530938
-733241,-1.141088632
-733803,-1.183239663
-734327,-1.189261239
-734843,-1.249476998
-735336,-1.201304391
-735855,-1.120013117
-736355,-1.213347543
-736837,-1.345822213
-737354,-1.360876152
-737809,-1.433135063
-738294,-1.619803916
-738799,-1.692062827
-739277,-1.887764043
-739778,-2.155724171
-740294,-2.432716662
-740867,-2.480889269
-741465,-2.483900057
-742086,-2.550137392
-742707,-2.589277635
-743325,-2.694655213
-743934,-2.661536546
-744545,-2.610353151
-745171,-2.532072664
-745782,-2.577234483
-746375,-2.577234483
-746947,-2.595299211
-747520,-2.598309999
-748091,-2.616374727
-748642,-2.589277635
-749203,-2.541105028
-749766,-2.504975573
-750322,-2.559169756
-750878,-2.583256059
-751428,-2.586266847
-751990,-2.535083452
-752561,-2.520029512
-753139,-2.480889269
-753716,-2.399597994
-754300,-2.345403811
-754886,-2.270134113
-755475,-2.173788898
-756060,-1.881742467
-756643,-1.655933371
-757220,-1.532491065
-757758,-1.595717612
-758265,-1.737224646
-758757,-1.827548284
-759282,-1.93593665
-759838,-2.143681019
-760417,-2.188842838
-761022,-2.206907566
-761692,-2.023249501
-762387,-1.740235434
-763083,-1.553566581
-763761,-1.421091911
-764399,-1.433135063
-765016,-1.535501853
-765628,-1.673998099
-766238,-1.872710103
-766880,-1.926904287
-767558,-1.806472769
-768299,-1.604749976
-769072,-1.366897728
-769831,-1.156142572
-770559,-1.14409942
-771249,-1.183239663
-771907,-1.300660393
-772553,-1.360876152
-773239,-1.243455422
-773957,-1.150120996
-774703,-1.044743418
-775442,-0.891193233
-776159,-0.809901958
-776861,-0.812912746
-777536,-0.803880382
-778201,-0.70452438
-778873,-0.653340985
-779549,-0.641297833
-780209,-0.653340985
-780863,-0.713556744
-781519,-0.686459652
-782180,-0.553984982
-782856,-0.614200741
-783528,-0.511833951
-784173,-0.514844739
-784830,-0.346240614
-785470,-0.316132735
-786105,-0.313121947
-786706,-0.189679641
-787298,-0.162582549
-787885,-0.526887891
-788442,-0.713556744
-789019,-0.779794078
-789635,-0.930333476
-790282,-1.113991541
-790937,-1.285606454
-791618,-1.520447914
-792331,-1.689052039
-793079,-1.779375677
-793876,-1.960022954
-794708,-2.206907566
-795556,-2.477878481
-796449,-2.568202119
-797408,-2.628417878
-798443,-2.571212907
-799501,-2.673579698
-800589,-2.685622849
-801662,-2.65551497